Activating ESP-IDF 6.0
Setting IDF_PATH to 'C:\esp\v6.0.1\esp-idf'.
* Checking python version ... 3.13.5
* Checking python dependencies ... OK
* Deactivating the current ESP-IDF environment (if any) ... OK
* Establishing a new ESP-IDF environment ... OK
* Identifying shell ... cmd.exe
* Detecting outdated tools in system ... OK - no outdated tools found

Done! You can now compile ESP-IDF projects.
Go to the project directory and run:

  idf.py build

--- Warning: GDB cannot open serial ports accessed as COMx

--- Using \\.\COM7 instead...

--- esp-idf-monitor 1.9.0 on \\.\COM7 115200

--- Quit: Ctrl+] | Menu: Ctrl+T | Help: Ctrl+T followed by Ctrl+H
Executing action: monitor
Running idf_monitor in directory D:\BMO\all_bmo\esp
Executing "C:\Users\violenic\.espressif\python_env\idf6.0_py3.13_env\Scripts\python.exe C:\esp\v6.0.1\esp-idf\tools/idf_monitor.py -p COM7 -b 115200 --toolchain-prefix xtensa-esp32s3-elf- --target esp32s3 --revision 0 D:\BMO\all_bmo\esp\build\all_bmo.elf D:\BMO\all_bmo\esp\build\bootloader\bootloader.elf --force-color -m 'C:\Users\violenic\.espressif\python_env\idf6.0_py3.13_env\Scripts\python.exe' 'C:\esp\v6.0.1\esp-idf\tools\idf.py' '-B' 'D:\BMO\all_bmo\esp\build' '-p' 'COM7'"...
ESP-ROM:esp32s3-20210327

Build:Mar 27 2021

rst:0x1 (POWERON),boot:0x8 (SPI_FAST_FLASH_BOOT)

SPIWP:0xee

mode:DIO, clock div:1

load:0x3fce2820,len:0x14f0

load:0x403c8700,len:0xda0

--- 0x403c8700: _stext at ??:?
load:0x403cb700,len:0x2f58

entry 0x403c8908

--- 0x403c8908: call_start_cpu0 at C:/esp/v6.0.1/esp-idf/components/bootloader/subproject/main/bootloader_start.c:27
I (24) boot: ESP-IDF v6.0.1 2nd stage bootloader

I (25) boot: compile time Aug 13 2026 19:08:05

I (25) boot: Multicore bootloader

I (25) boot: chip revision: v0.2

I (28) boot: efuse block revision: v1.4

I (31) boot.esp32s3: Boot SPI Speed : 80MHz

I (35) boot.esp32s3: SPI Mode       : DIO

I (39) boot.esp32s3: SPI Flash Size : 8MB

I (43) boot: Enabling RNG early entropy source...

I (47) boot: Partition Table:

I (50) boot: ## Label            Usage          Type ST Offset   Length

I (56) boot:  0 nvs              WiFi data        01 02 00009000 00006000

I (63) boot:  1 phy_init         RF data          01 01 0000f000 00001000

I (69) boot:  2 factory          factory app      00 00 00010000 00200000

I (76) boot:  3 model            Unknown data     01 82 00210000 00400000

I (82) boot: End of partition table

I (85) esp_image: segment 0: paddr=00010020 vaddr=3c0e0020 size=3eb84h (256900) map

I (139) esp_image: segment 1: paddr=0004ebac vaddr=3fc9b800 size=0146ch (  5228) load

I (140) esp_image: segment 2: paddr=00050020 vaddr=42000020 size=d4f94h (872340) map

I (299) esp_image: segment 3: paddr=00124fbc vaddr=3fc9cc6c size=05b20h ( 23328) load

I (304) esp_image: segment 4: paddr=0012aae4 vaddr=40374000 size=17708h ( 96008) load

I (326) esp_image: segment 5: paddr=001421f4 vaddr=50000000 size=00024h (    36) load

I (336) boot: Loaded app from partition at offset 0x10000

I (336) boot: Disabling RNG early entropy source...

I (347) octal_psram: vendor id    : 0x0d (AP)

I (347) octal_psram: dev id       : 0x02 (generation 3)

I (347) octal_psram: density      : 0x03 (64 Mbit)

I (349) octal_psram: good-die     : 0x01 (Pass)

I (353) octal_psram: Latency      : 0x01 (Fixed)

I (357) octal_psram: VCC          : 0x01 (3V)

I (362) octal_psram: SRF          : 0x01 (Fast Refresh)

I (366) octal_psram: BurstType    : 0x01 (Hybrid Wrap)

I (371) octal_psram: BurstLen     : 0x01 (32 Byte)

I (376) octal_psram: Readlatency  : 0x02 (10 cycles@Fixed)

I (381) octal_psram: DriveStrength: 0x00 (1/1)

I (385) esp_psram: Found 8MB PSRAM device

I (389) esp_psram: Speed: 40MHz

I (392) cpu_start: Multicore app

I (1126) esp_psram: SPI SRAM memory test OK

I (1134) cpu_start: GPIO 44 and 43 are used as console UART I/O pins

I (1135) cpu_start: Pro cpu start user code

I (1135) cpu_start: cpu freq: 160000000 Hz

I (1137) app_init: Application information:

I (1140) app_init: Project name:     all_bmo

I (1144) app_init: App version:      c02dea1-dirty

I (1149) app_init: Compile time:     Aug 14 2026 14:45:21

I (1154) app_init: ELF file SHA256:  12e05d55f...

I (1159) app_init: ESP-IDF:          v6.0.1

I (1162) efuse_init: Min chip rev:     v0.0

I (1166) efuse_init: Max chip rev:     v0.99 

I (1170) efuse_init: Chip rev:         v0.2

I (1174) heap_init: Initializing. RAM available for dynamic allocation:

I (1181) heap_init: At 3FCA6E30 len 000428E0 (266 KiB): RAM

I (1186) heap_init: At 3FCE9710 len 00005724 (21 KiB): RAM

I (1191) heap_init: At 3FCF0000 len 00008000 (32 KiB): DRAM

I (1196) heap_init: At 600FE000 len 00001FE8 (7 KiB): RTCRAM

I (1202) esp_psram: Adding pool of 8192K of PSRAM memory to heap allocator

I (1209) spi_flash: detected chip: boya

I (1212) spi_flash: flash io: dio

W (1215) spi_flash: Detected size(16384k) larger than the size in the binary image header(8192k). Using the size in the binary image header.

I (1228) sleep_gpio: Configure to isolate all GPIO pins in sleep state

I (1234) sleep_gpio: Enable automatic switching of GPIO sleep configuration

I (1241) main_task: Started on CPU0

I (1261) esp_psram: Reserving pool of 32K of internal memory for DMA/internal allocations

I (1261) main_task: Calling app_main()

I (1261) DISPLAY: Initialize ILI9341 landscape

I (1271) ili9341: LCD panel create success, version: 2.0.2

I (1391) DISPLAY: ILI9341 Ready

I (1621) DISPLAY: Display sleep screen

I (1621) AUDIO: MAX98357A ready: BCLK=1 WS=2 DIN=42 volume=8

I (1621) BUTTON: Input ready: touch=14 vol_up=15 vol_down=16

I (1641) WIFI: SNTP init return_code=ESP_OK(0)

I (1641) pp: pp rom version: e7ae62f

I (1641) net80211: net80211 rom version: e7ae62f

I (1651) wifi:wifi driver task: 3fcb897c, prio:23, stack:6656, core=0

I (1661) wifi:wifi firmware version: b37c951

I (1661) wifi:wifi certification version: v7.0

I (1661) wifi:config NVS flash: enabled

I (1661) wifi:config nano formatting: disabled

I (1661) wifi:Init data frame dynamic rx buffer num: 32

I (1671) wifi:Init static rx mgmt buffer num: 5

I (1671) wifi:Init management short buffer num: 32

I (1681) wifi:Init dynamic tx buffer num: 32

I (1681) wifi:Init static tx FG buffer num: 2

I (1681) wifi:Init static rx buffer size: 1600

I (1691) wifi:Init static rx buffer num: 10

I (1691) wifi:Init dynamic rx buffer num: 32

I (1701) wifi_init: rx ba win: 6

I (1701) wifi_init: accept mbox: 6

I (1701) wifi_init: tcpip mbox: 32

I (1711) wifi_init: udp mbox: 6

I (1711) wifi_init: tcp mbox: 6

I (1711) wifi_init: tcp tx win: 5760

I (1711) wifi_init: tcp rx win: 5760

I (1721) wifi_init: tcp mss: 1440

I (1721) wifi_init: WiFi IRAM OP enabled

I (1721) wifi_init: WiFi RX IRAM OP enabled

I (1731) WIFI: SNTP event handler register return_code=ESP_OK(0)

[REDACTED SENSITIVE LINE]

I (1741) WIFI: WiFi STA config applied

I (1751) phy_init: phy_version 711,97bcf0a2,Aug 25 2025,19:04:10

I (1801) wifi:mode : sta ([MAC-REDACTED])

I (1801) wifi:enable tsf

I (1801) WIFI: WiFi initialization complete. Waiting for STA_START event...

[REDACTED SENSITIVE LINE]

I (1801) MAIN: Waiting for WiFi IP before API init...

I (1811) STATE: State machine orchestrator task started

I (1811) MODEL_LOADER: The storage free size is 23424 KB

I (1821) MODEL_LOADER: The partition size is 4096 KB

I (1821) MODEL_LOADER: Successfully load srmodels

I (1831) WAKE: WakeNet model: wn9_hijoy_tts

I (1831) WAKE: Wake words: Hi,Joy

MC Quantized wakenet9: wakenet9l_tts1h8_Hi,Joy_3_0.631_0.633, tigger:v4, mode:0, p:0, (May 25 2026 15:51:00)

I (1901) WAKE: WakeNet sample_rate=16000 chunk=512 channels=1

W (1901) i2s_platform: i2s controller 0 has been occupied by i2s_driver

I (1911) WAKE: I2S mic ready: BCLK=5 WS=4 DIN=6 rate=16000

I (1921) WAKE: Wakeword initialized

I (1921) WAKE: Listening for Hi Joy

W (4221) WIFI: Disconnected from AP, reason=201 (NO_AP_FOUND). Retrying connection...

[REDACTED SENSITIVE LINE]

W (6641) WIFI: Disconnected from AP, reason=201 (NO_AP_FOUND). Retrying connection...

[REDACTED SENSITIVE LINE]

W (9061) WIFI: Disconnected from AP, reason=201 (NO_AP_FOUND). Retrying connection...

[REDACTED SENSITIVE LINE]

W (11481) WIFI: Disconnected from AP, reason=201 (NO_AP_FOUND). Retrying connection...

[REDACTED SENSITIVE LINE]

W (13901) WIFI: Disconnected from AP, reason=201 (NO_AP_FOUND). Retrying connection...

[REDACTED SENSITIVE LINE]

W (16321) WIFI: Disconnected from AP, reason=201 (NO_AP_FOUND). Retrying connection...

[REDACTED SENSITIVE LINE]

W (18741) WIFI: Disconnected from AP, reason=201 (NO_AP_FOUND). Retrying connection...

[REDACTED SENSITIVE LINE]

W (21161) WIFI: Disconnected from AP, reason=201 (NO_AP_FOUND). Retrying connection...

[REDACTED SENSITIVE LINE]

W (23581) WIFI: Disconnected from AP, reason=201 (NO_AP_FOUND). Retrying connection...

[REDACTED SENSITIVE LINE]

W (26001) WIFI: Disconnected from AP, reason=201 (NO_AP_FOUND). Retrying connection...

[REDACTED SENSITIVE LINE]

W (28421) WIFI: Disconnected from AP, reason=201 (NO_AP_FOUND). Retrying connection...

[REDACTED SENSITIVE LINE]

W (30841) WIFI: Disconnected from AP, reason=201 (NO_AP_FOUND). Retrying connection...

[REDACTED SENSITIVE LINE]

W (33261) WIFI: Disconnected from AP, reason=201 (NO_AP_FOUND). Retrying connection...

[REDACTED SENSITIVE LINE]

W (35691) WIFI: Disconnected from AP, reason=201 (NO_AP_FOUND). Retrying connection...

[REDACTED SENSITIVE LINE]

W (38111) WIFI: Disconnected from AP, reason=201 (NO_AP_FOUND). Retrying connection...

[REDACTED SENSITIVE LINE]

W (40531) WIFI: Disconnected from AP, reason=201 (NO_AP_FOUND). Retrying connection...

[REDACTED SENSITIVE LINE]

W (42951) WIFI: Disconnected from AP, reason=201 (NO_AP_FOUND). Retrying connection...

[REDACTED SENSITIVE LINE]

W (45371) WIFI: Disconnected from AP, reason=201 (NO_AP_FOUND). Retrying connection...

[REDACTED SENSITIVE LINE]

W (47791) WIFI: Disconnected from AP, reason=201 (NO_AP_FOUND). Retrying connection...

[REDACTED SENSITIVE LINE]

W (50211) WIFI: Disconnected from AP, reason=201 (NO_AP_FOUND). Retrying connection...

[REDACTED SENSITIVE LINE]

W (52631) WIFI: Disconnected from AP, reason=201 (NO_AP_FOUND). Retrying connection...

[REDACTED SENSITIVE LINE]

W (55051) WIFI: Disconnected from AP, reason=201 (NO_AP_FOUND). Retrying connection...

[REDACTED SENSITIVE LINE]

W (57471) WIFI: Disconnected from AP, reason=201 (NO_AP_FOUND). Retrying connection...

[REDACTED SENSITIVE LINE]

W (59891) WIFI: Disconnected from AP, reason=201 (NO_AP_FOUND). Retrying connection...

[REDACTED SENSITIVE LINE]

W (62311) WIFI: Disconnected from AP, reason=201 (NO_AP_FOUND). Retrying connection...

[REDACTED SENSITIVE LINE]

W (64731) WIFI: Disconnected from AP, reason=201 (NO_AP_FOUND). Retrying connection...

[REDACTED SENSITIVE LINE]

W (67151) WIFI: Disconnected from AP, reason=201 (NO_AP_FOUND). Retrying connection...

[REDACTED SENSITIVE LINE]

W (69571) WIFI: Disconnected from AP, reason=201 (NO_AP_FOUND). Retrying connection...

[REDACTED SENSITIVE LINE]

W (71991) WIFI: Disconnected from AP, reason=201 (NO_AP_FOUND). Retrying connection...

[REDACTED SENSITIVE LINE]

W (74421) WIFI: Disconnected from AP, reason=201 (NO_AP_FOUND). Retrying connection...

[REDACTED SENSITIVE LINE]

W (76841) WIFI: Disconnected from AP, reason=201 (NO_AP_FOUND). Retrying connection...

[REDACTED SENSITIVE LINE]

W (79261) WIFI: Disconnected from AP, reason=201 (NO_AP_FOUND). Retrying connection...

[REDACTED SENSITIVE LINE]

W (81681) WIFI: Disconnected from AP, reason=201 (NO_AP_FOUND). Retrying connection...

[REDACTED SENSITIVE LINE]

W (84101) WIFI: Disconnected from AP, reason=201 (NO_AP_FOUND). Retrying connection...

[REDACTED SENSITIVE LINE]

W (86521) WIFI: Disconnected from AP, reason=201 (NO_AP_FOUND). Retrying connection...

[REDACTED SENSITIVE LINE]

W (88941) WIFI: Disconnected from AP, reason=201 (NO_AP_FOUND). Retrying connection...

[REDACTED SENSITIVE LINE]

W (91361) WIFI: Disconnected from AP, reason=201 (NO_AP_FOUND). Retrying connection...

[REDACTED SENSITIVE LINE]

W (93781) WIFI: Disconnected from AP, reason=201 (NO_AP_FOUND). Retrying connection...

[REDACTED SENSITIVE LINE]

W (96201) WIFI: Disconnected from AP, reason=201 (NO_AP_FOUND). Retrying connection...

[REDACTED SENSITIVE LINE]

W (98621) WIFI: Disconnected from AP, reason=201 (NO_AP_FOUND). Retrying connection...

[REDACTED SENSITIVE LINE]

W (101041) WIFI: Disconnected from AP, reason=201 (NO_AP_FOUND). Retrying connection...

[REDACTED SENSITIVE LINE]

W (103461) WIFI: Disconnected from AP, reason=201 (NO_AP_FOUND). Retrying connection...

[REDACTED SENSITIVE LINE]

W (105881) WIFI: Disconnected from AP, reason=201 (NO_AP_FOUND). Retrying connection...

[REDACTED SENSITIVE LINE]

W (108311) WIFI: Disconnected from AP, reason=201 (NO_AP_FOUND). Retrying connection...

[REDACTED SENSITIVE LINE]

W (110731) WIFI: Disconnected from AP, reason=201 (NO_AP_FOUND). Retrying connection...

[REDACTED SENSITIVE LINE]

W (113151) WIFI: Disconnected from AP, reason=201 (NO_AP_FOUND). Retrying connection...

[REDACTED SENSITIVE LINE]

W (115571) WIFI: Disconnected from AP, reason=201 (NO_AP_FOUND). Retrying connection...

[REDACTED SENSITIVE LINE]

W (117991) WIFI: Disconnected from AP, reason=201 (NO_AP_FOUND). Retrying connection...

[REDACTED SENSITIVE LINE]

W (120411) WIFI: Disconnected from AP, reason=201 (NO_AP_FOUND). Retrying connection...

[REDACTED SENSITIVE LINE]

W (122831) WIFI: Disconnected from AP, reason=201 (NO_AP_FOUND). Retrying connection...

[REDACTED SENSITIVE LINE]

I (124221) NETWORK: NETWORK_TIME_SYNCED_BIT cleared before=0x0 after=0x0

W (124221) WIFI: Lost IP address

W (125251) WIFI: Disconnected from AP, reason=201 (NO_AP_FOUND). Retrying connection...

[REDACTED SENSITIVE LINE]

W (127671) WIFI: Disconnected from AP, reason=201 (NO_AP_FOUND). Retrying connection...

[REDACTED SENSITIVE LINE]

W (130091) WIFI: Disconnected from AP, reason=201 (NO_AP_FOUND). Retrying connection...

[REDACTED SENSITIVE LINE]

W (132511) WIFI: Disconnected from AP, reason=201 (NO_AP_FOUND). Retrying connection...

[REDACTED SENSITIVE LINE]

W (134941) WIFI: Disconnected from AP, reason=201 (NO_AP_FOUND). Retrying connection...

[REDACTED SENSITIVE LINE]

W (137361) WIFI: Disconnected from AP, reason=201 (NO_AP_FOUND). Retrying connection...

[REDACTED SENSITIVE LINE]

W (139781) WIFI: Disconnected from AP, reason=201 (NO_AP_FOUND). Retrying connection...

[REDACTED SENSITIVE LINE]

W (142201) WIFI: Disconnected from AP, reason=201 (NO_AP_FOUND). Retrying connection...

[REDACTED SENSITIVE LINE]

W (144621) WIFI: Disconnected from AP, reason=201 (NO_AP_FOUND). Retrying connection...

[REDACTED SENSITIVE LINE]

W (147041) WIFI: Disconnected from AP, reason=201 (NO_AP_FOUND). Retrying connection...

[REDACTED SENSITIVE LINE]

W (149461) WIFI: Disconnected from AP, reason=201 (NO_AP_FOUND). Retrying connection...

[REDACTED SENSITIVE LINE]

W (151881) WIFI: Disconnected from AP, reason=201 (NO_AP_FOUND). Retrying connection...

[REDACTED SENSITIVE LINE]

W (154301) WIFI: Disconnected from AP, reason=201 (NO_AP_FOUND). Retrying connection...

[REDACTED SENSITIVE LINE]

W (156721) WIFI: Disconnected from AP, reason=201 (NO_AP_FOUND). Retrying connection...

[REDACTED SENSITIVE LINE]

W (159141) WIFI: Disconnected from AP, reason=201 (NO_AP_FOUND). Retrying connection...

[REDACTED SENSITIVE LINE]

W (161561) WIFI: Disconnected from AP, reason=201 (NO_AP_FOUND). Retrying connection...

[REDACTED SENSITIVE LINE]

W (163991) WIFI: Disconnected from AP, reason=201 (NO_AP_FOUND). Retrying connection...

[REDACTED SENSITIVE LINE]

W (166411) WIFI: Disconnected from AP, reason=201 (NO_AP_FOUND). Retrying connection...

[REDACTED SENSITIVE LINE]

W (168831) WIFI: Disconnected from AP, reason=201 (NO_AP_FOUND). Retrying connection...

[REDACTED SENSITIVE LINE]

W (171251) WIFI: Disconnected from AP, reason=201 (NO_AP_FOUND). Retrying connection...

[REDACTED SENSITIVE LINE]

W (173671) WIFI: Disconnected from AP, reason=201 (NO_AP_FOUND). Retrying connection...

[REDACTED SENSITIVE LINE]

W (176091) WIFI: Disconnected from AP, reason=201 (NO_AP_FOUND). Retrying connection...

[REDACTED SENSITIVE LINE]

W (178511) WIFI: Disconnected from AP, reason=201 (NO_AP_FOUND). Retrying connection...

[REDACTED SENSITIVE LINE]

W (180931) WIFI: Disconnected from AP, reason=201 (NO_AP_FOUND). Retrying connection...

[REDACTED SENSITIVE LINE]

W (183351) WIFI: Disconnected from AP, reason=201 (NO_AP_FOUND). Retrying connection...

[REDACTED SENSITIVE LINE]

W (185771) WIFI: Disconnected from AP, reason=201 (NO_AP_FOUND). Retrying connection...

[REDACTED SENSITIVE LINE]

W (188191) WIFI: Disconnected from AP, reason=201 (NO_AP_FOUND). Retrying connection...

[REDACTED SENSITIVE LINE]

W (190611) WIFI: Disconnected from AP, reason=201 (NO_AP_FOUND). Retrying connection...

[REDACTED SENSITIVE LINE]

W (193041) WIFI: Disconnected from AP, reason=201 (NO_AP_FOUND). Retrying connection...

[REDACTED SENSITIVE LINE]

W (195461) WIFI: Disconnected from AP, reason=201 (NO_AP_FOUND). Retrying connection...

[REDACTED SENSITIVE LINE]

W (197881) WIFI: Disconnected from AP, reason=201 (NO_AP_FOUND). Retrying connection...

[REDACTED SENSITIVE LINE]

W (200301) WIFI: Disconnected from AP, reason=201 (NO_AP_FOUND). Retrying connection...

[REDACTED SENSITIVE LINE]

W (202721) WIFI: Disconnected from AP, reason=201 (NO_AP_FOUND). Retrying connection...

[REDACTED SENSITIVE LINE]

W (205141) WIFI: Disconnected from AP, reason=201 (NO_AP_FOUND). Retrying connection...

[REDACTED SENSITIVE LINE]

W (207561) WIFI: Disconnected from AP, reason=201 (NO_AP_FOUND). Retrying connection...

[REDACTED SENSITIVE LINE]

W (209981) WIFI: Disconnected from AP, reason=201 (NO_AP_FOUND). Retrying connection...

[REDACTED SENSITIVE LINE]

W (212401) WIFI: Disconnected from AP, reason=201 (NO_AP_FOUND). Retrying connection...

[REDACTED SENSITIVE LINE]

W (214821) WIFI: Disconnected from AP, reason=201 (NO_AP_FOUND). Retrying connection...

[REDACTED SENSITIVE LINE]

W (217241) WIFI: Disconnected from AP, reason=201 (NO_AP_FOUND). Retrying connection...

[REDACTED SENSITIVE LINE]

W (219661) WIFI: Disconnected from AP, reason=201 (NO_AP_FOUND). Retrying connection...

[REDACTED SENSITIVE LINE]

W (222091) WIFI: Disconnected from AP, reason=201 (NO_AP_FOUND). Retrying connection...

[REDACTED SENSITIVE LINE]

W (224511) WIFI: Disconnected from AP, reason=201 (NO_AP_FOUND). Retrying connection...

[REDACTED SENSITIVE LINE]

W (226931) WIFI: Disconnected from AP, reason=201 (NO_AP_FOUND). Retrying connection...

[REDACTED SENSITIVE LINE]

W (229351) WIFI: Disconnected from AP, reason=201 (NO_AP_FOUND). Retrying connection...

[REDACTED SENSITIVE LINE]

W (231771) WIFI: Disconnected from AP, reason=201 (NO_AP_FOUND). Retrying connection...

[REDACTED SENSITIVE LINE]

W (234191) WIFI: Disconnected from AP, reason=201 (NO_AP_FOUND). Retrying connection...

[REDACTED SENSITIVE LINE]

W (236611) WIFI: Disconnected from AP, reason=201 (NO_AP_FOUND). Retrying connection...

[REDACTED SENSITIVE LINE]

W (239031) WIFI: Disconnected from AP, reason=201 (NO_AP_FOUND). Retrying connection...

[REDACTED SENSITIVE LINE]

W (241451) WIFI: Disconnected from AP, reason=201 (NO_AP_FOUND). Retrying connection...

[REDACTED SENSITIVE LINE]

W (243871) WIFI: Disconnected from AP, reason=201 (NO_AP_FOUND). Retrying connection...

[REDACTED SENSITIVE LINE]

I (245251) NETWORK: NETWORK_TIME_SYNCED_BIT cleared before=0x0 after=0x0

W (245251) WIFI: Lost IP address

W (246291) WIFI: Disconnected from AP, reason=201 (NO_AP_FOUND). Retrying connection...

[REDACTED SENSITIVE LINE]

W (248721) WIFI: Disconnected from AP, reason=201 (NO_AP_FOUND). Retrying connection...

[REDACTED SENSITIVE LINE]

W (251141) WIFI: Disconnected from AP, reason=201 (NO_AP_FOUND). Retrying connection...

[REDACTED SENSITIVE LINE]

W (253561) WIFI: Disconnected from AP, reason=201 (NO_AP_FOUND). Retrying connection...

[REDACTED SENSITIVE LINE]

W (255981) WIFI: Disconnected from AP, reason=201 (NO_AP_FOUND). Retrying connection...

[REDACTED SENSITIVE LINE]

W (258401) WIFI: Disconnected from AP, reason=201 (NO_AP_FOUND). Retrying connection...

[REDACTED SENSITIVE LINE]

W (260821) WIFI: Disconnected from AP, reason=201 (NO_AP_FOUND). Retrying connection...

[REDACTED SENSITIVE LINE]

W (263241) WIFI: Disconnected from AP, reason=201 (NO_AP_FOUND). Retrying connection...

[REDACTED SENSITIVE LINE]

W (265661) WIFI: Disconnected from AP, reason=201 (NO_AP_FOUND). Retrying connection...

[REDACTED SENSITIVE LINE]

W (268081) WIFI: Disconnected from AP, reason=201 (NO_AP_FOUND). Retrying connection...

[REDACTED SENSITIVE LINE]

W (270501) WIFI: Disconnected from AP, reason=201 (NO_AP_FOUND). Retrying connection...

[REDACTED SENSITIVE LINE]

W (272921) WIFI: Disconnected from AP, reason=201 (NO_AP_FOUND). Retrying connection...

[REDACTED SENSITIVE LINE]

W (275341) WIFI: Disconnected from AP, reason=201 (NO_AP_FOUND). Retrying connection...

[REDACTED SENSITIVE LINE]

W (277771) WIFI: Disconnected from AP, reason=201 (NO_AP_FOUND). Retrying connection...

[REDACTED SENSITIVE LINE]

W (280191) WIFI: Disconnected from AP, reason=201 (NO_AP_FOUND). Retrying connection...

[REDACTED SENSITIVE LINE]

W (282611) WIFI: Disconnected from AP, reason=201 (NO_AP_FOUND). Retrying connection...

[REDACTED SENSITIVE LINE]

W (285031) WIFI: Disconnected from AP, reason=201 (NO_AP_FOUND). Retrying connection...

[REDACTED SENSITIVE LINE]

W (287451) WIFI: Disconnected from AP, reason=201 (NO_AP_FOUND). Retrying connection...

[REDACTED SENSITIVE LINE]

W (289871) WIFI: Disconnected from AP, reason=201 (NO_AP_FOUND). Retrying connection...

[REDACTED SENSITIVE LINE]

W (292291) WIFI: Disconnected from AP, reason=201 (NO_AP_FOUND). Retrying connection...

[REDACTED SENSITIVE LINE]

W (294711) WIFI: Disconnected from AP, reason=201 (NO_AP_FOUND). Retrying connection...

[REDACTED SENSITIVE LINE]

W (297131) WIFI: Disconnected from AP, reason=201 (NO_AP_FOUND). Retrying connection...

[REDACTED SENSITIVE LINE]

W (299551) WIFI: Disconnected from AP, reason=201 (NO_AP_FOUND). Retrying connection...

[REDACTED SENSITIVE LINE]

W (301971) WIFI: Disconnected from AP, reason=201 (NO_AP_FOUND). Retrying connection...

[REDACTED SENSITIVE LINE]

W (304401) WIFI: Disconnected from AP, reason=201 (NO_AP_FOUND). Retrying connection...

[REDACTED SENSITIVE LINE]

W (306821) WIFI: Disconnected from AP, reason=201 (NO_AP_FOUND). Retrying connection...

[REDACTED SENSITIVE LINE]

W (309241) WIFI: Disconnected from AP, reason=201 (NO_AP_FOUND). Retrying connection...

[REDACTED SENSITIVE LINE]

W (311661) WIFI: Disconnected from AP, reason=201 (NO_AP_FOUND). Retrying connection...

[REDACTED SENSITIVE LINE]

W (314081) WIFI: Disconnected from AP, reason=201 (NO_AP_FOUND). Retrying connection...

[REDACTED SENSITIVE LINE]

W (316501) WIFI: Disconnected from AP, reason=201 (NO_AP_FOUND). Retrying connection...

[REDACTED SENSITIVE LINE]

W (318921) WIFI: Disconnected from AP, reason=201 (NO_AP_FOUND). Retrying connection...

[REDACTED SENSITIVE LINE]

W (321341) WIFI: Disconnected from AP, reason=201 (NO_AP_FOUND). Retrying connection...

[REDACTED SENSITIVE LINE]

W (323761) WIFI: Disconnected from AP, reason=201 (NO_AP_FOUND). Retrying connection...

[REDACTED SENSITIVE LINE]

W (326181) WIFI: Disconnected from AP, reason=201 (NO_AP_FOUND). Retrying connection...

[REDACTED SENSITIVE LINE]

W (328601) WIFI: Disconnected from AP, reason=201 (NO_AP_FOUND). Retrying connection...

[REDACTED SENSITIVE LINE]

W (331021) WIFI: Disconnected from AP, reason=201 (NO_AP_FOUND). Retrying connection...

[REDACTED SENSITIVE LINE]

W (333451) WIFI: Disconnected from AP, reason=201 (NO_AP_FOUND). Retrying connection...

[REDACTED SENSITIVE LINE]

W (335871) WIFI: Disconnected from AP, reason=201 (NO_AP_FOUND). Retrying connection...

[REDACTED SENSITIVE LINE]

W (338291) WIFI: Disconnected from AP, reason=201 (NO_AP_FOUND). Retrying connection...

[REDACTED SENSITIVE LINE]

W (340711) WIFI: Disconnected from AP, reason=201 (NO_AP_FOUND). Retrying connection...

[REDACTED SENSITIVE LINE]

W (343131) WIFI: Disconnected from AP, reason=201 (NO_AP_FOUND). Retrying connection...

[REDACTED SENSITIVE LINE]

W (345551) WIFI: Disconnected from AP, reason=201 (NO_AP_FOUND). Retrying connection...

[REDACTED SENSITIVE LINE]

W (347971) WIFI: Disconnected from AP, reason=201 (NO_AP_FOUND). Retrying connection...

[REDACTED SENSITIVE LINE]

W (350391) WIFI: Disconnected from AP, reason=201 (NO_AP_FOUND). Retrying connection...

[REDACTED SENSITIVE LINE]

W (352811) WIFI: Disconnected from AP, reason=201 (NO_AP_FOUND). Retrying connection...

[REDACTED SENSITIVE LINE]

W (355231) WIFI: Disconnected from AP, reason=201 (NO_AP_FOUND). Retrying connection...

[REDACTED SENSITIVE LINE]

W (357651) WIFI: Disconnected from AP, reason=201 (NO_AP_FOUND). Retrying connection...

[REDACTED SENSITIVE LINE]

W (360071) WIFI: Disconnected from AP, reason=201 (NO_AP_FOUND). Retrying connection...

[REDACTED SENSITIVE LINE]

W (362501) WIFI: Disconnected from AP, reason=201 (NO_AP_FOUND). Retrying connection...

[REDACTED SENSITIVE LINE]

W (364921) WIFI: Disconnected from AP, reason=201 (NO_AP_FOUND). Retrying connection...

[REDACTED SENSITIVE LINE]

I (366291) NETWORK: NETWORK_TIME_SYNCED_BIT cleared before=0x0 after=0x0

W (366291) WIFI: Lost IP address

W (367341) WIFI: Disconnected from AP, reason=201 (NO_AP_FOUND). Retrying connection...

[REDACTED SENSITIVE LINE]

W (369761) WIFI: Disconnected from AP, reason=201 (NO_AP_FOUND). Retrying connection...

[REDACTED SENSITIVE LINE]

W (372181) WIFI: Disconnected from AP, reason=201 (NO_AP_FOUND). Retrying connection...

[REDACTED SENSITIVE LINE]

W (374601) WIFI: Disconnected from AP, reason=201 (NO_AP_FOUND). Retrying connection...

[REDACTED SENSITIVE LINE]

W (377021) WIFI: Disconnected from AP, reason=201 (NO_AP_FOUND). Retrying connection...

[REDACTED SENSITIVE LINE]

W (379441) WIFI: Disconnected from AP, reason=201 (NO_AP_FOUND). Retrying connection...

[REDACTED SENSITIVE LINE]

W (381861) WIFI: Disconnected from AP, reason=201 (NO_AP_FOUND). Retrying connection...

[REDACTED SENSITIVE LINE]

W (384281) WIFI: Disconnected from AP, reason=201 (NO_AP_FOUND). Retrying connection...

[REDACTED SENSITIVE LINE]

W (386711) WIFI: Disconnected from AP, reason=201 (NO_AP_FOUND). Retrying connection...

[REDACTED SENSITIVE LINE]

W (389131) WIFI: Disconnected from AP, reason=201 (NO_AP_FOUND). Retrying connection...

[REDACTED SENSITIVE LINE]

W (391551) WIFI: Disconnected from AP, reason=201 (NO_AP_FOUND). Retrying connection...

[REDACTED SENSITIVE LINE]

W (393971) WIFI: Disconnected from AP, reason=201 (NO_AP_FOUND). Retrying connection...

[REDACTED SENSITIVE LINE]

W (396391) WIFI: Disconnected from AP, reason=201 (NO_AP_FOUND). Retrying connection...

[REDACTED SENSITIVE LINE]

W (398811) WIFI: Disconnected from AP, reason=201 (NO_AP_FOUND). Retrying connection...

[REDACTED SENSITIVE LINE]

W (401231) WIFI: Disconnected from AP, reason=201 (NO_AP_FOUND). Retrying connection...

[REDACTED SENSITIVE LINE]

W (403651) WIFI: Disconnected from AP, reason=201 (NO_AP_FOUND). Retrying connection...

[REDACTED SENSITIVE LINE]

W (406071) WIFI: Disconnected from AP, reason=201 (NO_AP_FOUND). Retrying connection...

[REDACTED SENSITIVE LINE]

W (408491) WIFI: Disconnected from AP, reason=201 (NO_AP_FOUND). Retrying connection...

[REDACTED SENSITIVE LINE]

W (410911) WIFI: Disconnected from AP, reason=201 (NO_AP_FOUND). Retrying connection...

[REDACTED SENSITIVE LINE]

W (413341) WIFI: Disconnected from AP, reason=201 (NO_AP_FOUND). Retrying connection...

[REDACTED SENSITIVE LINE]

W (415761) WIFI: Disconnected from AP, reason=201 (NO_AP_FOUND). Retrying connection...

[REDACTED SENSITIVE LINE]

W (418181) WIFI: Disconnected from AP, reason=201 (NO_AP_FOUND). Retrying connection...

[REDACTED SENSITIVE LINE]

W (420601) WIFI: Disconnected from AP, reason=201 (NO_AP_FOUND). Retrying connection...

[REDACTED SENSITIVE LINE]

W (423021) WIFI: Disconnected from AP, reason=201 (NO_AP_FOUND). Retrying connection...

[REDACTED SENSITIVE LINE]

W (425441) WIFI: Disconnected from AP, reason=201 (NO_AP_FOUND). Retrying connection...

[REDACTED SENSITIVE LINE]

W (427861) WIFI: Disconnected from AP, reason=201 (NO_AP_FOUND). Retrying connection...

[REDACTED SENSITIVE LINE]

W (430281) WIFI: Disconnected from AP, reason=201 (NO_AP_FOUND). Retrying connection...

[REDACTED SENSITIVE LINE]

W (432701) WIFI: Disconnected from AP, reason=201 (NO_AP_FOUND). Retrying connection...

[REDACTED SENSITIVE LINE]

W (435121) WIFI: Disconnected from AP, reason=201 (NO_AP_FOUND). Retrying connection...

[REDACTED SENSITIVE LINE]

W (437541) WIFI: Disconnected from AP, reason=201 (NO_AP_FOUND). Retrying connection...

[REDACTED SENSITIVE LINE]

W (439971) WIFI: Disconnected from AP, reason=201 (NO_AP_FOUND). Retrying connection...

[REDACTED SENSITIVE LINE]

W (442391) WIFI: Disconnected from AP, reason=201 (NO_AP_FOUND). Retrying connection...

[REDACTED SENSITIVE LINE]

W (444811) WIFI: Disconnected from AP, reason=201 (NO_AP_FOUND). Retrying connection...

[REDACTED SENSITIVE LINE]

W (447231) WIFI: Disconnected from AP, reason=201 (NO_AP_FOUND). Retrying connection...

[REDACTED SENSITIVE LINE]

W (449651) WIFI: Disconnected from AP, reason=201 (NO_AP_FOUND). Retrying connection...

[REDACTED SENSITIVE LINE]

W (452071) WIFI: Disconnected from AP, reason=201 (NO_AP_FOUND). Retrying connection...

[REDACTED SENSITIVE LINE]

W (454491) WIFI: Disconnected from AP, reason=201 (NO_AP_FOUND). Retrying connection...

[REDACTED SENSITIVE LINE]

W (456911) WIFI: Disconnected from AP, reason=201 (NO_AP_FOUND). Retrying connection...

[REDACTED SENSITIVE LINE]

W (459331) WIFI: Disconnected from AP, reason=201 (NO_AP_FOUND). Retrying connection...

[REDACTED SENSITIVE LINE]

W (461751) WIFI: Disconnected from AP, reason=201 (NO_AP_FOUND). Retrying connection...

[REDACTED SENSITIVE LINE]

W (464171) WIFI: Disconnected from AP, reason=201 (NO_AP_FOUND). Retrying connection...

[REDACTED SENSITIVE LINE]

W (466601) WIFI: Disconnected from AP, reason=201 (NO_AP_FOUND). Retrying connection...

[REDACTED SENSITIVE LINE]

W (469021) WIFI: Disconnected from AP, reason=201 (NO_AP_FOUND). Retrying connection...

[REDACTED SENSITIVE LINE]

W (471441) WIFI: Disconnected from AP, reason=201 (NO_AP_FOUND). Retrying connection...

[REDACTED SENSITIVE LINE]

W (473861) WIFI: Disconnected from AP, reason=201 (NO_AP_FOUND). Retrying connection...

[REDACTED SENSITIVE LINE]

W (476281) WIFI: Disconnected from AP, reason=201 (NO_AP_FOUND). Retrying connection...

[REDACTED SENSITIVE LINE]

W (478701) WIFI: Disconnected from AP, reason=201 (NO_AP_FOUND). Retrying connection...

[REDACTED SENSITIVE LINE]

W (481121) WIFI: Disconnected from AP, reason=201 (NO_AP_FOUND). Retrying connection...

[REDACTED SENSITIVE LINE]

W (483541) WIFI: Disconnected from AP, reason=201 (NO_AP_FOUND). Retrying connection...

[REDACTED SENSITIVE LINE]

W (485961) WIFI: Disconnected from AP, reason=201 (NO_AP_FOUND). Retrying connection...

[REDACTED SENSITIVE LINE]

I (487341) NETWORK: NETWORK_TIME_SYNCED_BIT cleared before=0x0 after=0x0

W (487341) WIFI: Lost IP address

W (488381) WIFI: Disconnected from AP, reason=201 (NO_AP_FOUND). Retrying connection...

[REDACTED SENSITIVE LINE]

W (490801) WIFI: Disconnected from AP, reason=201 (NO_AP_FOUND). Retrying connection...

[REDACTED SENSITIVE LINE]

W (493231) WIFI: Disconnected from AP, reason=201 (NO_AP_FOUND). Retrying connection...

[REDACTED SENSITIVE LINE]

W (495651) WIFI: Disconnected from AP, reason=201 (NO_AP_FOUND). Retrying connection...

[REDACTED SENSITIVE LINE]

W (498071) WIFI: Disconnected from AP, reason=201 (NO_AP_FOUND). Retrying connection...

[REDACTED SENSITIVE LINE]

W (500491) WIFI: Disconnected from AP, reason=201 (NO_AP_FOUND). Retrying connection...

[REDACTED SENSITIVE LINE]

W (502911) WIFI: Disconnected from AP, reason=201 (NO_AP_FOUND). Retrying connection...

[REDACTED SENSITIVE LINE]

W (505331) WIFI: Disconnected from AP, reason=201 (NO_AP_FOUND). Retrying connection...

[REDACTED SENSITIVE LINE]

W (507751) WIFI: Disconnected from AP, reason=201 (NO_AP_FOUND). Retrying connection...

[REDACTED SENSITIVE LINE]

W (510171) WIFI: Disconnected from AP, reason=201 (NO_AP_FOUND). Retrying connection...

[REDACTED SENSITIVE LINE]

W (512591) WIFI: Disconnected from AP, reason=201 (NO_AP_FOUND). Retrying connection...

[REDACTED SENSITIVE LINE]

W (515011) WIFI: Disconnected from AP, reason=201 (NO_AP_FOUND). Retrying connection...

[REDACTED SENSITIVE LINE]

W (517431) WIFI: Disconnected from AP, reason=201 (NO_AP_FOUND). Retrying connection...

[REDACTED SENSITIVE LINE]

W (519851) WIFI: Disconnected from AP, reason=201 (NO_AP_FOUND). Retrying connection...

[REDACTED SENSITIVE LINE]

W (522281) WIFI: Disconnected from AP, reason=201 (NO_AP_FOUND). Retrying connection...

[REDACTED SENSITIVE LINE]

W (524701) WIFI: Disconnected from AP, reason=201 (NO_AP_FOUND). Retrying connection...

[REDACTED SENSITIVE LINE]

W (527121) WIFI: Disconnected from AP, reason=201 (NO_AP_FOUND). Retrying connection...

[REDACTED SENSITIVE LINE]

W (529541) WIFI: Disconnected from AP, reason=201 (NO_AP_FOUND). Retrying connection...

[REDACTED SENSITIVE LINE]

W (531961) WIFI: Disconnected from AP, reason=201 (NO_AP_FOUND). Retrying connection...

[REDACTED SENSITIVE LINE]

W (534381) WIFI: Disconnected from AP, reason=201 (NO_AP_FOUND). Retrying connection...

[REDACTED SENSITIVE LINE]

W (536801) WIFI: Disconnected from AP, reason=201 (NO_AP_FOUND). Retrying connection...

[REDACTED SENSITIVE LINE]

W (539221) WIFI: Disconnected from AP, reason=201 (NO_AP_FOUND). Retrying connection...

[REDACTED SENSITIVE LINE]

W (541641) WIFI: Disconnected from AP, reason=201 (NO_AP_FOUND). Retrying connection...

[REDACTED SENSITIVE LINE]

W (544061) WIFI: Disconnected from AP, reason=201 (NO_AP_FOUND). Retrying connection...

[REDACTED SENSITIVE LINE]

W (546481) WIFI: Disconnected from AP, reason=201 (NO_AP_FOUND). Retrying connection...

[REDACTED SENSITIVE LINE]

W (548901) WIFI: Disconnected from AP, reason=201 (NO_AP_FOUND). Retrying connection...

[REDACTED SENSITIVE LINE]

W (551331) WIFI: Disconnected from AP, reason=201 (NO_AP_FOUND). Retrying connection...

[REDACTED SENSITIVE LINE]

W (553751) WIFI: Disconnected from AP, reason=201 (NO_AP_FOUND). Retrying connection...

[REDACTED SENSITIVE LINE]

W (556171) WIFI: Disconnected from AP, reason=201 (NO_AP_FOUND). Retrying connection...

[REDACTED SENSITIVE LINE]

W (558591) WIFI: Disconnected from AP, reason=201 (NO_AP_FOUND). Retrying connection...

[REDACTED SENSITIVE LINE]

W (561011) WIFI: Disconnected from AP, reason=201 (NO_AP_FOUND). Retrying connection...

[REDACTED SENSITIVE LINE]

W (563431) WIFI: Disconnected from AP, reason=201 (NO_AP_FOUND). Retrying connection...

[REDACTED SENSITIVE LINE]

W (565851) WIFI: Disconnected from AP, reason=201 (NO_AP_FOUND). Retrying connection...

[REDACTED SENSITIVE LINE]

W (568271) WIFI: Disconnected from AP, reason=201 (NO_AP_FOUND). Retrying connection...

[REDACTED SENSITIVE LINE]

W (570691) WIFI: Disconnected from AP, reason=201 (NO_AP_FOUND). Retrying connection...

[REDACTED SENSITIVE LINE]

W (573111) WIFI: Disconnected from AP, reason=201 (NO_AP_FOUND). Retrying connection...

[REDACTED SENSITIVE LINE]

W (575531) WIFI: Disconnected from AP, reason=201 (NO_AP_FOUND). Retrying connection...

[REDACTED SENSITIVE LINE]

W (577951) WIFI: Disconnected from AP, reason=201 (NO_AP_FOUND). Retrying connection...

[REDACTED SENSITIVE LINE]

W (580381) WIFI: Disconnected from AP, reason=201 (NO_AP_FOUND). Retrying connection...

[REDACTED SENSITIVE LINE]

W (582801) WIFI: Disconnected from AP, reason=201 (NO_AP_FOUND). Retrying connection...

[REDACTED SENSITIVE LINE]

W (585221) WIFI: Disconnected from AP, reason=201 (NO_AP_FOUND). Retrying connection...

[REDACTED SENSITIVE LINE]

W (587641) WIFI: Disconnected from AP, reason=201 (NO_AP_FOUND). Retrying connection...

[REDACTED SENSITIVE LINE]

W (590061) WIFI: Disconnected from AP, reason=201 (NO_AP_FOUND). Retrying connection...

[REDACTED SENSITIVE LINE]

W (592481) WIFI: Disconnected from AP, reason=201 (NO_AP_FOUND). Retrying connection...

[REDACTED SENSITIVE LINE]

W (594901) WIFI: Disconnected from AP, reason=201 (NO_AP_FOUND). Retrying connection...

[REDACTED SENSITIVE LINE]

W (597321) WIFI: Disconnected from AP, reason=201 (NO_AP_FOUND). Retrying connection...

[REDACTED SENSITIVE LINE]

W (599741) WIFI: Disconnected from AP, reason=201 (NO_AP_FOUND). Retrying connection...

[REDACTED SENSITIVE LINE]

W (602161) WIFI: Disconnected from AP, reason=201 (NO_AP_FOUND). Retrying connection...

[REDACTED SENSITIVE LINE]

W (604581) WIFI: Disconnected from AP, reason=201 (NO_AP_FOUND). Retrying connection...

[REDACTED SENSITIVE LINE]

W (607001) WIFI: Disconnected from AP, reason=201 (NO_AP_FOUND). Retrying connection...

[REDACTED SENSITIVE LINE]

I (608381) NETWORK: NETWORK_TIME_SYNCED_BIT cleared before=0x0 after=0x0

W (608381) WIFI: Lost IP address

W (609431) WIFI: Disconnected from AP, reason=201 (NO_AP_FOUND). Retrying connection...

[REDACTED SENSITIVE LINE]

W (611851) WIFI: Disconnected from AP, reason=201 (NO_AP_FOUND). Retrying connection...

[REDACTED SENSITIVE LINE]

W (614271) WIFI: Disconnected from AP, reason=201 (NO_AP_FOUND). Retrying connection...

[REDACTED SENSITIVE LINE]

W (616691) WIFI: Disconnected from AP, reason=201 (NO_AP_FOUND). Retrying connection...

[REDACTED SENSITIVE LINE]

W (619111) WIFI: Disconnected from AP, reason=201 (NO_AP_FOUND). Retrying connection...

[REDACTED SENSITIVE LINE]

W (621531) WIFI: Disconnected from AP, reason=201 (NO_AP_FOUND). Retrying connection...

[REDACTED SENSITIVE LINE]

W (623951) WIFI: Disconnected from AP, reason=201 (NO_AP_FOUND). Retrying connection...

[REDACTED SENSITIVE LINE]

W (626371) WIFI: Disconnected from AP, reason=201 (NO_AP_FOUND). Retrying connection...

[REDACTED SENSITIVE LINE]

W (628791) WIFI: Disconnected from AP, reason=201 (NO_AP_FOUND). Retrying connection...

[REDACTED SENSITIVE LINE]

W (631211) WIFI: Disconnected from AP, reason=201 (NO_AP_FOUND). Retrying connection...

[REDACTED SENSITIVE LINE]

W (633631) WIFI: Disconnected from AP, reason=201 (NO_AP_FOUND). Retrying connection...

[REDACTED SENSITIVE LINE]

W (636051) WIFI: Disconnected from AP, reason=201 (NO_AP_FOUND). Retrying connection...

[REDACTED SENSITIVE LINE]

W (638481) WIFI: Disconnected from AP, reason=201 (NO_AP_FOUND). Retrying connection...

[REDACTED SENSITIVE LINE]

W (640901) WIFI: Disconnected from AP, reason=201 (NO_AP_FOUND). Retrying connection...

[REDACTED SENSITIVE LINE]

W (643321) WIFI: Disconnected from AP, reason=201 (NO_AP_FOUND). Retrying connection...

[REDACTED SENSITIVE LINE]

W (645741) WIFI: Disconnected from AP, reason=201 (NO_AP_FOUND). Retrying connection...

[REDACTED SENSITIVE LINE]

W (648161) WIFI: Disconnected from AP, reason=201 (NO_AP_FOUND). Retrying connection...

[REDACTED SENSITIVE LINE]

W (650581) WIFI: Disconnected from AP, reason=201 (NO_AP_FOUND). Retrying connection...

[REDACTED SENSITIVE LINE]

W (653001) WIFI: Disconnected from AP, reason=201 (NO_AP_FOUND). Retrying connection...

[REDACTED SENSITIVE LINE]

W (655421) WIFI: Disconnected from AP, reason=201 (NO_AP_FOUND). Retrying connection...

[REDACTED SENSITIVE LINE]

W (657841) WIFI: Disconnected from AP, reason=201 (NO_AP_FOUND). Retrying connection...

[REDACTED SENSITIVE LINE]

W (660261) WIFI: Disconnected from AP, reason=201 (NO_AP_FOUND). Retrying connection...

[REDACTED SENSITIVE LINE]

W (662681) WIFI: Disconnected from AP, reason=201 (NO_AP_FOUND). Retrying connection...

[REDACTED SENSITIVE LINE]

W (665101) WIFI: Disconnected from AP, reason=201 (NO_AP_FOUND). Retrying connection...

[REDACTED SENSITIVE LINE]

W (667521) WIFI: Disconnected from AP, reason=201 (NO_AP_FOUND). Retrying connection...

[REDACTED SENSITIVE LINE]

W (669951) WIFI: Disconnected from AP, reason=201 (NO_AP_FOUND). Retrying connection...

[REDACTED SENSITIVE LINE]

W (672371) WIFI: Disconnected from AP, reason=201 (NO_AP_FOUND). Retrying connection...

[REDACTED SENSITIVE LINE]

W (674791) WIFI: Disconnected from AP, reason=201 (NO_AP_FOUND). Retrying connection...

[REDACTED SENSITIVE LINE]

W (677211) WIFI: Disconnected from AP, reason=201 (NO_AP_FOUND). Retrying connection...

[REDACTED SENSITIVE LINE]

W (679631) WIFI: Disconnected from AP, reason=201 (NO_AP_FOUND). Retrying connection...

[REDACTED SENSITIVE LINE]

W (682051) WIFI: Disconnected from AP, reason=201 (NO_AP_FOUND). Retrying connection...

[REDACTED SENSITIVE LINE]

W (684471) WIFI: Disconnected from AP, reason=201 (NO_AP_FOUND). Retrying connection...

[REDACTED SENSITIVE LINE]

W (686891) WIFI: Disconnected from AP, reason=201 (NO_AP_FOUND). Retrying connection...

[REDACTED SENSITIVE LINE]

W (689311) WIFI: Disconnected from AP, reason=201 (NO_AP_FOUND). Retrying connection...

[REDACTED SENSITIVE LINE]

W (691731) WIFI: Disconnected from AP, reason=201 (NO_AP_FOUND). Retrying connection...

[REDACTED SENSITIVE LINE]

W (694151) WIFI: Disconnected from AP, reason=201 (NO_AP_FOUND). Retrying connection...

[REDACTED SENSITIVE LINE]

W (696571) WIFI: Disconnected from AP, reason=201 (NO_AP_FOUND). Retrying connection...

[REDACTED SENSITIVE LINE]

W (699001) WIFI: Disconnected from AP, reason=201 (NO_AP_FOUND). Retrying connection...

[REDACTED SENSITIVE LINE]

W (701421) WIFI: Disconnected from AP, reason=201 (NO_AP_FOUND). Retrying connection...

[REDACTED SENSITIVE LINE]

W (703841) WIFI: Disconnected from AP, reason=201 (NO_AP_FOUND). Retrying connection...

[REDACTED SENSITIVE LINE]

W (706261) WIFI: Disconnected from AP, reason=201 (NO_AP_FOUND). Retrying connection...

[REDACTED SENSITIVE LINE]

W (708681) WIFI: Disconnected from AP, reason=201 (NO_AP_FOUND). Retrying connection...

[REDACTED SENSITIVE LINE]

W (711101) WIFI: Disconnected from AP, reason=201 (NO_AP_FOUND). Retrying connection...

[REDACTED SENSITIVE LINE]

W (713521) WIFI: Disconnected from AP, reason=201 (NO_AP_FOUND). Retrying connection...

[REDACTED SENSITIVE LINE]

W (715941) WIFI: Disconnected from AP, reason=201 (NO_AP_FOUND). Retrying connection...

[REDACTED SENSITIVE LINE]

W (718361) WIFI: Disconnected from AP, reason=201 (NO_AP_FOUND). Retrying connection...

[REDACTED SENSITIVE LINE]

W (720781) WIFI: Disconnected from AP, reason=201 (NO_AP_FOUND). Retrying connection...

[REDACTED SENSITIVE LINE]

W (723201) WIFI: Disconnected from AP, reason=201 (NO_AP_FOUND). Retrying connection...

[REDACTED SENSITIVE LINE]

W (725631) WIFI: Disconnected from AP, reason=201 (NO_AP_FOUND). Retrying connection...

[REDACTED SENSITIVE LINE]

W (728051) WIFI: Disconnected from AP, reason=201 (NO_AP_FOUND). Retrying connection...

[REDACTED SENSITIVE LINE]

I (729431) NETWORK: NETWORK_TIME_SYNCED_BIT cleared before=0x0 after=0x0

W (729431) WIFI: Lost IP address

W (730471) WIFI: Disconnected from AP, reason=201 (NO_AP_FOUND). Retrying connection...

[REDACTED SENSITIVE LINE]

W (732891) WIFI: Disconnected from AP, reason=201 (NO_AP_FOUND). Retrying connection...

[REDACTED SENSITIVE LINE]

W (735311) WIFI: Disconnected from AP, reason=201 (NO_AP_FOUND). Retrying connection...

[REDACTED SENSITIVE LINE]

W (737731) WIFI: Disconnected from AP, reason=201 (NO_AP_FOUND). Retrying connection...

[REDACTED SENSITIVE LINE]

W (740151) WIFI: Disconnected from AP, reason=201 (NO_AP_FOUND). Retrying connection...

[REDACTED SENSITIVE LINE]

W (742571) WIFI: Disconnected from AP, reason=201 (NO_AP_FOUND). Retrying connection...

[REDACTED SENSITIVE LINE]

W (744991) WIFI: Disconnected from AP, reason=201 (NO_AP_FOUND). Retrying connection...

[REDACTED SENSITIVE LINE]

W (747411) WIFI: Disconnected from AP, reason=201 (NO_AP_FOUND). Retrying connection...

[REDACTED SENSITIVE LINE]

W (749831) WIFI: Disconnected from AP, reason=201 (NO_AP_FOUND). Retrying connection...

[REDACTED SENSITIVE LINE]

W (752251) WIFI: Disconnected from AP, reason=201 (NO_AP_FOUND). Retrying connection...

[REDACTED SENSITIVE LINE]

W (754681) WIFI: Disconnected from AP, reason=201 (NO_AP_FOUND). Retrying connection...

[REDACTED SENSITIVE LINE]

W (757101) WIFI: Disconnected from AP, reason=201 (NO_AP_FOUND). Retrying connection...

[REDACTED SENSITIVE LINE]

W (759521) WIFI: Disconnected from AP, reason=201 (NO_AP_FOUND). Retrying connection...

[REDACTED SENSITIVE LINE]

W (761941) WIFI: Disconnected from AP, reason=201 (NO_AP_FOUND). Retrying connection...

[REDACTED SENSITIVE LINE]

W (764361) WIFI: Disconnected from AP, reason=201 (NO_AP_FOUND). Retrying connection...

[REDACTED SENSITIVE LINE]

W (766781) WIFI: Disconnected from AP, reason=201 (NO_AP_FOUND). Retrying connection...

[REDACTED SENSITIVE LINE]

W (769201) WIFI: Disconnected from AP, reason=201 (NO_AP_FOUND). Retrying connection...

[REDACTED SENSITIVE LINE]

W (771621) WIFI: Disconnected from AP, reason=201 (NO_AP_FOUND). Retrying connection...

[REDACTED SENSITIVE LINE]

W (774041) WIFI: Disconnected from AP, reason=201 (NO_AP_FOUND). Retrying connection...

[REDACTED SENSITIVE LINE]

W (776461) WIFI: Disconnected from AP, reason=201 (NO_AP_FOUND). Retrying connection...

[REDACTED SENSITIVE LINE]

W (778881) WIFI: Disconnected from AP, reason=201 (NO_AP_FOUND). Retrying connection...

[REDACTED SENSITIVE LINE]

I (779031) BUTTON: Touch detected

I (779031) STATE: State changed to 1

I (779031) DISPLAY: display_face()

I (779111) STATE: Entering RECORDING state

I (779111) WAKE: Recording started

I (780111) WAKE: Recording progress: context=i2s_timeout elapsed_ms=1000 samples=0 silence_ms=0

I (780551) DISPLAY: Face : 0

I (780551) WAKE: Wake detected, starting recording

I (781131) WAKE: Recording progress: context=i2s_timeout elapsed_ms=2020 samples=0 silence_ms=0

W (781311) WIFI: Disconnected from AP, reason=201 (NO_AP_FOUND). Retrying connection...

[REDACTED SENSITIVE LINE]

I (782151) WAKE: Recording progress: context=i2s_timeout elapsed_ms=3040 samples=0 silence_ms=0

I (783151) BUTTON: Touch detected

I (783171) WAKE: Recording progress: context=i2s_timeout elapsed_ms=4060 samples=0 silence_ms=0

W (783731) WIFI: Disconnected from AP, reason=201 (NO_AP_FOUND). Retrying connection...

[REDACTED SENSITIVE LINE]

I (784191) WAKE: Recording progress: context=i2s_timeout elapsed_ms=5080 samples=0 silence_ms=0

I (784411) BUTTON: Touch detected

I (785071) BUTTON: Touch detected

I (785211) WAKE: Recording progress: context=i2s_timeout elapsed_ms=6100 samples=0 silence_ms=0

W (786151) WIFI: Disconnected from AP, reason=201 (NO_AP_FOUND). Retrying connection...

[REDACTED SENSITIVE LINE]

I (786231) WAKE: Recording progress: context=i2s_timeout elapsed_ms=7120 samples=0 silence_ms=0

I (787251) WAKE: Recording progress: context=i2s_timeout elapsed_ms=8140 samples=0 silence_ms=0

I (788271) WAKE: Recording progress: context=i2s_timeout elapsed_ms=9160 samples=0 silence_ms=0

W (788571) WIFI: Disconnected from AP, reason=201 (NO_AP_FOUND). Retrying connection...

[REDACTED SENSITIVE LINE]

I (788591) BUTTON: Touch detected

I (789291) WAKE: Recording progress: context=i2s_timeout elapsed_ms=10180 samples=0 silence_ms=0

I (789551) BUTTON: Touch detected

I (790311) WAKE: Recording progress: context=i2s_timeout elapsed_ms=11200 samples=0 silence_ms=0

W (790991) WIFI: Disconnected from AP, reason=201 (NO_AP_FOUND). Retrying connection...

[REDACTED SENSITIVE LINE]

I (791151) BUTTON: Touch detected

I (791331) WAKE: Recording progress: context=i2s_timeout elapsed_ms=12220 samples=0 silence_ms=0

I (792351) WAKE: Recording progress: context=i2s_timeout elapsed_ms=13240 samples=0 silence_ms=0

I (793371) WAKE: Recording progress: context=i2s_timeout elapsed_ms=14260 samples=0 silence_ms=0

W (793411) WIFI: Disconnected from AP, reason=201 (NO_AP_FOUND). Retrying connection...

[REDACTED SENSITIVE LINE]

I (794211) BUTTON: Touch detected

I (794391) WAKE: Recording progress: context=i2s_timeout elapsed_ms=15280 samples=0 silence_ms=0

I (795411) WAKE: Recording progress: context=i2s_timeout elapsed_ms=16300 samples=0 silence_ms=0

W (795831) WIFI: Disconnected from AP, reason=201 (NO_AP_FOUND). Retrying connection...

[REDACTED SENSITIVE LINE]

I (796431) WAKE: Recording progress: context=i2s_timeout elapsed_ms=17320 samples=0 silence_ms=0

I (797451) WAKE: Recording progress: context=i2s_timeout elapsed_ms=18340 samples=0 silence_ms=0

W (798251) WIFI: Disconnected from AP, reason=201 (NO_AP_FOUND). Retrying connection...

[REDACTED SENSITIVE LINE]

I (798471) WAKE: Recording progress: context=i2s_timeout elapsed_ms=19360 samples=0 silence_ms=0

I (799491) WAKE: Recording progress: context=i2s_timeout elapsed_ms=20380 samples=0 silence_ms=0

--- Error: GetOverlappedResult failed (PermissionError(13, 'Access is denied.', None, 5))
--- Waiting for the device to reconnect.......
I (1126) esp_psram: SPI SRAM memory test OK

I (1134) cpu_start: GPIO 44 and 43 are used as console UART I/O pins

I (1135) cpu_start: Pro cpu start user code

I (1135) cpu_start: cpu freq: 160000000 Hz

I (1137) app_init: Application information:

I (1140) app_init: Project name:     all_bmo

I (1144) app_init: App version:      c02dea1-dirty

I (1149) app_init: Compile time:     Aug 14 2026 14:45:21

I (1154) app_init: ELF file SHA256:  12e05d55f...

I (1159) app_init: ESP-IDF:          v6.0.1

I (1162) efuse_init: Min chip rev:     v0.0

I (1166) efuse_init: Max chip rev:     v0.99 

I (1170) efuse_init: Chip rev:         v0.2

I (1174) heap_init: Initializing. RAM available for dynamic allocation:

I (1181) heap_init: At 3FCA6E30 len 000428E0 (266 KiB): RAM

I (1186) heap_init: At 3FCE9710 len 00005724 (21 KiB): RAM

I (1191) heap_init: At 3FCF0000 len 00008000 (32 KiB): DRAM

I (1196) heap_init: At 600FE000 len 00001FE8 (7 KiB): RTCRAM

I (1202) esp_psram: Adding pool of 8192K of PSRAM memory to heap allocator

I (1209) spi_flash: detected chip: boya

I (1212) spi_flash: flash io: dio

W (1215) spi_flash: Detected size(16384k) larger than the size in the binary image header(8192k). Using the size in the binary image header.

I (1228) sleep_gpio: Configure to isolate all GPIO pins in sleep state

I (1234) sleep_gpio: Enable automatic switching of GPIO sleep configuration

I (1241) main_task: Started on CPU0

I (1261) esp_psram: Reserving pool of 32K of internal memory for DMA/internal allocations

I (1261) main_task: Calling app_main()

I (1261) DISPLAY: Initialize ILI9341 landscape

I (1271) ili9341: LCD panel create success, version: 2.0.2

I (1391) DISPLAY: ILI9341 Ready

I (1621) DISPLAY: Display sleep screen

I (1621) AUDIO: MAX98357A ready: BCLK=1 WS=2 DIN=42 volume=8

I (1621) BUTTON: Input ready: touch=14 vol_up=15 vol_down=16

I (1641) WIFI: SNTP init return_code=ESP_OK(0)

I (1641) pp: pp rom version: e7ae62f

I (1641) net80211: net80211 rom version: e7ae62f

I (1651) wifi:wifi driver task: 3fcb897c, prio:23, stack:6656, core=0

I (1661) wifi:wifi firmware version: b37c951

I (1661) wifi:wifi certification version: v7.0

I (1661) wifi:config NVS flash: enabled

I (1661) wifi:config nano formatting: disabled

I (1661) wifi:Init data frame dynamic rx buffer num: 32

I (1671) wifi:Init static rx mgmt buffer num: 5

I (1671) wifi:Init management short buffer num: 32

I (1681) wifi:Init dynamic tx buffer num: 32

I (1681) wifi:Init static tx FG buffer num: 2

I (1681) wifi:Init static rx buffer size: 1600

I (1691) wifi:Init static rx buffer num: 10

I (1691) wifi:Init dynamic rx buffer num: 32

I (1701) wifi_init: rx ba win: 6

I (1701) wifi_init: accept mbox: 6

I (1701) wifi_init: tcpip mbox: 32

I (1711) wifi_init: udp mbox: 6

I (1711) wifi_init: tcp mbox: 6

I (1711) wifi_init: tcp tx win: 5760

I (1711) wifi_init: tcp rx win: 5760

I (1721) wifi_init: tcp mss: 1440

I (1721) wifi_init: WiFi IRAM OP enabled

I (1721) wifi_init: WiFi RX IRAM OP enabled

I (1731) WIFI: SNTP event handler register return_code=ESP_OK(0)

[REDACTED SENSITIVE LINE]

I (1741) WIFI: WiFi STA config applied

I (1751) phy_init: phy_version 711,97bcf0a2,Aug 25 2025,19:04:10

I (1801) phy_init: Saving new calibration data due to checksum failure or outdated calibration data, mode(0)

I (1811) wifi:mode : sta ([MAC-REDACTED])

I (1811) wifi:enable tsf

I (1821) WIFI: WiFi initialization complete. Waiting for STA_START event...

[REDACTED SENSITIVE LINE]

I (1821) MAIN: Waiting for WiFi IP before API init...

I (1831) STATE: State machine orchestrator task started

I (1831) MODEL_LOADER: The storage free size is 23424 KB

I (1841) MODEL_LOADER: The partition size is 4096 KB

I (1841) MODEL_LOADER: Successfully load srmodels

I (1851) WAKE: WakeNet model: wn9_hijoy_tts

I (1851) WAKE: Wake words: Hi,Joy

MC Quantized wakenet9: wakenet9l_tts1h8_Hi,Joy_3_0.631_0.633, tigger:v4, mode:0, p:0, (May 25 2026 15:51:00)

I (1921) WAKE: WakeNet sample_rate=16000 chunk=512 channels=1

W (1921) i2s_platform: i2s controller 0 has been occupied by i2s_driver

I (1931) WAKE: I2S mic ready: BCLK=5 WS=4 DIN=6 rate=16000

I (1941) WAKE: Wakeword initialized

I (1941) WAKE: Listening for Hi Joy

W (4241) WIFI: Disconnected from AP, reason=201 (NO_AP_FOUND). Retrying connection...

[REDACTED SENSITIVE LINE]

W (6661) WIFI: Disconnected from AP, reason=201 (NO_AP_FOUND). Retrying connection...

[REDACTED SENSITIVE LINE]

W (9081) WIFI: Disconnected from AP, reason=201 (NO_AP_FOUND). Retrying connection...

[REDACTED SENSITIVE LINE]

W (11501) WIFI: Disconnected from AP, reason=201 (NO_AP_FOUND). Retrying connection...

[REDACTED SENSITIVE LINE]

W (13921) WIFI: Disconnected from AP, reason=201 (NO_AP_FOUND). Retrying connection...

[REDACTED SENSITIVE LINE]

W (16341) WIFI: Disconnected from AP, reason=201 (NO_AP_FOUND). Retrying connection...

[REDACTED SENSITIVE LINE]

W (18761) WIFI: Disconnected from AP, reason=201 (NO_AP_FOUND). Retrying connection...

[REDACTED SENSITIVE LINE]

W (21181) WIFI: Disconnected from AP, reason=201 (NO_AP_FOUND). Retrying connection...

[REDACTED SENSITIVE LINE]

W (23601) WIFI: Disconnected from AP, reason=201 (NO_AP_FOUND). Retrying connection...

[REDACTED SENSITIVE LINE]

I (24681) BUTTON: Touch detected

I (24681) STATE: State changed to 1

I (24681) DISPLAY: display_face()

I (24731) STATE: Entering RECORDING state

I (24731) WAKE: Recording started

I (25751) WAKE: Recording progress: context=i2s_timeout elapsed_ms=1020 samples=0 silence_ms=0

W (26021) WIFI: Disconnected from AP, reason=201 (NO_AP_FOUND). Retrying connection...

[REDACTED SENSITIVE LINE]

I (26211) DISPLAY: Face : 0

I (26211) WAKE: Wake detected, starting recording

I (26771) WAKE: Recording progress: context=i2s_timeout elapsed_ms=2040 samples=0 silence_ms=0

I (27791) WAKE: Recording progress: context=i2s_timeout elapsed_ms=3060 samples=0 silence_ms=0

W (28441) WIFI: Disconnected from AP, reason=201 (NO_AP_FOUND). Retrying connection...

[REDACTED SENSITIVE LINE]

I (28811) WAKE: Recording progress: context=i2s_timeout elapsed_ms=4080 samples=0 silence_ms=0

I (29831) WAKE: Recording progress: context=i2s_timeout elapsed_ms=5100 samples=0 silence_ms=0

I (30851) WAKE: Recording progress: context=i2s_timeout elapsed_ms=6120 samples=0 silence_ms=0

W (30861) WIFI: Disconnected from AP, reason=201 (NO_AP_FOUND). Retrying connection...

[REDACTED SENSITIVE LINE]

I (31871) WAKE: Recording progress: context=i2s_timeout elapsed_ms=7140 samples=0 silence_ms=0

I (32051) BUTTON: Touch detected

I (32871) BUTTON: Touch detected

I (32891) WAKE: Recording progress: context=i2s_timeout elapsed_ms=8160 samples=0 silence_ms=0

W (33281) WIFI: Disconnected from AP, reason=201 (NO_AP_FOUND). Retrying connection...

[REDACTED SENSITIVE LINE]

I (33911) WAKE: Recording progress: context=i2s_timeout elapsed_ms=9180 samples=0 silence_ms=0

I (34931) WAKE: Recording progress: context=i2s_timeout elapsed_ms=10200 samples=0 silence_ms=0

I (35391) BUTTON: Touch detected

W (35711) WIFI: Disconnected from AP, reason=201 (NO_AP_FOUND). Retrying connection...

[REDACTED SENSITIVE LINE]

I (35951) WAKE: Recording progress: context=i2s_timeout elapsed_ms=11220 samples=0 silence_ms=0

I (36971) WAKE: Recording progress: context=i2s_timeout elapsed_ms=12240 samples=0 silence_ms=0

I (37991) WAKE: Recording progress: context=i2s_timeout elapsed_ms=13260 samples=0 silence_ms=0

W (38131) WIFI: Disconnected from AP, reason=201 (NO_AP_FOUND). Retrying connection...

[REDACTED SENSITIVE LINE]

I (39011) WAKE: Recording progress: context=i2s_timeout elapsed_ms=14280 samples=0 silence_ms=0

I (40031) WAKE: Recording progress: context=i2s_timeout elapsed_ms=15300 samples=0 silence_ms=0

W (40551) WIFI: Disconnected from AP, reason=201 (NO_AP_FOUND). Retrying connection...

[REDACTED SENSITIVE LINE]

I (41051) WAKE: Recording progress: context=i2s_timeout elapsed_ms=16320 samples=0 silence_ms=0

I (42071) WAKE: Recording progress: context=i2s_timeout elapsed_ms=17340 samples=0 silence_ms=0

W (42971) WIFI: Disconnected from AP, reason=201 (NO_AP_FOUND). Retrying connection...

[REDACTED SENSITIVE LINE]

I (43091) WAKE: Recording progress: context=i2s_timeout elapsed_ms=18360 samples=0 silence_ms=0

I (44111) WAKE: Recording progress: context=i2s_timeout elapsed_ms=19380 samples=0 silence_ms=0

I (45131) WAKE: Recording progress: context=i2s_timeout elapsed_ms=20400 samples=0 silence_ms=0

W (45391) WIFI: Disconnected from AP, reason=201 (NO_AP_FOUND). Retrying connection...

[REDACTED SENSITIVE LINE]

I (46151) WAKE: Recording progress: context=i2s_timeout elapsed_ms=21420 samples=0 silence_ms=0

I (47171) WAKE: Recording progress: context=i2s_timeout elapsed_ms=22440 samples=0 silence_ms=0

W (47811) WIFI: Disconnected from AP, reason=201 (NO_AP_FOUND). Retrying connection...

[REDACTED SENSITIVE LINE]

I (48191) WAKE: Recording progress: context=i2s_timeout elapsed_ms=23460 samples=0 silence_ms=0

I (49211) WAKE: Recording progress: context=i2s_timeout elapsed_ms=24480 samples=0 silence_ms=0

I (50231) WAKE: Recording progress: context=i2s_timeout elapsed_ms=25500 samples=0 silence_ms=0

W (50231) WIFI: Disconnected from AP, reason=201 (NO_AP_FOUND). Retrying connection...

[REDACTED SENSITIVE LINE]

I (51251) WAKE: Recording progress: context=i2s_timeout elapsed_ms=26520 samples=0 silence_ms=0

I (52271) WAKE: Recording progress: context=i2s_timeout elapsed_ms=27540 samples=0 silence_ms=0

W (52661) WIFI: Disconnected from AP, reason=201 (NO_AP_FOUND). Retrying connection...

[REDACTED SENSITIVE LINE]

I (53291) WAKE: Recording progress: context=i2s_timeout elapsed_ms=28560 samples=0 silence_ms=0

I (54311) WAKE: Recording progress: context=i2s_timeout elapsed_ms=29580 samples=0 silence_ms=0

W (55081) WIFI: Disconnected from AP, reason=201 (NO_AP_FOUND). Retrying connection...

[REDACTED SENSITIVE LINE]

I (55331) WAKE: Recording progress: context=i2s_timeout elapsed_ms=30600 samples=0 silence_ms=0

I (56351) WAKE: Recording progress: context=i2s_timeout elapsed_ms=31620 samples=0 silence_ms=0

I (57371) WAKE: Recording progress: context=i2s_timeout elapsed_ms=32640 samples=0 silence_ms=0

W (57501) WIFI: Disconnected from AP, reason=201 (NO_AP_FOUND). Retrying connection...

[REDACTED SENSITIVE LINE]

I (58391) WAKE: Recording progress: context=i2s_timeout elapsed_ms=33660 samples=0 silence_ms=0

I (59411) WAKE: Recording progress: context=i2s_timeout elapsed_ms=34680 samples=0 silence_ms=0

W (59921) WIFI: Disconnected from AP, reason=201 (NO_AP_FOUND). Retrying connection...

[REDACTED SENSITIVE LINE]

I (60431) WAKE: Recording progress: context=i2s_timeout elapsed_ms=35700 samples=0 silence_ms=0

I (61451) WAKE: Recording progress: context=i2s_timeout elapsed_ms=36720 samples=0 silence_ms=0

W (62341) WIFI: Disconnected from AP, reason=201 (NO_AP_FOUND). Retrying connection...

[REDACTED SENSITIVE LINE]

I (62471) WAKE: Recording progress: context=i2s_timeout elapsed_ms=37740 samples=0 silence_ms=0

I (63491) WAKE: Recording progress: context=i2s_timeout elapsed_ms=38760 samples=0 silence_ms=0

I (64511) WAKE: Recording progress: context=i2s_timeout elapsed_ms=39780 samples=0 silence_ms=0

W (64771) WIFI: Disconnected from AP, reason=201 (NO_AP_FOUND). Retrying connection...

[REDACTED SENSITIVE LINE]

I (65531) WAKE: Recording progress: context=i2s_timeout elapsed_ms=40800 samples=0 silence_ms=0

I (66551) WAKE: Recording progress: context=i2s_timeout elapsed_ms=41820 samples=0 silence_ms=0

W (67191) WIFI: Disconnected from AP, reason=201 (NO_AP_FOUND). Retrying connection...

[REDACTED SENSITIVE LINE]

I (67571) WAKE: Recording progress: context=i2s_timeout elapsed_ms=42840 samples=0 silence_ms=0

I (68591) WAKE: Recording progress: context=i2s_timeout elapsed_ms=43860 samples=0 silence_ms=0

W (69611) WIFI: Disconnected from AP, reason=201 (NO_AP_FOUND). Retrying connection...

I (69611) WAKE: Recording progress: context=i2s_timeout elapsed_ms=44880 samples=0 silence_ms=0

[REDACTED SENSITIVE LINE]

I (70631) WAKE: Recording progress: context=i2s_timeout elapsed_ms=45900 samples=0 silence_ms=0

I (71651) WAKE: Recording progress: context=i2s_timeout elapsed_ms=46920 samples=0 silence_ms=0

W (72041) WIFI: Disconnected from AP, reason=201 (NO_AP_FOUND). Retrying connection...

[REDACTED SENSITIVE LINE]

I (72671) WAKE: Recording progress: context=i2s_timeout elapsed_ms=47940 samples=0 silence_ms=0

I (73691) WAKE: Recording progress: context=i2s_timeout elapsed_ms=48960 samples=0 silence_ms=0

W (74461) WIFI: Disconnected from AP, reason=201 (NO_AP_FOUND). Retrying connection...

[REDACTED SENSITIVE LINE]

I (74711) WAKE: Recording progress: context=i2s_timeout elapsed_ms=49980 samples=0 silence_ms=0

I (75731) WAKE: Recording progress: context=i2s_timeout elapsed_ms=51000 samples=0 silence_ms=0

I (76751) WAKE: Recording progress: context=i2s_timeout elapsed_ms=52020 samples=0 silence_ms=0

W (76881) WIFI: Disconnected from AP, reason=201 (NO_AP_FOUND). Retrying connection...

[REDACTED SENSITIVE LINE]

I (77771) WAKE: Recording progress: context=i2s_timeout elapsed_ms=53040 samples=0 silence_ms=0

I (78791) WAKE: Recording progress: context=i2s_timeout elapsed_ms=54060 samples=0 silence_ms=0

W (79301) WIFI: Disconnected from AP, reason=201 (NO_AP_FOUND). Retrying connection...

[REDACTED SENSITIVE LINE]

I (79811) WAKE: Recording progress: context=i2s_timeout elapsed_ms=55080 samples=0 silence_ms=0

I (80831) WAKE: Recording progress: context=i2s_timeout elapsed_ms=56100 samples=0 silence_ms=0

W (81721) WIFI: Disconnected from AP, reason=201 (NO_AP_FOUND). Retrying connection...

[REDACTED SENSITIVE LINE]

I (81851) WAKE: Recording progress: context=i2s_timeout elapsed_ms=57120 samples=0 silence_ms=0

I (82871) WAKE: Recording progress: context=i2s_timeout elapsed_ms=58140 samples=0 silence_ms=0

I (83891) WAKE: Recording progress: context=i2s_timeout elapsed_ms=59160 samples=0 silence_ms=0

W (84141) WIFI: Disconnected from AP, reason=201 (NO_AP_FOUND). Retrying connection...

[REDACTED SENSITIVE LINE]

E (84731) WAKE: Recording failed: reason=max_duration samples=0

W (84781) STATE: Recording not uploadable: status=3; upload skipped

I (84781) STATE: State changed to 0

I (84781) DISPLAY: display_face()

I (86291) DISPLAY: Face : 0

W (86561) WIFI: Disconnected from AP, reason=201 (NO_AP_FOUND). Retrying connection...

[REDACTED SENSITIVE LINE]

W (88981) WIFI: Disconnected from AP, reason=201 (NO_AP_FOUND). Retrying connection...

[REDACTED SENSITIVE LINE]

W (91411) WIFI: Disconnected from AP, reason=201 (NO_AP_FOUND). Retrying connection...

[REDACTED SENSITIVE LINE]

W (93831) WIFI: Disconnected from AP, reason=201 (NO_AP_FOUND). Retrying connection...

[REDACTED SENSITIVE LINE]

W (96251) WIFI: Disconnected from AP, reason=201 (NO_AP_FOUND). Retrying connection...

[REDACTED SENSITIVE LINE]

W (98671) WIFI: Disconnected from AP, reason=201 (NO_AP_FOUND). Retrying connection...

[REDACTED SENSITIVE LINE]

W (101091) WIFI: Disconnected from AP, reason=201 (NO_AP_FOUND). Retrying connection...

[REDACTED SENSITIVE LINE]

W (103511) WIFI: Disconnected from AP, reason=201 (NO_AP_FOUND). Retrying connection...

[REDACTED SENSITIVE LINE]

W (105931) WIFI: Disconnected from AP, reason=201 (NO_AP_FOUND). Retrying connection...

[REDACTED SENSITIVE LINE]

W (108351) WIFI: Disconnected from AP, reason=201 (NO_AP_FOUND). Retrying connection...

[REDACTED SENSITIVE LINE]

W (110771) WIFI: Disconnected from AP, reason=201 (NO_AP_FOUND). Retrying connection...

[REDACTED SENSITIVE LINE]

W (113191) WIFI: Disconnected from AP, reason=201 (NO_AP_FOUND). Retrying connection...

[REDACTED SENSITIVE LINE]

W (115611) WIFI: Disconnected from AP, reason=201 (NO_AP_FOUND). Retrying connection...

[REDACTED SENSITIVE LINE]

W (118031) WIFI: Disconnected from AP, reason=201 (NO_AP_FOUND). Retrying connection...

[REDACTED SENSITIVE LINE]

W (120451) WIFI: Disconnected from AP, reason=201 (NO_AP_FOUND). Retrying connection...

[REDACTED SENSITIVE LINE]

W (122881) WIFI: Disconnected from AP, reason=201 (NO_AP_FOUND). Retrying connection...

[REDACTED SENSITIVE LINE]

I (124241) NETWORK: NETWORK_TIME_SYNCED_BIT cleared before=0x0 after=0x0

W (124241) WIFI: Lost IP address

W (125301) WIFI: Disconnected from AP, reason=201 (NO_AP_FOUND). Retrying connection...

[REDACTED SENSITIVE LINE]

W (127721) WIFI: Disconnected from AP, reason=201 (NO_AP_FOUND). Retrying connection...

[REDACTED SENSITIVE LINE]

W (130141) WIFI: Disconnected from AP, reason=201 (NO_AP_FOUND). Retrying connection...

[REDACTED SENSITIVE LINE]

W (132561) WIFI: Disconnected from AP, reason=201 (NO_AP_FOUND). Retrying connection...

[REDACTED SENSITIVE LINE]

W (134981) WIFI: Disconnected from AP, reason=201 (NO_AP_FOUND). Retrying connection...

[REDACTED SENSITIVE LINE]

W (137401) WIFI: Disconnected from AP, reason=201 (NO_AP_FOUND). Retrying connection...

[REDACTED SENSITIVE LINE]

W (139821) WIFI: Disconnected from AP, reason=201 (NO_AP_FOUND). Retrying connection...

[REDACTED SENSITIVE LINE]

W (142241) WIFI: Disconnected from AP, reason=201 (NO_AP_FOUND). Retrying connection...

[REDACTED SENSITIVE LINE]

W (144661) WIFI: Disconnected from AP, reason=201 (NO_AP_FOUND). Retrying connection...

[REDACTED SENSITIVE LINE]

W (147081) WIFI: Disconnected from AP, reason=201 (NO_AP_FOUND). Retrying connection...

[REDACTED SENSITIVE LINE]

W (149501) WIFI: Disconnected from AP, reason=201 (NO_AP_FOUND). Retrying connection...

[REDACTED SENSITIVE LINE]

W (151931) WIFI: Disconnected from AP, reason=201 (NO_AP_FOUND). Retrying connection...

[REDACTED SENSITIVE LINE]

W (154351) WIFI: Disconnected from AP, reason=201 (NO_AP_FOUND). Retrying connection...

[REDACTED SENSITIVE LINE]

W (156771) WIFI: Disconnected from AP, reason=201 (NO_AP_FOUND). Retrying connection...

[REDACTED SENSITIVE LINE]

W (159191) WIFI: Disconnected from AP, reason=201 (NO_AP_FOUND). Retrying connection...

[REDACTED SENSITIVE LINE]

W (161611) WIFI: Disconnected from AP, reason=201 (NO_AP_FOUND). Retrying connection...

[REDACTED SENSITIVE LINE]

W (164031) WIFI: Disconnected from AP, reason=201 (NO_AP_FOUND). Retrying connection...

[REDACTED SENSITIVE LINE]

W (166451) WIFI: Disconnected from AP, reason=201 (NO_AP_FOUND). Retrying connection...

[REDACTED SENSITIVE LINE]

W (168871) WIFI: Disconnected from AP, reason=201 (NO_AP_FOUND). Retrying connection...

[REDACTED SENSITIVE LINE]

W (171291) WIFI: Disconnected from AP, reason=201 (NO_AP_FOUND). Retrying connection...

[REDACTED SENSITIVE LINE]

W (173711) WIFI: Disconnected from AP, reason=201 (NO_AP_FOUND). Retrying connection...

[REDACTED SENSITIVE LINE]

W (176131) WIFI: Disconnected from AP, reason=201 (NO_AP_FOUND). Retrying connection...

[REDACTED SENSITIVE LINE]

W (178551) WIFI: Disconnected from AP, reason=201 (NO_AP_FOUND). Retrying connection...

[REDACTED SENSITIVE LINE]

W (180981) WIFI: Disconnected from AP, reason=201 (NO_AP_FOUND). Retrying connection...

[REDACTED SENSITIVE LINE]

W (183401) WIFI: Disconnected from AP, reason=201 (NO_AP_FOUND). Retrying connection...

[REDACTED SENSITIVE LINE]

W (185821) WIFI: Disconnected from AP, reason=201 (NO_AP_FOUND). Retrying connection...

[REDACTED SENSITIVE LINE]

W (188241) WIFI: Disconnected from AP, reason=201 (NO_AP_FOUND). Retrying connection...

[REDACTED SENSITIVE LINE]

W (190661) WIFI: Disconnected from AP, reason=201 (NO_AP_FOUND). Retrying connection...

[REDACTED SENSITIVE LINE]

W (193081) WIFI: Disconnected from AP, reason=201 (NO_AP_FOUND). Retrying connection...

[REDACTED SENSITIVE LINE]

W (195501) WIFI: Disconnected from AP, reason=201 (NO_AP_FOUND). Retrying connection...

[REDACTED SENSITIVE LINE]

W (197921) WIFI: Disconnected from AP, reason=201 (NO_AP_FOUND). Retrying connection...

[REDACTED SENSITIVE LINE]

W (200341) WIFI: Disconnected from AP, reason=201 (NO_AP_FOUND). Retrying connection...

[REDACTED SENSITIVE LINE]

W (202761) WIFI: Disconnected from AP, reason=201 (NO_AP_FOUND). Retrying connection...

[REDACTED SENSITIVE LINE]

W (205181) WIFI: Disconnected from AP, reason=201 (NO_AP_FOUND). Retrying connection...

[REDACTED SENSITIVE LINE]

W (207601) WIFI: Disconnected from AP, reason=201 (NO_AP_FOUND). Retrying connection...

[REDACTED SENSITIVE LINE]

W (210031) WIFI: Disconnected from AP, reason=201 (NO_AP_FOUND). Retrying connection...

[REDACTED SENSITIVE LINE]

W (212451) WIFI: Disconnected from AP, reason=201 (NO_AP_FOUND). Retrying connection...

[REDACTED SENSITIVE LINE]

W (214871) WIFI: Disconnected from AP, reason=201 (NO_AP_FOUND). Retrying connection...

[REDACTED SENSITIVE LINE]

W (217291) WIFI: Disconnected from AP, reason=201 (NO_AP_FOUND). Retrying connection...

[REDACTED SENSITIVE LINE]

W (219711) WIFI: Disconnected from AP, reason=201 (NO_AP_FOUND). Retrying connection...

[REDACTED SENSITIVE LINE]

W (222131) WIFI: Disconnected from AP, reason=201 (NO_AP_FOUND). Retrying connection...

[REDACTED SENSITIVE LINE]

W (224551) WIFI: Disconnected from AP, reason=201 (NO_AP_FOUND). Retrying connection...

[REDACTED SENSITIVE LINE]

W (226971) WIFI: Disconnected from AP, reason=201 (NO_AP_FOUND). Retrying connection...

[REDACTED SENSITIVE LINE]

W (229391) WIFI: Disconnected from AP, reason=201 (NO_AP_FOUND). Retrying connection...

[REDACTED SENSITIVE LINE]

W (231811) WIFI: Disconnected from AP, reason=201 (NO_AP_FOUND). Retrying connection...

[REDACTED SENSITIVE LINE]

W (234231) WIFI: Disconnected from AP, reason=201 (NO_AP_FOUND). Retrying connection...

[REDACTED SENSITIVE LINE]

W (236651) WIFI: Disconnected from AP, reason=201 (NO_AP_FOUND). Retrying connection...

[REDACTED SENSITIVE LINE]

W (239071) WIFI: Disconnected from AP, reason=201 (NO_AP_FOUND). Retrying connection...

[REDACTED SENSITIVE LINE]

W (241501) WIFI: Disconnected from AP, reason=201 (NO_AP_FOUND). Retrying connection...

[REDACTED SENSITIVE LINE]

W (243921) WIFI: Disconnected from AP, reason=201 (NO_AP_FOUND). Retrying connection...

[REDACTED SENSITIVE LINE]

I (245301) NETWORK: NETWORK_TIME_SYNCED_BIT cleared before=0x0 after=0x0

W (245301) WIFI: Lost IP address

W (246341) WIFI: Disconnected from AP, reason=201 (NO_AP_FOUND). Retrying connection...

[REDACTED SENSITIVE LINE]

W (248761) WIFI: Disconnected from AP, reason=201 (NO_AP_FOUND). Retrying connection...

[REDACTED SENSITIVE LINE]

W (251181) WIFI: Disconnected from AP, reason=201 (NO_AP_FOUND). Retrying connection...

[REDACTED SENSITIVE LINE]

W (253601) WIFI: Disconnected from AP, reason=201 (NO_AP_FOUND). Retrying connection...

[REDACTED SENSITIVE LINE]

W (256021) WIFI: Disconnected from AP, reason=201 (NO_AP_FOUND). Retrying connection...

[REDACTED SENSITIVE LINE]

W (258441) WIFI: Disconnected from AP, reason=201 (NO_AP_FOUND). Retrying connection...

[REDACTED SENSITIVE LINE]

W (260861) WIFI: Disconnected from AP, reason=201 (NO_AP_FOUND). Retrying connection...

[REDACTED SENSITIVE LINE]

W (263281) WIFI: Disconnected from AP, reason=201 (NO_AP_FOUND). Retrying connection...

[REDACTED SENSITIVE LINE]

W (265701) WIFI: Disconnected from AP, reason=201 (NO_AP_FOUND). Retrying connection...

[REDACTED SENSITIVE LINE]

W (268121) WIFI: Disconnected from AP, reason=201 (NO_AP_FOUND). Retrying connection...

[REDACTED SENSITIVE LINE]

W (270551) WIFI: Disconnected from AP, reason=201 (NO_AP_FOUND). Retrying connection...

[REDACTED SENSITIVE LINE]

W (272971) WIFI: Disconnected from AP, reason=201 (NO_AP_FOUND). Retrying connection...

[REDACTED SENSITIVE LINE]

W (275391) WIFI: Disconnected from AP, reason=201 (NO_AP_FOUND). Retrying connection...

[REDACTED SENSITIVE LINE]

W (277811) WIFI: Disconnected from AP, reason=201 (NO_AP_FOUND). Retrying connection...

[REDACTED SENSITIVE LINE]

W (280231) WIFI: Disconnected from AP, reason=201 (NO_AP_FOUND). Retrying connection...

[REDACTED SENSITIVE LINE]

W (282651) WIFI: Disconnected from AP, reason=201 (NO_AP_FOUND). Retrying connection...

[REDACTED SENSITIVE LINE]

W (285071) WIFI: Disconnected from AP, reason=201 (NO_AP_FOUND). Retrying connection...

[REDACTED SENSITIVE LINE]

W (287491) WIFI: Disconnected from AP, reason=201 (NO_AP_FOUND). Retrying connection...

[REDACTED SENSITIVE LINE]

W (289911) WIFI: Disconnected from AP, reason=201 (NO_AP_FOUND). Retrying connection...

[REDACTED SENSITIVE LINE]

W (292331) WIFI: Disconnected from AP, reason=201 (NO_AP_FOUND). Retrying connection...

[REDACTED SENSITIVE LINE]

W (294751) WIFI: Disconnected from AP, reason=201 (NO_AP_FOUND). Retrying connection...

[REDACTED SENSITIVE LINE]

W (297171) WIFI: Disconnected from AP, reason=201 (NO_AP_FOUND). Retrying connection...

[REDACTED SENSITIVE LINE]

W (299591) WIFI: Disconnected from AP, reason=201 (NO_AP_FOUND). Retrying connection...

[REDACTED SENSITIVE LINE]

W (302021) WIFI: Disconnected from AP, reason=201 (NO_AP_FOUND). Retrying connection...

[REDACTED SENSITIVE LINE]

W (304441) WIFI: Disconnected from AP, reason=201 (NO_AP_FOUND). Retrying connection...

[REDACTED SENSITIVE LINE]

W (306861) WIFI: Disconnected from AP, reason=201 (NO_AP_FOUND). Retrying connection...

[REDACTED SENSITIVE LINE]

W (309281) WIFI: Disconnected from AP, reason=201 (NO_AP_FOUND). Retrying connection...

[REDACTED SENSITIVE LINE]

W (311701) WIFI: Disconnected from AP, reason=201 (NO_AP_FOUND). Retrying connection...

[REDACTED SENSITIVE LINE]

W (314121) WIFI: Disconnected from AP, reason=201 (NO_AP_FOUND). Retrying connection...

[REDACTED SENSITIVE LINE]

W (316541) WIFI: Disconnected from AP, reason=201 (NO_AP_FOUND). Retrying connection...

[REDACTED SENSITIVE LINE]

W (318961) WIFI: Disconnected from AP, reason=201 (NO_AP_FOUND). Retrying connection...

[REDACTED SENSITIVE LINE]

W (321381) WIFI: Disconnected from AP, reason=201 (NO_AP_FOUND). Retrying connection...

[REDACTED SENSITIVE LINE]

W (323801) WIFI: Disconnected from AP, reason=201 (NO_AP_FOUND). Retrying connection...

[REDACTED SENSITIVE LINE]

W (326221) WIFI: Disconnected from AP, reason=201 (NO_AP_FOUND). Retrying connection...

[REDACTED SENSITIVE LINE]

W (328641) WIFI: Disconnected from AP, reason=201 (NO_AP_FOUND). Retrying connection...

[REDACTED SENSITIVE LINE]

W (331071) WIFI: Disconnected from AP, reason=201 (NO_AP_FOUND). Retrying connection...

[REDACTED SENSITIVE LINE]

W (333491) WIFI: Disconnected from AP, reason=201 (NO_AP_FOUND). Retrying connection...

[REDACTED SENSITIVE LINE]

W (335911) WIFI: Disconnected from AP, reason=201 (NO_AP_FOUND). Retrying connection...

[REDACTED SENSITIVE LINE]

W (338331) WIFI: Disconnected from AP, reason=201 (NO_AP_FOUND). Retrying connection...

[REDACTED SENSITIVE LINE]

W (340751) WIFI: Disconnected from AP, reason=201 (NO_AP_FOUND). Retrying connection...

[REDACTED SENSITIVE LINE]

W (343171) WIFI: Disconnected from AP, reason=201 (NO_AP_FOUND). Retrying connection...

[REDACTED SENSITIVE LINE]

W (345591) WIFI: Disconnected from AP, reason=201 (NO_AP_FOUND). Retrying connection...

[REDACTED SENSITIVE LINE]

W (348011) WIFI: Disconnected from AP, reason=201 (NO_AP_FOUND). Retrying connection...

[REDACTED SENSITIVE LINE]

W (350431) WIFI: Disconnected from AP, reason=201 (NO_AP_FOUND). Retrying connection...

[REDACTED SENSITIVE LINE]

W (352851) WIFI: Disconnected from AP, reason=201 (NO_AP_FOUND). Retrying connection...

[REDACTED SENSITIVE LINE]

W (355271) WIFI: Disconnected from AP, reason=201 (NO_AP_FOUND). Retrying connection...

[REDACTED SENSITIVE LINE]

W (357691) WIFI: Disconnected from AP, reason=201 (NO_AP_FOUND). Retrying connection...

[REDACTED SENSITIVE LINE]

W (360121) WIFI: Disconnected from AP, reason=201 (NO_AP_FOUND). Retrying connection...

[REDACTED SENSITIVE LINE]

W (362541) WIFI: Disconnected from AP, reason=201 (NO_AP_FOUND). Retrying connection...

[REDACTED SENSITIVE LINE]

W (364961) WIFI: Disconnected from AP, reason=201 (NO_AP_FOUND). Retrying connection...

[REDACTED SENSITIVE LINE]

I (366341) NETWORK: NETWORK_TIME_SYNCED_BIT cleared before=0x0 after=0x0

W (366341) WIFI: Lost IP address

W (367381) WIFI: Disconnected from AP, reason=201 (NO_AP_FOUND). Retrying connection...

[REDACTED SENSITIVE LINE]

W (369801) WIFI: Disconnected from AP, reason=201 (NO_AP_FOUND). Retrying connection...

[REDACTED SENSITIVE LINE]

W (372221) WIFI: Disconnected from AP, reason=201 (NO_AP_FOUND). Retrying connection...

[REDACTED SENSITIVE LINE]

W (374641) WIFI: Disconnected from AP, reason=201 (NO_AP_FOUND). Retrying connection...

[REDACTED SENSITIVE LINE]

W (377061) WIFI: Disconnected from AP, reason=201 (NO_AP_FOUND). Retrying connection...

[REDACTED SENSITIVE LINE]

W (379481) WIFI: Disconnected from AP, reason=201 (NO_AP_FOUND). Retrying connection...

[REDACTED SENSITIVE LINE]

W (381901) WIFI: Disconnected from AP, reason=201 (NO_AP_FOUND). Retrying connection...

[REDACTED SENSITIVE LINE]

W (384321) WIFI: Disconnected from AP, reason=201 (NO_AP_FOUND). Retrying connection...

[REDACTED SENSITIVE LINE]

W (386741) WIFI: Disconnected from AP, reason=201 (NO_AP_FOUND). Retrying connection...

[REDACTED SENSITIVE LINE]

W (389171) WIFI: Disconnected from AP, reason=201 (NO_AP_FOUND). Retrying connection...

[REDACTED SENSITIVE LINE]

W (391591) WIFI: Disconnected from AP, reason=201 (NO_AP_FOUND). Retrying connection...

[REDACTED SENSITIVE LINE]

W (394011) WIFI: Disconnected from AP, reason=201 (NO_AP_FOUND). Retrying connection...

[REDACTED SENSITIVE LINE]

W (396431) WIFI: Disconnected from AP, reason=201 (NO_AP_FOUND). Retrying connection...

[REDACTED SENSITIVE LINE]

W (398851) WIFI: Disconnected from AP, reason=201 (NO_AP_FOUND). Retrying connection...

[REDACTED SENSITIVE LINE]

W (401271) WIFI: Disconnected from AP, reason=201 (NO_AP_FOUND). Retrying connection...

[REDACTED SENSITIVE LINE]

W (403691) WIFI: Disconnected from AP, reason=201 (NO_AP_FOUND). Retrying connection...

[REDACTED SENSITIVE LINE]

W (406111) WIFI: Disconnected from AP, reason=201 (NO_AP_FOUND). Retrying connection...

[REDACTED SENSITIVE LINE]

W (408531) WIFI: Disconnected from AP, reason=201 (NO_AP_FOUND). Retrying connection...

[REDACTED SENSITIVE LINE]

W (410951) WIFI: Disconnected from AP, reason=201 (NO_AP_FOUND). Retrying connection...

[REDACTED SENSITIVE LINE]

W (413371) WIFI: Disconnected from AP, reason=201 (NO_AP_FOUND). Retrying connection...

[REDACTED SENSITIVE LINE]

W (415791) WIFI: Disconnected from AP, reason=201 (NO_AP_FOUND). Retrying connection...

[REDACTED SENSITIVE LINE]

W (418221) WIFI: Disconnected from AP, reason=201 (NO_AP_FOUND). Retrying connection...

[REDACTED SENSITIVE LINE]

W (420641) WIFI: Disconnected from AP, reason=201 (NO_AP_FOUND). Retrying connection...

[REDACTED SENSITIVE LINE]

W (423061) WIFI: Disconnected from AP, reason=201 (NO_AP_FOUND). Retrying connection...

[REDACTED SENSITIVE LINE]

W (425481) WIFI: Disconnected from AP, reason=201 (NO_AP_FOUND). Retrying connection...

[REDACTED SENSITIVE LINE]

W (427901) WIFI: Disconnected from AP, reason=201 (NO_AP_FOUND). Retrying connection...

[REDACTED SENSITIVE LINE]

W (430321) WIFI: Disconnected from AP, reason=201 (NO_AP_FOUND). Retrying connection...

[REDACTED SENSITIVE LINE]

W (432741) WIFI: Disconnected from AP, reason=201 (NO_AP_FOUND). Retrying connection...

[REDACTED SENSITIVE LINE]

W (435161) WIFI: Disconnected from AP, reason=201 (NO_AP_FOUND). Retrying connection...

[REDACTED SENSITIVE LINE]

W (437581) WIFI: Disconnected from AP, reason=201 (NO_AP_FOUND). Retrying connection...

[REDACTED SENSITIVE LINE]

W (440001) WIFI: Disconnected from AP, reason=201 (NO_AP_FOUND). Retrying connection...

[REDACTED SENSITIVE LINE]

W (442421) WIFI: Disconnected from AP, reason=201 (NO_AP_FOUND). Retrying connection...

[REDACTED SENSITIVE LINE]

W (444841) WIFI: Disconnected from AP, reason=201 (NO_AP_FOUND). Retrying connection...

[REDACTED SENSITIVE LINE]

W (447261) WIFI: Disconnected from AP, reason=201 (NO_AP_FOUND). Retrying connection...

[REDACTED SENSITIVE LINE]

W (449691) WIFI: Disconnected from AP, reason=201 (NO_AP_FOUND). Retrying connection...

[REDACTED SENSITIVE LINE]

W (452111) WIFI: Disconnected from AP, reason=201 (NO_AP_FOUND). Retrying connection...

[REDACTED SENSITIVE LINE]

W (454531) WIFI: Disconnected from AP, reason=201 (NO_AP_FOUND). Retrying connection...

[REDACTED SENSITIVE LINE]

W (456951) WIFI: Disconnected from AP, reason=201 (NO_AP_FOUND). Retrying connection...

[REDACTED SENSITIVE LINE]

W (459371) WIFI: Disconnected from AP, reason=201 (NO_AP_FOUND). Retrying connection...

[REDACTED SENSITIVE LINE]

W (461791) WIFI: Disconnected from AP, reason=201 (NO_AP_FOUND). Retrying connection...

[REDACTED SENSITIVE LINE]

W (464211) WIFI: Disconnected from AP, reason=201 (NO_AP_FOUND). Retrying connection...

[REDACTED SENSITIVE LINE]

W (466631) WIFI: Disconnected from AP, reason=201 (NO_AP_FOUND). Retrying connection...

[REDACTED SENSITIVE LINE]

W (469051) WIFI: Disconnected from AP, reason=201 (NO_AP_FOUND). Retrying connection...

[REDACTED SENSITIVE LINE]

W (471471) WIFI: Disconnected from AP, reason=201 (NO_AP_FOUND). Retrying connection...

[REDACTED SENSITIVE LINE]

W (473891) WIFI: Disconnected from AP, reason=201 (NO_AP_FOUND). Retrying connection...

[REDACTED SENSITIVE LINE]

W (476311) WIFI: Disconnected from AP, reason=201 (NO_AP_FOUND). Retrying connection...

[REDACTED SENSITIVE LINE]

W (478731) WIFI: Disconnected from AP, reason=201 (NO_AP_FOUND). Retrying connection...

[REDACTED SENSITIVE LINE]

W (481161) WIFI: Disconnected from AP, reason=201 (NO_AP_FOUND). Retrying connection...

[REDACTED SENSITIVE LINE]

W (483581) WIFI: Disconnected from AP, reason=201 (NO_AP_FOUND). Retrying connection...

[REDACTED SENSITIVE LINE]

W (486001) WIFI: Disconnected from AP, reason=201 (NO_AP_FOUND). Retrying connection...

[REDACTED SENSITIVE LINE]

I (487381) NETWORK: NETWORK_TIME_SYNCED_BIT cleared before=0x0 after=0x0

W (487381) WIFI: Lost IP address

W (488421) WIFI: Disconnected from AP, reason=201 (NO_AP_FOUND). Retrying connection...

[REDACTED SENSITIVE LINE]

W (490841) WIFI: Disconnected from AP, reason=201 (NO_AP_FOUND). Retrying connection...

[REDACTED SENSITIVE LINE]

W (493261) WIFI: Disconnected from AP, reason=201 (NO_AP_FOUND). Retrying connection...

[REDACTED SENSITIVE LINE]

W (495681) WIFI: Disconnected from AP, reason=201 (NO_AP_FOUND). Retrying connection...

[REDACTED SENSITIVE LINE]

W (498101) WIFI: Disconnected from AP, reason=201 (NO_AP_FOUND). Retrying connection...

[REDACTED SENSITIVE LINE]

W (500521) WIFI: Disconnected from AP, reason=201 (NO_AP_FOUND). Retrying connection...

[REDACTED SENSITIVE LINE]

W (502941) WIFI: Disconnected from AP, reason=201 (NO_AP_FOUND). Retrying connection...

[REDACTED SENSITIVE LINE]

W (505361) WIFI: Disconnected from AP, reason=201 (NO_AP_FOUND). Retrying connection...

[REDACTED SENSITIVE LINE]

W (507781) WIFI: Disconnected from AP, reason=201 (NO_AP_FOUND). Retrying connection...

[REDACTED SENSITIVE LINE]

W (510211) WIFI: Disconnected from AP, reason=201 (NO_AP_FOUND). Retrying connection...

[REDACTED SENSITIVE LINE]

W (512631) WIFI: Disconnected from AP, reason=201 (NO_AP_FOUND). Retrying connection...

[REDACTED SENSITIVE LINE]

W (515051) WIFI: Disconnected from AP, reason=201 (NO_AP_FOUND). Retrying connection...

[REDACTED SENSITIVE LINE]

W (517471) WIFI: Disconnected from AP, reason=201 (NO_AP_FOUND). Retrying connection...

[REDACTED SENSITIVE LINE]

W (519891) WIFI: Disconnected from AP, reason=201 (NO_AP_FOUND). Retrying connection...

[REDACTED SENSITIVE LINE]

W (522311) WIFI: Disconnected from AP, reason=201 (NO_AP_FOUND). Retrying connection...

[REDACTED SENSITIVE LINE]

W (524731) WIFI: Disconnected from AP, reason=201 (NO_AP_FOUND). Retrying connection...

[REDACTED SENSITIVE LINE]

W (527151) WIFI: Disconnected from AP, reason=201 (NO_AP_FOUND). Retrying connection...

[REDACTED SENSITIVE LINE]

W (529571) WIFI: Disconnected from AP, reason=201 (NO_AP_FOUND). Retrying connection...

[REDACTED SENSITIVE LINE]

W (531991) WIFI: Disconnected from AP, reason=201 (NO_AP_FOUND). Retrying connection...

[REDACTED SENSITIVE LINE]

W (534411) WIFI: Disconnected from AP, reason=201 (NO_AP_FOUND). Retrying connection...

[REDACTED SENSITIVE LINE]

W (536831) WIFI: Disconnected from AP, reason=201 (NO_AP_FOUND). Retrying connection...

[REDACTED SENSITIVE LINE]

W (539261) WIFI: Disconnected from AP, reason=201 (NO_AP_FOUND). Retrying connection...

[REDACTED SENSITIVE LINE]

W (541681) WIFI: Disconnected from AP, reason=201 (NO_AP_FOUND). Retrying connection...

[REDACTED SENSITIVE LINE]

W (544101) WIFI: Disconnected from AP, reason=201 (NO_AP_FOUND). Retrying connection...

[REDACTED SENSITIVE LINE]

W (546521) WIFI: Disconnected from AP, reason=201 (NO_AP_FOUND). Retrying connection...

[REDACTED SENSITIVE LINE]

W (548941) WIFI: Disconnected from AP, reason=201 (NO_AP_FOUND). Retrying connection...

[REDACTED SENSITIVE LINE]

W (551361) WIFI: Disconnected from AP, reason=201 (NO_AP_FOUND). Retrying connection...

[REDACTED SENSITIVE LINE]

W (553781) WIFI: Disconnected from AP, reason=201 (NO_AP_FOUND). Retrying connection...

[REDACTED SENSITIVE LINE]

W (556201) WIFI: Disconnected from AP, reason=201 (NO_AP_FOUND). Retrying connection...

[REDACTED SENSITIVE LINE]

W (558621) WIFI: Disconnected from AP, reason=201 (NO_AP_FOUND). Retrying connection...

[REDACTED SENSITIVE LINE]

W (561041) WIFI: Disconnected from AP, reason=201 (NO_AP_FOUND). Retrying connection...

[REDACTED SENSITIVE LINE]

W (563461) WIFI: Disconnected from AP, reason=201 (NO_AP_FOUND). Retrying connection...

[REDACTED SENSITIVE LINE]

W (565881) WIFI: Disconnected from AP, reason=201 (NO_AP_FOUND). Retrying connection...

[REDACTED SENSITIVE LINE]

W (568311) WIFI: Disconnected from AP, reason=201 (NO_AP_FOUND). Retrying connection...

[REDACTED SENSITIVE LINE]

W (570731) WIFI: Disconnected from AP, reason=201 (NO_AP_FOUND). Retrying connection...

[REDACTED SENSITIVE LINE]

W (573151) WIFI: Disconnected from AP, reason=201 (NO_AP_FOUND). Retrying connection...

[REDACTED SENSITIVE LINE]

W (575571) WIFI: Disconnected from AP, reason=201 (NO_AP_FOUND). Retrying connection...

[REDACTED SENSITIVE LINE]

W (577991) WIFI: Disconnected from AP, reason=201 (NO_AP_FOUND). Retrying connection...

[REDACTED SENSITIVE LINE]

W (580411) WIFI: Disconnected from AP, reason=201 (NO_AP_FOUND). Retrying connection...

[REDACTED SENSITIVE LINE]

W (582831) WIFI: Disconnected from AP, reason=201 (NO_AP_FOUND). Retrying connection...

[REDACTED SENSITIVE LINE]

W (585251) WIFI: Disconnected from AP, reason=201 (NO_AP_FOUND). Retrying connection...

[REDACTED SENSITIVE LINE]

W (587671) WIFI: Disconnected from AP, reason=201 (NO_AP_FOUND). Retrying connection...

[REDACTED SENSITIVE LINE]

W (590091) WIFI: Disconnected from AP, reason=201 (NO_AP_FOUND). Retrying connection...

[REDACTED SENSITIVE LINE]

W (592511) WIFI: Disconnected from AP, reason=201 (NO_AP_FOUND). Retrying connection...

[REDACTED SENSITIVE LINE]

W (594931) WIFI: Disconnected from AP, reason=201 (NO_AP_FOUND). Retrying connection...

[REDACTED SENSITIVE LINE]

W (597361) WIFI: Disconnected from AP, reason=201 (NO_AP_FOUND). Retrying connection...

[REDACTED SENSITIVE LINE]

W (599781) WIFI: Disconnected from AP, reason=201 (NO_AP_FOUND). Retrying connection...

[REDACTED SENSITIVE LINE]

W (602201) WIFI: Disconnected from AP, reason=201 (NO_AP_FOUND). Retrying connection...

[REDACTED SENSITIVE LINE]

W (604621) WIFI: Disconnected from AP, reason=201 (NO_AP_FOUND). Retrying connection...

[REDACTED SENSITIVE LINE]

W (607041) WIFI: Disconnected from AP, reason=201 (NO_AP_FOUND). Retrying connection...

[REDACTED SENSITIVE LINE]

I (608421) NETWORK: NETWORK_TIME_SYNCED_BIT cleared before=0x0 after=0x0

W (608421) WIFI: Lost IP address

W (609461) WIFI: Disconnected from AP, reason=201 (NO_AP_FOUND). Retrying connection...

[REDACTED SENSITIVE LINE]

W (611881) WIFI: Disconnected from AP, reason=201 (NO_AP_FOUND). Retrying connection...

[REDACTED SENSITIVE LINE]

W (614301) WIFI: Disconnected from AP, reason=201 (NO_AP_FOUND). Retrying connection...

[REDACTED SENSITIVE LINE]

W (616721) WIFI: Disconnected from AP, reason=201 (NO_AP_FOUND). Retrying connection...

[REDACTED SENSITIVE LINE]

W (619141) WIFI: Disconnected from AP, reason=201 (NO_AP_FOUND). Retrying connection...

[REDACTED SENSITIVE LINE]

W (621561) WIFI: Disconnected from AP, reason=201 (NO_AP_FOUND). Retrying connection...

[REDACTED SENSITIVE LINE]

W (623991) WIFI: Disconnected from AP, reason=201 (NO_AP_FOUND). Retrying connection...

[REDACTED SENSITIVE LINE]

W (626411) WIFI: Disconnected from AP, reason=201 (NO_AP_FOUND). Retrying connection...

[REDACTED SENSITIVE LINE]

W (628831) WIFI: Disconnected from AP, reason=201 (NO_AP_FOUND). Retrying connection...

[REDACTED SENSITIVE LINE]

W (631251) WIFI: Disconnected from AP, reason=201 (NO_AP_FOUND). Retrying connection...

[REDACTED SENSITIVE LINE]

W (633671) WIFI: Disconnected from AP, reason=201 (NO_AP_FOUND). Retrying connection...

[REDACTED SENSITIVE LINE]

W (636091) WIFI: Disconnected from AP, reason=201 (NO_AP_FOUND). Retrying connection...

[REDACTED SENSITIVE LINE]

W (638511) WIFI: Disconnected from AP, reason=201 (NO_AP_FOUND). Retrying connection...

[REDACTED SENSITIVE LINE]

W (640931) WIFI: Disconnected from AP, reason=201 (NO_AP_FOUND). Retrying connection...

[REDACTED SENSITIVE LINE]

W (643351) WIFI: Disconnected from AP, reason=201 (NO_AP_FOUND). Retrying connection...

[REDACTED SENSITIVE LINE]

W (645771) WIFI: Disconnected from AP, reason=201 (NO_AP_FOUND). Retrying connection...

[REDACTED SENSITIVE LINE]

W (648191) WIFI: Disconnected from AP, reason=201 (NO_AP_FOUND). Retrying connection...

[REDACTED SENSITIVE LINE]

W (650611) WIFI: Disconnected from AP, reason=201 (NO_AP_FOUND). Retrying connection...

[REDACTED SENSITIVE LINE]

W (653031) WIFI: Disconnected from AP, reason=201 (NO_AP_FOUND). Retrying connection...

[REDACTED SENSITIVE LINE]

W (655461) WIFI: Disconnected from AP, reason=201 (NO_AP_FOUND). Retrying connection...

[REDACTED SENSITIVE LINE]

W (657881) WIFI: Disconnected from AP, reason=201 (NO_AP_FOUND). Retrying connection...

[REDACTED SENSITIVE LINE]

W (660301) WIFI: Disconnected from AP, reason=201 (NO_AP_FOUND). Retrying connection...

[REDACTED SENSITIVE LINE]

W (662721) WIFI: Disconnected from AP, reason=201 (NO_AP_FOUND). Retrying connection...

[REDACTED SENSITIVE LINE]

W (665141) WIFI: Disconnected from AP, reason=201 (NO_AP_FOUND). Retrying connection...

[REDACTED SENSITIVE LINE]

W (667561) WIFI: Disconnected from AP, reason=201 (NO_AP_FOUND). Retrying connection...

[REDACTED SENSITIVE LINE]

W (669981) WIFI: Disconnected from AP, reason=201 (NO_AP_FOUND). Retrying connection...

[REDACTED SENSITIVE LINE]

W (672401) WIFI: Disconnected from AP, reason=201 (NO_AP_FOUND). Retrying connection...

[REDACTED SENSITIVE LINE]

W (674821) WIFI: Disconnected from AP, reason=201 (NO_AP_FOUND). Retrying connection...

[REDACTED SENSITIVE LINE]

W (677241) WIFI: Disconnected from AP, reason=201 (NO_AP_FOUND). Retrying connection...

[REDACTED SENSITIVE LINE]

W (679661) WIFI: Disconnected from AP, reason=201 (NO_AP_FOUND). Retrying connection...

[REDACTED SENSITIVE LINE]

W (682091) WIFI: Disconnected from AP, reason=201 (NO_AP_FOUND). Retrying connection...

[REDACTED SENSITIVE LINE]

W (684511) WIFI: Disconnected from AP, reason=201 (NO_AP_FOUND). Retrying connection...

[REDACTED SENSITIVE LINE]

W (686931) WIFI: Disconnected from AP, reason=201 (NO_AP_FOUND). Retrying connection...

[REDACTED SENSITIVE LINE]

W (689351) WIFI: Disconnected from AP, reason=201 (NO_AP_FOUND). Retrying connection...

[REDACTED SENSITIVE LINE]

W (691771) WIFI: Disconnected from AP, reason=201 (NO_AP_FOUND). Retrying connection...

[REDACTED SENSITIVE LINE]

W (694191) WIFI: Disconnected from AP, reason=201 (NO_AP_FOUND). Retrying connection...

[REDACTED SENSITIVE LINE]

W (696611) WIFI: Disconnected from AP, reason=201 (NO_AP_FOUND). Retrying connection...

[REDACTED SENSITIVE LINE]

W (699031) WIFI: Disconnected from AP, reason=201 (NO_AP_FOUND). Retrying connection...

[REDACTED SENSITIVE LINE]

W (701451) WIFI: Disconnected from AP, reason=201 (NO_AP_FOUND). Retrying connection...

[REDACTED SENSITIVE LINE]

W (703871) WIFI: Disconnected from AP, reason=201 (NO_AP_FOUND). Retrying connection...

[REDACTED SENSITIVE LINE]

W (706291) WIFI: Disconnected from AP, reason=201 (NO_AP_FOUND). Retrying connection...

[REDACTED SENSITIVE LINE]

W (708711) WIFI: Disconnected from AP, reason=201 (NO_AP_FOUND). Retrying connection...

[REDACTED SENSITIVE LINE]

W (711141) WIFI: Disconnected from AP, reason=201 (NO_AP_FOUND). Retrying connection...

[REDACTED SENSITIVE LINE]

W (713561) WIFI: Disconnected from AP, reason=201 (NO_AP_FOUND). Retrying connection...

[REDACTED SENSITIVE LINE]

W (715981) WIFI: Disconnected from AP, reason=201 (NO_AP_FOUND). Retrying connection...

[REDACTED SENSITIVE LINE]

W (718401) WIFI: Disconnected from AP, reason=201 (NO_AP_FOUND). Retrying connection...

[REDACTED SENSITIVE LINE]

W (720821) WIFI: Disconnected from AP, reason=201 (NO_AP_FOUND). Retrying connection...

[REDACTED SENSITIVE LINE]

W (723241) WIFI: Disconnected from AP, reason=201 (NO_AP_FOUND). Retrying connection...

[REDACTED SENSITIVE LINE]

W (725661) WIFI: Disconnected from AP, reason=201 (NO_AP_FOUND). Retrying connection...

[REDACTED SENSITIVE LINE]

W (728081) WIFI: Disconnected from AP, reason=201 (NO_AP_FOUND). Retrying connection...

[REDACTED SENSITIVE LINE]

I (729461) NETWORK: NETWORK_TIME_SYNCED_BIT cleared before=0x0 after=0x0

W (729461) WIFI: Lost IP address

W (730501) WIFI: Disconnected from AP, reason=201 (NO_AP_FOUND). Retrying connection...

[REDACTED SENSITIVE LINE]

W (732921) WIFI: Disconnected from AP, reason=201 (NO_AP_FOUND). Retrying connection...

[REDACTED SENSITIVE LINE]

W (735341) WIFI: Disconnected from AP, reason=201 (NO_AP_FOUND). Retrying connection...

[REDACTED SENSITIVE LINE]

W (737771) WIFI: Disconnected from AP, reason=201 (NO_AP_FOUND). Retrying connection...

[REDACTED SENSITIVE LINE]

W (740191) WIFI: Disconnected from AP, reason=201 (NO_AP_FOUND). Retrying connection...

[REDACTED SENSITIVE LINE]

W (742611) WIFI: Disconnected from AP, reason=201 (NO_AP_FOUND). Retrying connection...

[REDACTED SENSITIVE LINE]

W (745031) WIFI: Disconnected from AP, reason=201 (NO_AP_FOUND). Retrying connection...

[REDACTED SENSITIVE LINE]

W (747451) WIFI: Disconnected from AP, reason=201 (NO_AP_FOUND). Retrying connection...

[REDACTED SENSITIVE LINE]

W (749871) WIFI: Disconnected from AP, reason=201 (NO_AP_FOUND). Retrying connection...

[REDACTED SENSITIVE LINE]

W (752291) WIFI: Disconnected from AP, reason=201 (NO_AP_FOUND). Retrying connection...

[REDACTED SENSITIVE LINE]

W (754711) WIFI: Disconnected from AP, reason=201 (NO_AP_FOUND). Retrying connection...

[REDACTED SENSITIVE LINE]

W (757131) WIFI: Disconnected from AP, reason=201 (NO_AP_FOUND). Retrying connection...

[REDACTED SENSITIVE LINE]

W (759551) WIFI: Disconnected from AP, reason=201 (NO_AP_FOUND). Retrying connection...

[REDACTED SENSITIVE LINE]

W (761971) WIFI: Disconnected from AP, reason=201 (NO_AP_FOUND). Retrying connection...

[REDACTED SENSITIVE LINE]

W (764401) WIFI: Disconnected from AP, reason=201 (NO_AP_FOUND). Retrying connection...

[REDACTED SENSITIVE LINE]

W (766821) WIFI: Disconnected from AP, reason=201 (NO_AP_FOUND). Retrying connection...

[REDACTED SENSITIVE LINE]

W (769241) WIFI: Disconnected from AP, reason=201 (NO_AP_FOUND). Retrying connection...

[REDACTED SENSITIVE LINE]

W (771661) WIFI: Disconnected from AP, reason=201 (NO_AP_FOUND). Retrying connection...

[REDACTED SENSITIVE LINE]

W (774081) WIFI: Disconnected from AP, reason=201 (NO_AP_FOUND). Retrying connection...

[REDACTED SENSITIVE LINE]

W (776501) WIFI: Disconnected from AP, reason=201 (NO_AP_FOUND). Retrying connection...

[REDACTED SENSITIVE LINE]

W (778921) WIFI: Disconnected from AP, reason=201 (NO_AP_FOUND). Retrying connection...

[REDACTED SENSITIVE LINE]

W (781341) WIFI: Disconnected from AP, reason=201 (NO_AP_FOUND). Retrying connection...

[REDACTED SENSITIVE LINE]

W (783761) WIFI: Disconnected from AP, reason=201 (NO_AP_FOUND). Retrying connection...

[REDACTED SENSITIVE LINE]

W (786181) WIFI: Disconnected from AP, reason=201 (NO_AP_FOUND). Retrying connection...

[REDACTED SENSITIVE LINE]

W (788601) WIFI: Disconnected from AP, reason=201 (NO_AP_FOUND). Retrying connection...

[REDACTED SENSITIVE LINE]

W (791021) WIFI: Disconnected from AP, reason=201 (NO_AP_FOUND). Retrying connection...

[REDACTED SENSITIVE LINE]

W (793451) WIFI: Disconnected from AP, reason=201 (NO_AP_FOUND). Retrying connection...

[REDACTED SENSITIVE LINE]

W (795871) WIFI: Disconnected from AP, reason=201 (NO_AP_FOUND). Retrying connection...

[REDACTED SENSITIVE LINE]

W (798291) WIFI: Disconnected from AP, reason=201 (NO_AP_FOUND). Retrying connection...

[REDACTED SENSITIVE LINE]

W (800711) WIFI: Disconnected from AP, reason=201 (NO_AP_FOUND). Retrying connection...

[REDACTED SENSITIVE LINE]

W (803131) WIFI: Disconnected from AP, reason=201 (NO_AP_FOUND). Retrying connection...

[REDACTED SENSITIVE LINE]

W (805551) WIFI: Disconnected from AP, reason=201 (NO_AP_FOUND). Retrying connection...

[REDACTED SENSITIVE LINE]

W (807971) WIFI: Disconnected from AP, reason=201 (NO_AP_FOUND). Retrying connection...

[REDACTED SENSITIVE LINE]

W (810391) WIFI: Disconnected from AP, reason=201 (NO_AP_FOUND). Retrying connection...

[REDACTED SENSITIVE LINE]

W (812811) WIFI: Disconnected from AP, reason=201 (NO_AP_FOUND). Retrying connection...

[REDACTED SENSITIVE LINE]

W (815231) WIFI: Disconnected from AP, reason=201 (NO_AP_FOUND). Retrying connection...

[REDACTED SENSITIVE LINE]

W (817651) WIFI: Disconnected from AP, reason=201 (NO_AP_FOUND). Retrying connection...

[REDACTED SENSITIVE LINE]

W (820071) WIFI: Disconnected from AP, reason=201 (NO_AP_FOUND). Retrying connection...

[REDACTED SENSITIVE LINE]

W (822501) WIFI: Disconnected from AP, reason=201 (NO_AP_FOUND). Retrying connection...

[REDACTED SENSITIVE LINE]

W (824921) WIFI: Disconnected from AP, reason=201 (NO_AP_FOUND). Retrying connection...

[REDACTED SENSITIVE LINE]

W (827341) WIFI: Disconnected from AP, reason=201 (NO_AP_FOUND). Retrying connection...

[REDACTED SENSITIVE LINE]

W (829761) WIFI: Disconnected from AP, reason=201 (NO_AP_FOUND). Retrying connection...

[REDACTED SENSITIVE LINE]

W (832181) WIFI: Disconnected from AP, reason=201 (NO_AP_FOUND). Retrying connection...

[REDACTED SENSITIVE LINE]

W (834601) WIFI: Disconnected from AP, reason=201 (NO_AP_FOUND). Retrying connection...

[REDACTED SENSITIVE LINE]

W (837021) WIFI: Disconnected from AP, reason=201 (NO_AP_FOUND). Retrying connection...

[REDACTED SENSITIVE LINE]

W (839441) WIFI: Disconnected from AP, reason=201 (NO_AP_FOUND). Retrying connection...

[REDACTED SENSITIVE LINE]

W (841861) WIFI: Disconnected from AP, reason=201 (NO_AP_FOUND). Retrying connection...

[REDACTED SENSITIVE LINE]

W (844281) WIFI: Disconnected from AP, reason=201 (NO_AP_FOUND). Retrying connection...

[REDACTED SENSITIVE LINE]

W (846701) WIFI: Disconnected from AP, reason=201 (NO_AP_FOUND). Retrying connection...

[REDACTED SENSITIVE LINE]

W (849131) WIFI: Disconnected from AP, reason=201 (NO_AP_FOUND). Retrying connection...

[REDACTED SENSITIVE LINE]

I (850501) NETWORK: NETWORK_TIME_SYNCED_BIT cleared before=0x0 after=0x0

W (850501) WIFI: Lost IP address

W (851551) WIFI: Disconnected from AP, reason=201 (NO_AP_FOUND). Retrying connection...

[REDACTED SENSITIVE LINE]

W (853971) WIFI: Disconnected from AP, reason=201 (NO_AP_FOUND). Retrying connection...

[REDACTED SENSITIVE LINE]

W (856391) WIFI: Disconnected from AP, reason=201 (NO_AP_FOUND). Retrying connection...

[REDACTED SENSITIVE LINE]

W (858811) WIFI: Disconnected from AP, reason=201 (NO_AP_FOUND). Retrying connection...

[REDACTED SENSITIVE LINE]

W (861231) WIFI: Disconnected from AP, reason=201 (NO_AP_FOUND). Retrying connection...

[REDACTED SENSITIVE LINE]

W (863651) WIFI: Disconnected from AP, reason=201 (NO_AP_FOUND). Retrying connection...

[REDACTED SENSITIVE LINE]

W (866071) WIFI: Disconnected from AP, reason=201 (NO_AP_FOUND). Retrying connection...

[REDACTED SENSITIVE LINE]

W (868491) WIFI: Disconnected from AP, reason=201 (NO_AP_FOUND). Retrying connection...

[REDACTED SENSITIVE LINE]

W (870911) WIFI: Disconnected from AP, reason=201 (NO_AP_FOUND). Retrying connection...

[REDACTED SENSITIVE LINE]

W (873331) WIFI: Disconnected from AP, reason=201 (NO_AP_FOUND). Retrying connection...

[REDACTED SENSITIVE LINE]

W (875761) WIFI: Disconnected from AP, reason=201 (NO_AP_FOUND). Retrying connection...

[REDACTED SENSITIVE LINE]

W (878181) WIFI: Disconnected from AP, reason=201 (NO_AP_FOUND). Retrying connection...

[REDACTED SENSITIVE LINE]

W (880601) WIFI: Disconnected from AP, reason=201 (NO_AP_FOUND). Retrying connection...

[REDACTED SENSITIVE LINE]

W (883021) WIFI: Disconnected from AP, reason=201 (NO_AP_FOUND). Retrying connection...

[REDACTED SENSITIVE LINE]

W (885441) WIFI: Disconnected from AP, reason=201 (NO_AP_FOUND). Retrying connection...

[REDACTED SENSITIVE LINE]

W (887861) WIFI: Disconnected from AP, reason=201 (NO_AP_FOUND). Retrying connection...

[REDACTED SENSITIVE LINE]

W (890281) WIFI: Disconnected from AP, reason=201 (NO_AP_FOUND). Retrying connection...

[REDACTED SENSITIVE LINE]

W (892701) WIFI: Disconnected from AP, reason=201 (NO_AP_FOUND). Retrying connection...

[REDACTED SENSITIVE LINE]

W (895121) WIFI: Disconnected from AP, reason=201 (NO_AP_FOUND). Retrying connection...

[REDACTED SENSITIVE LINE]

W (897541) WIFI: Disconnected from AP, reason=201 (NO_AP_FOUND). Retrying connection...

[REDACTED SENSITIVE LINE]

W (899961) WIFI: Disconnected from AP, reason=201 (NO_AP_FOUND). Retrying connection...

[REDACTED SENSITIVE LINE]

W (902391) WIFI: Disconnected from AP, reason=201 (NO_AP_FOUND). Retrying connection...

[REDACTED SENSITIVE LINE]

W (904811) WIFI: Disconnected from AP, reason=201 (NO_AP_FOUND). Retrying connection...

[REDACTED SENSITIVE LINE]

W (907231) WIFI: Disconnected from AP, reason=201 (NO_AP_FOUND). Retrying connection...

[REDACTED SENSITIVE LINE]

W (909651) WIFI: Disconnected from AP, reason=201 (NO_AP_FOUND). Retrying connection...

[REDACTED SENSITIVE LINE]

W (912071) WIFI: Disconnected from AP, reason=201 (NO_AP_FOUND). Retrying connection...

[REDACTED SENSITIVE LINE]

W (914491) WIFI: Disconnected from AP, reason=201 (NO_AP_FOUND). Retrying connection...

[REDACTED SENSITIVE LINE]

W (916911) WIFI: Disconnected from AP, reason=201 (NO_AP_FOUND). Retrying connection...

[REDACTED SENSITIVE LINE]

W (919331) WIFI: Disconnected from AP, reason=201 (NO_AP_FOUND). Retrying connection...

[REDACTED SENSITIVE LINE]

W (921751) WIFI: Disconnected from AP, reason=201 (NO_AP_FOUND). Retrying connection...

[REDACTED SENSITIVE LINE]

W (924171) WIFI: Disconnected from AP, reason=201 (NO_AP_FOUND). Retrying connection...

[REDACTED SENSITIVE LINE]

W (926591) WIFI: Disconnected from AP, reason=201 (NO_AP_FOUND). Retrying connection...

[REDACTED SENSITIVE LINE]

W (929021) WIFI: Disconnected from AP, reason=201 (NO_AP_FOUND). Retrying connection...

[REDACTED SENSITIVE LINE]

W (931441) WIFI: Disconnected from AP, reason=201 (NO_AP_FOUND). Retrying connection...

[REDACTED SENSITIVE LINE]

W (933861) WIFI: Disconnected from AP, reason=201 (NO_AP_FOUND). Retrying connection...

[REDACTED SENSITIVE LINE]

W (936281) WIFI: Disconnected from AP, reason=201 (NO_AP_FOUND). Retrying connection...

[REDACTED SENSITIVE LINE]

W (938701) WIFI: Disconnected from AP, reason=201 (NO_AP_FOUND). Retrying connection...

[REDACTED SENSITIVE LINE]

W (941121) WIFI: Disconnected from AP, reason=201 (NO_AP_FOUND). Retrying connection...

[REDACTED SENSITIVE LINE]

W (943541) WIFI: Disconnected from AP, reason=201 (NO_AP_FOUND). Retrying connection...

[REDACTED SENSITIVE LINE]

W (945961) WIFI: Disconnected from AP, reason=201 (NO_AP_FOUND). Retrying connection...

[REDACTED SENSITIVE LINE]

W (948381) WIFI: Disconnected from AP, reason=201 (NO_AP_FOUND). Retrying connection...

[REDACTED SENSITIVE LINE]

W (950801) WIFI: Disconnected from AP, reason=201 (NO_AP_FOUND). Retrying connection...

[REDACTED SENSITIVE LINE]

W (953221) WIFI: Disconnected from AP, reason=201 (NO_AP_FOUND). Retrying connection...

[REDACTED SENSITIVE LINE]

W (955651) WIFI: Disconnected from AP, reason=201 (NO_AP_FOUND). Retrying connection...

[REDACTED SENSITIVE LINE]

W (958071) WIFI: Disconnected from AP, reason=201 (NO_AP_FOUND). Retrying connection...

[REDACTED SENSITIVE LINE]

W (960491) WIFI: Disconnected from AP, reason=201 (NO_AP_FOUND). Retrying connection...

[REDACTED SENSITIVE LINE]

W (962911) WIFI: Disconnected from AP, reason=201 (NO_AP_FOUND). Retrying connection...

[REDACTED SENSITIVE LINE]

W (965331) WIFI: Disconnected from AP, reason=201 (NO_AP_FOUND). Retrying connection...

[REDACTED SENSITIVE LINE]

W (967751) WIFI: Disconnected from AP, reason=201 (NO_AP_FOUND). Retrying connection...

[REDACTED SENSITIVE LINE]

W (970171) WIFI: Disconnected from AP, reason=201 (NO_AP_FOUND). Retrying connection...

[REDACTED SENSITIVE LINE]

I (971551) NETWORK: NETWORK_TIME_SYNCED_BIT cleared before=0x0 after=0x0

W (971551) WIFI: Lost IP address

W (972591) WIFI: Disconnected from AP, reason=201 (NO_AP_FOUND). Retrying connection...

[REDACTED SENSITIVE LINE]

W (975011) WIFI: Disconnected from AP, reason=201 (NO_AP_FOUND). Retrying connection...

[REDACTED SENSITIVE LINE]

W (977431) WIFI: Disconnected from AP, reason=201 (NO_AP_FOUND). Retrying connection...

[REDACTED SENSITIVE LINE]

W (979851) WIFI: Disconnected from AP, reason=201 (NO_AP_FOUND). Retrying connection...

[REDACTED SENSITIVE LINE]

W (982281) WIFI: Disconnected from AP, reason=201 (NO_AP_FOUND). Retrying connection...

[REDACTED SENSITIVE LINE]

W (984701) WIFI: Disconnected from AP, reason=201 (NO_AP_FOUND). Retrying connection...

[REDACTED SENSITIVE LINE]

W (987121) WIFI: Disconnected from AP, reason=201 (NO_AP_FOUND). Retrying connection...

[REDACTED SENSITIVE LINE]

W (989541) WIFI: Disconnected from AP, reason=201 (NO_AP_FOUND). Retrying connection...

[REDACTED SENSITIVE LINE]

W (991961) WIFI: Disconnected from AP, reason=201 (NO_AP_FOUND). Retrying connection...

[REDACTED SENSITIVE LINE]

W (994381) WIFI: Disconnected from AP, reason=201 (NO_AP_FOUND). Retrying connection...

[REDACTED SENSITIVE LINE]

W (996801) WIFI: Disconnected from AP, reason=201 (NO_AP_FOUND). Retrying connection...

[REDACTED SENSITIVE LINE]

W (999221) WIFI: Disconnected from AP, reason=201 (NO_AP_FOUND). Retrying connection...

[REDACTED SENSITIVE LINE]

W (1001641) WIFI: Disconnected from AP, reason=201 (NO_AP_FOUND). Retrying connection...

[REDACTED SENSITIVE LINE]

W (1004061) WIFI: Disconnected from AP, reason=201 (NO_AP_FOUND). Retrying connection...

[REDACTED SENSITIVE LINE]

W (1006481) WIFI: Disconnected from AP, reason=201 (NO_AP_FOUND). Retrying connection...

[REDACTED SENSITIVE LINE]

W (1008911) WIFI: Disconnected from AP, reason=201 (NO_AP_FOUND). Retrying connection...

[REDACTED SENSITIVE LINE]

W (1011331) WIFI: Disconnected from AP, reason=201 (NO_AP_FOUND). Retrying connection...

[REDACTED SENSITIVE LINE]

W (1013751) WIFI: Disconnected from AP, reason=201 (NO_AP_FOUND). Retrying connection...

[REDACTED SENSITIVE LINE]

W (1016171) WIFI: Disconnected from AP, reason=201 (NO_AP_FOUND). Retrying connection...

[REDACTED SENSITIVE LINE]

W (1018591) WIFI: Disconnected from AP, reason=201 (NO_AP_FOUND). Retrying connection...

[REDACTED SENSITIVE LINE]

W (1021011) WIFI: Disconnected from AP, reason=201 (NO_AP_FOUND). Retrying connection...

[REDACTED SENSITIVE LINE]

W (1023431) WIFI: Disconnected from AP, reason=201 (NO_AP_FOUND). Retrying connection...

[REDACTED SENSITIVE LINE]

W (1025851) WIFI: Disconnected from AP, reason=201 (NO_AP_FOUND). Retrying connection...

[REDACTED SENSITIVE LINE]

W (1028271) WIFI: Disconnected from AP, reason=201 (NO_AP_FOUND). Retrying connection...

[REDACTED SENSITIVE LINE]

W (1030701) WIFI: Disconnected from AP, reason=201 (NO_AP_FOUND). Retrying connection...

[REDACTED SENSITIVE LINE]

W (1033121) WIFI: Disconnected from AP, reason=201 (NO_AP_FOUND). Retrying connection...

[REDACTED SENSITIVE LINE]

W (1035541) WIFI: Disconnected from AP, reason=201 (NO_AP_FOUND). Retrying connection...

[REDACTED SENSITIVE LINE]

W (1037961) WIFI: Disconnected from AP, reason=201 (NO_AP_FOUND). Retrying connection...

[REDACTED SENSITIVE LINE]

W (1040381) WIFI: Disconnected from AP, reason=201 (NO_AP_FOUND). Retrying connection...

[REDACTED SENSITIVE LINE]

W (1042801) WIFI: Disconnected from AP, reason=201 (NO_AP_FOUND). Retrying connection...

[REDACTED SENSITIVE LINE]

W (1045221) WIFI: Disconnected from AP, reason=201 (NO_AP_FOUND). Retrying connection...

[REDACTED SENSITIVE LINE]

W (1047641) WIFI: Disconnected from AP, reason=201 (NO_AP_FOUND). Retrying connection...

[REDACTED SENSITIVE LINE]

W (1050061) WIFI: Disconnected from AP, reason=201 (NO_AP_FOUND). Retrying connection...

[REDACTED SENSITIVE LINE]

W (1052491) WIFI: Disconnected from AP, reason=201 (NO_AP_FOUND). Retrying connection...

[REDACTED SENSITIVE LINE]

W (1054911) WIFI: Disconnected from AP, reason=201 (NO_AP_FOUND). Retrying connection...

[REDACTED SENSITIVE LINE]

W (1057331) WIFI: Disconnected from AP, reason=201 (NO_AP_FOUND). Retrying connection...

[REDACTED SENSITIVE LINE]

W (1059751) WIFI: Disconnected from AP, reason=201 (NO_AP_FOUND). Retrying connection...

[REDACTED SENSITIVE LINE]

W (1062171) WIFI: Disconnected from AP, reason=201 (NO_AP_FOUND). Retrying connection...

[REDACTED SENSITIVE LINE]

W (1064591) WIFI: Disconnected from AP, reason=201 (NO_AP_FOUND). Retrying connection...

[REDACTED SENSITIVE LINE]

W (1067011) WIFI: Disconnected from AP, reason=201 (NO_AP_FOUND). Retrying connection...

[REDACTED SENSITIVE LINE]

W (1069431) WIFI: Disconnected from AP, reason=201 (NO_AP_FOUND). Retrying connection...

[REDACTED SENSITIVE LINE]

W (1071851) WIFI: Disconnected from AP, reason=201 (NO_AP_FOUND). Retrying connection...

[REDACTED SENSITIVE LINE]

W (1074271) WIFI: Disconnected from AP, reason=201 (NO_AP_FOUND). Retrying connection...

[REDACTED SENSITIVE LINE]

W (1076701) WIFI: Disconnected from AP, reason=201 (NO_AP_FOUND). Retrying connection...

[REDACTED SENSITIVE LINE]

W (1079121) WIFI: Disconnected from AP, reason=201 (NO_AP_FOUND). Retrying connection...

[REDACTED SENSITIVE LINE]

W (1081541) WIFI: Disconnected from AP, reason=201 (NO_AP_FOUND). Retrying connection...

[REDACTED SENSITIVE LINE]

W (1083961) WIFI: Disconnected from AP, reason=201 (NO_AP_FOUND). Retrying connection...

[REDACTED SENSITIVE LINE]

W (1086381) WIFI: Disconnected from AP, reason=201 (NO_AP_FOUND). Retrying connection...

[REDACTED SENSITIVE LINE]

W (1088801) WIFI: Disconnected from AP, reason=201 (NO_AP_FOUND). Retrying connection...

[REDACTED SENSITIVE LINE]

W (1091221) WIFI: Disconnected from AP, reason=201 (NO_AP_FOUND). Retrying connection...

[REDACTED SENSITIVE LINE]

I (1092591) NETWORK: NETWORK_TIME_SYNCED_BIT cleared before=0x0 after=0x0

W (1092591) WIFI: Lost IP address

W (1093641) WIFI: Disconnected from AP, reason=201 (NO_AP_FOUND). Retrying connection...

[REDACTED SENSITIVE LINE]

W (1096061) WIFI: Disconnected from AP, reason=201 (NO_AP_FOUND). Retrying connection...

[REDACTED SENSITIVE LINE]

W (1098491) WIFI: Disconnected from AP, reason=201 (NO_AP_FOUND). Retrying connection...

[REDACTED SENSITIVE LINE]

W (1100911) WIFI: Disconnected from AP, reason=201 (NO_AP_FOUND). Retrying connection...

[REDACTED SENSITIVE LINE]

W (1103331) WIFI: Disconnected from AP, reason=201 (NO_AP_FOUND). Retrying connection...

[REDACTED SENSITIVE LINE]

W (1105751) WIFI: Disconnected from AP, reason=201 (NO_AP_FOUND). Retrying connection...

[REDACTED SENSITIVE LINE]

W (1108171) WIFI: Disconnected from AP, reason=201 (NO_AP_FOUND). Retrying connection...

[REDACTED SENSITIVE LINE]

W (1110591) WIFI: Disconnected from AP, reason=201 (NO_AP_FOUND). Retrying connection...

[REDACTED SENSITIVE LINE]

W (1113011) WIFI: Disconnected from AP, reason=201 (NO_AP_FOUND). Retrying connection...

[REDACTED SENSITIVE LINE]

W (1115431) WIFI: Disconnected from AP, reason=201 (NO_AP_FOUND). Retrying connection...

[REDACTED SENSITIVE LINE]

W (1117851) WIFI: Disconnected from AP, reason=201 (NO_AP_FOUND). Retrying connection...

[REDACTED SENSITIVE LINE]

W (1120271) WIFI: Disconnected from AP, reason=201 (NO_AP_FOUND). Retrying connection...

[REDACTED SENSITIVE LINE]

W (1122701) WIFI: Disconnected from AP, reason=201 (NO_AP_FOUND). Retrying connection...

[REDACTED SENSITIVE LINE]

W (1125121) WIFI: Disconnected from AP, reason=201 (NO_AP_FOUND). Retrying connection...

[REDACTED SENSITIVE LINE]

W (1127541) WIFI: Disconnected from AP, reason=201 (NO_AP_FOUND). Retrying connection...

[REDACTED SENSITIVE LINE]

W (1129961) WIFI: Disconnected from AP, reason=201 (NO_AP_FOUND). Retrying connection...

[REDACTED SENSITIVE LINE]

W (1132381) WIFI: Disconnected from AP, reason=201 (NO_AP_FOUND). Retrying connection...

[REDACTED SENSITIVE LINE]

W (1134801) WIFI: Disconnected from AP, reason=201 (NO_AP_FOUND). Retrying connection...

[REDACTED SENSITIVE LINE]

W (1137221) WIFI: Disconnected from AP, reason=201 (NO_AP_FOUND). Retrying connection...

[REDACTED SENSITIVE LINE]

W (1139641) WIFI: Disconnected from AP, reason=201 (NO_AP_FOUND). Retrying connection...

[REDACTED SENSITIVE LINE]

W (1142061) WIFI: Disconnected from AP, reason=201 (NO_AP_FOUND). Retrying connection...

[REDACTED SENSITIVE LINE]

W (1144491) WIFI: Disconnected from AP, reason=201 (NO_AP_FOUND). Retrying connection...

[REDACTED SENSITIVE LINE]

W (1146911) WIFI: Disconnected from AP, reason=201 (NO_AP_FOUND). Retrying connection...

[REDACTED SENSITIVE LINE]

W (1149331) WIFI: Disconnected from AP, reason=201 (NO_AP_FOUND). Retrying connection...

[REDACTED SENSITIVE LINE]

W (1151751) WIFI: Disconnected from AP, reason=201 (NO_AP_FOUND). Retrying connection...

[REDACTED SENSITIVE LINE]

W (1154171) WIFI: Disconnected from AP, reason=201 (NO_AP_FOUND). Retrying connection...

[REDACTED SENSITIVE LINE]

W (1156591) WIFI: Disconnected from AP, reason=201 (NO_AP_FOUND). Retrying connection...

[REDACTED SENSITIVE LINE]

W (1159011) WIFI: Disconnected from AP, reason=201 (NO_AP_FOUND). Retrying connection...

[REDACTED SENSITIVE LINE]

W (1161431) WIFI: Disconnected from AP, reason=201 (NO_AP_FOUND). Retrying connection...

[REDACTED SENSITIVE LINE]

W (1163851) WIFI: Disconnected from AP, reason=201 (NO_AP_FOUND). Retrying connection...

[REDACTED SENSITIVE LINE]

W (1166271) WIFI: Disconnected from AP, reason=201 (NO_AP_FOUND). Retrying connection...

[REDACTED SENSITIVE LINE]

W (1168701) WIFI: Disconnected from AP, reason=201 (NO_AP_FOUND). Retrying connection...

[REDACTED SENSITIVE LINE]

W (1171121) WIFI: Disconnected from AP, reason=201 (NO_AP_FOUND). Retrying connection...

[REDACTED SENSITIVE LINE]

W (1173541) WIFI: Disconnected from AP, reason=201 (NO_AP_FOUND). Retrying connection...

[REDACTED SENSITIVE LINE]

W (1175961) WIFI: Disconnected from AP, reason=201 (NO_AP_FOUND). Retrying connection...

[REDACTED SENSITIVE LINE]

W (1178381) WIFI: Disconnected from AP, reason=201 (NO_AP_FOUND). Retrying connection...

[REDACTED SENSITIVE LINE]

W (1180801) WIFI: Disconnected from AP, reason=201 (NO_AP_FOUND). Retrying connection...

[REDACTED SENSITIVE LINE]

W (1183221) WIFI: Disconnected from AP, reason=201 (NO_AP_FOUND). Retrying connection...

[REDACTED SENSITIVE LINE]

W (1185641) WIFI: Disconnected from AP, reason=201 (NO_AP_FOUND). Retrying connection...

[REDACTED SENSITIVE LINE]

W (1188061) WIFI: Disconnected from AP, reason=201 (NO_AP_FOUND). Retrying connection...

[REDACTED SENSITIVE LINE]

W (1190491) WIFI: Disconnected from AP, reason=201 (NO_AP_FOUND). Retrying connection...

[REDACTED SENSITIVE LINE]

W (1192911) WIFI: Disconnected from AP, reason=201 (NO_AP_FOUND). Retrying connection...

[REDACTED SENSITIVE LINE]

W (1195331) WIFI: Disconnected from AP, reason=201 (NO_AP_FOUND). Retrying connection...

[REDACTED SENSITIVE LINE]

W (1197751) WIFI: Disconnected from AP, reason=201 (NO_AP_FOUND). Retrying connection...

[REDACTED SENSITIVE LINE]

W (1200171) WIFI: Disconnected from AP, reason=201 (NO_AP_FOUND). Retrying connection...

[REDACTED SENSITIVE LINE]

W (1202591) WIFI: Disconnected from AP, reason=201 (NO_AP_FOUND). Retrying connection...

[REDACTED SENSITIVE LINE]

W (1205011) WIFI: Disconnected from AP, reason=201 (NO_AP_FOUND). Retrying connection...

[REDACTED SENSITIVE LINE]

W (1207431) WIFI: Disconnected from AP, reason=201 (NO_AP_FOUND). Retrying connection...

[REDACTED SENSITIVE LINE]

W (1209851) WIFI: Disconnected from AP, reason=201 (NO_AP_FOUND). Retrying connection...

[REDACTED SENSITIVE LINE]

W (1212271) WIFI: Disconnected from AP, reason=201 (NO_AP_FOUND). Retrying connection...

[REDACTED SENSITIVE LINE]

I (1213641) NETWORK: NETWORK_TIME_SYNCED_BIT cleared before=0x0 after=0x0

W (1213641) WIFI: Lost IP address

W (1214701) WIFI: Disconnected from AP, reason=201 (NO_AP_FOUND). Retrying connection...

[REDACTED SENSITIVE LINE]

W (1217121) WIFI: Disconnected from AP, reason=201 (NO_AP_FOUND). Retrying connection...

[REDACTED SENSITIVE LINE]

W (1219541) WIFI: Disconnected from AP, reason=201 (NO_AP_FOUND). Retrying connection...

[REDACTED SENSITIVE LINE]

W (1221961) WIFI: Disconnected from AP, reason=201 (NO_AP_FOUND). Retrying connection...

[REDACTED SENSITIVE LINE]

W (1224381) WIFI: Disconnected from AP, reason=201 (NO_AP_FOUND). Retrying connection...

[REDACTED SENSITIVE LINE]

W (1226801) WIFI: Disconnected from AP, reason=201 (NO_AP_FOUND). Retrying connection...

[REDACTED SENSITIVE LINE]

W (1229221) WIFI: Disconnected from AP, reason=201 (NO_AP_FOUND). Retrying connection...

[REDACTED SENSITIVE LINE]

W (1231641) WIFI: Disconnected from AP, reason=201 (NO_AP_FOUND). Retrying connection...

[REDACTED SENSITIVE LINE]

W (1234061) WIFI: Disconnected from AP, reason=201 (NO_AP_FOUND). Retrying connection...

[REDACTED SENSITIVE LINE]

W (1236491) WIFI: Disconnected from AP, reason=201 (NO_AP_FOUND). Retrying connection...

[REDACTED SENSITIVE LINE]

W (1238911) WIFI: Disconnected from AP, reason=201 (NO_AP_FOUND). Retrying connection...

[REDACTED SENSITIVE LINE]

W (1241331) WIFI: Disconnected from AP, reason=201 (NO_AP_FOUND). Retrying connection...

[REDACTED SENSITIVE LINE]

W (1243751) WIFI: Disconnected from AP, reason=201 (NO_AP_FOUND). Retrying connection...

[REDACTED SENSITIVE LINE]

W (1246171) WIFI: Disconnected from AP, reason=201 (NO_AP_FOUND). Retrying connection...

[REDACTED SENSITIVE LINE]

W (1248591) WIFI: Disconnected from AP, reason=201 (NO_AP_FOUND). Retrying connection...

[REDACTED SENSITIVE LINE]

W (1251011) WIFI: Disconnected from AP, reason=201 (NO_AP_FOUND). Retrying connection...

[REDACTED SENSITIVE LINE]

W (1253431) WIFI: Disconnected from AP, reason=201 (NO_AP_FOUND). Retrying connection...

[REDACTED SENSITIVE LINE]

W (1255851) WIFI: Disconnected from AP, reason=201 (NO_AP_FOUND). Retrying connection...

[REDACTED SENSITIVE LINE]

W (1258271) WIFI: Disconnected from AP, reason=201 (NO_AP_FOUND). Retrying connection...

[REDACTED SENSITIVE LINE]

W (1260701) WIFI: Disconnected from AP, reason=201 (NO_AP_FOUND). Retrying connection...

[REDACTED SENSITIVE LINE]

W (1263121) WIFI: Disconnected from AP, reason=201 (NO_AP_FOUND). Retrying connection...

[REDACTED SENSITIVE LINE]

W (1265541) WIFI: Disconnected from AP, reason=201 (NO_AP_FOUND). Retrying connection...

[REDACTED SENSITIVE LINE]

W (1267961) WIFI: Disconnected from AP, reason=201 (NO_AP_FOUND). Retrying connection...

[REDACTED SENSITIVE LINE]

W (1270381) WIFI: Disconnected from AP, reason=201 (NO_AP_FOUND). Retrying connection...

[REDACTED SENSITIVE LINE]

W (1272801) WIFI: Disconnected from AP, reason=201 (NO_AP_FOUND). Retrying connection...

[REDACTED SENSITIVE LINE]

W (1275221) WIFI: Disconnected from AP, reason=201 (NO_AP_FOUND). Retrying connection...

[REDACTED SENSITIVE LINE]

W (1277641) WIFI: Disconnected from AP, reason=201 (NO_AP_FOUND). Retrying connection...

[REDACTED SENSITIVE LINE]

W (1280061) WIFI: Disconnected from AP, reason=201 (NO_AP_FOUND). Retrying connection...

[REDACTED SENSITIVE LINE]

W (1282491) WIFI: Disconnected from AP, reason=201 (NO_AP_FOUND). Retrying connection...

[REDACTED SENSITIVE LINE]

W (1284911) WIFI: Disconnected from AP, reason=201 (NO_AP_FOUND). Retrying connection...

[REDACTED SENSITIVE LINE]

W (1287331) WIFI: Disconnected from AP, reason=201 (NO_AP_FOUND). Retrying connection...

[REDACTED SENSITIVE LINE]

W (1289751) WIFI: Disconnected from AP, reason=201 (NO_AP_FOUND). Retrying connection...

[REDACTED SENSITIVE LINE]

W (1292171) WIFI: Disconnected from AP, reason=201 (NO_AP_FOUND). Retrying connection...

[REDACTED SENSITIVE LINE]

W (1294591) WIFI: Disconnected from AP, reason=201 (NO_AP_FOUND). Retrying connection...

[REDACTED SENSITIVE LINE]

W (1297011) WIFI: Disconnected from AP, reason=201 (NO_AP_FOUND). Retrying connection...

[REDACTED SENSITIVE LINE]

W (1299431) WIFI: Disconnected from AP, reason=201 (NO_AP_FOUND). Retrying connection...

[REDACTED SENSITIVE LINE]

W (1301851) WIFI: Disconnected from AP, reason=201 (NO_AP_FOUND). Retrying connection...

[REDACTED SENSITIVE LINE]

W (1304271) WIFI: Disconnected from AP, reason=201 (NO_AP_FOUND). Retrying connection...

[REDACTED SENSITIVE LINE]

W (1306701) WIFI: Disconnected from AP, reason=201 (NO_AP_FOUND). Retrying connection...

[REDACTED SENSITIVE LINE]

W (1309121) WIFI: Disconnected from AP, reason=201 (NO_AP_FOUND). Retrying connection...

[REDACTED SENSITIVE LINE]

W (1311541) WIFI: Disconnected from AP, reason=201 (NO_AP_FOUND). Retrying connection...

[REDACTED SENSITIVE LINE]

W (1313961) WIFI: Disconnected from AP, reason=201 (NO_AP_FOUND). Retrying connection...

[REDACTED SENSITIVE LINE]

W (1316381) WIFI: Disconnected from AP, reason=201 (NO_AP_FOUND). Retrying connection...

[REDACTED SENSITIVE LINE]

W (1318801) WIFI: Disconnected from AP, reason=201 (NO_AP_FOUND). Retrying connection...

[REDACTED SENSITIVE LINE]

W (1321221) WIFI: Disconnected from AP, reason=201 (NO_AP_FOUND). Retrying connection...

[REDACTED SENSITIVE LINE]

W (1323641) WIFI: Disconnected from AP, reason=201 (NO_AP_FOUND). Retrying connection...

[REDACTED SENSITIVE LINE]

W (1326061) WIFI: Disconnected from AP, reason=201 (NO_AP_FOUND). Retrying connection...

[REDACTED SENSITIVE LINE]

W (1328491) WIFI: Disconnected from AP, reason=201 (NO_AP_FOUND). Retrying connection...

[REDACTED SENSITIVE LINE]

W (1330911) WIFI: Disconnected from AP, reason=201 (NO_AP_FOUND). Retrying connection...

[REDACTED SENSITIVE LINE]

W (1333331) WIFI: Disconnected from AP, reason=201 (NO_AP_FOUND). Retrying connection...

[REDACTED SENSITIVE LINE]

I (1334701) NETWORK: NETWORK_TIME_SYNCED_BIT cleared before=0x0 after=0x0

W (1334701) WIFI: Lost IP address

W (1335751) WIFI: Disconnected from AP, reason=201 (NO_AP_FOUND). Retrying connection...

[REDACTED SENSITIVE LINE]

W (1338171) WIFI: Disconnected from AP, reason=201 (NO_AP_FOUND). Retrying connection...

[REDACTED SENSITIVE LINE]

W (1340591) WIFI: Disconnected from AP, reason=201 (NO_AP_FOUND). Retrying connection...

[REDACTED SENSITIVE LINE]

W (1343011) WIFI: Disconnected from AP, reason=201 (NO_AP_FOUND). Retrying connection...

[REDACTED SENSITIVE LINE]

W (1345431) WIFI: Disconnected from AP, reason=201 (NO_AP_FOUND). Retrying connection...

[REDACTED SENSITIVE LINE]

W (1347851) WIFI: Disconnected from AP, reason=201 (NO_AP_FOUND). Retrying connection...

[REDACTED SENSITIVE LINE]

W (1350271) WIFI: Disconnected from AP, reason=201 (NO_AP_FOUND). Retrying connection...

[REDACTED SENSITIVE LINE]

W (1352701) WIFI: Disconnected from AP, reason=201 (NO_AP_FOUND). Retrying connection...

[REDACTED SENSITIVE LINE]

W (1355121) WIFI: Disconnected from AP, reason=201 (NO_AP_FOUND). Retrying connection...

[REDACTED SENSITIVE LINE]

W (1357541) WIFI: Disconnected from AP, reason=201 (NO_AP_FOUND). Retrying connection...

[REDACTED SENSITIVE LINE]

W (1359961) WIFI: Disconnected from AP, reason=201 (NO_AP_FOUND). Retrying connection...

[REDACTED SENSITIVE LINE]

W (1362381) WIFI: Disconnected from AP, reason=201 (NO_AP_FOUND). Retrying connection...

[REDACTED SENSITIVE LINE]

W (1364801) WIFI: Disconnected from AP, reason=201 (NO_AP_FOUND). Retrying connection...

[REDACTED SENSITIVE LINE]

W (1367221) WIFI: Disconnected from AP, reason=201 (NO_AP_FOUND). Retrying connection...

[REDACTED SENSITIVE LINE]

W (1369641) WIFI: Disconnected from AP, reason=201 (NO_AP_FOUND). Retrying connection...

[REDACTED SENSITIVE LINE]

W (1372061) WIFI: Disconnected from AP, reason=201 (NO_AP_FOUND). Retrying connection...

[REDACTED SENSITIVE LINE]

W (1374491) WIFI: Disconnected from AP, reason=201 (NO_AP_FOUND). Retrying connection...

[REDACTED SENSITIVE LINE]

W (1376911) WIFI: Disconnected from AP, reason=201 (NO_AP_FOUND). Retrying connection...

[REDACTED SENSITIVE LINE]

W (1379331) WIFI: Disconnected from AP, reason=201 (NO_AP_FOUND). Retrying connection...

[REDACTED SENSITIVE LINE]

W (1381751) WIFI: Disconnected from AP, reason=201 (NO_AP_FOUND). Retrying connection...

[REDACTED SENSITIVE LINE]

W (1384171) WIFI: Disconnected from AP, reason=201 (NO_AP_FOUND). Retrying connection...

[REDACTED SENSITIVE LINE]

W (1386591) WIFI: Disconnected from AP, reason=201 (NO_AP_FOUND). Retrying connection...

[REDACTED SENSITIVE LINE]

W (1389011) WIFI: Disconnected from AP, reason=201 (NO_AP_FOUND). Retrying connection...

[REDACTED SENSITIVE LINE]

W (1391431) WIFI: Disconnected from AP, reason=201 (NO_AP_FOUND). Retrying connection...

[REDACTED SENSITIVE LINE]

W (1393851) WIFI: Disconnected from AP, reason=201 (NO_AP_FOUND). Retrying connection...

[REDACTED SENSITIVE LINE]

W (1396271) WIFI: Disconnected from AP, reason=201 (NO_AP_FOUND). Retrying connection...

[REDACTED SENSITIVE LINE]

W (1398701) WIFI: Disconnected from AP, reason=201 (NO_AP_FOUND). Retrying connection...

[REDACTED SENSITIVE LINE]

W (1401121) WIFI: Disconnected from AP, reason=201 (NO_AP_FOUND). Retrying connection...

[REDACTED SENSITIVE LINE]

W (1403541) WIFI: Disconnected from AP, reason=201 (NO_AP_FOUND). Retrying connection...

[REDACTED SENSITIVE LINE]

W (1405961) WIFI: Disconnected from AP, reason=201 (NO_AP_FOUND). Retrying connection...

[REDACTED SENSITIVE LINE]

W (1408381) WIFI: Disconnected from AP, reason=201 (NO_AP_FOUND). Retrying connection...

[REDACTED SENSITIVE LINE]

W (1410801) WIFI: Disconnected from AP, reason=201 (NO_AP_FOUND). Retrying connection...

[REDACTED SENSITIVE LINE]

W (1413221) WIFI: Disconnected from AP, reason=201 (NO_AP_FOUND). Retrying connection...

[REDACTED SENSITIVE LINE]

W (1415641) WIFI: Disconnected from AP, reason=201 (NO_AP_FOUND). Retrying connection...

[REDACTED SENSITIVE LINE]

W (1418061) WIFI: Disconnected from AP, reason=201 (NO_AP_FOUND). Retrying connection...

[REDACTED SENSITIVE LINE]

W (1420481) WIFI: Disconnected from AP, reason=201 (NO_AP_FOUND). Retrying connection...

[REDACTED SENSITIVE LINE]

W (1422911) WIFI: Disconnected from AP, reason=201 (NO_AP_FOUND). Retrying connection...

[REDACTED SENSITIVE LINE]

W (1425331) WIFI: Disconnected from AP, reason=201 (NO_AP_FOUND). Retrying connection...

[REDACTED SENSITIVE LINE]

W (1427751) WIFI: Disconnected from AP, reason=201 (NO_AP_FOUND). Retrying connection...

[REDACTED SENSITIVE LINE]

W (1430171) WIFI: Disconnected from AP, reason=201 (NO_AP_FOUND). Retrying connection...

[REDACTED SENSITIVE LINE]

W (1432591) WIFI: Disconnected from AP, reason=201 (NO_AP_FOUND). Retrying connection...

[REDACTED SENSITIVE LINE]

W (1435011) WIFI: Disconnected from AP, reason=201 (NO_AP_FOUND). Retrying connection...

[REDACTED SENSITIVE LINE]

W (1437431) WIFI: Disconnected from AP, reason=201 (NO_AP_FOUND). Retrying connection...

[REDACTED SENSITIVE LINE]

W (1439851) WIFI: Disconnected from AP, reason=201 (NO_AP_FOUND). Retrying connection...

[REDACTED SENSITIVE LINE]

W (1442271) WIFI: Disconnected from AP, reason=201 (NO_AP_FOUND). Retrying connection...

[REDACTED SENSITIVE LINE]

W (1444701) WIFI: Disconnected from AP, reason=201 (NO_AP_FOUND). Retrying connection...

[REDACTED SENSITIVE LINE]

W (1447121) WIFI: Disconnected from AP, reason=201 (NO_AP_FOUND). Retrying connection...

[REDACTED SENSITIVE LINE]

W (1449541) WIFI: Disconnected from AP, reason=201 (NO_AP_FOUND). Retrying connection...

[REDACTED SENSITIVE LINE]

W (1451961) WIFI: Disconnected from AP, reason=201 (NO_AP_FOUND). Retrying connection...

[REDACTED SENSITIVE LINE]

W (1454381) WIFI: Disconnected from AP, reason=201 (NO_AP_FOUND). Retrying connection...

[REDACTED SENSITIVE LINE]

I (1455751) NETWORK: NETWORK_TIME_SYNCED_BIT cleared before=0x0 after=0x0

W (1455751) WIFI: Lost IP address

W (1456801) WIFI: Disconnected from AP, reason=201 (NO_AP_FOUND). Retrying connection...

[REDACTED SENSITIVE LINE]

W (1459221) WIFI: Disconnected from AP, reason=201 (NO_AP_FOUND). Retrying connection...

[REDACTED SENSITIVE LINE]

W (1461641) WIFI: Disconnected from AP, reason=201 (NO_AP_FOUND). Retrying connection...

[REDACTED SENSITIVE LINE]

W (1464061) WIFI: Disconnected from AP, reason=201 (NO_AP_FOUND). Retrying connection...

[REDACTED SENSITIVE LINE]

W (1466481) WIFI: Disconnected from AP, reason=201 (NO_AP_FOUND). Retrying connection...

[REDACTED SENSITIVE LINE]

W (1468911) WIFI: Disconnected from AP, reason=201 (NO_AP_FOUND). Retrying connection...

[REDACTED SENSITIVE LINE]

W (1471331) WIFI: Disconnected from AP, reason=201 (NO_AP_FOUND). Retrying connection...

[REDACTED SENSITIVE LINE]

W (1473751) WIFI: Disconnected from AP, reason=201 (NO_AP_FOUND). Retrying connection...

[REDACTED SENSITIVE LINE]

W (1476171) WIFI: Disconnected from AP, reason=201 (NO_AP_FOUND). Retrying connection...

[REDACTED SENSITIVE LINE]

W (1478591) WIFI: Disconnected from AP, reason=201 (NO_AP_FOUND). Retrying connection...

[REDACTED SENSITIVE LINE]

W (1481011) WIFI: Disconnected from AP, reason=201 (NO_AP_FOUND). Retrying connection...

[REDACTED SENSITIVE LINE]

W (1483431) WIFI: Disconnected from AP, reason=201 (NO_AP_FOUND). Retrying connection...

[REDACTED SENSITIVE LINE]

W (1485851) WIFI: Disconnected from AP, reason=201 (NO_AP_FOUND). Retrying connection...

[REDACTED SENSITIVE LINE]

W (1488271) WIFI: Disconnected from AP, reason=201 (NO_AP_FOUND). Retrying connection...

[REDACTED SENSITIVE LINE]

W (1490701) WIFI: Disconnected from AP, reason=201 (NO_AP_FOUND). Retrying connection...

[REDACTED SENSITIVE LINE]

W (1493121) WIFI: Disconnected from AP, reason=201 (NO_AP_FOUND). Retrying connection...

[REDACTED SENSITIVE LINE]

W (1495541) WIFI: Disconnected from AP, reason=201 (NO_AP_FOUND). Retrying connection...

[REDACTED SENSITIVE LINE]

W (1497961) WIFI: Disconnected from AP, reason=201 (NO_AP_FOUND). Retrying connection...

[REDACTED SENSITIVE LINE]

W (1500381) WIFI: Disconnected from AP, reason=201 (NO_AP_FOUND). Retrying connection...

[REDACTED SENSITIVE LINE]

W (1502801) WIFI: Disconnected from AP, reason=201 (NO_AP_FOUND). Retrying connection...

[REDACTED SENSITIVE LINE]

W (1505221) WIFI: Disconnected from AP, reason=201 (NO_AP_FOUND). Retrying connection...

[REDACTED SENSITIVE LINE]

W (1507641) WIFI: Disconnected from AP, reason=201 (NO_AP_FOUND). Retrying connection...

[REDACTED SENSITIVE LINE]

W (1510061) WIFI: Disconnected from AP, reason=201 (NO_AP_FOUND). Retrying connection...

[REDACTED SENSITIVE LINE]

W (1512481) WIFI: Disconnected from AP, reason=201 (NO_AP_FOUND). Retrying connection...

[REDACTED SENSITIVE LINE]

W (1514911) WIFI: Disconnected from AP, reason=201 (NO_AP_FOUND). Retrying connection...

[REDACTED SENSITIVE LINE]

W (1517331) WIFI: Disconnected from AP, reason=201 (NO_AP_FOUND). Retrying connection...

[REDACTED SENSITIVE LINE]

W (1519751) WIFI: Disconnected from AP, reason=201 (NO_AP_FOUND). Retrying connection...

[REDACTED SENSITIVE LINE]

W (1522171) WIFI: Disconnected from AP, reason=201 (NO_AP_FOUND). Retrying connection...

[REDACTED SENSITIVE LINE]

W (1524591) WIFI: Disconnected from AP, reason=201 (NO_AP_FOUND). Retrying connection...

[REDACTED SENSITIVE LINE]

W (1527011) WIFI: Disconnected from AP, reason=201 (NO_AP_FOUND). Retrying connection...

[REDACTED SENSITIVE LINE]

W (1529431) WIFI: Disconnected from AP, reason=201 (NO_AP_FOUND). Retrying connection...

[REDACTED SENSITIVE LINE]

W (1531851) WIFI: Disconnected from AP, reason=201 (NO_AP_FOUND). Retrying connection...

[REDACTED SENSITIVE LINE]

W (1534271) WIFI: Disconnected from AP, reason=201 (NO_AP_FOUND). Retrying connection...

[REDACTED SENSITIVE LINE]

W (1536691) WIFI: Disconnected from AP, reason=201 (NO_AP_FOUND). Retrying connection...

[REDACTED SENSITIVE LINE]

W (1539121) WIFI: Disconnected from AP, reason=201 (NO_AP_FOUND). Retrying connection...

[REDACTED SENSITIVE LINE]

W (1541541) WIFI: Disconnected from AP, reason=201 (NO_AP_FOUND). Retrying connection...

[REDACTED SENSITIVE LINE]

W (1543961) WIFI: Disconnected from AP, reason=201 (NO_AP_FOUND). Retrying connection...

[REDACTED SENSITIVE LINE]

W (1546381) WIFI: Disconnected from AP, reason=201 (NO_AP_FOUND). Retrying connection...

[REDACTED SENSITIVE LINE]

W (1548801) WIFI: Disconnected from AP, reason=201 (NO_AP_FOUND). Retrying connection...

[REDACTED SENSITIVE LINE]

W (1551221) WIFI: Disconnected from AP, reason=201 (NO_AP_FOUND). Retrying connection...

[REDACTED SENSITIVE LINE]

W (1553641) WIFI: Disconnected from AP, reason=201 (NO_AP_FOUND). Retrying connection...

[REDACTED SENSITIVE LINE]

W (1556061) WIFI: Disconnected from AP, reason=201 (NO_AP_FOUND). Retrying connection...

[REDACTED SENSITIVE LINE]

W (1558481) WIFI: Disconnected from AP, reason=201 (NO_AP_FOUND). Retrying connection...

[REDACTED SENSITIVE LINE]

W (1560901) WIFI: Disconnected from AP, reason=201 (NO_AP_FOUND). Retrying connection...

[REDACTED SENSITIVE LINE]

W (1563331) WIFI: Disconnected from AP, reason=201 (NO_AP_FOUND). Retrying connection...

[REDACTED SENSITIVE LINE]

W (1565751) WIFI: Disconnected from AP, reason=201 (NO_AP_FOUND). Retrying connection...

[REDACTED SENSITIVE LINE]

W (1568171) WIFI: Disconnected from AP, reason=201 (NO_AP_FOUND). Retrying connection...

[REDACTED SENSITIVE LINE]

W (1570591) WIFI: Disconnected from AP, reason=201 (NO_AP_FOUND). Retrying connection...

[REDACTED SENSITIVE LINE]

W (1573011) WIFI: Disconnected from AP, reason=201 (NO_AP_FOUND). Retrying connection...

[REDACTED SENSITIVE LINE]

W (1575431) WIFI: Disconnected from AP, reason=201 (NO_AP_FOUND). Retrying connection...

[REDACTED SENSITIVE LINE]

I (1576801) NETWORK: NETWORK_TIME_SYNCED_BIT cleared before=0x0 after=0x0

W (1576801) WIFI: Lost IP address

W (1577851) WIFI: Disconnected from AP, reason=201 (NO_AP_FOUND). Retrying connection...

[REDACTED SENSITIVE LINE]

W (1580271) WIFI: Disconnected from AP, reason=201 (NO_AP_FOUND). Retrying connection...

[REDACTED SENSITIVE LINE]

W (1582691) WIFI: Disconnected from AP, reason=201 (NO_AP_FOUND). Retrying connection...

[REDACTED SENSITIVE LINE]

W (1585121) WIFI: Disconnected from AP, reason=201 (NO_AP_FOUND). Retrying connection...

[REDACTED SENSITIVE LINE]

W (1587541) WIFI: Disconnected from AP, reason=201 (NO_AP_FOUND). Retrying connection...

[REDACTED SENSITIVE LINE]

W (1589961) WIFI: Disconnected from AP, reason=201 (NO_AP_FOUND). Retrying connection...

[REDACTED SENSITIVE LINE]

W (1592381) WIFI: Disconnected from AP, reason=201 (NO_AP_FOUND). Retrying connection...

[REDACTED SENSITIVE LINE]

W (1594801) WIFI: Disconnected from AP, reason=201 (NO_AP_FOUND). Retrying connection...

[REDACTED SENSITIVE LINE]

W (1597221) WIFI: Disconnected from AP, reason=201 (NO_AP_FOUND). Retrying connection...

[REDACTED SENSITIVE LINE]

W (1599641) WIFI: Disconnected from AP, reason=201 (NO_AP_FOUND). Retrying connection...

[REDACTED SENSITIVE LINE]

W (1602061) WIFI: Disconnected from AP, reason=201 (NO_AP_FOUND). Retrying connection...

[REDACTED SENSITIVE LINE]

W (1604481) WIFI: Disconnected from AP, reason=201 (NO_AP_FOUND). Retrying connection...

[REDACTED SENSITIVE LINE]

W (1606901) WIFI: Disconnected from AP, reason=201 (NO_AP_FOUND). Retrying connection...

[REDACTED SENSITIVE LINE]

W (1609331) WIFI: Disconnected from AP, reason=201 (NO_AP_FOUND). Retrying connection...

[REDACTED SENSITIVE LINE]

W (1611751) WIFI: Disconnected from AP, reason=201 (NO_AP_FOUND). Retrying connection...

[REDACTED SENSITIVE LINE]

W (1614171) WIFI: Disconnected from AP, reason=201 (NO_AP_FOUND). Retrying connection...

[REDACTED SENSITIVE LINE]

W (1616591) WIFI: Disconnected from AP, reason=201 (NO_AP_FOUND). Retrying connection...

[REDACTED SENSITIVE LINE]

W (1619011) WIFI: Disconnected from AP, reason=201 (NO_AP_FOUND). Retrying connection...

[REDACTED SENSITIVE LINE]

W (1621431) WIFI: Disconnected from AP, reason=201 (NO_AP_FOUND). Retrying connection...

[REDACTED SENSITIVE LINE]

W (1623851) WIFI: Disconnected from AP, reason=201 (NO_AP_FOUND). Retrying connection...

[REDACTED SENSITIVE LINE]

W (1626271) WIFI: Disconnected from AP, reason=201 (NO_AP_FOUND). Retrying connection...

[REDACTED SENSITIVE LINE]

W (1628691) WIFI: Disconnected from AP, reason=201 (NO_AP_FOUND). Retrying connection...

[REDACTED SENSITIVE LINE]

W (1631111) WIFI: Disconnected from AP, reason=201 (NO_AP_FOUND). Retrying connection...

[REDACTED SENSITIVE LINE]

W (1633541) WIFI: Disconnected from AP, reason=201 (NO_AP_FOUND). Retrying connection...

[REDACTED SENSITIVE LINE]

W (1635961) WIFI: Disconnected from AP, reason=201 (NO_AP_FOUND). Retrying connection...

[REDACTED SENSITIVE LINE]

W (1638381) WIFI: Disconnected from AP, reason=201 (NO_AP_FOUND). Retrying connection...

[REDACTED SENSITIVE LINE]

W (1640801) WIFI: Disconnected from AP, reason=201 (NO_AP_FOUND). Retrying connection...

[REDACTED SENSITIVE LINE]

W (1643221) WIFI: Disconnected from AP, reason=201 (NO_AP_FOUND). Retrying connection...

[REDACTED SENSITIVE LINE]

W (1645641) WIFI: Disconnected from AP, reason=201 (NO_AP_FOUND). Retrying connection...

[REDACTED SENSITIVE LINE]

W (1648061) WIFI: Disconnected from AP, reason=201 (NO_AP_FOUND). Retrying connection...

[REDACTED SENSITIVE LINE]

W (1650481) WIFI: Disconnected from AP, reason=201 (NO_AP_FOUND). Retrying connection...

[REDACTED SENSITIVE LINE]

W (1652901) WIFI: Disconnected from AP, reason=201 (NO_AP_FOUND). Retrying connection...

[REDACTED SENSITIVE LINE]

W (1655321) WIFI: Disconnected from AP, reason=201 (NO_AP_FOUND). Retrying connection...

[REDACTED SENSITIVE LINE]

W (1657751) WIFI: Disconnected from AP, reason=201 (NO_AP_FOUND). Retrying connection...

[REDACTED SENSITIVE LINE]

W (1660171) WIFI: Disconnected from AP, reason=201 (NO_AP_FOUND). Retrying connection...

[REDACTED SENSITIVE LINE]

W (1662591) WIFI: Disconnected from AP, reason=201 (NO_AP_FOUND). Retrying connection...

[REDACTED SENSITIVE LINE]

W (1665011) WIFI: Disconnected from AP, reason=201 (NO_AP_FOUND). Retrying connection...

[REDACTED SENSITIVE LINE]

W (1667431) WIFI: Disconnected from AP, reason=201 (NO_AP_FOUND). Retrying connection...

[REDACTED SENSITIVE LINE]

W (1669851) WIFI: Disconnected from AP, reason=201 (NO_AP_FOUND). Retrying connection...

[REDACTED SENSITIVE LINE]

W (1672271) WIFI: Disconnected from AP, reason=201 (NO_AP_FOUND). Retrying connection...

[REDACTED SENSITIVE LINE]

W (1674691) WIFI: Disconnected from AP, reason=201 (NO_AP_FOUND). Retrying connection...

[REDACTED SENSITIVE LINE]

W (1677111) WIFI: Disconnected from AP, reason=201 (NO_AP_FOUND). Retrying connection...

[REDACTED SENSITIVE LINE]

W (1679541) WIFI: Disconnected from AP, reason=201 (NO_AP_FOUND). Retrying connection...

[REDACTED SENSITIVE LINE]

W (1681961) WIFI: Disconnected from AP, reason=201 (NO_AP_FOUND). Retrying connection...

[REDACTED SENSITIVE LINE]

W (1684381) WIFI: Disconnected from AP, reason=201 (NO_AP_FOUND). Retrying connection...

[REDACTED SENSITIVE LINE]

W (1686801) WIFI: Disconnected from AP, reason=201 (NO_AP_FOUND). Retrying connection...

[REDACTED SENSITIVE LINE]

W (1689221) WIFI: Disconnected from AP, reason=201 (NO_AP_FOUND). Retrying connection...

[REDACTED SENSITIVE LINE]

W (1691641) WIFI: Disconnected from AP, reason=201 (NO_AP_FOUND). Retrying connection...

[REDACTED SENSITIVE LINE]

W (1694061) WIFI: Disconnected from AP, reason=201 (NO_AP_FOUND). Retrying connection...

[REDACTED SENSITIVE LINE]

W (1696481) WIFI: Disconnected from AP, reason=201 (NO_AP_FOUND). Retrying connection...

[REDACTED SENSITIVE LINE]

I (1697851) NETWORK: NETWORK_TIME_SYNCED_BIT cleared before=0x0 after=0x0

W (1697851) WIFI: Lost IP address

W (1698901) WIFI: Disconnected from AP, reason=201 (NO_AP_FOUND). Retrying connection...

[REDACTED SENSITIVE LINE]

W (1701321) WIFI: Disconnected from AP, reason=201 (NO_AP_FOUND). Retrying connection...

[REDACTED SENSITIVE LINE]

W (1703751) WIFI: Disconnected from AP, reason=201 (NO_AP_FOUND). Retrying connection...

[REDACTED SENSITIVE LINE]

W (1706171) WIFI: Disconnected from AP, reason=201 (NO_AP_FOUND). Retrying connection...

[REDACTED SENSITIVE LINE]

W (1708591) WIFI: Disconnected from AP, reason=201 (NO_AP_FOUND). Retrying connection...

[REDACTED SENSITIVE LINE]

W (1711011) WIFI: Disconnected from AP, reason=201 (NO_AP_FOUND). Retrying connection...

[REDACTED SENSITIVE LINE]

W (1713431) WIFI: Disconnected from AP, reason=201 (NO_AP_FOUND). Retrying connection...

[REDACTED SENSITIVE LINE]

W (1715851) WIFI: Disconnected from AP, reason=201 (NO_AP_FOUND). Retrying connection...

[REDACTED SENSITIVE LINE]

W (1718271) WIFI: Disconnected from AP, reason=201 (NO_AP_FOUND). Retrying connection...

[REDACTED SENSITIVE LINE]

W (1720691) WIFI: Disconnected from AP, reason=201 (NO_AP_FOUND). Retrying connection...

[REDACTED SENSITIVE LINE]

W (1723111) WIFI: Disconnected from AP, reason=201 (NO_AP_FOUND). Retrying connection...

[REDACTED SENSITIVE LINE]

W (1725541) WIFI: Disconnected from AP, reason=201 (NO_AP_FOUND). Retrying connection...

[REDACTED SENSITIVE LINE]

W (1727961) WIFI: Disconnected from AP, reason=201 (NO_AP_FOUND). Retrying connection...

[REDACTED SENSITIVE LINE]

W (1730381) WIFI: Disconnected from AP, reason=201 (NO_AP_FOUND). Retrying connection...

[REDACTED SENSITIVE LINE]

W (1732801) WIFI: Disconnected from AP, reason=201 (NO_AP_FOUND). Retrying connection...

[REDACTED SENSITIVE LINE]

W (1735221) WIFI: Disconnected from AP, reason=201 (NO_AP_FOUND). Retrying connection...

[REDACTED SENSITIVE LINE]

W (1737641) WIFI: Disconnected from AP, reason=201 (NO_AP_FOUND). Retrying connection...

[REDACTED SENSITIVE LINE]

W (1740061) WIFI: Disconnected from AP, reason=201 (NO_AP_FOUND). Retrying connection...

[REDACTED SENSITIVE LINE]

W (1742481) WIFI: Disconnected from AP, reason=201 (NO_AP_FOUND). Retrying connection...

[REDACTED SENSITIVE LINE]

W (1744901) WIFI: Disconnected from AP, reason=201 (NO_AP_FOUND). Retrying connection...

[REDACTED SENSITIVE LINE]

W (1747321) WIFI: Disconnected from AP, reason=201 (NO_AP_FOUND). Retrying connection...

[REDACTED SENSITIVE LINE]

W (1749751) WIFI: Disconnected from AP, reason=201 (NO_AP_FOUND). Retrying connection...

[REDACTED SENSITIVE LINE]

W (1752171) WIFI: Disconnected from AP, reason=201 (NO_AP_FOUND). Retrying connection...

[REDACTED SENSITIVE LINE]

W (1754591) WIFI: Disconnected from AP, reason=201 (NO_AP_FOUND). Retrying connection...

[REDACTED SENSITIVE LINE]

W (1757011) WIFI: Disconnected from AP, reason=201 (NO_AP_FOUND). Retrying connection...

[REDACTED SENSITIVE LINE]

W (1759431) WIFI: Disconnected from AP, reason=201 (NO_AP_FOUND). Retrying connection...

[REDACTED SENSITIVE LINE]

W (1761851) WIFI: Disconnected from AP, reason=201 (NO_AP_FOUND). Retrying connection...

[REDACTED SENSITIVE LINE]

W (1764271) WIFI: Disconnected from AP, reason=201 (NO_AP_FOUND). Retrying connection...

[REDACTED SENSITIVE LINE]

W (1766691) WIFI: Disconnected from AP, reason=201 (NO_AP_FOUND). Retrying connection...

[REDACTED SENSITIVE LINE]

W (1769111) WIFI: Disconnected from AP, reason=201 (NO_AP_FOUND). Retrying connection...

[REDACTED SENSITIVE LINE]

W (1771531) WIFI: Disconnected from AP, reason=201 (NO_AP_FOUND). Retrying connection...

[REDACTED SENSITIVE LINE]

W (1773961) WIFI: Disconnected from AP, reason=201 (NO_AP_FOUND). Retrying connection...

[REDACTED SENSITIVE LINE]

W (1776381) WIFI: Disconnected from AP, reason=201 (NO_AP_FOUND). Retrying connection...

[REDACTED SENSITIVE LINE]

W (1778801) WIFI: Disconnected from AP, reason=201 (NO_AP_FOUND). Retrying connection...

[REDACTED SENSITIVE LINE]

W (1781221) WIFI: Disconnected from AP, reason=201 (NO_AP_FOUND). Retrying connection...

[REDACTED SENSITIVE LINE]

W (1783641) WIFI: Disconnected from AP, reason=201 (NO_AP_FOUND). Retrying connection...

[REDACTED SENSITIVE LINE]

W (1786061) WIFI: Disconnected from AP, reason=201 (NO_AP_FOUND). Retrying connection...

[REDACTED SENSITIVE LINE]

W (1788481) WIFI: Disconnected from AP, reason=201 (NO_AP_FOUND). Retrying connection...

[REDACTED SENSITIVE LINE]

W (1790901) WIFI: Disconnected from AP, reason=201 (NO_AP_FOUND). Retrying connection...

[REDACTED SENSITIVE LINE]

W (1793321) WIFI: Disconnected from AP, reason=201 (NO_AP_FOUND). Retrying connection...

[REDACTED SENSITIVE LINE]

W (1795751) WIFI: Disconnected from AP, reason=201 (NO_AP_FOUND). Retrying connection...

[REDACTED SENSITIVE LINE]

W (1798171) WIFI: Disconnected from AP, reason=201 (NO_AP_FOUND). Retrying connection...

[REDACTED SENSITIVE LINE]

W (1800591) WIFI: Disconnected from AP, reason=201 (NO_AP_FOUND). Retrying connection...

[REDACTED SENSITIVE LINE]

W (1803011) WIFI: Disconnected from AP, reason=201 (NO_AP_FOUND). Retrying connection...

[REDACTED SENSITIVE LINE]

W (1805431) WIFI: Disconnected from AP, reason=201 (NO_AP_FOUND). Retrying connection...

[REDACTED SENSITIVE LINE]

W (1807851) WIFI: Disconnected from AP, reason=201 (NO_AP_FOUND). Retrying connection...

[REDACTED SENSITIVE LINE]

W (1810271) WIFI: Disconnected from AP, reason=201 (NO_AP_FOUND). Retrying connection...

[REDACTED SENSITIVE LINE]

W (1812691) WIFI: Disconnected from AP, reason=201 (NO_AP_FOUND). Retrying connection...

[REDACTED SENSITIVE LINE]

W (1815111) WIFI: Disconnected from AP, reason=201 (NO_AP_FOUND). Retrying connection...

[REDACTED SENSITIVE LINE]

W (1817531) WIFI: Disconnected from AP, reason=201 (NO_AP_FOUND). Retrying connection...

[REDACTED SENSITIVE LINE]

I (1818901) NETWORK: NETWORK_TIME_SYNCED_BIT cleared before=0x0 after=0x0

W (1818901) WIFI: Lost IP address

W (1819961) WIFI: Disconnected from AP, reason=201 (NO_AP_FOUND). Retrying connection...

[REDACTED SENSITIVE LINE]

W (1822381) WIFI: Disconnected from AP, reason=201 (NO_AP_FOUND). Retrying connection...

[REDACTED SENSITIVE LINE]

W (1824801) WIFI: Disconnected from AP, reason=201 (NO_AP_FOUND). Retrying connection...

[REDACTED SENSITIVE LINE]

W (1827221) WIFI: Disconnected from AP, reason=201 (NO_AP_FOUND). Retrying connection...

[REDACTED SENSITIVE LINE]

W (1829641) WIFI: Disconnected from AP, reason=201 (NO_AP_FOUND). Retrying connection...

[REDACTED SENSITIVE LINE]

W (1832061) WIFI: Disconnected from AP, reason=201 (NO_AP_FOUND). Retrying connection...

[REDACTED SENSITIVE LINE]

W (1834481) WIFI: Disconnected from AP, reason=201 (NO_AP_FOUND). Retrying connection...

[REDACTED SENSITIVE LINE]

W (1836901) WIFI: Disconnected from AP, reason=201 (NO_AP_FOUND). Retrying connection...

[REDACTED SENSITIVE LINE]

W (1839321) WIFI: Disconnected from AP, reason=201 (NO_AP_FOUND). Retrying connection...

[REDACTED SENSITIVE LINE]

W (1841751) WIFI: Disconnected from AP, reason=201 (NO_AP_FOUND). Retrying connection...

[REDACTED SENSITIVE LINE]

W (1844171) WIFI: Disconnected from AP, reason=201 (NO_AP_FOUND). Retrying connection...

[REDACTED SENSITIVE LINE]

W (1846591) WIFI: Disconnected from AP, reason=201 (NO_AP_FOUND). Retrying connection...

[REDACTED SENSITIVE LINE]

W (1849011) WIFI: Disconnected from AP, reason=201 (NO_AP_FOUND). Retrying connection...

[REDACTED SENSITIVE LINE]

W (1851431) WIFI: Disconnected from AP, reason=201 (NO_AP_FOUND). Retrying connection...

[REDACTED SENSITIVE LINE]

W (1853851) WIFI: Disconnected from AP, reason=201 (NO_AP_FOUND). Retrying connection...

[REDACTED SENSITIVE LINE]

W (1856271) WIFI: Disconnected from AP, reason=201 (NO_AP_FOUND). Retrying connection...

[REDACTED SENSITIVE LINE]

W (1858691) WIFI: Disconnected from AP, reason=201 (NO_AP_FOUND). Retrying connection...

[REDACTED SENSITIVE LINE]

W (1861111) WIFI: Disconnected from AP, reason=201 (NO_AP_FOUND). Retrying connection...

[REDACTED SENSITIVE LINE]

W (1863531) WIFI: Disconnected from AP, reason=201 (NO_AP_FOUND). Retrying connection...

[REDACTED SENSITIVE LINE]

W (1865961) WIFI: Disconnected from AP, reason=201 (NO_AP_FOUND). Retrying connection...

[REDACTED SENSITIVE LINE]

W (1868381) WIFI: Disconnected from AP, reason=201 (NO_AP_FOUND). Retrying connection...

[REDACTED SENSITIVE LINE]

W (1870801) WIFI: Disconnected from AP, reason=201 (NO_AP_FOUND). Retrying connection...

[REDACTED SENSITIVE LINE]

W (1873221) WIFI: Disconnected from AP, reason=201 (NO_AP_FOUND). Retrying connection...

[REDACTED SENSITIVE LINE]

W (1875641) WIFI: Disconnected from AP, reason=201 (NO_AP_FOUND). Retrying connection...

[REDACTED SENSITIVE LINE]

W (1878061) WIFI: Disconnected from AP, reason=201 (NO_AP_FOUND). Retrying connection...

[REDACTED SENSITIVE LINE]

W (1880481) WIFI: Disconnected from AP, reason=201 (NO_AP_FOUND). Retrying connection...

[REDACTED SENSITIVE LINE]

W (1882901) WIFI: Disconnected from AP, reason=201 (NO_AP_FOUND). Retrying connection...

[REDACTED SENSITIVE LINE]

W (1885321) WIFI: Disconnected from AP, reason=201 (NO_AP_FOUND). Retrying connection...

[REDACTED SENSITIVE LINE]

W (1887751) WIFI: Disconnected from AP, reason=201 (NO_AP_FOUND). Retrying connection...

[REDACTED SENSITIVE LINE]

W (1890171) WIFI: Disconnected from AP, reason=201 (NO_AP_FOUND). Retrying connection...

[REDACTED SENSITIVE LINE]

W (1892591) WIFI: Disconnected from AP, reason=201 (NO_AP_FOUND). Retrying connection...

[REDACTED SENSITIVE LINE]

W (1895011) WIFI: Disconnected from AP, reason=201 (NO_AP_FOUND). Retrying connection...

[REDACTED SENSITIVE LINE]

W (1897431) WIFI: Disconnected from AP, reason=201 (NO_AP_FOUND). Retrying connection...

[REDACTED SENSITIVE LINE]

W (1899851) WIFI: Disconnected from AP, reason=201 (NO_AP_FOUND). Retrying connection...

[REDACTED SENSITIVE LINE]

W (1902271) WIFI: Disconnected from AP, reason=201 (NO_AP_FOUND). Retrying connection...

[REDACTED SENSITIVE LINE]

W (1904691) WIFI: Disconnected from AP, reason=201 (NO_AP_FOUND). Retrying connection...

[REDACTED SENSITIVE LINE]

W (1907111) WIFI: Disconnected from AP, reason=201 (NO_AP_FOUND). Retrying connection...

[REDACTED SENSITIVE LINE]

W (1909531) WIFI: Disconnected from AP, reason=201 (NO_AP_FOUND). Retrying connection...

[REDACTED SENSITIVE LINE]

W (1911951) WIFI: Disconnected from AP, reason=201 (NO_AP_FOUND). Retrying connection...

[REDACTED SENSITIVE LINE]

W (1914381) WIFI: Disconnected from AP, reason=201 (NO_AP_FOUND). Retrying connection...

[REDACTED SENSITIVE LINE]

W (1916801) WIFI: Disconnected from AP, reason=201 (NO_AP_FOUND). Retrying connection...

[REDACTED SENSITIVE LINE]

W (1919221) WIFI: Disconnected from AP, reason=201 (NO_AP_FOUND). Retrying connection...

[REDACTED SENSITIVE LINE]

W (1921641) WIFI: Disconnected from AP, reason=201 (NO_AP_FOUND). Retrying connection...

[REDACTED SENSITIVE LINE]

W (1924061) WIFI: Disconnected from AP, reason=201 (NO_AP_FOUND). Retrying connection...

[REDACTED SENSITIVE LINE]

W (1926481) WIFI: Disconnected from AP, reason=201 (NO_AP_FOUND). Retrying connection...

[REDACTED SENSITIVE LINE]

W (1928901) WIFI: Disconnected from AP, reason=201 (NO_AP_FOUND). Retrying connection...

[REDACTED SENSITIVE LINE]

W (1931321) WIFI: Disconnected from AP, reason=201 (NO_AP_FOUND). Retrying connection...

[REDACTED SENSITIVE LINE]

W (1933741) WIFI: Disconnected from AP, reason=201 (NO_AP_FOUND). Retrying connection...

[REDACTED SENSITIVE LINE]

W (1936171) WIFI: Disconnected from AP, reason=201 (NO_AP_FOUND). Retrying connection...

[REDACTED SENSITIVE LINE]

W (1938591) WIFI: Disconnected from AP, reason=201 (NO_AP_FOUND). Retrying connection...

[REDACTED SENSITIVE LINE]

I (1939961) NETWORK: NETWORK_TIME_SYNCED_BIT cleared before=0x0 after=0x0

W (1939961) WIFI: Lost IP address

W (1941011) WIFI: Disconnected from AP, reason=201 (NO_AP_FOUND). Retrying connection...

[REDACTED SENSITIVE LINE]

W (1943431) WIFI: Disconnected from AP, reason=201 (NO_AP_FOUND). Retrying connection...

[REDACTED SENSITIVE LINE]

W (1945851) WIFI: Disconnected from AP, reason=201 (NO_AP_FOUND). Retrying connection...

[REDACTED SENSITIVE LINE]

W (1948271) WIFI: Disconnected from AP, reason=201 (NO_AP_FOUND). Retrying connection...

[REDACTED SENSITIVE LINE]

W (1950691) WIFI: Disconnected from AP, reason=201 (NO_AP_FOUND). Retrying connection...

[REDACTED SENSITIVE LINE]

W (1953111) WIFI: Disconnected from AP, reason=201 (NO_AP_FOUND). Retrying connection...

[REDACTED SENSITIVE LINE]

W (1955531) WIFI: Disconnected from AP, reason=201 (NO_AP_FOUND). Retrying connection...

[REDACTED SENSITIVE LINE]

W (1957951) WIFI: Disconnected from AP, reason=201 (NO_AP_FOUND). Retrying connection...

[REDACTED SENSITIVE LINE]

W (1960381) WIFI: Disconnected from AP, reason=201 (NO_AP_FOUND). Retrying connection...

[REDACTED SENSITIVE LINE]

W (1962801) WIFI: Disconnected from AP, reason=201 (NO_AP_FOUND). Retrying connection...

[REDACTED SENSITIVE LINE]

W (1965221) WIFI: Disconnected from AP, reason=201 (NO_AP_FOUND). Retrying connection...

[REDACTED SENSITIVE LINE]

W (1967641) WIFI: Disconnected from AP, reason=201 (NO_AP_FOUND). Retrying connection...

[REDACTED SENSITIVE LINE]

W (1970061) WIFI: Disconnected from AP, reason=201 (NO_AP_FOUND). Retrying connection...

[REDACTED SENSITIVE LINE]

W (1972481) WIFI: Disconnected from AP, reason=201 (NO_AP_FOUND). Retrying connection...

[REDACTED SENSITIVE LINE]

W (1974901) WIFI: Disconnected from AP, reason=201 (NO_AP_FOUND). Retrying connection...

[REDACTED SENSITIVE LINE]

W (1977321) WIFI: Disconnected from AP, reason=201 (NO_AP_FOUND). Retrying connection...

[REDACTED SENSITIVE LINE]

W (1979741) WIFI: Disconnected from AP, reason=201 (NO_AP_FOUND). Retrying connection...

[REDACTED SENSITIVE LINE]

W (1982161) WIFI: Disconnected from AP, reason=201 (NO_AP_FOUND). Retrying connection...

[REDACTED SENSITIVE LINE]

W (1984591) WIFI: Disconnected from AP, reason=201 (NO_AP_FOUND). Retrying connection...

[REDACTED SENSITIVE LINE]

W (1987011) WIFI: Disconnected from AP, reason=201 (NO_AP_FOUND). Retrying connection...

[REDACTED SENSITIVE LINE]

W (1989431) WIFI: Disconnected from AP, reason=201 (NO_AP_FOUND). Retrying connection...

[REDACTED SENSITIVE LINE]

W (1991851) WIFI: Disconnected from AP, reason=201 (NO_AP_FOUND). Retrying connection...

[REDACTED SENSITIVE LINE]

W (1994271) WIFI: Disconnected from AP, reason=201 (NO_AP_FOUND). Retrying connection...

[REDACTED SENSITIVE LINE]

W (1996691) WIFI: Disconnected from AP, reason=201 (NO_AP_FOUND). Retrying connection...

[REDACTED SENSITIVE LINE]

W (1999111) WIFI: Disconnected from AP, reason=201 (NO_AP_FOUND). Retrying connection...

[REDACTED SENSITIVE LINE]

W (2001531) WIFI: Disconnected from AP, reason=201 (NO_AP_FOUND). Retrying connection...

[REDACTED SENSITIVE LINE]

W (2003951) WIFI: Disconnected from AP, reason=201 (NO_AP_FOUND). Retrying connection...

[REDACTED SENSITIVE LINE]

W (2006371) WIFI: Disconnected from AP, reason=201 (NO_AP_FOUND). Retrying connection...

[REDACTED SENSITIVE LINE]

W (2008801) WIFI: Disconnected from AP, reason=201 (NO_AP_FOUND). Retrying connection...

[REDACTED SENSITIVE LINE]

W (2011221) WIFI: Disconnected from AP, reason=201 (NO_AP_FOUND). Retrying connection...

[REDACTED SENSITIVE LINE]

W (2013641) WIFI: Disconnected from AP, reason=201 (NO_AP_FOUND). Retrying connection...

[REDACTED SENSITIVE LINE]

W (2016061) WIFI: Disconnected from AP, reason=201 (NO_AP_FOUND). Retrying connection...

[REDACTED SENSITIVE LINE]

W (2018481) WIFI: Disconnected from AP, reason=201 (NO_AP_FOUND). Retrying connection...

[REDACTED SENSITIVE LINE]

W (2020901) WIFI: Disconnected from AP, reason=201 (NO_AP_FOUND). Retrying connection...

[REDACTED SENSITIVE LINE]

W (2023321) WIFI: Disconnected from AP, reason=201 (NO_AP_FOUND). Retrying connection...

[REDACTED SENSITIVE LINE]

W (2025741) WIFI: Disconnected from AP, reason=201 (NO_AP_FOUND). Retrying connection...

[REDACTED SENSITIVE LINE]

W (2028161) WIFI: Disconnected from AP, reason=201 (NO_AP_FOUND). Retrying connection...

[REDACTED SENSITIVE LINE]

W (2030591) WIFI: Disconnected from AP, reason=201 (NO_AP_FOUND). Retrying connection...

[REDACTED SENSITIVE LINE]

W (2033011) WIFI: Disconnected from AP, reason=201 (NO_AP_FOUND). Retrying connection...

[REDACTED SENSITIVE LINE]

W (2035431) WIFI: Disconnected from AP, reason=201 (NO_AP_FOUND). Retrying connection...

[REDACTED SENSITIVE LINE]

W (2037851) WIFI: Disconnected from AP, reason=201 (NO_AP_FOUND). Retrying connection...

[REDACTED SENSITIVE LINE]

W (2040271) WIFI: Disconnected from AP, reason=201 (NO_AP_FOUND). Retrying connection...

[REDACTED SENSITIVE LINE]

W (2042691) WIFI: Disconnected from AP, reason=201 (NO_AP_FOUND). Retrying connection...

[REDACTED SENSITIVE LINE]

W (2045111) WIFI: Disconnected from AP, reason=201 (NO_AP_FOUND). Retrying connection...

[REDACTED SENSITIVE LINE]

W (2047531) WIFI: Disconnected from AP, reason=201 (NO_AP_FOUND). Retrying connection...

[REDACTED SENSITIVE LINE]

W (2049951) WIFI: Disconnected from AP, reason=201 (NO_AP_FOUND). Retrying connection...

[REDACTED SENSITIVE LINE]

W (2052371) WIFI: Disconnected from AP, reason=201 (NO_AP_FOUND). Retrying connection...

[REDACTED SENSITIVE LINE]

W (2054801) WIFI: Disconnected from AP, reason=201 (NO_AP_FOUND). Retrying connection...

[REDACTED SENSITIVE LINE]

W (2057221) WIFI: Disconnected from AP, reason=201 (NO_AP_FOUND). Retrying connection...

[REDACTED SENSITIVE LINE]

W (2059641) WIFI: Disconnected from AP, reason=201 (NO_AP_FOUND). Retrying connection...

[REDACTED SENSITIVE LINE]

I (2061011) NETWORK: NETWORK_TIME_SYNCED_BIT cleared before=0x0 after=0x0

W (2061011) WIFI: Lost IP address

W (2062061) WIFI: Disconnected from AP, reason=201 (NO_AP_FOUND). Retrying connection...

[REDACTED SENSITIVE LINE]

W (2064481) WIFI: Disconnected from AP, reason=201 (NO_AP_FOUND). Retrying connection...

[REDACTED SENSITIVE LINE]

W (2066901) WIFI: Disconnected from AP, reason=201 (NO_AP_FOUND). Retrying connection...

[REDACTED SENSITIVE LINE]

W (2069321) WIFI: Disconnected from AP, reason=201 (NO_AP_FOUND). Retrying connection...

[REDACTED SENSITIVE LINE]

W (2071741) WIFI: Disconnected from AP, reason=201 (NO_AP_FOUND). Retrying connection...

[REDACTED SENSITIVE LINE]

W (2074161) WIFI: Disconnected from AP, reason=201 (NO_AP_FOUND). Retrying connection...

[REDACTED SENSITIVE LINE]

W (2076581) WIFI: Disconnected from AP, reason=201 (NO_AP_FOUND). Retrying connection...

[REDACTED SENSITIVE LINE]

W (2079011) WIFI: Disconnected from AP, reason=201 (NO_AP_FOUND). Retrying connection...

[REDACTED SENSITIVE LINE]

W (2081431) WIFI: Disconnected from AP, reason=201 (NO_AP_FOUND). Retrying connection...

[REDACTED SENSITIVE LINE]

W (2083851) WIFI: Disconnected from AP, reason=201 (NO_AP_FOUND). Retrying connection...

[REDACTED SENSITIVE LINE]

W (2086271) WIFI: Disconnected from AP, reason=201 (NO_AP_FOUND). Retrying connection...

[REDACTED SENSITIVE LINE]

W (2088691) WIFI: Disconnected from AP, reason=201 (NO_AP_FOUND). Retrying connection...

[REDACTED SENSITIVE LINE]

W (2091111) WIFI: Disconnected from AP, reason=201 (NO_AP_FOUND). Retrying connection...

[REDACTED SENSITIVE LINE]

W (2093531) WIFI: Disconnected from AP, reason=201 (NO_AP_FOUND). Retrying connection...

[REDACTED SENSITIVE LINE]

W (2095951) WIFI: Disconnected from AP, reason=201 (NO_AP_FOUND). Retrying connection...

[REDACTED SENSITIVE LINE]

W (2098371) WIFI: Disconnected from AP, reason=201 (NO_AP_FOUND). Retrying connection...

[REDACTED SENSITIVE LINE]

W (2100801) WIFI: Disconnected from AP, reason=201 (NO_AP_FOUND). Retrying connection...

[REDACTED SENSITIVE LINE]

W (2103221) WIFI: Disconnected from AP, reason=201 (NO_AP_FOUND). Retrying connection...

[REDACTED SENSITIVE LINE]

W (2105641) WIFI: Disconnected from AP, reason=201 (NO_AP_FOUND). Retrying connection...

[REDACTED SENSITIVE LINE]

W (2108061) WIFI: Disconnected from AP, reason=201 (NO_AP_FOUND). Retrying connection...

[REDACTED SENSITIVE LINE]

W (2110481) WIFI: Disconnected from AP, reason=201 (NO_AP_FOUND). Retrying connection...

[REDACTED SENSITIVE LINE]

W (2112901) WIFI: Disconnected from AP, reason=201 (NO_AP_FOUND). Retrying connection...

[REDACTED SENSITIVE LINE]

W (2115321) WIFI: Disconnected from AP, reason=201 (NO_AP_FOUND). Retrying connection...

[REDACTED SENSITIVE LINE]

W (2117741) WIFI: Disconnected from AP, reason=201 (NO_AP_FOUND). Retrying connection...

[REDACTED SENSITIVE LINE]

W (2120161) WIFI: Disconnected from AP, reason=201 (NO_AP_FOUND). Retrying connection...

[REDACTED SENSITIVE LINE]

W (2122581) WIFI: Disconnected from AP, reason=201 (NO_AP_FOUND). Retrying connection...

[REDACTED SENSITIVE LINE]

W (2125011) WIFI: Disconnected from AP, reason=201 (NO_AP_FOUND). Retrying connection...

[REDACTED SENSITIVE LINE]

W (2127431) WIFI: Disconnected from AP, reason=201 (NO_AP_FOUND). Retrying connection...

[REDACTED SENSITIVE LINE]

W (2129851) WIFI: Disconnected from AP, reason=201 (NO_AP_FOUND). Retrying connection...

[REDACTED SENSITIVE LINE]

W (2132271) WIFI: Disconnected from AP, reason=201 (NO_AP_FOUND). Retrying connection...

[REDACTED SENSITIVE LINE]

W (2134691) WIFI: Disconnected from AP, reason=201 (NO_AP_FOUND). Retrying connection...

[REDACTED SENSITIVE LINE]

W (2137111) WIFI: Disconnected from AP, reason=201 (NO_AP_FOUND). Retrying connection...

[REDACTED SENSITIVE LINE]

W (2139531) WIFI: Disconnected from AP, reason=201 (NO_AP_FOUND). Retrying connection...

[REDACTED SENSITIVE LINE]

W (2141951) WIFI: Disconnected from AP, reason=201 (NO_AP_FOUND). Retrying connection...

[REDACTED SENSITIVE LINE]

W (2144371) WIFI: Disconnected from AP, reason=201 (NO_AP_FOUND). Retrying connection...

[REDACTED SENSITIVE LINE]

W (2146791) WIFI: Disconnected from AP, reason=201 (NO_AP_FOUND). Retrying connection...

[REDACTED SENSITIVE LINE]

W (2149221) WIFI: Disconnected from AP, reason=201 (NO_AP_FOUND). Retrying connection...

[REDACTED SENSITIVE LINE]

W (2151641) WIFI: Disconnected from AP, reason=201 (NO_AP_FOUND). Retrying connection...

[REDACTED SENSITIVE LINE]

W (2154061) WIFI: Disconnected from AP, reason=201 (NO_AP_FOUND). Retrying connection...

[REDACTED SENSITIVE LINE]

W (2156481) WIFI: Disconnected from AP, reason=201 (NO_AP_FOUND). Retrying connection...

[REDACTED SENSITIVE LINE]

W (2158901) WIFI: Disconnected from AP, reason=201 (NO_AP_FOUND). Retrying connection...

[REDACTED SENSITIVE LINE]

W (2161321) WIFI: Disconnected from AP, reason=201 (NO_AP_FOUND). Retrying connection...

[REDACTED SENSITIVE LINE]

W (2163741) WIFI: Disconnected from AP, reason=201 (NO_AP_FOUND). Retrying connection...

[REDACTED SENSITIVE LINE]

W (2166161) WIFI: Disconnected from AP, reason=201 (NO_AP_FOUND). Retrying connection...

[REDACTED SENSITIVE LINE]

W (2168581) WIFI: Disconnected from AP, reason=201 (NO_AP_FOUND). Retrying connection...

[REDACTED SENSITIVE LINE]

W (2171011) WIFI: Disconnected from AP, reason=201 (NO_AP_FOUND). Retrying connection...

[REDACTED SENSITIVE LINE]

W (2173431) WIFI: Disconnected from AP, reason=201 (NO_AP_FOUND). Retrying connection...

[REDACTED SENSITIVE LINE]

W (2175851) WIFI: Disconnected from AP, reason=201 (NO_AP_FOUND). Retrying connection...

[REDACTED SENSITIVE LINE]

W (2178271) WIFI: Disconnected from AP, reason=201 (NO_AP_FOUND). Retrying connection...

[REDACTED SENSITIVE LINE]

W (2180691) WIFI: Disconnected from AP, reason=201 (NO_AP_FOUND). Retrying connection...

[REDACTED SENSITIVE LINE]

I (2182061) NETWORK: NETWORK_TIME_SYNCED_BIT cleared before=0x0 after=0x0

W (2182061) WIFI: Lost IP address

W (2183111) WIFI: Disconnected from AP, reason=201 (NO_AP_FOUND). Retrying connection...

[REDACTED SENSITIVE LINE]

W (2185531) WIFI: Disconnected from AP, reason=201 (NO_AP_FOUND). Retrying connection...

[REDACTED SENSITIVE LINE]

W (2187951) WIFI: Disconnected from AP, reason=201 (NO_AP_FOUND). Retrying connection...

[REDACTED SENSITIVE LINE]

W (2190371) WIFI: Disconnected from AP, reason=201 (NO_AP_FOUND). Retrying connection...

[REDACTED SENSITIVE LINE]

W (2192801) WIFI: Disconnected from AP, reason=201 (NO_AP_FOUND). Retrying connection...

[REDACTED SENSITIVE LINE]

W (2195221) WIFI: Disconnected from AP, reason=201 (NO_AP_FOUND). Retrying connection...

[REDACTED SENSITIVE LINE]

W (2197641) WIFI: Disconnected from AP, reason=201 (NO_AP_FOUND). Retrying connection...

[REDACTED SENSITIVE LINE]

W (2200061) WIFI: Disconnected from AP, reason=201 (NO_AP_FOUND). Retrying connection...

[REDACTED SENSITIVE LINE]

W (2202481) WIFI: Disconnected from AP, reason=201 (NO_AP_FOUND). Retrying connection...

[REDACTED SENSITIVE LINE]

W (2204901) WIFI: Disconnected from AP, reason=201 (NO_AP_FOUND). Retrying connection...

[REDACTED SENSITIVE LINE]

W (2207321) WIFI: Disconnected from AP, reason=201 (NO_AP_FOUND). Retrying connection...

[REDACTED SENSITIVE LINE]

W (2209741) WIFI: Disconnected from AP, reason=201 (NO_AP_FOUND). Retrying connection...

[REDACTED SENSITIVE LINE]

W (2212161) WIFI: Disconnected from AP, reason=201 (NO_AP_FOUND). Retrying connection...

[REDACTED SENSITIVE LINE]

W (2214581) WIFI: Disconnected from AP, reason=201 (NO_AP_FOUND). Retrying connection...

[REDACTED SENSITIVE LINE]

W (2217011) WIFI: Disconnected from AP, reason=201 (NO_AP_FOUND). Retrying connection...

[REDACTED SENSITIVE LINE]

W (2219431) WIFI: Disconnected from AP, reason=201 (NO_AP_FOUND). Retrying connection...

[REDACTED SENSITIVE LINE]

W (2221851) WIFI: Disconnected from AP, reason=201 (NO_AP_FOUND). Retrying connection...

[REDACTED SENSITIVE LINE]

W (2224271) WIFI: Disconnected from AP, reason=201 (NO_AP_FOUND). Retrying connection...

[REDACTED SENSITIVE LINE]

W (2226691) WIFI: Disconnected from AP, reason=201 (NO_AP_FOUND). Retrying connection...

[REDACTED SENSITIVE LINE]

W (2229111) WIFI: Disconnected from AP, reason=201 (NO_AP_FOUND). Retrying connection...

[REDACTED SENSITIVE LINE]

W (2231531) WIFI: Disconnected from AP, reason=201 (NO_AP_FOUND). Retrying connection...

[REDACTED SENSITIVE LINE]

W (2233951) WIFI: Disconnected from AP, reason=201 (NO_AP_FOUND). Retrying connection...

[REDACTED SENSITIVE LINE]

W (2236371) WIFI: Disconnected from AP, reason=201 (NO_AP_FOUND). Retrying connection...

[REDACTED SENSITIVE LINE]

W (2238801) WIFI: Disconnected from AP, reason=201 (NO_AP_FOUND). Retrying connection...

[REDACTED SENSITIVE LINE]

W (2241221) WIFI: Disconnected from AP, reason=201 (NO_AP_FOUND). Retrying connection...

[REDACTED SENSITIVE LINE]

W (2243641) WIFI: Disconnected from AP, reason=201 (NO_AP_FOUND). Retrying connection...

[REDACTED SENSITIVE LINE]

W (2246061) WIFI: Disconnected from AP, reason=201 (NO_AP_FOUND). Retrying connection...

[REDACTED SENSITIVE LINE]

W (2248481) WIFI: Disconnected from AP, reason=201 (NO_AP_FOUND). Retrying connection...

[REDACTED SENSITIVE LINE]

W (2250901) WIFI: Disconnected from AP, reason=201 (NO_AP_FOUND). Retrying connection...

[REDACTED SENSITIVE LINE]

W (2253321) WIFI: Disconnected from AP, reason=201 (NO_AP_FOUND). Retrying connection...

[REDACTED SENSITIVE LINE]

W (2255741) WIFI: Disconnected from AP, reason=201 (NO_AP_FOUND). Retrying connection...

[REDACTED SENSITIVE LINE]

W (2258161) WIFI: Disconnected from AP, reason=201 (NO_AP_FOUND). Retrying connection...

[REDACTED SENSITIVE LINE]

W (2260591) WIFI: Disconnected from AP, reason=201 (NO_AP_FOUND). Retrying connection...

[REDACTED SENSITIVE LINE]

W (2263011) WIFI: Disconnected from AP, reason=201 (NO_AP_FOUND). Retrying connection...

[REDACTED SENSITIVE LINE]

W (2265431) WIFI: Disconnected from AP, reason=201 (NO_AP_FOUND). Retrying connection...

[REDACTED SENSITIVE LINE]

W (2267851) WIFI: Disconnected from AP, reason=201 (NO_AP_FOUND). Retrying connection...

[REDACTED SENSITIVE LINE]

W (2270271) WIFI: Disconnected from AP, reason=201 (NO_AP_FOUND). Retrying connection...

[REDACTED SENSITIVE LINE]

W (2272691) WIFI: Disconnected from AP, reason=201 (NO_AP_FOUND). Retrying connection...

[REDACTED SENSITIVE LINE]

W (2275111) WIFI: Disconnected from AP, reason=201 (NO_AP_FOUND). Retrying connection...

[REDACTED SENSITIVE LINE]

W (2277531) WIFI: Disconnected from AP, reason=201 (NO_AP_FOUND). Retrying connection...

[REDACTED SENSITIVE LINE]

W (2279951) WIFI: Disconnected from AP, reason=201 (NO_AP_FOUND). Retrying connection...

[REDACTED SENSITIVE LINE]

W (2282381) WIFI: Disconnected from AP, reason=201 (NO_AP_FOUND). Retrying connection...

[REDACTED SENSITIVE LINE]

W (2284801) WIFI: Disconnected from AP, reason=201 (NO_AP_FOUND). Retrying connection...

[REDACTED SENSITIVE LINE]

W (2287221) WIFI: Disconnected from AP, reason=201 (NO_AP_FOUND). Retrying connection...

[REDACTED SENSITIVE LINE]

W (2289641) WIFI: Disconnected from AP, reason=201 (NO_AP_FOUND). Retrying connection...

[REDACTED SENSITIVE LINE]

W (2292061) WIFI: Disconnected from AP, reason=201 (NO_AP_FOUND). Retrying connection...

[REDACTED SENSITIVE LINE]

W (2294481) WIFI: Disconnected from AP, reason=201 (NO_AP_FOUND). Retrying connection...

[REDACTED SENSITIVE LINE]

W (2296901) WIFI: Disconnected from AP, reason=201 (NO_AP_FOUND). Retrying connection...

[REDACTED SENSITIVE LINE]

W (2299321) WIFI: Disconnected from AP, reason=201 (NO_AP_FOUND). Retrying connection...

[REDACTED SENSITIVE LINE]

W (2301741) WIFI: Disconnected from AP, reason=201 (NO_AP_FOUND). Retrying connection...

[REDACTED SENSITIVE LINE]

I (2303111) NETWORK: NETWORK_TIME_SYNCED_BIT cleared before=0x0 after=0x0

W (2303111) WIFI: Lost IP address

W (2304161) WIFI: Disconnected from AP, reason=201 (NO_AP_FOUND). Retrying connection...

[REDACTED SENSITIVE LINE]

W (2306591) WIFI: Disconnected from AP, reason=201 (NO_AP_FOUND). Retrying connection...

[REDACTED SENSITIVE LINE]

W (2309011) WIFI: Disconnected from AP, reason=201 (NO_AP_FOUND). Retrying connection...

[REDACTED SENSITIVE LINE]

W (2311431) WIFI: Disconnected from AP, reason=201 (NO_AP_FOUND). Retrying connection...

[REDACTED SENSITIVE LINE]

W (2313851) WIFI: Disconnected from AP, reason=201 (NO_AP_FOUND). Retrying connection...

[REDACTED SENSITIVE LINE]

W (2316271) WIFI: Disconnected from AP, reason=201 (NO_AP_FOUND). Retrying connection...

[REDACTED SENSITIVE LINE]

W (2318691) WIFI: Disconnected from AP, reason=201 (NO_AP_FOUND). Retrying connection...

[REDACTED SENSITIVE LINE]

W (2321111) WIFI: Disconnected from AP, reason=201 (NO_AP_FOUND). Retrying connection...

[REDACTED SENSITIVE LINE]

W (2323531) WIFI: Disconnected from AP, reason=201 (NO_AP_FOUND). Retrying connection...

[REDACTED SENSITIVE LINE]

W (2325951) WIFI: Disconnected from AP, reason=201 (NO_AP_FOUND). Retrying connection...

[REDACTED SENSITIVE LINE]

W (2328371) WIFI: Disconnected from AP, reason=201 (NO_AP_FOUND). Retrying connection...

[REDACTED SENSITIVE LINE]

W (2330801) WIFI: Disconnected from AP, reason=201 (NO_AP_FOUND). Retrying connection...

[REDACTED SENSITIVE LINE]

W (2333221) WIFI: Disconnected from AP, reason=201 (NO_AP_FOUND). Retrying connection...

[REDACTED SENSITIVE LINE]

W (2335641) WIFI: Disconnected from AP, reason=201 (NO_AP_FOUND). Retrying connection...

[REDACTED SENSITIVE LINE]

W (2338061) WIFI: Disconnected from AP, reason=201 (NO_AP_FOUND). Retrying connection...

[REDACTED SENSITIVE LINE]

W (2340481) WIFI: Disconnected from AP, reason=201 (NO_AP_FOUND). Retrying connection...

[REDACTED SENSITIVE LINE]

W (2342901) WIFI: Disconnected from AP, reason=201 (NO_AP_FOUND). Retrying connection...

[REDACTED SENSITIVE LINE]

W (2345321) WIFI: Disconnected from AP, reason=201 (NO_AP_FOUND). Retrying connection...

[REDACTED SENSITIVE LINE]

W (2347741) WIFI: Disconnected from AP, reason=201 (NO_AP_FOUND). Retrying connection...

[REDACTED SENSITIVE LINE]

W (2350161) WIFI: Disconnected from AP, reason=201 (NO_AP_FOUND). Retrying connection...

[REDACTED SENSITIVE LINE]

W (2352591) WIFI: Disconnected from AP, reason=201 (NO_AP_FOUND). Retrying connection...

[REDACTED SENSITIVE LINE]

W (2355011) WIFI: Disconnected from AP, reason=201 (NO_AP_FOUND). Retrying connection...

[REDACTED SENSITIVE LINE]

W (2357431) WIFI: Disconnected from AP, reason=201 (NO_AP_FOUND). Retrying connection...

[REDACTED SENSITIVE LINE]

W (2359851) WIFI: Disconnected from AP, reason=201 (NO_AP_FOUND). Retrying connection...

[REDACTED SENSITIVE LINE]

W (2362271) WIFI: Disconnected from AP, reason=201 (NO_AP_FOUND). Retrying connection...

[REDACTED SENSITIVE LINE]

W (2364691) WIFI: Disconnected from AP, reason=201 (NO_AP_FOUND). Retrying connection...

[REDACTED SENSITIVE LINE]

W (2367111) WIFI: Disconnected from AP, reason=201 (NO_AP_FOUND). Retrying connection...

[REDACTED SENSITIVE LINE]

W (2369531) WIFI: Disconnected from AP, reason=201 (NO_AP_FOUND). Retrying connection...

[REDACTED SENSITIVE LINE]

W (2371951) WIFI: Disconnected from AP, reason=201 (NO_AP_FOUND). Retrying connection...

[REDACTED SENSITIVE LINE]

W (2374381) WIFI: Disconnected from AP, reason=201 (NO_AP_FOUND). Retrying connection...

[REDACTED SENSITIVE LINE]

W (2376801) WIFI: Disconnected from AP, reason=201 (NO_AP_FOUND). Retrying connection...

[REDACTED SENSITIVE LINE]

W (2379221) WIFI: Disconnected from AP, reason=201 (NO_AP_FOUND). Retrying connection...

[REDACTED SENSITIVE LINE]

W (2381641) WIFI: Disconnected from AP, reason=201 (NO_AP_FOUND). Retrying connection...

[REDACTED SENSITIVE LINE]

W (2384061) WIFI: Disconnected from AP, reason=201 (NO_AP_FOUND). Retrying connection...

[REDACTED SENSITIVE LINE]

W (2386481) WIFI: Disconnected from AP, reason=201 (NO_AP_FOUND). Retrying connection...

[REDACTED SENSITIVE LINE]

W (2388901) WIFI: Disconnected from AP, reason=201 (NO_AP_FOUND). Retrying connection...

[REDACTED SENSITIVE LINE]

W (2391321) WIFI: Disconnected from AP, reason=201 (NO_AP_FOUND). Retrying connection...

[REDACTED SENSITIVE LINE]

W (2393741) WIFI: Disconnected from AP, reason=201 (NO_AP_FOUND). Retrying connection...

[REDACTED SENSITIVE LINE]

W (2396171) WIFI: Disconnected from AP, reason=201 (NO_AP_FOUND). Retrying connection...

[REDACTED SENSITIVE LINE]

W (2398591) WIFI: Disconnected from AP, reason=201 (NO_AP_FOUND). Retrying connection...

[REDACTED SENSITIVE LINE]

W (2401011) WIFI: Disconnected from AP, reason=201 (NO_AP_FOUND). Retrying connection...

[REDACTED SENSITIVE LINE]

W (2403431) WIFI: Disconnected from AP, reason=201 (NO_AP_FOUND). Retrying connection...

[REDACTED SENSITIVE LINE]

W (2405851) WIFI: Disconnected from AP, reason=201 (NO_AP_FOUND). Retrying connection...

[REDACTED SENSITIVE LINE]

W (2408271) WIFI: Disconnected from AP, reason=201 (NO_AP_FOUND). Retrying connection...

[REDACTED SENSITIVE LINE]

W (2410691) WIFI: Disconnected from AP, reason=201 (NO_AP_FOUND). Retrying connection...

[REDACTED SENSITIVE LINE]

W (2413111) WIFI: Disconnected from AP, reason=201 (NO_AP_FOUND). Retrying connection...

[REDACTED SENSITIVE LINE]

W (2415531) WIFI: Disconnected from AP, reason=201 (NO_AP_FOUND). Retrying connection...

[REDACTED SENSITIVE LINE]

W (2417951) WIFI: Disconnected from AP, reason=201 (NO_AP_FOUND). Retrying connection...

[REDACTED SENSITIVE LINE]

W (2420381) WIFI: Disconnected from AP, reason=201 (NO_AP_FOUND). Retrying connection...

[REDACTED SENSITIVE LINE]

W (2422801) WIFI: Disconnected from AP, reason=201 (NO_AP_FOUND). Retrying connection...

[REDACTED SENSITIVE LINE]

I (2424161) NETWORK: NETWORK_TIME_SYNCED_BIT cleared before=0x0 after=0x0

W (2424161) WIFI: Lost IP address

W (2425221) WIFI: Disconnected from AP, reason=201 (NO_AP_FOUND). Retrying connection...

[REDACTED SENSITIVE LINE]

W (2427641) WIFI: Disconnected from AP, reason=201 (NO_AP_FOUND). Retrying connection...

[REDACTED SENSITIVE LINE]

W (2430061) WIFI: Disconnected from AP, reason=201 (NO_AP_FOUND). Retrying connection...

[REDACTED SENSITIVE LINE]

W (2432481) WIFI: Disconnected from AP, reason=201 (NO_AP_FOUND). Retrying connection...

[REDACTED SENSITIVE LINE]

W (2434901) WIFI: Disconnected from AP, reason=201 (NO_AP_FOUND). Retrying connection...

[REDACTED SENSITIVE LINE]

W (2437321) WIFI: Disconnected from AP, reason=201 (NO_AP_FOUND). Retrying connection...

[REDACTED SENSITIVE LINE]

W (2439751) WIFI: Disconnected from AP, reason=201 (NO_AP_FOUND). Retrying connection...

[REDACTED SENSITIVE LINE]

W (2442171) WIFI: Disconnected from AP, reason=201 (NO_AP_FOUND). Retrying connection...

[REDACTED SENSITIVE LINE]

W (2444591) WIFI: Disconnected from AP, reason=201 (NO_AP_FOUND). Retrying connection...

[REDACTED SENSITIVE LINE]

W (2447011) WIFI: Disconnected from AP, reason=201 (NO_AP_FOUND). Retrying connection...

[REDACTED SENSITIVE LINE]

W (2449431) WIFI: Disconnected from AP, reason=201 (NO_AP_FOUND). Retrying connection...

[REDACTED SENSITIVE LINE]

W (2451851) WIFI: Disconnected from AP, reason=201 (NO_AP_FOUND). Retrying connection...

[REDACTED SENSITIVE LINE]

W (2454271) WIFI: Disconnected from AP, reason=201 (NO_AP_FOUND). Retrying connection...

[REDACTED SENSITIVE LINE]

W (2456691) WIFI: Disconnected from AP, reason=201 (NO_AP_FOUND). Retrying connection...

[REDACTED SENSITIVE LINE]

W (2459111) WIFI: Disconnected from AP, reason=201 (NO_AP_FOUND). Retrying connection...

[REDACTED SENSITIVE LINE]

W (2461541) WIFI: Disconnected from AP, reason=201 (NO_AP_FOUND). Retrying connection...

[REDACTED SENSITIVE LINE]

W (2463961) WIFI: Disconnected from AP, reason=201 (NO_AP_FOUND). Retrying connection...

[REDACTED SENSITIVE LINE]

W (2466381) WIFI: Disconnected from AP, reason=201 (NO_AP_FOUND). Retrying connection...

[REDACTED SENSITIVE LINE]

W (2468801) WIFI: Disconnected from AP, reason=201 (NO_AP_FOUND). Retrying connection...

[REDACTED SENSITIVE LINE]

W (2471221) WIFI: Disconnected from AP, reason=201 (NO_AP_FOUND). Retrying connection...

[REDACTED SENSITIVE LINE]

W (2473641) WIFI: Disconnected from AP, reason=201 (NO_AP_FOUND). Retrying connection...

[REDACTED SENSITIVE LINE]

W (2476061) WIFI: Disconnected from AP, reason=201 (NO_AP_FOUND). Retrying connection...

[REDACTED SENSITIVE LINE]

W (2478481) WIFI: Disconnected from AP, reason=201 (NO_AP_FOUND). Retrying connection...

[REDACTED SENSITIVE LINE]

W (2480901) WIFI: Disconnected from AP, reason=201 (NO_AP_FOUND). Retrying connection...

[REDACTED SENSITIVE LINE]

W (2483321) WIFI: Disconnected from AP, reason=201 (NO_AP_FOUND). Retrying connection...

[REDACTED SENSITIVE LINE]

W (2485751) WIFI: Disconnected from AP, reason=201 (NO_AP_FOUND). Retrying connection...

[REDACTED SENSITIVE LINE]

W (2488171) WIFI: Disconnected from AP, reason=201 (NO_AP_FOUND). Retrying connection...

[REDACTED SENSITIVE LINE]

W (2490591) WIFI: Disconnected from AP, reason=201 (NO_AP_FOUND). Retrying connection...

[REDACTED SENSITIVE LINE]

W (2493011) WIFI: Disconnected from AP, reason=201 (NO_AP_FOUND). Retrying connection...

[REDACTED SENSITIVE LINE]

W (2495431) WIFI: Disconnected from AP, reason=201 (NO_AP_FOUND). Retrying connection...

[REDACTED SENSITIVE LINE]

W (2497851) WIFI: Disconnected from AP, reason=201 (NO_AP_FOUND). Retrying connection...

[REDACTED SENSITIVE LINE]

W (2500271) WIFI: Disconnected from AP, reason=201 (NO_AP_FOUND). Retrying connection...

[REDACTED SENSITIVE LINE]

W (2502691) WIFI: Disconnected from AP, reason=201 (NO_AP_FOUND). Retrying connection...

[REDACTED SENSITIVE LINE]

W (2505111) WIFI: Disconnected from AP, reason=201 (NO_AP_FOUND). Retrying connection...

[REDACTED SENSITIVE LINE]

I (2506371) BUTTON: Touch detected

I (2506371) STATE: State changed to 1

I (2506371) DISPLAY: display_face()

I (2506391) STATE: Entering RECORDING state

I (2506391) WAKE: Recording started

I (2507411) WAKE: Recording progress: context=i2s_timeout elapsed_ms=1020 samples=0 silence_ms=0

W (2507541) WIFI: Disconnected from AP, reason=201 (NO_AP_FOUND). Retrying connection...

[REDACTED SENSITIVE LINE]

I (2507901) DISPLAY: Face : 0

I (2507901) WAKE: Wake detected, starting recording

I (2508431) WAKE: Recording progress: context=i2s_timeout elapsed_ms=2040 samples=0 silence_ms=0

I (2509451) WAKE: Recording progress: context=i2s_timeout elapsed_ms=3060 samples=0 silence_ms=0

W (2509961) WIFI: Disconnected from AP, reason=201 (NO_AP_FOUND). Retrying connection...

[REDACTED SENSITIVE LINE]

I (2510471) WAKE: Recording progress: context=i2s_timeout elapsed_ms=4080 samples=0 silence_ms=0

I (2511491) WAKE: Recording progress: context=i2s_timeout elapsed_ms=5100 samples=0 silence_ms=0

W (2512381) WIFI: Disconnected from AP, reason=201 (NO_AP_FOUND). Retrying connection...

[REDACTED SENSITIVE LINE]

I (2512511) WAKE: Recording progress: context=i2s_timeout elapsed_ms=6120 samples=0 silence_ms=0

I (2513531) WAKE: Recording progress: context=i2s_timeout elapsed_ms=7140 samples=0 silence_ms=0

I (2514551) WAKE: Recording progress: context=i2s_timeout elapsed_ms=8160 samples=0 silence_ms=0

W (2514801) WIFI: Disconnected from AP, reason=201 (NO_AP_FOUND). Retrying connection...

[REDACTED SENSITIVE LINE]

I (2515571) WAKE: Recording progress: context=i2s_timeout elapsed_ms=9180 samples=0 silence_ms=0

I (2516591) WAKE: Recording progress: context=i2s_timeout elapsed_ms=10200 samples=0 silence_ms=0

W (2517221) WIFI: Disconnected from AP, reason=201 (NO_AP_FOUND). Retrying connection...

[REDACTED SENSITIVE LINE]

I (2517611) WAKE: Recording progress: context=i2s_timeout elapsed_ms=11220 samples=0 silence_ms=0

I (2518631) WAKE: Recording progress: context=i2s_timeout elapsed_ms=12240 samples=0 silence_ms=0

W (2519641) WIFI: Disconnected from AP, reason=201 (NO_AP_FOUND). Retrying connection...

[REDACTED SENSITIVE LINE]

I (2519651) WAKE: Recording progress: context=i2s_timeout elapsed_ms=13260 samples=0 silence_ms=0

I (2520671) WAKE: Recording progress: context=i2s_timeout elapsed_ms=14280 samples=0 silence_ms=0

I (2521691) WAKE: Recording progress: context=i2s_timeout elapsed_ms=15300 samples=0 silence_ms=0

W (2522061) WIFI: Disconnected from AP, reason=201 (NO_AP_FOUND). Retrying connection...

[REDACTED SENSITIVE LINE]

I (2522711) WAKE: Recording progress: context=i2s_timeout elapsed_ms=16320 samples=0 silence_ms=0

I (2523731) WAKE: Recording progress: context=i2s_timeout elapsed_ms=17340 samples=0 silence_ms=0

W (2524491) WIFI: Disconnected from AP, reason=201 (NO_AP_FOUND). Retrying connection...

[REDACTED SENSITIVE LINE]

I (2524751) WAKE: Recording progress: context=i2s_timeout elapsed_ms=18360 samples=0 silence_ms=0

I (2525771) WAKE: Recording progress: context=i2s_timeout elapsed_ms=19380 samples=0 silence_ms=0

I (2526791) WAKE: Recording progress: context=i2s_timeout elapsed_ms=20400 samples=0 silence_ms=0

W (2526911) WIFI: Disconnected from AP, reason=201 (NO_AP_FOUND). Retrying connection...

[REDACTED SENSITIVE LINE]

I (2527811) WAKE: Recording progress: context=i2s_timeout elapsed_ms=21420 samples=0 silence_ms=0

I (2528831) WAKE: Recording progress: context=i2s_timeout elapsed_ms=22440 samples=0 silence_ms=0

W (2529331) WIFI: Disconnected from AP, reason=201 (NO_AP_FOUND). Retrying connection...

[REDACTED SENSITIVE LINE]

I (2529851) WAKE: Recording progress: context=i2s_timeout elapsed_ms=23460 samples=0 silence_ms=0

I (2530871) WAKE: Recording progress: context=i2s_timeout elapsed_ms=24480 samples=0 silence_ms=0

W (2531751) WIFI: Disconnected from AP, reason=201 (NO_AP_FOUND). Retrying connection...

[REDACTED SENSITIVE LINE]

I (2531891) WAKE: Recording progress: context=i2s_timeout elapsed_ms=25500 samples=0 silence_ms=0

I (2532911) WAKE: Recording progress: context=i2s_timeout elapsed_ms=26520 samples=0 silence_ms=0

I (2533931) WAKE: Recording progress: context=i2s_timeout elapsed_ms=27540 samples=0 silence_ms=0

W (2534171) WIFI: Disconnected from AP, reason=201 (NO_AP_FOUND). Retrying connection...

[REDACTED SENSITIVE LINE]

I (2534951) WAKE: Recording progress: context=i2s_timeout elapsed_ms=28560 samples=0 silence_ms=0

I (2535971) WAKE: Recording progress: context=i2s_timeout elapsed_ms=29580 samples=0 silence_ms=0

W (2536591) WIFI: Disconnected from AP, reason=201 (NO_AP_FOUND). Retrying connection...

[REDACTED SENSITIVE LINE]

I (2536991) WAKE: Recording progress: context=i2s_timeout elapsed_ms=30600 samples=0 silence_ms=0

I (2538011) WAKE: Recording progress: context=i2s_timeout elapsed_ms=31620 samples=0 silence_ms=0

W (2539011) WIFI: Disconnected from AP, reason=201 (NO_AP_FOUND). Retrying connection...

[REDACTED SENSITIVE LINE]

I (2539031) WAKE: Recording progress: context=i2s_timeout elapsed_ms=32640 samples=0 silence_ms=0

I (2540051) WAKE: Recording progress: context=i2s_timeout elapsed_ms=33660 samples=0 silence_ms=0

I (2541071) WAKE: Recording progress: context=i2s_timeout elapsed_ms=34680 samples=0 silence_ms=0

W (2541441) WIFI: Disconnected from AP, reason=201 (NO_AP_FOUND). Retrying connection...

[REDACTED SENSITIVE LINE]

I (2542091) WAKE: Recording progress: context=i2s_timeout elapsed_ms=35700 samples=0 silence_ms=0

I (2543111) WAKE: Recording progress: context=i2s_timeout elapsed_ms=36720 samples=0 silence_ms=0

W (2543861) WIFI: Disconnected from AP, reason=201 (NO_AP_FOUND). Retrying connection...

[REDACTED SENSITIVE LINE]

I (2544131) WAKE: Recording progress: context=i2s_timeout elapsed_ms=37740 samples=0 silence_ms=0

I (2545151) WAKE: Recording progress: context=i2s_timeout elapsed_ms=38760 samples=0 silence_ms=0

I (2545221) NETWORK: NETWORK_TIME_SYNCED_BIT cleared before=0x0 after=0x0

W (2545221) WIFI: Lost IP address

I (2546171) WAKE: Recording progress: context=i2s_timeout elapsed_ms=39780 samples=0 silence_ms=0

W (2546281) WIFI: Disconnected from AP, reason=201 (NO_AP_FOUND). Retrying connection...

[REDACTED SENSITIVE LINE]

I (2547191) WAKE: Recording progress: context=i2s_timeout elapsed_ms=40800 samples=0 silence_ms=0

I (2548211) WAKE: Recording progress: context=i2s_timeout elapsed_ms=41820 samples=0 silence_ms=0

W (2548701) WIFI: Disconnected from AP, reason=201 (NO_AP_FOUND). Retrying connection...

[REDACTED SENSITIVE LINE]

I (2549231) WAKE: Recording progress: context=i2s_timeout elapsed_ms=42840 samples=0 silence_ms=0

I (2550251) WAKE: Recording progress: context=i2s_timeout elapsed_ms=43860 samples=0 silence_ms=0

W (2551121) WIFI: Disconnected from AP, reason=201 (NO_AP_FOUND). Retrying connection...

[REDACTED SENSITIVE LINE]

I (2551271) WAKE: Recording progress: context=i2s_timeout elapsed_ms=44880 samples=0 silence_ms=0

I (2552291) WAKE: Recording progress: context=i2s_timeout elapsed_ms=45900 samples=0 silence_ms=0

I (2553311) WAKE: Recording progress: context=i2s_timeout elapsed_ms=46920 samples=0 silence_ms=0

W (2553541) WIFI: Disconnected from AP, reason=201 (NO_AP_FOUND). Retrying connection...

[REDACTED SENSITIVE LINE]

I (2554331) WAKE: Recording progress: context=i2s_timeout elapsed_ms=47940 samples=0 silence_ms=0

I (2555351) WAKE: Recording progress: context=i2s_timeout elapsed_ms=48960 samples=0 silence_ms=0

W (2555971) WIFI: Disconnected from AP, reason=201 (NO_AP_FOUND). Retrying connection...

[REDACTED SENSITIVE LINE]

I (2556371) WAKE: Recording progress: context=i2s_timeout elapsed_ms=49980 samples=0 silence_ms=0

I (2557391) WAKE: Recording progress: context=i2s_timeout elapsed_ms=51000 samples=0 silence_ms=0

W (2558391) WIFI: Disconnected from AP, reason=201 (NO_AP_FOUND). Retrying connection...

[REDACTED SENSITIVE LINE]

I (2558411) WAKE: Recording progress: context=i2s_timeout elapsed_ms=52020 samples=0 silence_ms=0

I (2559431) WAKE: Recording progress: context=i2s_timeout elapsed_ms=53040 samples=0 silence_ms=0

I (2560451) WAKE: Recording progress: context=i2s_timeout elapsed_ms=54060 samples=0 silence_ms=0

W (2560811) WIFI: Disconnected from AP, reason=201 (NO_AP_FOUND). Retrying connection...

[REDACTED SENSITIVE LINE]

I (2561471) WAKE: Recording progress: context=i2s_timeout elapsed_ms=55080 samples=0 silence_ms=0

I (2562491) WAKE: Recording progress: context=i2s_timeout elapsed_ms=56100 samples=0 silence_ms=0

W (2563231) WIFI: Disconnected from AP, reason=201 (NO_AP_FOUND). Retrying connection...

[REDACTED SENSITIVE LINE]

I (2563511) WAKE: Recording progress: context=i2s_timeout elapsed_ms=57120 samples=0 silence_ms=0

I (2564531) WAKE: Recording progress: context=i2s_timeout elapsed_ms=58140 samples=0 silence_ms=0

I (2565551) WAKE: Recording progress: context=i2s_timeout elapsed_ms=59160 samples=0 silence_ms=0

W (2565651) WIFI: Disconnected from AP, reason=201 (NO_AP_FOUND). Retrying connection...

[REDACTED SENSITIVE LINE]

E (2566391) WAKE: Recording failed: reason=max_duration samples=0

W (2566441) STATE: Recording not uploadable: status=3; upload skipped

I (2566441) STATE: State changed to 0

I (2566441) DISPLAY: display_face()

I (2567951) DISPLAY: Face : 0

W (2568071) WIFI: Disconnected from AP, reason=201 (NO_AP_FOUND). Retrying connection...

[REDACTED SENSITIVE LINE]

W (2570491) WIFI: Disconnected from AP, reason=201 (NO_AP_FOUND). Retrying connection...

[REDACTED SENSITIVE LINE]

W (2572921) WIFI: Disconnected from AP, reason=201 (NO_AP_FOUND). Retrying connection...

[REDACTED SENSITIVE LINE]

W (2575341) WIFI: Disconnected from AP, reason=201 (NO_AP_FOUND). Retrying connection...

[REDACTED SENSITIVE LINE]

W (2577761) WIFI: Disconnected from AP, reason=201 (NO_AP_FOUND). Retrying connection...

[REDACTED SENSITIVE LINE]

W (2580181) WIFI: Disconnected from AP, reason=201 (NO_AP_FOUND). Retrying connection...

[REDACTED SENSITIVE LINE]

W (2582601) WIFI: Disconnected from AP, reason=201 (NO_AP_FOUND). Retrying connection...

[REDACTED SENSITIVE LINE]

W (2585021) WIFI: Disconnected from AP, reason=201 (NO_AP_FOUND). Retrying connection...

[REDACTED SENSITIVE LINE]

W (2587441) WIFI: Disconnected from AP, reason=201 (NO_AP_FOUND). Retrying connection...

[REDACTED SENSITIVE LINE]

W (2589861) WIFI: Disconnected from AP, reason=201 (NO_AP_FOUND). Retrying connection...

[REDACTED SENSITIVE LINE]

W (2592281) WIFI: Disconnected from AP, reason=201 (NO_AP_FOUND). Retrying connection...

[REDACTED SENSITIVE LINE]

W (2594711) WIFI: Disconnected from AP, reason=201 (NO_AP_FOUND). Retrying connection...

[REDACTED SENSITIVE LINE]

W (2597131) WIFI: Disconnected from AP, reason=201 (NO_AP_FOUND). Retrying connection...

[REDACTED SENSITIVE LINE]

W (2599551) WIFI: Disconnected from AP, reason=201 (NO_AP_FOUND). Retrying connection...

[REDACTED SENSITIVE LINE]

W (2601971) WIFI: Disconnected from AP, reason=201 (NO_AP_FOUND). Retrying connection...

[REDACTED SENSITIVE LINE]

W (2604391) WIFI: Disconnected from AP, reason=201 (NO_AP_FOUND). Retrying connection...

[REDACTED SENSITIVE LINE]

W (2606811) WIFI: Disconnected from AP, reason=201 (NO_AP_FOUND). Retrying connection...

[REDACTED SENSITIVE LINE]

W (2609231) WIFI: Disconnected from AP, reason=201 (NO_AP_FOUND). Retrying connection...

[REDACTED SENSITIVE LINE]

W (2611651) WIFI: Disconnected from AP, reason=201 (NO_AP_FOUND). Retrying connection...

[REDACTED SENSITIVE LINE]

W (2614071) WIFI: Disconnected from AP, reason=201 (NO_AP_FOUND). Retrying connection...

[REDACTED SENSITIVE LINE]

W (2616491) WIFI: Disconnected from AP, reason=201 (NO_AP_FOUND). Retrying connection...

[REDACTED SENSITIVE LINE]

W (2618921) WIFI: Disconnected from AP, reason=201 (NO_AP_FOUND). Retrying connection...

[REDACTED SENSITIVE LINE]

W (2621341) WIFI: Disconnected from AP, reason=201 (NO_AP_FOUND). Retrying connection...

[REDACTED SENSITIVE LINE]

W (2623761) WIFI: Disconnected from AP, reason=201 (NO_AP_FOUND). Retrying connection...

[REDACTED SENSITIVE LINE]

W (2626181) WIFI: Disconnected from AP, reason=201 (NO_AP_FOUND). Retrying connection...

[REDACTED SENSITIVE LINE]

W (2628601) WIFI: Disconnected from AP, reason=201 (NO_AP_FOUND). Retrying connection...

[REDACTED SENSITIVE LINE]

W (2631021) WIFI: Disconnected from AP, reason=201 (NO_AP_FOUND). Retrying connection...

[REDACTED SENSITIVE LINE]

W (2633441) WIFI: Disconnected from AP, reason=201 (NO_AP_FOUND). Retrying connection...

[REDACTED SENSITIVE LINE]

W (2635861) WIFI: Disconnected from AP, reason=201 (NO_AP_FOUND). Retrying connection...

[REDACTED SENSITIVE LINE]

W (2638281) WIFI: Disconnected from AP, reason=201 (NO_AP_FOUND). Retrying connection...

[REDACTED SENSITIVE LINE]

W (2640711) WIFI: Disconnected from AP, reason=201 (NO_AP_FOUND). Retrying connection...

[REDACTED SENSITIVE LINE]

W (2643131) WIFI: Disconnected from AP, reason=201 (NO_AP_FOUND). Retrying connection...

[REDACTED SENSITIVE LINE]

W (2645551) WIFI: Disconnected from AP, reason=201 (NO_AP_FOUND). Retrying connection...

[REDACTED SENSITIVE LINE]

W (2647971) WIFI: Disconnected from AP, reason=201 (NO_AP_FOUND). Retrying connection...

[REDACTED SENSITIVE LINE]

W (2650391) WIFI: Disconnected from AP, reason=201 (NO_AP_FOUND). Retrying connection...

[REDACTED SENSITIVE LINE]

W (2652811) WIFI: Disconnected from AP, reason=201 (NO_AP_FOUND). Retrying connection...

[REDACTED SENSITIVE LINE]

W (2655231) WIFI: Disconnected from AP, reason=201 (NO_AP_FOUND). Retrying connection...

[REDACTED SENSITIVE LINE]

W (2657651) WIFI: Disconnected from AP, reason=201 (NO_AP_FOUND). Retrying connection...

[REDACTED SENSITIVE LINE]

W (2660071) WIFI: Disconnected from AP, reason=201 (NO_AP_FOUND). Retrying connection...

[REDACTED SENSITIVE LINE]

W (2662491) WIFI: Disconnected from AP, reason=201 (NO_AP_FOUND). Retrying connection...

[REDACTED SENSITIVE LINE]

W (2664921) WIFI: Disconnected from AP, reason=201 (NO_AP_FOUND). Retrying connection...

[REDACTED SENSITIVE LINE]

I (2666281) NETWORK: NETWORK_TIME_SYNCED_BIT cleared before=0x0 after=0x0

W (2666281) WIFI: Lost IP address

W (2667341) WIFI: Disconnected from AP, reason=201 (NO_AP_FOUND). Retrying connection...

[REDACTED SENSITIVE LINE]

W (2669761) WIFI: Disconnected from AP, reason=201 (NO_AP_FOUND). Retrying connection...

[REDACTED SENSITIVE LINE]

W (2672181) WIFI: Disconnected from AP, reason=201 (NO_AP_FOUND). Retrying connection...

[REDACTED SENSITIVE LINE]

W (2674601) WIFI: Disconnected from AP, reason=201 (NO_AP_FOUND). Retrying connection...

[REDACTED SENSITIVE LINE]

W (2677021) WIFI: Disconnected from AP, reason=201 (NO_AP_FOUND). Retrying connection...

[REDACTED SENSITIVE LINE]

W (2679441) WIFI: Disconnected from AP, reason=201 (NO_AP_FOUND). Retrying connection...

[REDACTED SENSITIVE LINE]

W (2681861) WIFI: Disconnected from AP, reason=201 (NO_AP_FOUND). Retrying connection...

[REDACTED SENSITIVE LINE]

W (2684281) WIFI: Disconnected from AP, reason=201 (NO_AP_FOUND). Retrying connection...

[REDACTED SENSITIVE LINE]

W (2686711) WIFI: Disconnected from AP, reason=201 (NO_AP_FOUND). Retrying connection...

[REDACTED SENSITIVE LINE]

W (2689131) WIFI: Disconnected from AP, reason=201 (NO_AP_FOUND). Retrying connection...

[REDACTED SENSITIVE LINE]

W (2691551) WIFI: Disconnected from AP, reason=201 (NO_AP_FOUND). Retrying connection...

[REDACTED SENSITIVE LINE]

W (2693971) WIFI: Disconnected from AP, reason=201 (NO_AP_FOUND). Retrying connection...

[REDACTED SENSITIVE LINE]

W (2696391) WIFI: Disconnected from AP, reason=201 (NO_AP_FOUND). Retrying connection...

[REDACTED SENSITIVE LINE]

W (2698811) WIFI: Disconnected from AP, reason=201 (NO_AP_FOUND). Retrying connection...

[REDACTED SENSITIVE LINE]

W (2701231) WIFI: Disconnected from AP, reason=201 (NO_AP_FOUND). Retrying connection...

[REDACTED SENSITIVE LINE]

W (2703651) WIFI: Disconnected from AP, reason=201 (NO_AP_FOUND). Retrying connection...

[REDACTED SENSITIVE LINE]

W (2706071) WIFI: Disconnected from AP, reason=201 (NO_AP_FOUND). Retrying connection...

[REDACTED SENSITIVE LINE]

W (2708501) WIFI: Disconnected from AP, reason=201 (NO_AP_FOUND). Retrying connection...

[REDACTED SENSITIVE LINE]

W (2710921) WIFI: Disconnected from AP, reason=201 (NO_AP_FOUND). Retrying connection...

[REDACTED SENSITIVE LINE]

W (2713341) WIFI: Disconnected from AP, reason=201 (NO_AP_FOUND). Retrying connection...

[REDACTED SENSITIVE LINE]

W (2715761) WIFI: Disconnected from AP, reason=201 (NO_AP_FOUND). Retrying connection...

[REDACTED SENSITIVE LINE]

W (2718181) WIFI: Disconnected from AP, reason=201 (NO_AP_FOUND). Retrying connection...

[REDACTED SENSITIVE LINE]

W (2720601) WIFI: Disconnected from AP, reason=201 (NO_AP_FOUND). Retrying connection...

[REDACTED SENSITIVE LINE]

W (2723021) WIFI: Disconnected from AP, reason=201 (NO_AP_FOUND). Retrying connection...

[REDACTED SENSITIVE LINE]

W (2725441) WIFI: Disconnected from AP, reason=201 (NO_AP_FOUND). Retrying connection...

[REDACTED SENSITIVE LINE]

W (2727861) WIFI: Disconnected from AP, reason=201 (NO_AP_FOUND). Retrying connection...

[REDACTED SENSITIVE LINE]

W (2730281) WIFI: Disconnected from AP, reason=201 (NO_AP_FOUND). Retrying connection...

[REDACTED SENSITIVE LINE]

W (2732711) WIFI: Disconnected from AP, reason=201 (NO_AP_FOUND). Retrying connection...

[REDACTED SENSITIVE LINE]

W (2735131) WIFI: Disconnected from AP, reason=201 (NO_AP_FOUND). Retrying connection...

[REDACTED SENSITIVE LINE]

W (2737551) WIFI: Disconnected from AP, reason=201 (NO_AP_FOUND). Retrying connection...

[REDACTED SENSITIVE LINE]

W (2739971) WIFI: Disconnected from AP, reason=201 (NO_AP_FOUND). Retrying connection...

[REDACTED SENSITIVE LINE]

W (2742391) WIFI: Disconnected from AP, reason=201 (NO_AP_FOUND). Retrying connection...

[REDACTED SENSITIVE LINE]

W (2744811) WIFI: Disconnected from AP, reason=201 (NO_AP_FOUND). Retrying connection...

[REDACTED SENSITIVE LINE]

W (2747231) WIFI: Disconnected from AP, reason=201 (NO_AP_FOUND). Retrying connection...

[REDACTED SENSITIVE LINE]

W (2749651) WIFI: Disconnected from AP, reason=201 (NO_AP_FOUND). Retrying connection...

[REDACTED SENSITIVE LINE]

W (2752071) WIFI: Disconnected from AP, reason=201 (NO_AP_FOUND). Retrying connection...

[REDACTED SENSITIVE LINE]

W (2754491) WIFI: Disconnected from AP, reason=201 (NO_AP_FOUND). Retrying connection...

[REDACTED SENSITIVE LINE]

W (2756921) WIFI: Disconnected from AP, reason=201 (NO_AP_FOUND). Retrying connection...

[REDACTED SENSITIVE LINE]

W (2759341) WIFI: Disconnected from AP, reason=201 (NO_AP_FOUND). Retrying connection...

[REDACTED SENSITIVE LINE]

W (2761761) WIFI: Disconnected from AP, reason=201 (NO_AP_FOUND). Retrying connection...

[REDACTED SENSITIVE LINE]

W (2764181) WIFI: Disconnected from AP, reason=201 (NO_AP_FOUND). Retrying connection...

[REDACTED SENSITIVE LINE]

W (2766601) WIFI: Disconnected from AP, reason=201 (NO_AP_FOUND). Retrying connection...

[REDACTED SENSITIVE LINE]

W (2769021) WIFI: Disconnected from AP, reason=201 (NO_AP_FOUND). Retrying connection...

[REDACTED SENSITIVE LINE]

W (2771441) WIFI: Disconnected from AP, reason=201 (NO_AP_FOUND). Retrying connection...

[REDACTED SENSITIVE LINE]

W (2773861) WIFI: Disconnected from AP, reason=201 (NO_AP_FOUND). Retrying connection...

[REDACTED SENSITIVE LINE]

W (2776281) WIFI: Disconnected from AP, reason=201 (NO_AP_FOUND). Retrying connection...

[REDACTED SENSITIVE LINE]

W (2778711) WIFI: Disconnected from AP, reason=201 (NO_AP_FOUND). Retrying connection...

[REDACTED SENSITIVE LINE]

W (2781131) WIFI: Disconnected from AP, reason=201 (NO_AP_FOUND). Retrying connection...

[REDACTED SENSITIVE LINE]

W (2783551) WIFI: Disconnected from AP, reason=201 (NO_AP_FOUND). Retrying connection...

[REDACTED SENSITIVE LINE]

W (2785971) WIFI: Disconnected from AP, reason=201 (NO_AP_FOUND). Retrying connection...

[REDACTED SENSITIVE LINE]

I (2787341) NETWORK: NETWORK_TIME_SYNCED_BIT cleared before=0x0 after=0x0

W (2787341) WIFI: Lost IP address

W (2788391) WIFI: Disconnected from AP, reason=201 (NO_AP_FOUND). Retrying connection...

[REDACTED SENSITIVE LINE]

W (2790811) WIFI: Disconnected from AP, reason=201 (NO_AP_FOUND). Retrying connection...

[REDACTED SENSITIVE LINE]

W (2793231) WIFI: Disconnected from AP, reason=201 (NO_AP_FOUND). Retrying connection...

[REDACTED SENSITIVE LINE]

W (2795651) WIFI: Disconnected from AP, reason=201 (NO_AP_FOUND). Retrying connection...

[REDACTED SENSITIVE LINE]

W (2798071) WIFI: Disconnected from AP, reason=201 (NO_AP_FOUND). Retrying connection...

[REDACTED SENSITIVE LINE]

W (2800491) WIFI: Disconnected from AP, reason=201 (NO_AP_FOUND). Retrying connection...

[REDACTED SENSITIVE LINE]

W (2802921) WIFI: Disconnected from AP, reason=201 (NO_AP_FOUND). Retrying connection...

[REDACTED SENSITIVE LINE]

W (2805341) WIFI: Disconnected from AP, reason=201 (NO_AP_FOUND). Retrying connection...

[REDACTED SENSITIVE LINE]

W (2807761) WIFI: Disconnected from AP, reason=201 (NO_AP_FOUND). Retrying connection...

[REDACTED SENSITIVE LINE]

W (2810181) WIFI: Disconnected from AP, reason=201 (NO_AP_FOUND). Retrying connection...

[REDACTED SENSITIVE LINE]

W (2812601) WIFI: Disconnected from AP, reason=201 (NO_AP_FOUND). Retrying connection...

[REDACTED SENSITIVE LINE]

W (2815021) WIFI: Disconnected from AP, reason=201 (NO_AP_FOUND). Retrying connection...

[REDACTED SENSITIVE LINE]

W (2817441) WIFI: Disconnected from AP, reason=201 (NO_AP_FOUND). Retrying connection...

[REDACTED SENSITIVE LINE]

W (2819861) WIFI: Disconnected from AP, reason=201 (NO_AP_FOUND). Retrying connection...

[REDACTED SENSITIVE LINE]

W (2822281) WIFI: Disconnected from AP, reason=201 (NO_AP_FOUND). Retrying connection...

[REDACTED SENSITIVE LINE]

W (2824711) WIFI: Disconnected from AP, reason=201 (NO_AP_FOUND). Retrying connection...

[REDACTED SENSITIVE LINE]

W (2827131) WIFI: Disconnected from AP, reason=201 (NO_AP_FOUND). Retrying connection...

[REDACTED SENSITIVE LINE]

W (2829551) WIFI: Disconnected from AP, reason=201 (NO_AP_FOUND). Retrying connection...

[REDACTED SENSITIVE LINE]

W (2831971) WIFI: Disconnected from AP, reason=201 (NO_AP_FOUND). Retrying connection...

[REDACTED SENSITIVE LINE]

W (2834391) WIFI: Disconnected from AP, reason=201 (NO_AP_FOUND). Retrying connection...

[REDACTED SENSITIVE LINE]

W (2836811) WIFI: Disconnected from AP, reason=201 (NO_AP_FOUND). Retrying connection...

[REDACTED SENSITIVE LINE]

W (2839231) WIFI: Disconnected from AP, reason=201 (NO_AP_FOUND). Retrying connection...

[REDACTED SENSITIVE LINE]

W (2841651) WIFI: Disconnected from AP, reason=201 (NO_AP_FOUND). Retrying connection...

[REDACTED SENSITIVE LINE]

W (2844071) WIFI: Disconnected from AP, reason=201 (NO_AP_FOUND). Retrying connection...

[REDACTED SENSITIVE LINE]

W (2846491) WIFI: Disconnected from AP, reason=201 (NO_AP_FOUND). Retrying connection...

[REDACTED SENSITIVE LINE]

W (2848921) WIFI: Disconnected from AP, reason=201 (NO_AP_FOUND). Retrying connection...

[REDACTED SENSITIVE LINE]

W (2851341) WIFI: Disconnected from AP, reason=201 (NO_AP_FOUND). Retrying connection...

[REDACTED SENSITIVE LINE]

W (2853761) WIFI: Disconnected from AP, reason=201 (NO_AP_FOUND). Retrying connection...

[REDACTED SENSITIVE LINE]

W (2856181) WIFI: Disconnected from AP, reason=201 (NO_AP_FOUND). Retrying connection...

[REDACTED SENSITIVE LINE]

W (2858601) WIFI: Disconnected from AP, reason=201 (NO_AP_FOUND). Retrying connection...

[REDACTED SENSITIVE LINE]

I (2859841) BUTTON: Touch detected

I (2859841) STATE: State changed to 1

I (2859841) DISPLAY: display_face()

I (2859851) STATE: Entering RECORDING state

I (2859851) WAKE: Recording started

I (2860871) WAKE: Recording progress: context=i2s_timeout elapsed_ms=1020 samples=0 silence_ms=0

W (2861021) WIFI: Disconnected from AP, reason=201 (NO_AP_FOUND). Retrying connection...

[REDACTED SENSITIVE LINE]

I (2861371) DISPLAY: Face : 0

I (2861371) WAKE: Wake detected, starting recording

I (2861891) WAKE: Recording progress: context=i2s_timeout elapsed_ms=2040 samples=0 silence_ms=0

I (2862911) WAKE: Recording progress: context=i2s_timeout elapsed_ms=3060 samples=0 silence_ms=0

W (2863441) WIFI: Disconnected from AP, reason=201 (NO_AP_FOUND). Retrying connection...

[REDACTED SENSITIVE LINE]

I (2863931) WAKE: Recording progress: context=i2s_timeout elapsed_ms=4080 samples=0 silence_ms=0

I (2864951) WAKE: Recording progress: context=i2s_timeout elapsed_ms=5100 samples=0 silence_ms=0

I (2865211) BUTTON: Touch detected

W (2865861) WIFI: Disconnected from AP, reason=201 (NO_AP_FOUND). Retrying connection...

[REDACTED SENSITIVE LINE]

I (2865971) WAKE: Recording progress: context=i2s_timeout elapsed_ms=6120 samples=0 silence_ms=0

I (2866991) WAKE: Recording progress: context=i2s_timeout elapsed_ms=7140 samples=0 silence_ms=0

I (2868011) WAKE: Recording progress: context=i2s_timeout elapsed_ms=8160 samples=0 silence_ms=0

W (2868291) WIFI: Disconnected from AP, reason=201 (NO_AP_FOUND). Retrying connection...

[REDACTED SENSITIVE LINE]

I (2869031) WAKE: Recording progress: context=i2s_timeout elapsed_ms=9180 samples=0 silence_ms=0

I (2870051) WAKE: Recording progress: context=i2s_timeout elapsed_ms=10200 samples=0 silence_ms=0

W (2870711) WIFI: Disconnected from AP, reason=201 (NO_AP_FOUND). Retrying connection...

[REDACTED SENSITIVE LINE]

I (2871071) WAKE: Recording progress: context=i2s_timeout elapsed_ms=11220 samples=0 silence_ms=0

I (2872091) WAKE: Recording progress: context=i2s_timeout elapsed_ms=12240 samples=0 silence_ms=0

I (2873111) WAKE: Recording progress: context=i2s_timeout elapsed_ms=13260 samples=0 silence_ms=0

W (2873131) WIFI: Disconnected from AP, reason=201 (NO_AP_FOUND). Retrying connection...

[REDACTED SENSITIVE LINE]

I (2874131) WAKE: Recording progress: context=i2s_timeout elapsed_ms=14280 samples=0 silence_ms=0

I (2875151) WAKE: Recording progress: context=i2s_timeout elapsed_ms=15300 samples=0 silence_ms=0

W (2875551) WIFI: Disconnected from AP, reason=201 (NO_AP_FOUND). Retrying connection...

[REDACTED SENSITIVE LINE]

I (2876171) WAKE: Recording progress: context=i2s_timeout elapsed_ms=16320 samples=0 silence_ms=0

I (2877191) WAKE: Recording progress: context=i2s_timeout elapsed_ms=17340 samples=0 silence_ms=0

W (2877971) WIFI: Disconnected from AP, reason=201 (NO_AP_FOUND). Retrying connection...

[REDACTED SENSITIVE LINE]

I (2878211) WAKE: Recording progress: context=i2s_timeout elapsed_ms=18360 samples=0 silence_ms=0

I (2879231) WAKE: Recording progress: context=i2s_timeout elapsed_ms=19380 samples=0 silence_ms=0

I (2880251) WAKE: Recording progress: context=i2s_timeout elapsed_ms=20400 samples=0 silence_ms=0

W (2880391) WIFI: Disconnected from AP, reason=201 (NO_AP_FOUND). Retrying connection...

[REDACTED SENSITIVE LINE]

I (2881271) WAKE: Recording progress: context=i2s_timeout elapsed_ms=21420 samples=0 silence_ms=0

I (2882291) WAKE: Recording progress: context=i2s_timeout elapsed_ms=22440 samples=0 silence_ms=0

W (2882821) WIFI: Disconnected from AP, reason=201 (NO_AP_FOUND). Retrying connection...

[REDACTED SENSITIVE LINE]

I (2883311) WAKE: Recording progress: context=i2s_timeout elapsed_ms=23460 samples=0 silence_ms=0

I (2884331) WAKE: Recording progress: context=i2s_timeout elapsed_ms=24480 samples=0 silence_ms=0

W (2885241) WIFI: Disconnected from AP, reason=201 (NO_AP_FOUND). Retrying connection...

[REDACTED SENSITIVE LINE]

I (2885351) WAKE: Recording progress: context=i2s_timeout elapsed_ms=25500 samples=0 silence_ms=0

I (2886371) WAKE: Recording progress: context=i2s_timeout elapsed_ms=26520 samples=0 silence_ms=0

I (2887391) WAKE: Recording progress: context=i2s_timeout elapsed_ms=27540 samples=0 silence_ms=0

W (2887661) WIFI: Disconnected from AP, reason=201 (NO_AP_FOUND). Retrying connection...

[REDACTED SENSITIVE LINE]

I (2888411) WAKE: Recording progress: context=i2s_timeout elapsed_ms=28560 samples=0 silence_ms=0

I (2889431) WAKE: Recording progress: context=i2s_timeout elapsed_ms=29580 samples=0 silence_ms=0

W (2890081) WIFI: Disconnected from AP, reason=201 (NO_AP_FOUND). Retrying connection...

[REDACTED SENSITIVE LINE]

I (2890451) WAKE: Recording progress: context=i2s_timeout elapsed_ms=30600 samples=0 silence_ms=0

I (2891471) WAKE: Recording progress: context=i2s_timeout elapsed_ms=31620 samples=0 silence_ms=0

I (2892491) WAKE: Recording progress: context=i2s_timeout elapsed_ms=32640 samples=0 silence_ms=0

W (2892501) WIFI: Disconnected from AP, reason=201 (NO_AP_FOUND). Retrying connection...

[REDACTED SENSITIVE LINE]

I (2893511) WAKE: Recording progress: context=i2s_timeout elapsed_ms=33660 samples=0 silence_ms=0

I (2894531) WAKE: Recording progress: context=i2s_timeout elapsed_ms=34680 samples=0 silence_ms=0

W (2894921) WIFI: Disconnected from AP, reason=201 (NO_AP_FOUND). Retrying connection...

[REDACTED SENSITIVE LINE]

I (2895551) WAKE: Recording progress: context=i2s_timeout elapsed_ms=35700 samples=0 silence_ms=0

I (2896571) WAKE: Recording progress: context=i2s_timeout elapsed_ms=36720 samples=0 silence_ms=0

W (2897341) WIFI: Disconnected from AP, reason=201 (NO_AP_FOUND). Retrying connection...

[REDACTED SENSITIVE LINE]

I (2897591) WAKE: Recording progress: context=i2s_timeout elapsed_ms=37740 samples=0 silence_ms=0

I (2898611) WAKE: Recording progress: context=i2s_timeout elapsed_ms=38760 samples=0 silence_ms=0

I (2899631) WAKE: Recording progress: context=i2s_timeout elapsed_ms=39780 samples=0 silence_ms=0

W (2899771) WIFI: Disconnected from AP, reason=201 (NO_AP_FOUND). Retrying connection...

[REDACTED SENSITIVE LINE]

I (2900651) WAKE: Recording progress: context=i2s_timeout elapsed_ms=40800 samples=0 silence_ms=0

I (2901671) WAKE: Recording progress: context=i2s_timeout elapsed_ms=41820 samples=0 silence_ms=0

W (2902191) WIFI: Disconnected from AP, reason=201 (NO_AP_FOUND). Retrying connection...

[REDACTED SENSITIVE LINE]

I (2902691) WAKE: Recording progress: context=i2s_timeout elapsed_ms=42840 samples=0 silence_ms=0

I (2903711) WAKE: Recording progress: context=i2s_timeout elapsed_ms=43860 samples=0 silence_ms=0

W (2904611) WIFI: Disconnected from AP, reason=201 (NO_AP_FOUND). Retrying connection...

[REDACTED SENSITIVE LINE]

I (2904731) WAKE: Recording progress: context=i2s_timeout elapsed_ms=44880 samples=0 silence_ms=0

I (2905751) WAKE: Recording progress: context=i2s_timeout elapsed_ms=45900 samples=0 silence_ms=0

I (2906771) WAKE: Recording progress: context=i2s_timeout elapsed_ms=46920 samples=0 silence_ms=0

W (2907031) WIFI: Disconnected from AP, reason=201 (NO_AP_FOUND). Retrying connection...

[REDACTED SENSITIVE LINE]

I (2907791) WAKE: Recording progress: context=i2s_timeout elapsed_ms=47940 samples=0 silence_ms=0

I (2908391) NETWORK: NETWORK_TIME_SYNCED_BIT cleared before=0x0 after=0x0

W (2908391) WIFI: Lost IP address

I (2908811) WAKE: Recording progress: context=i2s_timeout elapsed_ms=48960 samples=0 silence_ms=0

W (2909451) WIFI: Disconnected from AP, reason=201 (NO_AP_FOUND). Retrying connection...

[REDACTED SENSITIVE LINE]

I (2909831) WAKE: Recording progress: context=i2s_timeout elapsed_ms=49980 samples=0 silence_ms=0

I (2910851) WAKE: Recording progress: context=i2s_timeout elapsed_ms=51000 samples=0 silence_ms=0

I (2911871) WAKE: Recording progress: context=i2s_timeout elapsed_ms=52020 samples=0 silence_ms=0

W (2911871) WIFI: Disconnected from AP, reason=201 (NO_AP_FOUND). Retrying connection...

[REDACTED SENSITIVE LINE]

I (2912891) WAKE: Recording progress: context=i2s_timeout elapsed_ms=53040 samples=0 silence_ms=0

I (2913911) WAKE: Recording progress: context=i2s_timeout elapsed_ms=54060 samples=0 silence_ms=0

W (2914301) WIFI: Disconnected from AP, reason=201 (NO_AP_FOUND). Retrying connection...

[REDACTED SENSITIVE LINE]

I (2914931) WAKE: Recording progress: context=i2s_timeout elapsed_ms=55080 samples=0 silence_ms=0

I (2915951) WAKE: Recording progress: context=i2s_timeout elapsed_ms=56100 samples=0 silence_ms=0

W (2916721) WIFI: Disconnected from AP, reason=201 (NO_AP_FOUND). Retrying connection...

[REDACTED SENSITIVE LINE]

I (2916971) WAKE: Recording progress: context=i2s_timeout elapsed_ms=57120 samples=0 silence_ms=0

I (2917991) WAKE: Recording progress: context=i2s_timeout elapsed_ms=58140 samples=0 silence_ms=0

I (2919011) WAKE: Recording progress: context=i2s_timeout elapsed_ms=59160 samples=0 silence_ms=0

W (2919141) WIFI: Disconnected from AP, reason=201 (NO_AP_FOUND). Retrying connection...

[REDACTED SENSITIVE LINE]

E (2919851) WAKE: Recording failed: reason=max_duration samples=0

W (2919901) STATE: Recording not uploadable: status=3; upload skipped

I (2919901) STATE: State changed to 0

I (2919901) DISPLAY: display_face()

I (2921411) DISPLAY: Face : 0

W (2921571) WIFI: Disconnected from AP, reason=201 (NO_AP_FOUND). Retrying connection...

[REDACTED SENSITIVE LINE]

W (2923991) WIFI: Disconnected from AP, reason=201 (NO_AP_FOUND). Retrying connection...

[REDACTED SENSITIVE LINE]

W (2926411) WIFI: Disconnected from AP, reason=201 (NO_AP_FOUND). Retrying connection...

[REDACTED SENSITIVE LINE]

W (2928831) WIFI: Disconnected from AP, reason=201 (NO_AP_FOUND). Retrying connection...

[REDACTED SENSITIVE LINE]

W (2931251) WIFI: Disconnected from AP, reason=201 (NO_AP_FOUND). Retrying connection...

[REDACTED SENSITIVE LINE]

W (2933671) WIFI: Disconnected from AP, reason=201 (NO_AP_FOUND). Retrying connection...

[REDACTED SENSITIVE LINE]

W (2936091) WIFI: Disconnected from AP, reason=201 (NO_AP_FOUND). Retrying connection...

[REDACTED SENSITIVE LINE]

W (2938511) WIFI: Disconnected from AP, reason=201 (NO_AP_FOUND). Retrying connection...

[REDACTED SENSITIVE LINE]

W (2940931) WIFI: Disconnected from AP, reason=201 (NO_AP_FOUND). Retrying connection...

[REDACTED SENSITIVE LINE]

W (2943351) WIFI: Disconnected from AP, reason=201 (NO_AP_FOUND). Retrying connection...

[REDACTED SENSITIVE LINE]

W (2945781) WIFI: Disconnected from AP, reason=201 (NO_AP_FOUND). Retrying connection...

[REDACTED SENSITIVE LINE]

W (2948201) WIFI: Disconnected from AP, reason=201 (NO_AP_FOUND). Retrying connection...

[REDACTED SENSITIVE LINE]

W (2950621) WIFI: Disconnected from AP, reason=201 (NO_AP_FOUND). Retrying connection...

[REDACTED SENSITIVE LINE]

W (2953041) WIFI: Disconnected from AP, reason=201 (NO_AP_FOUND). Retrying connection...

[REDACTED SENSITIVE LINE]

W (2955461) WIFI: Disconnected from AP, reason=201 (NO_AP_FOUND). Retrying connection...

[REDACTED SENSITIVE LINE]

W (2957881) WIFI: Disconnected from AP, reason=201 (NO_AP_FOUND). Retrying connection...

[REDACTED SENSITIVE LINE]

W (2960301) WIFI: Disconnected from AP, reason=201 (NO_AP_FOUND). Retrying connection...

[REDACTED SENSITIVE LINE]

W (2962721) WIFI: Disconnected from AP, reason=201 (NO_AP_FOUND). Retrying connection...

[REDACTED SENSITIVE LINE]

W (2965141) WIFI: Disconnected from AP, reason=201 (NO_AP_FOUND). Retrying connection...

[REDACTED SENSITIVE LINE]

W (2967571) WIFI: Disconnected from AP, reason=201 (NO_AP_FOUND). Retrying connection...

[REDACTED SENSITIVE LINE]

W (2969991) WIFI: Disconnected from AP, reason=201 (NO_AP_FOUND). Retrying connection...

[REDACTED SENSITIVE LINE]

W (2972411) WIFI: Disconnected from AP, reason=201 (NO_AP_FOUND). Retrying connection...

[REDACTED SENSITIVE LINE]

W (2974831) WIFI: Disconnected from AP, reason=201 (NO_AP_FOUND). Retrying connection...

[REDACTED SENSITIVE LINE]

W (2977251) WIFI: Disconnected from AP, reason=201 (NO_AP_FOUND). Retrying connection...

[REDACTED SENSITIVE LINE]

W (2979671) WIFI: Disconnected from AP, reason=201 (NO_AP_FOUND). Retrying connection...

[REDACTED SENSITIVE LINE]

W (2982091) WIFI: Disconnected from AP, reason=201 (NO_AP_FOUND). Retrying connection...

[REDACTED SENSITIVE LINE]

W (2984511) WIFI: Disconnected from AP, reason=201 (NO_AP_FOUND). Retrying connection...

[REDACTED SENSITIVE LINE]

W (2986931) WIFI: Disconnected from AP, reason=201 (NO_AP_FOUND). Retrying connection...

[REDACTED SENSITIVE LINE]

W (2989351) WIFI: Disconnected from AP, reason=201 (NO_AP_FOUND). Retrying connection...

[REDACTED SENSITIVE LINE]

W (2991781) WIFI: Disconnected from AP, reason=201 (NO_AP_FOUND). Retrying connection...

[REDACTED SENSITIVE LINE]

W (2994201) WIFI: Disconnected from AP, reason=201 (NO_AP_FOUND). Retrying connection...

[REDACTED SENSITIVE LINE]

W (2996621) WIFI: Disconnected from AP, reason=201 (NO_AP_FOUND). Retrying connection...

[REDACTED SENSITIVE LINE]

W (2999041) WIFI: Disconnected from AP, reason=201 (NO_AP_FOUND). Retrying connection...

[REDACTED SENSITIVE LINE]

W (3001461) WIFI: Disconnected from AP, reason=201 (NO_AP_FOUND). Retrying connection...

[REDACTED SENSITIVE LINE]

W (3003881) WIFI: Disconnected from AP, reason=201 (NO_AP_FOUND). Retrying connection...

[REDACTED SENSITIVE LINE]

W (3006301) WIFI: Disconnected from AP, reason=201 (NO_AP_FOUND). Retrying connection...

[REDACTED SENSITIVE LINE]

W (3008721) WIFI: Disconnected from AP, reason=201 (NO_AP_FOUND). Retrying connection...

[REDACTED SENSITIVE LINE]

W (3011141) WIFI: Disconnected from AP, reason=201 (NO_AP_FOUND). Retrying connection...

[REDACTED SENSITIVE LINE]

W (3013561) WIFI: Disconnected from AP, reason=201 (NO_AP_FOUND). Retrying connection...

[REDACTED SENSITIVE LINE]

W (3015991) WIFI: Disconnected from AP, reason=201 (NO_AP_FOUND). Retrying connection...

[REDACTED SENSITIVE LINE]

W (3018411) WIFI: Disconnected from AP, reason=201 (NO_AP_FOUND). Retrying connection...

[REDACTED SENSITIVE LINE]

W (3020831) WIFI: Disconnected from AP, reason=201 (NO_AP_FOUND). Retrying connection...

[REDACTED SENSITIVE LINE]

W (3023251) WIFI: Disconnected from AP, reason=201 (NO_AP_FOUND). Retrying connection...

[REDACTED SENSITIVE LINE]

W (3025671) WIFI: Disconnected from AP, reason=201 (NO_AP_FOUND). Retrying connection...

[REDACTED SENSITIVE LINE]

W (3028091) WIFI: Disconnected from AP, reason=201 (NO_AP_FOUND). Retrying connection...

[REDACTED SENSITIVE LINE]

I (3029451) NETWORK: NETWORK_TIME_SYNCED_BIT cleared before=0x0 after=0x0

W (3029451) WIFI: Lost IP address

W (3030511) WIFI: Disconnected from AP, reason=201 (NO_AP_FOUND). Retrying connection...

[REDACTED SENSITIVE LINE]

W (3032931) WIFI: Disconnected from AP, reason=201 (NO_AP_FOUND). Retrying connection...

[REDACTED SENSITIVE LINE]

W (3035351) WIFI: Disconnected from AP, reason=201 (NO_AP_FOUND). Retrying connection...

[REDACTED SENSITIVE LINE]

W (3037781) WIFI: Disconnected from AP, reason=201 (NO_AP_FOUND). Retrying connection...

[REDACTED SENSITIVE LINE]

W (3040201) WIFI: Disconnected from AP, reason=201 (NO_AP_FOUND). Retrying connection...

[REDACTED SENSITIVE LINE]

W (3042621) WIFI: Disconnected from AP, reason=201 (NO_AP_FOUND). Retrying connection...

[REDACTED SENSITIVE LINE]

W (3045041) WIFI: Disconnected from AP, reason=201 (NO_AP_FOUND). Retrying connection...

[REDACTED SENSITIVE LINE]

W (3047461) WIFI: Disconnected from AP, reason=201 (NO_AP_FOUND). Retrying connection...

[REDACTED SENSITIVE LINE]

W (3049881) WIFI: Disconnected from AP, reason=201 (NO_AP_FOUND). Retrying connection...

[REDACTED SENSITIVE LINE]

W (3052301) WIFI: Disconnected from AP, reason=201 (NO_AP_FOUND). Retrying connection...

[REDACTED SENSITIVE LINE]

W (3054721) WIFI: Disconnected from AP, reason=201 (NO_AP_FOUND). Retrying connection...

[REDACTED SENSITIVE LINE]

W (3057141) WIFI: Disconnected from AP, reason=201 (NO_AP_FOUND). Retrying connection...

[REDACTED SENSITIVE LINE]

W (3059561) WIFI: Disconnected from AP, reason=201 (NO_AP_FOUND). Retrying connection...

[REDACTED SENSITIVE LINE]

W (3061991) WIFI: Disconnected from AP, reason=201 (NO_AP_FOUND). Retrying connection...

[REDACTED SENSITIVE LINE]

W (3064411) WIFI: Disconnected from AP, reason=201 (NO_AP_FOUND). Retrying connection...

[REDACTED SENSITIVE LINE]

W (3066831) WIFI: Disconnected from AP, reason=201 (NO_AP_FOUND). Retrying connection...

[REDACTED SENSITIVE LINE]

W (3069251) WIFI: Disconnected from AP, reason=201 (NO_AP_FOUND). Retrying connection...

[REDACTED SENSITIVE LINE]

W (3071671) WIFI: Disconnected from AP, reason=201 (NO_AP_FOUND). Retrying connection...

[REDACTED SENSITIVE LINE]

W (3074091) WIFI: Disconnected from AP, reason=201 (NO_AP_FOUND). Retrying connection...

[REDACTED SENSITIVE LINE]

W (3076511) WIFI: Disconnected from AP, reason=201 (NO_AP_FOUND). Retrying connection...

[REDACTED SENSITIVE LINE]

W (3078931) WIFI: Disconnected from AP, reason=201 (NO_AP_FOUND). Retrying connection...

[REDACTED SENSITIVE LINE]

W (3081351) WIFI: Disconnected from AP, reason=201 (NO_AP_FOUND). Retrying connection...

[REDACTED SENSITIVE LINE]

W (3083781) WIFI: Disconnected from AP, reason=201 (NO_AP_FOUND). Retrying connection...

[REDACTED SENSITIVE LINE]

W (3086201) WIFI: Disconnected from AP, reason=201 (NO_AP_FOUND). Retrying connection...

[REDACTED SENSITIVE LINE]

W (3088621) WIFI: Disconnected from AP, reason=201 (NO_AP_FOUND). Retrying connection...

[REDACTED SENSITIVE LINE]

W (3091041) WIFI: Disconnected from AP, reason=201 (NO_AP_FOUND). Retrying connection...

[REDACTED SENSITIVE LINE]

W (3093461) WIFI: Disconnected from AP, reason=201 (NO_AP_FOUND). Retrying connection...

[REDACTED SENSITIVE LINE]

W (3095881) WIFI: Disconnected from AP, reason=201 (NO_AP_FOUND). Retrying connection...

[REDACTED SENSITIVE LINE]

W (3098301) WIFI: Disconnected from AP, reason=201 (NO_AP_FOUND). Retrying connection...

[REDACTED SENSITIVE LINE]

W (3100721) WIFI: Disconnected from AP, reason=201 (NO_AP_FOUND). Retrying connection...

[REDACTED SENSITIVE LINE]

W (3103141) WIFI: Disconnected from AP, reason=201 (NO_AP_FOUND). Retrying connection...

[REDACTED SENSITIVE LINE]

W (3105571) WIFI: Disconnected from AP, reason=201 (NO_AP_FOUND). Retrying connection...

[REDACTED SENSITIVE LINE]

W (3107991) WIFI: Disconnected from AP, reason=201 (NO_AP_FOUND). Retrying connection...

[REDACTED SENSITIVE LINE]

W (3110411) WIFI: Disconnected from AP, reason=201 (NO_AP_FOUND). Retrying connection...

[REDACTED SENSITIVE LINE]

W (3112831) WIFI: Disconnected from AP, reason=201 (NO_AP_FOUND). Retrying connection...

[REDACTED SENSITIVE LINE]

W (3115251) WIFI: Disconnected from AP, reason=201 (NO_AP_FOUND). Retrying connection...

[REDACTED SENSITIVE LINE]

W (3117671) WIFI: Disconnected from AP, reason=201 (NO_AP_FOUND). Retrying connection...

[REDACTED SENSITIVE LINE]

W (3120091) WIFI: Disconnected from AP, reason=201 (NO_AP_FOUND). Retrying connection...

[REDACTED SENSITIVE LINE]

W (3122511) WIFI: Disconnected from AP, reason=201 (NO_AP_FOUND). Retrying connection...

[REDACTED SENSITIVE LINE]

W (3124931) WIFI: Disconnected from AP, reason=201 (NO_AP_FOUND). Retrying connection...

[REDACTED SENSITIVE LINE]

W (3127351) WIFI: Disconnected from AP, reason=201 (NO_AP_FOUND). Retrying connection...

[REDACTED SENSITIVE LINE]

W (3129781) WIFI: Disconnected from AP, reason=201 (NO_AP_FOUND). Retrying connection...

[REDACTED SENSITIVE LINE]

W (3132201) WIFI: Disconnected from AP, reason=201 (NO_AP_FOUND). Retrying connection...

[REDACTED SENSITIVE LINE]

W (3134621) WIFI: Disconnected from AP, reason=201 (NO_AP_FOUND). Retrying connection...

[REDACTED SENSITIVE LINE]

W (3137041) WIFI: Disconnected from AP, reason=201 (NO_AP_FOUND). Retrying connection...

[REDACTED SENSITIVE LINE]

W (3139461) WIFI: Disconnected from AP, reason=201 (NO_AP_FOUND). Retrying connection...

[REDACTED SENSITIVE LINE]

W (3141881) WIFI: Disconnected from AP, reason=201 (NO_AP_FOUND). Retrying connection...

[REDACTED SENSITIVE LINE]

W (3144301) WIFI: Disconnected from AP, reason=201 (NO_AP_FOUND). Retrying connection...

[REDACTED SENSITIVE LINE]

W (3146721) WIFI: Disconnected from AP, reason=201 (NO_AP_FOUND). Retrying connection...

[REDACTED SENSITIVE LINE]

W (3149141) WIFI: Disconnected from AP, reason=201 (NO_AP_FOUND). Retrying connection...

[REDACTED SENSITIVE LINE]

I (3150511) NETWORK: NETWORK_TIME_SYNCED_BIT cleared before=0x0 after=0x0

W (3150511) WIFI: Lost IP address

W (3151571) WIFI: Disconnected from AP, reason=201 (NO_AP_FOUND). Retrying connection...

[REDACTED SENSITIVE LINE]

W (3153991) WIFI: Disconnected from AP, reason=201 (NO_AP_FOUND). Retrying connection...

[REDACTED SENSITIVE LINE]

W (3156411) WIFI: Disconnected from AP, reason=201 (NO_AP_FOUND). Retrying connection...

[REDACTED SENSITIVE LINE]

W (3158831) WIFI: Disconnected from AP, reason=201 (NO_AP_FOUND). Retrying connection...

[REDACTED SENSITIVE LINE]

W (3161251) WIFI: Disconnected from AP, reason=201 (NO_AP_FOUND). Retrying connection...

[REDACTED SENSITIVE LINE]

W (3163671) WIFI: Disconnected from AP, reason=201 (NO_AP_FOUND). Retrying connection...

[REDACTED SENSITIVE LINE]

W (3166091) WIFI: Disconnected from AP, reason=201 (NO_AP_FOUND). Retrying connection...

[REDACTED SENSITIVE LINE]

W (3168511) WIFI: Disconnected from AP, reason=201 (NO_AP_FOUND). Retrying connection...

[REDACTED SENSITIVE LINE]

W (3170931) WIFI: Disconnected from AP, reason=201 (NO_AP_FOUND). Retrying connection...

[REDACTED SENSITIVE LINE]

W (3173351) WIFI: Disconnected from AP, reason=201 (NO_AP_FOUND). Retrying connection...

[REDACTED SENSITIVE LINE]

W (3175781) WIFI: Disconnected from AP, reason=201 (NO_AP_FOUND). Retrying connection...

[REDACTED SENSITIVE LINE]

W (3178201) WIFI: Disconnected from AP, reason=201 (NO_AP_FOUND). Retrying connection...

[REDACTED SENSITIVE LINE]

W (3180621) WIFI: Disconnected from AP, reason=201 (NO_AP_FOUND). Retrying connection...

[REDACTED SENSITIVE LINE]

W (3183041) WIFI: Disconnected from AP, reason=201 (NO_AP_FOUND). Retrying connection...

[REDACTED SENSITIVE LINE]

W (3185461) WIFI: Disconnected from AP, reason=201 (NO_AP_FOUND). Retrying connection...

[REDACTED SENSITIVE LINE]

W (3187881) WIFI: Disconnected from AP, reason=201 (NO_AP_FOUND). Retrying connection...

[REDACTED SENSITIVE LINE]

W (3190301) WIFI: Disconnected from AP, reason=201 (NO_AP_FOUND). Retrying connection...

[REDACTED SENSITIVE LINE]

W (3192721) WIFI: Disconnected from AP, reason=201 (NO_AP_FOUND). Retrying connection...

[REDACTED SENSITIVE LINE]

W (3195141) WIFI: Disconnected from AP, reason=201 (NO_AP_FOUND). Retrying connection...

[REDACTED SENSITIVE LINE]

W (3197571) WIFI: Disconnected from AP, reason=201 (NO_AP_FOUND). Retrying connection...

[REDACTED SENSITIVE LINE]

W (3199991) WIFI: Disconnected from AP, reason=201 (NO_AP_FOUND). Retrying connection...

[REDACTED SENSITIVE LINE]

W (3202411) WIFI: Disconnected from AP, reason=201 (NO_AP_FOUND). Retrying connection...

[REDACTED SENSITIVE LINE]

W (3204831) WIFI: Disconnected from AP, reason=201 (NO_AP_FOUND). Retrying connection...

[REDACTED SENSITIVE LINE]

W (3207251) WIFI: Disconnected from AP, reason=201 (NO_AP_FOUND). Retrying connection...

[REDACTED SENSITIVE LINE]

W (3209671) WIFI: Disconnected from AP, reason=201 (NO_AP_FOUND). Retrying connection...

[REDACTED SENSITIVE LINE]

W (3212091) WIFI: Disconnected from AP, reason=201 (NO_AP_FOUND). Retrying connection...

[REDACTED SENSITIVE LINE]

W (3214511) WIFI: Disconnected from AP, reason=201 (NO_AP_FOUND). Retrying connection...

[REDACTED SENSITIVE LINE]

W (3216931) WIFI: Disconnected from AP, reason=201 (NO_AP_FOUND). Retrying connection...

[REDACTED SENSITIVE LINE]

W (3219351) WIFI: Disconnected from AP, reason=201 (NO_AP_FOUND). Retrying connection...

[REDACTED SENSITIVE LINE]

W (3221781) WIFI: Disconnected from AP, reason=201 (NO_AP_FOUND). Retrying connection...

[REDACTED SENSITIVE LINE]

W (3224201) WIFI: Disconnected from AP, reason=201 (NO_AP_FOUND). Retrying connection...

[REDACTED SENSITIVE LINE]

W (3226621) WIFI: Disconnected from AP, reason=201 (NO_AP_FOUND). Retrying connection...

[REDACTED SENSITIVE LINE]

W (3229041) WIFI: Disconnected from AP, reason=201 (NO_AP_FOUND). Retrying connection...

[REDACTED SENSITIVE LINE]

W (3231461) WIFI: Disconnected from AP, reason=201 (NO_AP_FOUND). Retrying connection...

[REDACTED SENSITIVE LINE]

W (3233881) WIFI: Disconnected from AP, reason=201 (NO_AP_FOUND). Retrying connection...

[REDACTED SENSITIVE LINE]

W (3236301) WIFI: Disconnected from AP, reason=201 (NO_AP_FOUND). Retrying connection...

[REDACTED SENSITIVE LINE]

W (3238721) WIFI: Disconnected from AP, reason=201 (NO_AP_FOUND). Retrying connection...

[REDACTED SENSITIVE LINE]

W (3241141) WIFI: Disconnected from AP, reason=201 (NO_AP_FOUND). Retrying connection...

[REDACTED SENSITIVE LINE]

W (3243571) WIFI: Disconnected from AP, reason=201 (NO_AP_FOUND). Retrying connection...

[REDACTED SENSITIVE LINE]

W (3245991) WIFI: Disconnected from AP, reason=201 (NO_AP_FOUND). Retrying connection...

[REDACTED SENSITIVE LINE]

W (3248411) WIFI: Disconnected from AP, reason=201 (NO_AP_FOUND). Retrying connection...

[REDACTED SENSITIVE LINE]

W (3250831) WIFI: Disconnected from AP, reason=201 (NO_AP_FOUND). Retrying connection...

[REDACTED SENSITIVE LINE]

W (3253251) WIFI: Disconnected from AP, reason=201 (NO_AP_FOUND). Retrying connection...

[REDACTED SENSITIVE LINE]

W (3255671) WIFI: Disconnected from AP, reason=201 (NO_AP_FOUND). Retrying connection...

[REDACTED SENSITIVE LINE]

W (3258091) WIFI: Disconnected from AP, reason=201 (NO_AP_FOUND). Retrying connection...

[REDACTED SENSITIVE LINE]

W (3260511) WIFI: Disconnected from AP, reason=201 (NO_AP_FOUND). Retrying connection...

[REDACTED SENSITIVE LINE]

W (3262931) WIFI: Disconnected from AP, reason=201 (NO_AP_FOUND). Retrying connection...

[REDACTED SENSITIVE LINE]

W (3265351) WIFI: Disconnected from AP, reason=201 (NO_AP_FOUND). Retrying connection...

[REDACTED SENSITIVE LINE]

W (3267781) WIFI: Disconnected from AP, reason=201 (NO_AP_FOUND). Retrying connection...

[REDACTED SENSITIVE LINE]

W (3270201) WIFI: Disconnected from AP, reason=201 (NO_AP_FOUND). Retrying connection...

[REDACTED SENSITIVE LINE]

I (3271561) NETWORK: NETWORK_TIME_SYNCED_BIT cleared before=0x0 after=0x0

W (3271561) WIFI: Lost IP address

W (3272621) WIFI: Disconnected from AP, reason=201 (NO_AP_FOUND). Retrying connection...

[REDACTED SENSITIVE LINE]

W (3275041) WIFI: Disconnected from AP, reason=201 (NO_AP_FOUND). Retrying connection...

[REDACTED SENSITIVE LINE]

W (3277461) WIFI: Disconnected from AP, reason=201 (NO_AP_FOUND). Retrying connection...

[REDACTED SENSITIVE LINE]

W (3279881) WIFI: Disconnected from AP, reason=201 (NO_AP_FOUND). Retrying connection...

[REDACTED SENSITIVE LINE]

W (3282301) WIFI: Disconnected from AP, reason=201 (NO_AP_FOUND). Retrying connection...

[REDACTED SENSITIVE LINE]

W (3284721) WIFI: Disconnected from AP, reason=201 (NO_AP_FOUND). Retrying connection...

[REDACTED SENSITIVE LINE]

W (3287141) WIFI: Disconnected from AP, reason=201 (NO_AP_FOUND). Retrying connection...

[REDACTED SENSITIVE LINE]

W (3289571) WIFI: Disconnected from AP, reason=201 (NO_AP_FOUND). Retrying connection...

[REDACTED SENSITIVE LINE]

W (3291991) WIFI: Disconnected from AP, reason=201 (NO_AP_FOUND). Retrying connection...

[REDACTED SENSITIVE LINE]

W (3294411) WIFI: Disconnected from AP, reason=201 (NO_AP_FOUND). Retrying connection...

[REDACTED SENSITIVE LINE]

W (3296831) WIFI: Disconnected from AP, reason=201 (NO_AP_FOUND). Retrying connection...

[REDACTED SENSITIVE LINE]

W (3299251) WIFI: Disconnected from AP, reason=201 (NO_AP_FOUND). Retrying connection...

[REDACTED SENSITIVE LINE]

W (3301671) WIFI: Disconnected from AP, reason=201 (NO_AP_FOUND). Retrying connection...

[REDACTED SENSITIVE LINE]

W (3304091) WIFI: Disconnected from AP, reason=201 (NO_AP_FOUND). Retrying connection...

[REDACTED SENSITIVE LINE]

W (3306511) WIFI: Disconnected from AP, reason=201 (NO_AP_FOUND). Retrying connection...

[REDACTED SENSITIVE LINE]

W (3308931) WIFI: Disconnected from AP, reason=201 (NO_AP_FOUND). Retrying connection...

[REDACTED SENSITIVE LINE]

W (3311351) WIFI: Disconnected from AP, reason=201 (NO_AP_FOUND). Retrying connection...

[REDACTED SENSITIVE LINE]

W (3313781) WIFI: Disconnected from AP, reason=201 (NO_AP_FOUND). Retrying connection...

[REDACTED SENSITIVE LINE]

W (3316201) WIFI: Disconnected from AP, reason=201 (NO_AP_FOUND). Retrying connection...

[REDACTED SENSITIVE LINE]

W (3318621) WIFI: Disconnected from AP, reason=201 (NO_AP_FOUND). Retrying connection...

[REDACTED SENSITIVE LINE]

W (3321041) WIFI: Disconnected from AP, reason=201 (NO_AP_FOUND). Retrying connection...

[REDACTED SENSITIVE LINE]

W (3323461) WIFI: Disconnected from AP, reason=201 (NO_AP_FOUND). Retrying connection...

[REDACTED SENSITIVE LINE]

W (3325881) WIFI: Disconnected from AP, reason=201 (NO_AP_FOUND). Retrying connection...

[REDACTED SENSITIVE LINE]

W (3328301) WIFI: Disconnected from AP, reason=201 (NO_AP_FOUND). Retrying connection...

[REDACTED SENSITIVE LINE]

W (3330721) WIFI: Disconnected from AP, reason=201 (NO_AP_FOUND). Retrying connection...

[REDACTED SENSITIVE LINE]

W (3333141) WIFI: Disconnected from AP, reason=201 (NO_AP_FOUND). Retrying connection...

[REDACTED SENSITIVE LINE]

W (3335571) WIFI: Disconnected from AP, reason=201 (NO_AP_FOUND). Retrying connection...

[REDACTED SENSITIVE LINE]

W (3337991) WIFI: Disconnected from AP, reason=201 (NO_AP_FOUND). Retrying connection...

[REDACTED SENSITIVE LINE]

W (3340411) WIFI: Disconnected from AP, reason=201 (NO_AP_FOUND). Retrying connection...

[REDACTED SENSITIVE LINE]

W (3342831) WIFI: Disconnected from AP, reason=201 (NO_AP_FOUND). Retrying connection...

[REDACTED SENSITIVE LINE]

W (3345251) WIFI: Disconnected from AP, reason=201 (NO_AP_FOUND). Retrying connection...

[REDACTED SENSITIVE LINE]

W (3347671) WIFI: Disconnected from AP, reason=201 (NO_AP_FOUND). Retrying connection...

[REDACTED SENSITIVE LINE]

W (3350091) WIFI: Disconnected from AP, reason=201 (NO_AP_FOUND). Retrying connection...

[REDACTED SENSITIVE LINE]

W (3352511) WIFI: Disconnected from AP, reason=201 (NO_AP_FOUND). Retrying connection...

[REDACTED SENSITIVE LINE]

W (3354931) WIFI: Disconnected from AP, reason=201 (NO_AP_FOUND). Retrying connection...

[REDACTED SENSITIVE LINE]

W (3357351) WIFI: Disconnected from AP, reason=201 (NO_AP_FOUND). Retrying connection...

[REDACTED SENSITIVE LINE]

W (3359781) WIFI: Disconnected from AP, reason=201 (NO_AP_FOUND). Retrying connection...

[REDACTED SENSITIVE LINE]

W (3362201) WIFI: Disconnected from AP, reason=201 (NO_AP_FOUND). Retrying connection...

[REDACTED SENSITIVE LINE]

W (3364621) WIFI: Disconnected from AP, reason=201 (NO_AP_FOUND). Retrying connection...

[REDACTED SENSITIVE LINE]

W (3367041) WIFI: Disconnected from AP, reason=201 (NO_AP_FOUND). Retrying connection...

[REDACTED SENSITIVE LINE]

W (3369461) WIFI: Disconnected from AP, reason=201 (NO_AP_FOUND). Retrying connection...

[REDACTED SENSITIVE LINE]

W (3371881) WIFI: Disconnected from AP, reason=201 (NO_AP_FOUND). Retrying connection...

[REDACTED SENSITIVE LINE]

W (3374301) WIFI: Disconnected from AP, reason=201 (NO_AP_FOUND). Retrying connection...

[REDACTED SENSITIVE LINE]

W (3376721) WIFI: Disconnected from AP, reason=201 (NO_AP_FOUND). Retrying connection...

[REDACTED SENSITIVE LINE]

W (3379141) WIFI: Disconnected from AP, reason=201 (NO_AP_FOUND). Retrying connection...

[REDACTED SENSITIVE LINE]

W (3381561) WIFI: Disconnected from AP, reason=201 (NO_AP_FOUND). Retrying connection...

[REDACTED SENSITIVE LINE]

W (3383991) WIFI: Disconnected from AP, reason=201 (NO_AP_FOUND). Retrying connection...

[REDACTED SENSITIVE LINE]

W (3386411) WIFI: Disconnected from AP, reason=201 (NO_AP_FOUND). Retrying connection...

[REDACTED SENSITIVE LINE]

W (3388831) WIFI: Disconnected from AP, reason=201 (NO_AP_FOUND). Retrying connection...

[REDACTED SENSITIVE LINE]

W (3391251) WIFI: Disconnected from AP, reason=201 (NO_AP_FOUND). Retrying connection...

[REDACTED SENSITIVE LINE]

I (3392621) NETWORK: NETWORK_TIME_SYNCED_BIT cleared before=0x0 after=0x0

W (3392621) WIFI: Lost IP address

W (3393671) WIFI: Disconnected from AP, reason=201 (NO_AP_FOUND). Retrying connection...

[REDACTED SENSITIVE LINE]

W (3396091) WIFI: Disconnected from AP, reason=201 (NO_AP_FOUND). Retrying connection...

[REDACTED SENSITIVE LINE]

W (3398511) WIFI: Disconnected from AP, reason=201 (NO_AP_FOUND). Retrying connection...

[REDACTED SENSITIVE LINE]

W (3400931) WIFI: Disconnected from AP, reason=201 (NO_AP_FOUND). Retrying connection...

[REDACTED SENSITIVE LINE]

W (3403351) WIFI: Disconnected from AP, reason=201 (NO_AP_FOUND). Retrying connection...

[REDACTED SENSITIVE LINE]

W (3405771) WIFI: Disconnected from AP, reason=201 (NO_AP_FOUND). Retrying connection...

[REDACTED SENSITIVE LINE]

W (3408201) WIFI: Disconnected from AP, reason=201 (NO_AP_FOUND). Retrying connection...

[REDACTED SENSITIVE LINE]

W (3410621) WIFI: Disconnected from AP, reason=201 (NO_AP_FOUND). Retrying connection...

[REDACTED SENSITIVE LINE]

W (3413041) WIFI: Disconnected from AP, reason=201 (NO_AP_FOUND). Retrying connection...

[REDACTED SENSITIVE LINE]

W (3415461) WIFI: Disconnected from AP, reason=201 (NO_AP_FOUND). Retrying connection...

[REDACTED SENSITIVE LINE]

W (3417881) WIFI: Disconnected from AP, reason=201 (NO_AP_FOUND). Retrying connection...

[REDACTED SENSITIVE LINE]

W (3420301) WIFI: Disconnected from AP, reason=201 (NO_AP_FOUND). Retrying connection...

[REDACTED SENSITIVE LINE]

W (3422721) WIFI: Disconnected from AP, reason=201 (NO_AP_FOUND). Retrying connection...

[REDACTED SENSITIVE LINE]

W (3425141) WIFI: Disconnected from AP, reason=201 (NO_AP_FOUND). Retrying connection...

[REDACTED SENSITIVE LINE]

W (3427561) WIFI: Disconnected from AP, reason=201 (NO_AP_FOUND). Retrying connection...

[REDACTED SENSITIVE LINE]

W (3429981) WIFI: Disconnected from AP, reason=201 (NO_AP_FOUND). Retrying connection...

[REDACTED SENSITIVE LINE]

W (3432411) WIFI: Disconnected from AP, reason=201 (NO_AP_FOUND). Retrying connection...

[REDACTED SENSITIVE LINE]

W (3434831) WIFI: Disconnected from AP, reason=201 (NO_AP_FOUND). Retrying connection...

[REDACTED SENSITIVE LINE]

W (3437251) WIFI: Disconnected from AP, reason=201 (NO_AP_FOUND). Retrying connection...

[REDACTED SENSITIVE LINE]

W (3439671) WIFI: Disconnected from AP, reason=201 (NO_AP_FOUND). Retrying connection...

[REDACTED SENSITIVE LINE]

W (3442091) WIFI: Disconnected from AP, reason=201 (NO_AP_FOUND). Retrying connection...

[REDACTED SENSITIVE LINE]

W (3444511) WIFI: Disconnected from AP, reason=201 (NO_AP_FOUND). Retrying connection...

[REDACTED SENSITIVE LINE]

W (3446931) WIFI: Disconnected from AP, reason=201 (NO_AP_FOUND). Retrying connection...

[REDACTED SENSITIVE LINE]

W (3449351) WIFI: Disconnected from AP, reason=201 (NO_AP_FOUND). Retrying connection...

[REDACTED SENSITIVE LINE]

W (3451771) WIFI: Disconnected from AP, reason=201 (NO_AP_FOUND). Retrying connection...

[REDACTED SENSITIVE LINE]

W (3454191) WIFI: Disconnected from AP, reason=201 (NO_AP_FOUND). Retrying connection...

[REDACTED SENSITIVE LINE]

W (3456621) WIFI: Disconnected from AP, reason=201 (NO_AP_FOUND). Retrying connection...

[REDACTED SENSITIVE LINE]

W (3459041) WIFI: Disconnected from AP, reason=201 (NO_AP_FOUND). Retrying connection...

[REDACTED SENSITIVE LINE]

W (3461461) WIFI: Disconnected from AP, reason=201 (NO_AP_FOUND). Retrying connection...

[REDACTED SENSITIVE LINE]

W (3463881) WIFI: Disconnected from AP, reason=201 (NO_AP_FOUND). Retrying connection...

[REDACTED SENSITIVE LINE]

W (3466301) WIFI: Disconnected from AP, reason=201 (NO_AP_FOUND). Retrying connection...

[REDACTED SENSITIVE LINE]

W (3468721) WIFI: Disconnected from AP, reason=201 (NO_AP_FOUND). Retrying connection...

[REDACTED SENSITIVE LINE]

W (3471141) WIFI: Disconnected from AP, reason=201 (NO_AP_FOUND). Retrying connection...

[REDACTED SENSITIVE LINE]

W (3473561) WIFI: Disconnected from AP, reason=201 (NO_AP_FOUND). Retrying connection...

[REDACTED SENSITIVE LINE]

W (3475981) WIFI: Disconnected from AP, reason=201 (NO_AP_FOUND). Retrying connection...

[REDACTED SENSITIVE LINE]

W (3478411) WIFI: Disconnected from AP, reason=201 (NO_AP_FOUND). Retrying connection...

[REDACTED SENSITIVE LINE]

W (3480831) WIFI: Disconnected from AP, reason=201 (NO_AP_FOUND). Retrying connection...

[REDACTED SENSITIVE LINE]

W (3483251) WIFI: Disconnected from AP, reason=201 (NO_AP_FOUND). Retrying connection...

[REDACTED SENSITIVE LINE]

W (3485671) WIFI: Disconnected from AP, reason=201 (NO_AP_FOUND). Retrying connection...

[REDACTED SENSITIVE LINE]

W (3488091) WIFI: Disconnected from AP, reason=201 (NO_AP_FOUND). Retrying connection...

[REDACTED SENSITIVE LINE]

W (3490511) WIFI: Disconnected from AP, reason=201 (NO_AP_FOUND). Retrying connection...

[REDACTED SENSITIVE LINE]

W (3492931) WIFI: Disconnected from AP, reason=201 (NO_AP_FOUND). Retrying connection...

[REDACTED SENSITIVE LINE]

W (3495351) WIFI: Disconnected from AP, reason=201 (NO_AP_FOUND). Retrying connection...

[REDACTED SENSITIVE LINE]

W (3497771) WIFI: Disconnected from AP, reason=201 (NO_AP_FOUND). Retrying connection...

[REDACTED SENSITIVE LINE]

W (3500191) WIFI: Disconnected from AP, reason=201 (NO_AP_FOUND). Retrying connection...

[REDACTED SENSITIVE LINE]

W (3502611) WIFI: Disconnected from AP, reason=201 (NO_AP_FOUND). Retrying connection...

[REDACTED SENSITIVE LINE]

W (3505041) WIFI: Disconnected from AP, reason=201 (NO_AP_FOUND). Retrying connection...

[REDACTED SENSITIVE LINE]

W (3507461) WIFI: Disconnected from AP, reason=201 (NO_AP_FOUND). Retrying connection...

[REDACTED SENSITIVE LINE]

W (3509881) WIFI: Disconnected from AP, reason=201 (NO_AP_FOUND). Retrying connection...

[REDACTED SENSITIVE LINE]

W (3512301) WIFI: Disconnected from AP, reason=201 (NO_AP_FOUND). Retrying connection...

[REDACTED SENSITIVE LINE]

I (3513671) NETWORK: NETWORK_TIME_SYNCED_BIT cleared before=0x0 after=0x0

W (3513671) WIFI: Lost IP address

W (3514721) WIFI: Disconnected from AP, reason=201 (NO_AP_FOUND). Retrying connection...

[REDACTED SENSITIVE LINE]

W (3517141) WIFI: Disconnected from AP, reason=201 (NO_AP_FOUND). Retrying connection...

[REDACTED SENSITIVE LINE]

W (3519561) WIFI: Disconnected from AP, reason=201 (NO_AP_FOUND). Retrying connection...

[REDACTED SENSITIVE LINE]

W (3521981) WIFI: Disconnected from AP, reason=201 (NO_AP_FOUND). Retrying connection...

[REDACTED SENSITIVE LINE]

W (3524401) WIFI: Disconnected from AP, reason=201 (NO_AP_FOUND). Retrying connection...

[REDACTED SENSITIVE LINE]

W (3526831) WIFI: Disconnected from AP, reason=201 (NO_AP_FOUND). Retrying connection...

[REDACTED SENSITIVE LINE]

W (3529251) WIFI: Disconnected from AP, reason=201 (NO_AP_FOUND). Retrying connection...

[REDACTED SENSITIVE LINE]

W (3531671) WIFI: Disconnected from AP, reason=201 (NO_AP_FOUND). Retrying connection...

[REDACTED SENSITIVE LINE]

W (3534091) WIFI: Disconnected from AP, reason=201 (NO_AP_FOUND). Retrying connection...

[REDACTED SENSITIVE LINE]

W (3536511) WIFI: Disconnected from AP, reason=201 (NO_AP_FOUND). Retrying connection...

[REDACTED SENSITIVE LINE]

W (3538931) WIFI: Disconnected from AP, reason=201 (NO_AP_FOUND). Retrying connection...

[REDACTED SENSITIVE LINE]

W (3541351) WIFI: Disconnected from AP, reason=201 (NO_AP_FOUND). Retrying connection...

[REDACTED SENSITIVE LINE]

W (3543771) WIFI: Disconnected from AP, reason=201 (NO_AP_FOUND). Retrying connection...

[REDACTED SENSITIVE LINE]

W (3546191) WIFI: Disconnected from AP, reason=201 (NO_AP_FOUND). Retrying connection...

[REDACTED SENSITIVE LINE]

W (3548611) WIFI: Disconnected from AP, reason=201 (NO_AP_FOUND). Retrying connection...

[REDACTED SENSITIVE LINE]

W (3551041) WIFI: Disconnected from AP, reason=201 (NO_AP_FOUND). Retrying connection...

[REDACTED SENSITIVE LINE]

W (3553461) WIFI: Disconnected from AP, reason=201 (NO_AP_FOUND). Retrying connection...

[REDACTED SENSITIVE LINE]

W (3555881) WIFI: Disconnected from AP, reason=201 (NO_AP_FOUND). Retrying connection...

[REDACTED SENSITIVE LINE]

W (3558301) WIFI: Disconnected from AP, reason=201 (NO_AP_FOUND). Retrying connection...

[REDACTED SENSITIVE LINE]

W (3560721) WIFI: Disconnected from AP, reason=201 (NO_AP_FOUND). Retrying connection...

[REDACTED SENSITIVE LINE]

W (3563141) WIFI: Disconnected from AP, reason=201 (NO_AP_FOUND). Retrying connection...

[REDACTED SENSITIVE LINE]

W (3565561) WIFI: Disconnected from AP, reason=201 (NO_AP_FOUND). Retrying connection...

[REDACTED SENSITIVE LINE]

W (3567981) WIFI: Disconnected from AP, reason=201 (NO_AP_FOUND). Retrying connection...

[REDACTED SENSITIVE LINE]

W (3570401) WIFI: Disconnected from AP, reason=201 (NO_AP_FOUND). Retrying connection...

[REDACTED SENSITIVE LINE]

W (3572831) WIFI: Disconnected from AP, reason=201 (NO_AP_FOUND). Retrying connection...

[REDACTED SENSITIVE LINE]

W (3575251) WIFI: Disconnected from AP, reason=201 (NO_AP_FOUND). Retrying connection...

[REDACTED SENSITIVE LINE]

W (3577671) WIFI: Disconnected from AP, reason=201 (NO_AP_FOUND). Retrying connection...

[REDACTED SENSITIVE LINE]

W (3580091) WIFI: Disconnected from AP, reason=201 (NO_AP_FOUND). Retrying connection...

[REDACTED SENSITIVE LINE]

W (3582511) WIFI: Disconnected from AP, reason=201 (NO_AP_FOUND). Retrying connection...

[REDACTED SENSITIVE LINE]

W (3584931) WIFI: Disconnected from AP, reason=201 (NO_AP_FOUND). Retrying connection...

[REDACTED SENSITIVE LINE]

W (3587351) WIFI: Disconnected from AP, reason=201 (NO_AP_FOUND). Retrying connection...

[REDACTED SENSITIVE LINE]

W (3589771) WIFI: Disconnected from AP, reason=201 (NO_AP_FOUND). Retrying connection...

[REDACTED SENSITIVE LINE]

W (3592191) WIFI: Disconnected from AP, reason=201 (NO_AP_FOUND). Retrying connection...

[REDACTED SENSITIVE LINE]

W (3594611) WIFI: Disconnected from AP, reason=201 (NO_AP_FOUND). Retrying connection...

[REDACTED SENSITIVE LINE]

W (3597041) WIFI: Disconnected from AP, reason=201 (NO_AP_FOUND). Retrying connection...

[REDACTED SENSITIVE LINE]

W (3599461) WIFI: Disconnected from AP, reason=201 (NO_AP_FOUND). Retrying connection...

[REDACTED SENSITIVE LINE]

W (3601881) WIFI: Disconnected from AP, reason=201 (NO_AP_FOUND). Retrying connection...

[REDACTED SENSITIVE LINE]

W (3604301) WIFI: Disconnected from AP, reason=201 (NO_AP_FOUND). Retrying connection...

[REDACTED SENSITIVE LINE]

W (3606721) WIFI: Disconnected from AP, reason=201 (NO_AP_FOUND). Retrying connection...

[REDACTED SENSITIVE LINE]

W (3609141) WIFI: Disconnected from AP, reason=201 (NO_AP_FOUND). Retrying connection...

[REDACTED SENSITIVE LINE]

W (3611561) WIFI: Disconnected from AP, reason=201 (NO_AP_FOUND). Retrying connection...

[REDACTED SENSITIVE LINE]

W (3613981) WIFI: Disconnected from AP, reason=201 (NO_AP_FOUND). Retrying connection...

[REDACTED SENSITIVE LINE]

W (3616401) WIFI: Disconnected from AP, reason=201 (NO_AP_FOUND). Retrying connection...

[REDACTED SENSITIVE LINE]

W (3618821) WIFI: Disconnected from AP, reason=201 (NO_AP_FOUND). Retrying connection...

[REDACTED SENSITIVE LINE]

W (3621251) WIFI: Disconnected from AP, reason=201 (NO_AP_FOUND). Retrying connection...

[REDACTED SENSITIVE LINE]

W (3623671) WIFI: Disconnected from AP, reason=201 (NO_AP_FOUND). Retrying connection...

[REDACTED SENSITIVE LINE]

W (3626091) WIFI: Disconnected from AP, reason=201 (NO_AP_FOUND). Retrying connection...

[REDACTED SENSITIVE LINE]

W (3628511) WIFI: Disconnected from AP, reason=201 (NO_AP_FOUND). Retrying connection...

[REDACTED SENSITIVE LINE]

W (3630931) WIFI: Disconnected from AP, reason=201 (NO_AP_FOUND). Retrying connection...

[REDACTED SENSITIVE LINE]

W (3633351) WIFI: Disconnected from AP, reason=201 (NO_AP_FOUND). Retrying connection...

[REDACTED SENSITIVE LINE]

I (3634721) NETWORK: NETWORK_TIME_SYNCED_BIT cleared before=0x0 after=0x0

W (3634721) WIFI: Lost IP address

W (3635771) WIFI: Disconnected from AP, reason=201 (NO_AP_FOUND). Retrying connection...

[REDACTED SENSITIVE LINE]

W (3638191) WIFI: Disconnected from AP, reason=201 (NO_AP_FOUND). Retrying connection...

[REDACTED SENSITIVE LINE]

W (3640611) WIFI: Disconnected from AP, reason=201 (NO_AP_FOUND). Retrying connection...

[REDACTED SENSITIVE LINE]

W (3643041) WIFI: Disconnected from AP, reason=201 (NO_AP_FOUND). Retrying connection...

[REDACTED SENSITIVE LINE]

W (3645461) WIFI: Disconnected from AP, reason=201 (NO_AP_FOUND). Retrying connection...

[REDACTED SENSITIVE LINE]

W (3647881) WIFI: Disconnected from AP, reason=201 (NO_AP_FOUND). Retrying connection...

[REDACTED SENSITIVE LINE]

W (3650301) WIFI: Disconnected from AP, reason=201 (NO_AP_FOUND). Retrying connection...

[REDACTED SENSITIVE LINE]

W (3652721) WIFI: Disconnected from AP, reason=201 (NO_AP_FOUND). Retrying connection...

[REDACTED SENSITIVE LINE]

W (3655141) WIFI: Disconnected from AP, reason=201 (NO_AP_FOUND). Retrying connection...

[REDACTED SENSITIVE LINE]

W (3657561) WIFI: Disconnected from AP, reason=201 (NO_AP_FOUND). Retrying connection...

[REDACTED SENSITIVE LINE]

W (3659981) WIFI: Disconnected from AP, reason=201 (NO_AP_FOUND). Retrying connection...

[REDACTED SENSITIVE LINE]

W (3662401) WIFI: Disconnected from AP, reason=201 (NO_AP_FOUND). Retrying connection...

[REDACTED SENSITIVE LINE]

W (3664821) WIFI: Disconnected from AP, reason=201 (NO_AP_FOUND). Retrying connection...

[REDACTED SENSITIVE LINE]

W (3667251) WIFI: Disconnected from AP, reason=201 (NO_AP_FOUND). Retrying connection...

[REDACTED SENSITIVE LINE]

W (3669671) WIFI: Disconnected from AP, reason=201 (NO_AP_FOUND). Retrying connection...

[REDACTED SENSITIVE LINE]

W (3672091) WIFI: Disconnected from AP, reason=201 (NO_AP_FOUND). Retrying connection...

[REDACTED SENSITIVE LINE]

W (3674511) WIFI: Disconnected from AP, reason=201 (NO_AP_FOUND). Retrying connection...

[REDACTED SENSITIVE LINE]

W (3676931) WIFI: Disconnected from AP, reason=201 (NO_AP_FOUND). Retrying connection...

[REDACTED SENSITIVE LINE]

W (3679351) WIFI: Disconnected from AP, reason=201 (NO_AP_FOUND). Retrying connection...

[REDACTED SENSITIVE LINE]

W (3681771) WIFI: Disconnected from AP, reason=201 (NO_AP_FOUND). Retrying connection...

[REDACTED SENSITIVE LINE]

W (3684191) WIFI: Disconnected from AP, reason=201 (NO_AP_FOUND). Retrying connection...

[REDACTED SENSITIVE LINE]

W (3686611) WIFI: Disconnected from AP, reason=201 (NO_AP_FOUND). Retrying connection...

[REDACTED SENSITIVE LINE]

W (3689041) WIFI: Disconnected from AP, reason=201 (NO_AP_FOUND). Retrying connection...

[REDACTED SENSITIVE LINE]

W (3691461) WIFI: Disconnected from AP, reason=201 (NO_AP_FOUND). Retrying connection...

[REDACTED SENSITIVE LINE]

W (3693881) WIFI: Disconnected from AP, reason=201 (NO_AP_FOUND). Retrying connection...

[REDACTED SENSITIVE LINE]

W (3696301) WIFI: Disconnected from AP, reason=201 (NO_AP_FOUND). Retrying connection...

[REDACTED SENSITIVE LINE]

W (3698721) WIFI: Disconnected from AP, reason=201 (NO_AP_FOUND). Retrying connection...

[REDACTED SENSITIVE LINE]

W (3701141) WIFI: Disconnected from AP, reason=201 (NO_AP_FOUND). Retrying connection...

[REDACTED SENSITIVE LINE]

W (3703561) WIFI: Disconnected from AP, reason=201 (NO_AP_FOUND). Retrying connection...

[REDACTED SENSITIVE LINE]

W (3705981) WIFI: Disconnected from AP, reason=201 (NO_AP_FOUND). Retrying connection...

[REDACTED SENSITIVE LINE]

W (3708401) WIFI: Disconnected from AP, reason=201 (NO_AP_FOUND). Retrying connection...

[REDACTED SENSITIVE LINE]

W (3710821) WIFI: Disconnected from AP, reason=201 (NO_AP_FOUND). Retrying connection...

[REDACTED SENSITIVE LINE]

W (3713251) WIFI: Disconnected from AP, reason=201 (NO_AP_FOUND). Retrying connection...

[REDACTED SENSITIVE LINE]

W (3715671) WIFI: Disconnected from AP, reason=201 (NO_AP_FOUND). Retrying connection...

[REDACTED SENSITIVE LINE]

W (3718091) WIFI: Disconnected from AP, reason=201 (NO_AP_FOUND). Retrying connection...

[REDACTED SENSITIVE LINE]

W (3720511) WIFI: Disconnected from AP, reason=201 (NO_AP_FOUND). Retrying connection...

[REDACTED SENSITIVE LINE]

W (3722931) WIFI: Disconnected from AP, reason=201 (NO_AP_FOUND). Retrying connection...

[REDACTED SENSITIVE LINE]

W (3725351) WIFI: Disconnected from AP, reason=201 (NO_AP_FOUND). Retrying connection...

[REDACTED SENSITIVE LINE]

W (3727771) WIFI: Disconnected from AP, reason=201 (NO_AP_FOUND). Retrying connection...

[REDACTED SENSITIVE LINE]

W (3730191) WIFI: Disconnected from AP, reason=201 (NO_AP_FOUND). Retrying connection...

[REDACTED SENSITIVE LINE]

W (3732611) WIFI: Disconnected from AP, reason=201 (NO_AP_FOUND). Retrying connection...

[REDACTED SENSITIVE LINE]

W (3735031) WIFI: Disconnected from AP, reason=201 (NO_AP_FOUND). Retrying connection...

[REDACTED SENSITIVE LINE]

W (3737461) WIFI: Disconnected from AP, reason=201 (NO_AP_FOUND). Retrying connection...

[REDACTED SENSITIVE LINE]

W (3739881) WIFI: Disconnected from AP, reason=201 (NO_AP_FOUND). Retrying connection...

[REDACTED SENSITIVE LINE]

W (3742301) WIFI: Disconnected from AP, reason=201 (NO_AP_FOUND). Retrying connection...

[REDACTED SENSITIVE LINE]

W (3744721) WIFI: Disconnected from AP, reason=201 (NO_AP_FOUND). Retrying connection...

[REDACTED SENSITIVE LINE]

W (3747141) WIFI: Disconnected from AP, reason=201 (NO_AP_FOUND). Retrying connection...

[REDACTED SENSITIVE LINE]

W (3749561) WIFI: Disconnected from AP, reason=201 (NO_AP_FOUND). Retrying connection...

[REDACTED SENSITIVE LINE]

W (3751981) WIFI: Disconnected from AP, reason=201 (NO_AP_FOUND). Retrying connection...

[REDACTED SENSITIVE LINE]

W (3754401) WIFI: Disconnected from AP, reason=201 (NO_AP_FOUND). Retrying connection...

[REDACTED SENSITIVE LINE]

I (3755771) NETWORK: NETWORK_TIME_SYNCED_BIT cleared before=0x0 after=0x0

W (3755771) WIFI: Lost IP address

W (3756821) WIFI: Disconnected from AP, reason=201 (NO_AP_FOUND). Retrying connection...

[REDACTED SENSITIVE LINE]

W (3759241) WIFI: Disconnected from AP, reason=201 (NO_AP_FOUND). Retrying connection...

[REDACTED SENSITIVE LINE]

W (3761671) WIFI: Disconnected from AP, reason=201 (NO_AP_FOUND). Retrying connection...

[REDACTED SENSITIVE LINE]

W (3764091) WIFI: Disconnected from AP, reason=201 (NO_AP_FOUND). Retrying connection...

[REDACTED SENSITIVE LINE]

W (3766511) WIFI: Disconnected from AP, reason=201 (NO_AP_FOUND). Retrying connection...

[REDACTED SENSITIVE LINE]

W (3768931) WIFI: Disconnected from AP, reason=201 (NO_AP_FOUND). Retrying connection...

[REDACTED SENSITIVE LINE]

W (3771351) WIFI: Disconnected from AP, reason=201 (NO_AP_FOUND). Retrying connection...

[REDACTED SENSITIVE LINE]

W (3773771) WIFI: Disconnected from AP, reason=201 (NO_AP_FOUND). Retrying connection...

[REDACTED SENSITIVE LINE]

W (3776191) WIFI: Disconnected from AP, reason=201 (NO_AP_FOUND). Retrying connection...

[REDACTED SENSITIVE LINE]

W (3778611) WIFI: Disconnected from AP, reason=201 (NO_AP_FOUND). Retrying connection...

[REDACTED SENSITIVE LINE]

W (3781031) WIFI: Disconnected from AP, reason=201 (NO_AP_FOUND). Retrying connection...

[REDACTED SENSITIVE LINE]

W (3783451) WIFI: Disconnected from AP, reason=201 (NO_AP_FOUND). Retrying connection...

[REDACTED SENSITIVE LINE]

W (3785881) WIFI: Disconnected from AP, reason=201 (NO_AP_FOUND). Retrying connection...

[REDACTED SENSITIVE LINE]

W (3788301) WIFI: Disconnected from AP, reason=201 (NO_AP_FOUND). Retrying connection...

[REDACTED SENSITIVE LINE]

W (3790721) WIFI: Disconnected from AP, reason=201 (NO_AP_FOUND). Retrying connection...

[REDACTED SENSITIVE LINE]

W (3793141) WIFI: Disconnected from AP, reason=201 (NO_AP_FOUND). Retrying connection...

[REDACTED SENSITIVE LINE]

W (3795561) WIFI: Disconnected from AP, reason=201 (NO_AP_FOUND). Retrying connection...

[REDACTED SENSITIVE LINE]

W (3797981) WIFI: Disconnected from AP, reason=201 (NO_AP_FOUND). Retrying connection...

[REDACTED SENSITIVE LINE]

W (3800401) WIFI: Disconnected from AP, reason=201 (NO_AP_FOUND). Retrying connection...

[REDACTED SENSITIVE LINE]

W (3802821) WIFI: Disconnected from AP, reason=201 (NO_AP_FOUND). Retrying connection...

[REDACTED SENSITIVE LINE]

W (3805241) WIFI: Disconnected from AP, reason=201 (NO_AP_FOUND). Retrying connection...

[REDACTED SENSITIVE LINE]

W (3807661) WIFI: Disconnected from AP, reason=201 (NO_AP_FOUND). Retrying connection...

[REDACTED SENSITIVE LINE]

W (3810091) WIFI: Disconnected from AP, reason=201 (NO_AP_FOUND). Retrying connection...

[REDACTED SENSITIVE LINE]

W (3812511) WIFI: Disconnected from AP, reason=201 (NO_AP_FOUND). Retrying connection...

[REDACTED SENSITIVE LINE]

W (3814931) WIFI: Disconnected from AP, reason=201 (NO_AP_FOUND). Retrying connection...

[REDACTED SENSITIVE LINE]

W (3817351) WIFI: Disconnected from AP, reason=201 (NO_AP_FOUND). Retrying connection...

[REDACTED SENSITIVE LINE]

W (3819771) WIFI: Disconnected from AP, reason=201 (NO_AP_FOUND). Retrying connection...

[REDACTED SENSITIVE LINE]

W (3822191) WIFI: Disconnected from AP, reason=201 (NO_AP_FOUND). Retrying connection...

[REDACTED SENSITIVE LINE]

W (3824611) WIFI: Disconnected from AP, reason=201 (NO_AP_FOUND). Retrying connection...

[REDACTED SENSITIVE LINE]

W (3827031) WIFI: Disconnected from AP, reason=201 (NO_AP_FOUND). Retrying connection...

[REDACTED SENSITIVE LINE]

W (3829451) WIFI: Disconnected from AP, reason=201 (NO_AP_FOUND). Retrying connection...

[REDACTED SENSITIVE LINE]

W (3831871) WIFI: Disconnected from AP, reason=201 (NO_AP_FOUND). Retrying connection...

[REDACTED SENSITIVE LINE]

W (3834301) WIFI: Disconnected from AP, reason=201 (NO_AP_FOUND). Retrying connection...

[REDACTED SENSITIVE LINE]

W (3836721) WIFI: Disconnected from AP, reason=201 (NO_AP_FOUND). Retrying connection...

[REDACTED SENSITIVE LINE]

W (3839141) WIFI: Disconnected from AP, reason=201 (NO_AP_FOUND). Retrying connection...

[REDACTED SENSITIVE LINE]

W (3841561) WIFI: Disconnected from AP, reason=201 (NO_AP_FOUND). Retrying connection...

[REDACTED SENSITIVE LINE]

W (3843981) WIFI: Disconnected from AP, reason=201 (NO_AP_FOUND). Retrying connection...

[REDACTED SENSITIVE LINE]

W (3846401) WIFI: Disconnected from AP, reason=201 (NO_AP_FOUND). Retrying connection...

[REDACTED SENSITIVE LINE]

W (3848821) WIFI: Disconnected from AP, reason=201 (NO_AP_FOUND). Retrying connection...

[REDACTED SENSITIVE LINE]

W (3851241) WIFI: Disconnected from AP, reason=201 (NO_AP_FOUND). Retrying connection...

[REDACTED SENSITIVE LINE]

W (3853661) WIFI: Disconnected from AP, reason=201 (NO_AP_FOUND). Retrying connection...

[REDACTED SENSITIVE LINE]

W (3856081) WIFI: Disconnected from AP, reason=201 (NO_AP_FOUND). Retrying connection...

[REDACTED SENSITIVE LINE]

W (3858511) WIFI: Disconnected from AP, reason=201 (NO_AP_FOUND). Retrying connection...

[REDACTED SENSITIVE LINE]

W (3860931) WIFI: Disconnected from AP, reason=201 (NO_AP_FOUND). Retrying connection...

[REDACTED SENSITIVE LINE]

W (3863351) WIFI: Disconnected from AP, reason=201 (NO_AP_FOUND). Retrying connection...

[REDACTED SENSITIVE LINE]

W (3865771) WIFI: Disconnected from AP, reason=201 (NO_AP_FOUND). Retrying connection...

[REDACTED SENSITIVE LINE]

W (3868191) WIFI: Disconnected from AP, reason=201 (NO_AP_FOUND). Retrying connection...

[REDACTED SENSITIVE LINE]

W (3870611) WIFI: Disconnected from AP, reason=201 (NO_AP_FOUND). Retrying connection...

[REDACTED SENSITIVE LINE]

W (3873031) WIFI: Disconnected from AP, reason=201 (NO_AP_FOUND). Retrying connection...

[REDACTED SENSITIVE LINE]

W (3875451) WIFI: Disconnected from AP, reason=201 (NO_AP_FOUND). Retrying connection...

[REDACTED SENSITIVE LINE]

I (3876821) NETWORK: NETWORK_TIME_SYNCED_BIT cleared before=0x0 after=0x0

W (3876821) WIFI: Lost IP address

W (3877871) WIFI: Disconnected from AP, reason=201 (NO_AP_FOUND). Retrying connection...

[REDACTED SENSITIVE LINE]

W (3880301) WIFI: Disconnected from AP, reason=201 (NO_AP_FOUND). Retrying connection...

[REDACTED SENSITIVE LINE]

W (3882721) WIFI: Disconnected from AP, reason=201 (NO_AP_FOUND). Retrying connection...

[REDACTED SENSITIVE LINE]

W (3885141) WIFI: Disconnected from AP, reason=201 (NO_AP_FOUND). Retrying connection...

[REDACTED SENSITIVE LINE]

W (3887561) WIFI: Disconnected from AP, reason=201 (NO_AP_FOUND). Retrying connection...

[REDACTED SENSITIVE LINE]

W (3889981) WIFI: Disconnected from AP, reason=201 (NO_AP_FOUND). Retrying connection...

[REDACTED SENSITIVE LINE]

W (3892401) WIFI: Disconnected from AP, reason=201 (NO_AP_FOUND). Retrying connection...

[REDACTED SENSITIVE LINE]

W (3894821) WIFI: Disconnected from AP, reason=201 (NO_AP_FOUND). Retrying connection...

[REDACTED SENSITIVE LINE]

W (3897241) WIFI: Disconnected from AP, reason=201 (NO_AP_FOUND). Retrying connection...

[REDACTED SENSITIVE LINE]

W (3899661) WIFI: Disconnected from AP, reason=201 (NO_AP_FOUND). Retrying connection...

[REDACTED SENSITIVE LINE]

W (3902091) WIFI: Disconnected from AP, reason=201 (NO_AP_FOUND). Retrying connection...

[REDACTED SENSITIVE LINE]

W (3904511) WIFI: Disconnected from AP, reason=201 (NO_AP_FOUND). Retrying connection...

[REDACTED SENSITIVE LINE]

W (3906931) WIFI: Disconnected from AP, reason=201 (NO_AP_FOUND). Retrying connection...

[REDACTED SENSITIVE LINE]

W (3909351) WIFI: Disconnected from AP, reason=201 (NO_AP_FOUND). Retrying connection...

[REDACTED SENSITIVE LINE]

W (3911771) WIFI: Disconnected from AP, reason=201 (NO_AP_FOUND). Retrying connection...

[REDACTED SENSITIVE LINE]

W (3914191) WIFI: Disconnected from AP, reason=201 (NO_AP_FOUND). Retrying connection...

[REDACTED SENSITIVE LINE]

W (3916611) WIFI: Disconnected from AP, reason=201 (NO_AP_FOUND). Retrying connection...

[REDACTED SENSITIVE LINE]

W (3919031) WIFI: Disconnected from AP, reason=201 (NO_AP_FOUND). Retrying connection...

[REDACTED SENSITIVE LINE]

W (3921451) WIFI: Disconnected from AP, reason=201 (NO_AP_FOUND). Retrying connection...

[REDACTED SENSITIVE LINE]

W (3923871) WIFI: Disconnected from AP, reason=201 (NO_AP_FOUND). Retrying connection...

[REDACTED SENSITIVE LINE]

W (3926301) WIFI: Disconnected from AP, reason=201 (NO_AP_FOUND). Retrying connection...

[REDACTED SENSITIVE LINE]

W (3928721) WIFI: Disconnected from AP, reason=201 (NO_AP_FOUND). Retrying connection...

[REDACTED SENSITIVE LINE]

W (3931141) WIFI: Disconnected from AP, reason=201 (NO_AP_FOUND). Retrying connection...

[REDACTED SENSITIVE LINE]

W (3933561) WIFI: Disconnected from AP, reason=201 (NO_AP_FOUND). Retrying connection...

[REDACTED SENSITIVE LINE]

W (3935981) WIFI: Disconnected from AP, reason=201 (NO_AP_FOUND). Retrying connection...

[REDACTED SENSITIVE LINE]

W (3938401) WIFI: Disconnected from AP, reason=201 (NO_AP_FOUND). Retrying connection...

[REDACTED SENSITIVE LINE]

W (3940821) WIFI: Disconnected from AP, reason=201 (NO_AP_FOUND). Retrying connection...

[REDACTED SENSITIVE LINE]

W (3943241) WIFI: Disconnected from AP, reason=201 (NO_AP_FOUND). Retrying connection...

[REDACTED SENSITIVE LINE]

W (3945661) WIFI: Disconnected from AP, reason=201 (NO_AP_FOUND). Retrying connection...

[REDACTED SENSITIVE LINE]

W (3948091) WIFI: Disconnected from AP, reason=201 (NO_AP_FOUND). Retrying connection...

[REDACTED SENSITIVE LINE]

W (3950511) WIFI: Disconnected from AP, reason=201 (NO_AP_FOUND). Retrying connection...

[REDACTED SENSITIVE LINE]

W (3952931) WIFI: Disconnected from AP, reason=201 (NO_AP_FOUND). Retrying connection...

[REDACTED SENSITIVE LINE]

W (3955351) WIFI: Disconnected from AP, reason=201 (NO_AP_FOUND). Retrying connection...

[REDACTED SENSITIVE LINE]

W (3957771) WIFI: Disconnected from AP, reason=201 (NO_AP_FOUND). Retrying connection...

[REDACTED SENSITIVE LINE]

W (3960191) WIFI: Disconnected from AP, reason=201 (NO_AP_FOUND). Retrying connection...

[REDACTED SENSITIVE LINE]

W (3962611) WIFI: Disconnected from AP, reason=201 (NO_AP_FOUND). Retrying connection...

[REDACTED SENSITIVE LINE]

W (3965031) WIFI: Disconnected from AP, reason=201 (NO_AP_FOUND). Retrying connection...

[REDACTED SENSITIVE LINE]

W (3967451) WIFI: Disconnected from AP, reason=201 (NO_AP_FOUND). Retrying connection...

[REDACTED SENSITIVE LINE]

W (3969871) WIFI: Disconnected from AP, reason=201 (NO_AP_FOUND). Retrying connection...

[REDACTED SENSITIVE LINE]

W (3972301) WIFI: Disconnected from AP, reason=201 (NO_AP_FOUND). Retrying connection...

[REDACTED SENSITIVE LINE]

W (3974721) WIFI: Disconnected from AP, reason=201 (NO_AP_FOUND). Retrying connection...

[REDACTED SENSITIVE LINE]

W (3977141) WIFI: Disconnected from AP, reason=201 (NO_AP_FOUND). Retrying connection...

[REDACTED SENSITIVE LINE]

W (3979561) WIFI: Disconnected from AP, reason=201 (NO_AP_FOUND). Retrying connection...

[REDACTED SENSITIVE LINE]

W (3981981) WIFI: Disconnected from AP, reason=201 (NO_AP_FOUND). Retrying connection...

[REDACTED SENSITIVE LINE]

W (3984401) WIFI: Disconnected from AP, reason=201 (NO_AP_FOUND). Retrying connection...

[REDACTED SENSITIVE LINE]

W (3986821) WIFI: Disconnected from AP, reason=201 (NO_AP_FOUND). Retrying connection...

[REDACTED SENSITIVE LINE]

W (3989241) WIFI: Disconnected from AP, reason=201 (NO_AP_FOUND). Retrying connection...

[REDACTED SENSITIVE LINE]

W (3991661) WIFI: Disconnected from AP, reason=201 (NO_AP_FOUND). Retrying connection...

[REDACTED SENSITIVE LINE]

W (3994081) WIFI: Disconnected from AP, reason=201 (NO_AP_FOUND). Retrying connection...

[REDACTED SENSITIVE LINE]

W (3996511) WIFI: Disconnected from AP, reason=201 (NO_AP_FOUND). Retrying connection...

[REDACTED SENSITIVE LINE]

I (3997871) NETWORK: NETWORK_TIME_SYNCED_BIT cleared before=0x0 after=0x0

W (3997871) WIFI: Lost IP address

W (3998931) WIFI: Disconnected from AP, reason=201 (NO_AP_FOUND). Retrying connection...

[REDACTED SENSITIVE LINE]

W (4001351) WIFI: Disconnected from AP, reason=201 (NO_AP_FOUND). Retrying connection...

[REDACTED SENSITIVE LINE]

W (4003771) WIFI: Disconnected from AP, reason=201 (NO_AP_FOUND). Retrying connection...

[REDACTED SENSITIVE LINE]

W (4006191) WIFI: Disconnected from AP, reason=201 (NO_AP_FOUND). Retrying connection...

[REDACTED SENSITIVE LINE]

W (4008611) WIFI: Disconnected from AP, reason=201 (NO_AP_FOUND). Retrying connection...

[REDACTED SENSITIVE LINE]

W (4011031) WIFI: Disconnected from AP, reason=201 (NO_AP_FOUND). Retrying connection...

[REDACTED SENSITIVE LINE]

W (4013451) WIFI: Disconnected from AP, reason=201 (NO_AP_FOUND). Retrying connection...

[REDACTED SENSITIVE LINE]

W (4015871) WIFI: Disconnected from AP, reason=201 (NO_AP_FOUND). Retrying connection...

[REDACTED SENSITIVE LINE]

W (4018291) WIFI: Disconnected from AP, reason=201 (NO_AP_FOUND). Retrying connection...

[REDACTED SENSITIVE LINE]

W (4020721) WIFI: Disconnected from AP, reason=201 (NO_AP_FOUND). Retrying connection...

[REDACTED SENSITIVE LINE]

W (4023141) WIFI: Disconnected from AP, reason=201 (NO_AP_FOUND). Retrying connection...

[REDACTED SENSITIVE LINE]

W (4025561) WIFI: Disconnected from AP, reason=201 (NO_AP_FOUND). Retrying connection...

[REDACTED SENSITIVE LINE]

W (4027981) WIFI: Disconnected from AP, reason=201 (NO_AP_FOUND). Retrying connection...

[REDACTED SENSITIVE LINE]

W (4030401) WIFI: Disconnected from AP, reason=201 (NO_AP_FOUND). Retrying connection...

[REDACTED SENSITIVE LINE]

W (4032821) WIFI: Disconnected from AP, reason=201 (NO_AP_FOUND). Retrying connection...

[REDACTED SENSITIVE LINE]

W (4035241) WIFI: Disconnected from AP, reason=201 (NO_AP_FOUND). Retrying connection...

[REDACTED SENSITIVE LINE]

W (4037661) WIFI: Disconnected from AP, reason=201 (NO_AP_FOUND). Retrying connection...

[REDACTED SENSITIVE LINE]

W (4040081) WIFI: Disconnected from AP, reason=201 (NO_AP_FOUND). Retrying connection...

[REDACTED SENSITIVE LINE]

W (4042511) WIFI: Disconnected from AP, reason=201 (NO_AP_FOUND). Retrying connection...

[REDACTED SENSITIVE LINE]

W (4044931) WIFI: Disconnected from AP, reason=201 (NO_AP_FOUND). Retrying connection...

[REDACTED SENSITIVE LINE]

W (4047351) WIFI: Disconnected from AP, reason=201 (NO_AP_FOUND). Retrying connection...

[REDACTED SENSITIVE LINE]

W (4049771) WIFI: Disconnected from AP, reason=201 (NO_AP_FOUND). Retrying connection...

[REDACTED SENSITIVE LINE]

W (4052191) WIFI: Disconnected from AP, reason=201 (NO_AP_FOUND). Retrying connection...

[REDACTED SENSITIVE LINE]

W (4054611) WIFI: Disconnected from AP, reason=201 (NO_AP_FOUND). Retrying connection...

[REDACTED SENSITIVE LINE]

W (4057031) WIFI: Disconnected from AP, reason=201 (NO_AP_FOUND). Retrying connection...

[REDACTED SENSITIVE LINE]

W (4059451) WIFI: Disconnected from AP, reason=201 (NO_AP_FOUND). Retrying connection...

[REDACTED SENSITIVE LINE]

W (4061871) WIFI: Disconnected from AP, reason=201 (NO_AP_FOUND). Retrying connection...

[REDACTED SENSITIVE LINE]

W (4064291) WIFI: Disconnected from AP, reason=201 (NO_AP_FOUND). Retrying connection...

[REDACTED SENSITIVE LINE]

W (4066721) WIFI: Disconnected from AP, reason=201 (NO_AP_FOUND). Retrying connection...

[REDACTED SENSITIVE LINE]

W (4069141) WIFI: Disconnected from AP, reason=201 (NO_AP_FOUND). Retrying connection...

[REDACTED SENSITIVE LINE]

W (4071561) WIFI: Disconnected from AP, reason=201 (NO_AP_FOUND). Retrying connection...

[REDACTED SENSITIVE LINE]

W (4073981) WIFI: Disconnected from AP, reason=201 (NO_AP_FOUND). Retrying connection...

[REDACTED SENSITIVE LINE]

W (4076401) WIFI: Disconnected from AP, reason=201 (NO_AP_FOUND). Retrying connection...

[REDACTED SENSITIVE LINE]

W (4078821) WIFI: Disconnected from AP, reason=201 (NO_AP_FOUND). Retrying connection...

[REDACTED SENSITIVE LINE]

W (4081241) WIFI: Disconnected from AP, reason=201 (NO_AP_FOUND). Retrying connection...

[REDACTED SENSITIVE LINE]

W (4083661) WIFI: Disconnected from AP, reason=201 (NO_AP_FOUND). Retrying connection...

[REDACTED SENSITIVE LINE]

W (4086081) WIFI: Disconnected from AP, reason=201 (NO_AP_FOUND). Retrying connection...

[REDACTED SENSITIVE LINE]

W (4088511) WIFI: Disconnected from AP, reason=201 (NO_AP_FOUND). Retrying connection...

[REDACTED SENSITIVE LINE]

W (4090931) WIFI: Disconnected from AP, reason=201 (NO_AP_FOUND). Retrying connection...

[REDACTED SENSITIVE LINE]

W (4093351) WIFI: Disconnected from AP, reason=201 (NO_AP_FOUND). Retrying connection...

[REDACTED SENSITIVE LINE]

W (4095771) WIFI: Disconnected from AP, reason=201 (NO_AP_FOUND). Retrying connection...

[REDACTED SENSITIVE LINE]

W (4098191) WIFI: Disconnected from AP, reason=201 (NO_AP_FOUND). Retrying connection...

[REDACTED SENSITIVE LINE]

W (4100611) WIFI: Disconnected from AP, reason=201 (NO_AP_FOUND). Retrying connection...

[REDACTED SENSITIVE LINE]

W (4103031) WIFI: Disconnected from AP, reason=201 (NO_AP_FOUND). Retrying connection...

[REDACTED SENSITIVE LINE]

W (4105451) WIFI: Disconnected from AP, reason=201 (NO_AP_FOUND). Retrying connection...

[REDACTED SENSITIVE LINE]

W (4107871) WIFI: Disconnected from AP, reason=201 (NO_AP_FOUND). Retrying connection...

[REDACTED SENSITIVE LINE]

W (4110291) WIFI: Disconnected from AP, reason=201 (NO_AP_FOUND). Retrying connection...

[REDACTED SENSITIVE LINE]

W (4112721) WIFI: Disconnected from AP, reason=201 (NO_AP_FOUND). Retrying connection...

[REDACTED SENSITIVE LINE]

W (4115141) WIFI: Disconnected from AP, reason=201 (NO_AP_FOUND). Retrying connection...

[REDACTED SENSITIVE LINE]

W (4117561) WIFI: Disconnected from AP, reason=201 (NO_AP_FOUND). Retrying connection...

[REDACTED SENSITIVE LINE]

I (4118931) NETWORK: NETWORK_TIME_SYNCED_BIT cleared before=0x0 after=0x0

W (4118931) WIFI: Lost IP address

W (4119981) WIFI: Disconnected from AP, reason=201 (NO_AP_FOUND). Retrying connection...

[REDACTED SENSITIVE LINE]

W (4122401) WIFI: Disconnected from AP, reason=201 (NO_AP_FOUND). Retrying connection...

[REDACTED SENSITIVE LINE]

W (4124821) WIFI: Disconnected from AP, reason=201 (NO_AP_FOUND). Retrying connection...

[REDACTED SENSITIVE LINE]

W (4127241) WIFI: Disconnected from AP, reason=201 (NO_AP_FOUND). Retrying connection...

[REDACTED SENSITIVE LINE]

W (4129661) WIFI: Disconnected from AP, reason=201 (NO_AP_FOUND). Retrying connection...

[REDACTED SENSITIVE LINE]

W (4132081) WIFI: Disconnected from AP, reason=201 (NO_AP_FOUND). Retrying connection...

[REDACTED SENSITIVE LINE]

W (4134511) WIFI: Disconnected from AP, reason=201 (NO_AP_FOUND). Retrying connection...

[REDACTED SENSITIVE LINE]

W (4136931) WIFI: Disconnected from AP, reason=201 (NO_AP_FOUND). Retrying connection...

[REDACTED SENSITIVE LINE]

W (4139351) WIFI: Disconnected from AP, reason=201 (NO_AP_FOUND). Retrying connection...

[REDACTED SENSITIVE LINE]

W (4141771) WIFI: Disconnected from AP, reason=201 (NO_AP_FOUND). Retrying connection...

[REDACTED SENSITIVE LINE]

W (4144191) WIFI: Disconnected from AP, reason=201 (NO_AP_FOUND). Retrying connection...

[REDACTED SENSITIVE LINE]

W (4146611) WIFI: Disconnected from AP, reason=201 (NO_AP_FOUND). Retrying connection...

[REDACTED SENSITIVE LINE]

W (4149031) WIFI: Disconnected from AP, reason=201 (NO_AP_FOUND). Retrying connection...

[REDACTED SENSITIVE LINE]

W (4151451) WIFI: Disconnected from AP, reason=201 (NO_AP_FOUND). Retrying connection...

[REDACTED SENSITIVE LINE]

W (4153871) WIFI: Disconnected from AP, reason=201 (NO_AP_FOUND). Retrying connection...

[REDACTED SENSITIVE LINE]

W (4156291) WIFI: Disconnected from AP, reason=201 (NO_AP_FOUND). Retrying connection...

[REDACTED SENSITIVE LINE]

W (4158721) WIFI: Disconnected from AP, reason=201 (NO_AP_FOUND). Retrying connection...

[REDACTED SENSITIVE LINE]

W (4161141) WIFI: Disconnected from AP, reason=201 (NO_AP_FOUND). Retrying connection...

[REDACTED SENSITIVE LINE]

W (4163561) WIFI: Disconnected from AP, reason=201 (NO_AP_FOUND). Retrying connection...

[REDACTED SENSITIVE LINE]

W (4165981) WIFI: Disconnected from AP, reason=201 (NO_AP_FOUND). Retrying connection...

[REDACTED SENSITIVE LINE]

W (4168401) WIFI: Disconnected from AP, reason=201 (NO_AP_FOUND). Retrying connection...

[REDACTED SENSITIVE LINE]

W (4170821) WIFI: Disconnected from AP, reason=201 (NO_AP_FOUND). Retrying connection...

[REDACTED SENSITIVE LINE]

W (4173241) WIFI: Disconnected from AP, reason=201 (NO_AP_FOUND). Retrying connection...

[REDACTED SENSITIVE LINE]

W (4175661) WIFI: Disconnected from AP, reason=201 (NO_AP_FOUND). Retrying connection...

[REDACTED SENSITIVE LINE]

W (4178081) WIFI: Disconnected from AP, reason=201 (NO_AP_FOUND). Retrying connection...

[REDACTED SENSITIVE LINE]

W (4180501) WIFI: Disconnected from AP, reason=201 (NO_AP_FOUND). Retrying connection...

[REDACTED SENSITIVE LINE]

W (4182931) WIFI: Disconnected from AP, reason=201 (NO_AP_FOUND). Retrying connection...

[REDACTED SENSITIVE LINE]

W (4185351) WIFI: Disconnected from AP, reason=201 (NO_AP_FOUND). Retrying connection...

[REDACTED SENSITIVE LINE]

W (4187771) WIFI: Disconnected from AP, reason=201 (NO_AP_FOUND). Retrying connection...

[REDACTED SENSITIVE LINE]

W (4190191) WIFI: Disconnected from AP, reason=201 (NO_AP_FOUND). Retrying connection...

[REDACTED SENSITIVE LINE]

W (4192611) WIFI: Disconnected from AP, reason=201 (NO_AP_FOUND). Retrying connection...

[REDACTED SENSITIVE LINE]

W (4195031) WIFI: Disconnected from AP, reason=201 (NO_AP_FOUND). Retrying connection...

[REDACTED SENSITIVE LINE]

W (4197451) WIFI: Disconnected from AP, reason=201 (NO_AP_FOUND). Retrying connection...

[REDACTED SENSITIVE LINE]

W (4199871) WIFI: Disconnected from AP, reason=201 (NO_AP_FOUND). Retrying connection...

[REDACTED SENSITIVE LINE]

W (4202291) WIFI: Disconnected from AP, reason=201 (NO_AP_FOUND). Retrying connection...

[REDACTED SENSITIVE LINE]

W (4204721) WIFI: Disconnected from AP, reason=201 (NO_AP_FOUND). Retrying connection...

[REDACTED SENSITIVE LINE]

W (4207141) WIFI: Disconnected from AP, reason=201 (NO_AP_FOUND). Retrying connection...

[REDACTED SENSITIVE LINE]

W (4209561) WIFI: Disconnected from AP, reason=201 (NO_AP_FOUND). Retrying connection...

[REDACTED SENSITIVE LINE]

W (4211981) WIFI: Disconnected from AP, reason=201 (NO_AP_FOUND). Retrying connection...

[REDACTED SENSITIVE LINE]

W (4214401) WIFI: Disconnected from AP, reason=201 (NO_AP_FOUND). Retrying connection...

[REDACTED SENSITIVE LINE]

W (4216821) WIFI: Disconnected from AP, reason=201 (NO_AP_FOUND). Retrying connection...

[REDACTED SENSITIVE LINE]

W (4219241) WIFI: Disconnected from AP, reason=201 (NO_AP_FOUND). Retrying connection...

[REDACTED SENSITIVE LINE]

W (4221661) WIFI: Disconnected from AP, reason=201 (NO_AP_FOUND). Retrying connection...

[REDACTED SENSITIVE LINE]

W (4224081) WIFI: Disconnected from AP, reason=201 (NO_AP_FOUND). Retrying connection...

[REDACTED SENSITIVE LINE]

W (4226511) WIFI: Disconnected from AP, reason=201 (NO_AP_FOUND). Retrying connection...

[REDACTED SENSITIVE LINE]

W (4228931) WIFI: Disconnected from AP, reason=201 (NO_AP_FOUND). Retrying connection...

[REDACTED SENSITIVE LINE]

W (4231351) WIFI: Disconnected from AP, reason=201 (NO_AP_FOUND). Retrying connection...

[REDACTED SENSITIVE LINE]

W (4233771) WIFI: Disconnected from AP, reason=201 (NO_AP_FOUND). Retrying connection...

[REDACTED SENSITIVE LINE]

W (4236191) WIFI: Disconnected from AP, reason=201 (NO_AP_FOUND). Retrying connection...

[REDACTED SENSITIVE LINE]

W (4238611) WIFI: Disconnected from AP, reason=201 (NO_AP_FOUND). Retrying connection...

[REDACTED SENSITIVE LINE]

I (4239981) NETWORK: NETWORK_TIME_SYNCED_BIT cleared before=0x0 after=0x0

W (4239981) WIFI: Lost IP address

W (4241031) WIFI: Disconnected from AP, reason=201 (NO_AP_FOUND). Retrying connection...

[REDACTED SENSITIVE LINE]

W (4243451) WIFI: Disconnected from AP, reason=201 (NO_AP_FOUND). Retrying connection...

[REDACTED SENSITIVE LINE]

W (4245871) WIFI: Disconnected from AP, reason=201 (NO_AP_FOUND). Retrying connection...

[REDACTED SENSITIVE LINE]

W (4248291) WIFI: Disconnected from AP, reason=201 (NO_AP_FOUND). Retrying connection...

[REDACTED SENSITIVE LINE]

W (4250721) WIFI: Disconnected from AP, reason=201 (NO_AP_FOUND). Retrying connection...

[REDACTED SENSITIVE LINE]

W (4253141) WIFI: Disconnected from AP, reason=201 (NO_AP_FOUND). Retrying connection...

[REDACTED SENSITIVE LINE]

W (4255561) WIFI: Disconnected from AP, reason=201 (NO_AP_FOUND). Retrying connection...

[REDACTED SENSITIVE LINE]

W (4257981) WIFI: Disconnected from AP, reason=201 (NO_AP_FOUND). Retrying connection...

[REDACTED SENSITIVE LINE]

W (4260401) WIFI: Disconnected from AP, reason=201 (NO_AP_FOUND). Retrying connection...

[REDACTED SENSITIVE LINE]

W (4262821) WIFI: Disconnected from AP, reason=201 (NO_AP_FOUND). Retrying connection...

[REDACTED SENSITIVE LINE]

W (4265241) WIFI: Disconnected from AP, reason=201 (NO_AP_FOUND). Retrying connection...

[REDACTED SENSITIVE LINE]

W (4267661) WIFI: Disconnected from AP, reason=201 (NO_AP_FOUND). Retrying connection...

[REDACTED SENSITIVE LINE]

W (4270081) WIFI: Disconnected from AP, reason=201 (NO_AP_FOUND). Retrying connection...

[REDACTED SENSITIVE LINE]

W (4272511) WIFI: Disconnected from AP, reason=201 (NO_AP_FOUND). Retrying connection...

[REDACTED SENSITIVE LINE]

W (4274931) WIFI: Disconnected from AP, reason=201 (NO_AP_FOUND). Retrying connection...

[REDACTED SENSITIVE LINE]

W (4277351) WIFI: Disconnected from AP, reason=201 (NO_AP_FOUND). Retrying connection...

[REDACTED SENSITIVE LINE]

W (4279771) WIFI: Disconnected from AP, reason=201 (NO_AP_FOUND). Retrying connection...

[REDACTED SENSITIVE LINE]

W (4282191) WIFI: Disconnected from AP, reason=201 (NO_AP_FOUND). Retrying connection...

[REDACTED SENSITIVE LINE]

W (4284611) WIFI: Disconnected from AP, reason=201 (NO_AP_FOUND). Retrying connection...

[REDACTED SENSITIVE LINE]

W (4287031) WIFI: Disconnected from AP, reason=201 (NO_AP_FOUND). Retrying connection...

[REDACTED SENSITIVE LINE]

W (4289451) WIFI: Disconnected from AP, reason=201 (NO_AP_FOUND). Retrying connection...

[REDACTED SENSITIVE LINE]

W (4291871) WIFI: Disconnected from AP, reason=201 (NO_AP_FOUND). Retrying connection...

[REDACTED SENSITIVE LINE]

W (4294301) WIFI: Disconnected from AP, reason=201 (NO_AP_FOUND). Retrying connection...

[REDACTED SENSITIVE LINE]

W (4296721) WIFI: Disconnected from AP, reason=201 (NO_AP_FOUND). Retrying connection...

[REDACTED SENSITIVE LINE]

W (4299141) WIFI: Disconnected from AP, reason=201 (NO_AP_FOUND). Retrying connection...

[REDACTED SENSITIVE LINE]

W (4301561) WIFI: Disconnected from AP, reason=201 (NO_AP_FOUND). Retrying connection...

[REDACTED SENSITIVE LINE]

W (4303981) WIFI: Disconnected from AP, reason=201 (NO_AP_FOUND). Retrying connection...

[REDACTED SENSITIVE LINE]

W (4306401) WIFI: Disconnected from AP, reason=201 (NO_AP_FOUND). Retrying connection...

[REDACTED SENSITIVE LINE]

W (4308821) WIFI: Disconnected from AP, reason=201 (NO_AP_FOUND). Retrying connection...

[REDACTED SENSITIVE LINE]

W (4311241) WIFI: Disconnected from AP, reason=201 (NO_AP_FOUND). Retrying connection...

[REDACTED SENSITIVE LINE]

W (4313661) WIFI: Disconnected from AP, reason=201 (NO_AP_FOUND). Retrying connection...

[REDACTED SENSITIVE LINE]

W (4316081) WIFI: Disconnected from AP, reason=201 (NO_AP_FOUND). Retrying connection...

[REDACTED SENSITIVE LINE]

W (4318511) WIFI: Disconnected from AP, reason=201 (NO_AP_FOUND). Retrying connection...

[REDACTED SENSITIVE LINE]

W (4320931) WIFI: Disconnected from AP, reason=201 (NO_AP_FOUND). Retrying connection...

[REDACTED SENSITIVE LINE]

W (4323351) WIFI: Disconnected from AP, reason=201 (NO_AP_FOUND). Retrying connection...

[REDACTED SENSITIVE LINE]

W (4325771) WIFI: Disconnected from AP, reason=201 (NO_AP_FOUND). Retrying connection...

[REDACTED SENSITIVE LINE]

W (4328191) WIFI: Disconnected from AP, reason=201 (NO_AP_FOUND). Retrying connection...

[REDACTED SENSITIVE LINE]

W (4330611) WIFI: Disconnected from AP, reason=201 (NO_AP_FOUND). Retrying connection...

[REDACTED SENSITIVE LINE]

W (4333031) WIFI: Disconnected from AP, reason=201 (NO_AP_FOUND). Retrying connection...

[REDACTED SENSITIVE LINE]

W (4335451) WIFI: Disconnected from AP, reason=201 (NO_AP_FOUND). Retrying connection...

[REDACTED SENSITIVE LINE]

W (4337871) WIFI: Disconnected from AP, reason=201 (NO_AP_FOUND). Retrying connection...

[REDACTED SENSITIVE LINE]

W (4340291) WIFI: Disconnected from AP, reason=201 (NO_AP_FOUND). Retrying connection...

[REDACTED SENSITIVE LINE]

W (4342721) WIFI: Disconnected from AP, reason=201 (NO_AP_FOUND). Retrying connection...

[REDACTED SENSITIVE LINE]

W (4345141) WIFI: Disconnected from AP, reason=201 (NO_AP_FOUND). Retrying connection...

[REDACTED SENSITIVE LINE]

W (4347561) WIFI: Disconnected from AP, reason=201 (NO_AP_FOUND). Retrying connection...

[REDACTED SENSITIVE LINE]

W (4349981) WIFI: Disconnected from AP, reason=201 (NO_AP_FOUND). Retrying connection...

[REDACTED SENSITIVE LINE]

W (4352401) WIFI: Disconnected from AP, reason=201 (NO_AP_FOUND). Retrying connection...

[REDACTED SENSITIVE LINE]

W (4354821) WIFI: Disconnected from AP, reason=201 (NO_AP_FOUND). Retrying connection...

[REDACTED SENSITIVE LINE]

W (4357241) WIFI: Disconnected from AP, reason=201 (NO_AP_FOUND). Retrying connection...

[REDACTED SENSITIVE LINE]

W (4359661) WIFI: Disconnected from AP, reason=201 (NO_AP_FOUND). Retrying connection...

[REDACTED SENSITIVE LINE]

I (4361031) NETWORK: NETWORK_TIME_SYNCED_BIT cleared before=0x0 after=0x0

W (4361031) WIFI: Lost IP address

W (4362081) WIFI: Disconnected from AP, reason=201 (NO_AP_FOUND). Retrying connection...

[REDACTED SENSITIVE LINE]

W (4364511) WIFI: Disconnected from AP, reason=201 (NO_AP_FOUND). Retrying connection...

[REDACTED SENSITIVE LINE]

W (4366931) WIFI: Disconnected from AP, reason=201 (NO_AP_FOUND). Retrying connection...

[REDACTED SENSITIVE LINE]

W (4369351) WIFI: Disconnected from AP, reason=201 (NO_AP_FOUND). Retrying connection...

[REDACTED SENSITIVE LINE]

W (4371771) WIFI: Disconnected from AP, reason=201 (NO_AP_FOUND). Retrying connection...

[REDACTED SENSITIVE LINE]

W (4374191) WIFI: Disconnected from AP, reason=201 (NO_AP_FOUND). Retrying connection...

[REDACTED SENSITIVE LINE]

W (4376611) WIFI: Disconnected from AP, reason=201 (NO_AP_FOUND). Retrying connection...

[REDACTED SENSITIVE LINE]

W (4379031) WIFI: Disconnected from AP, reason=201 (NO_AP_FOUND). Retrying connection...

[REDACTED SENSITIVE LINE]

W (4381451) WIFI: Disconnected from AP, reason=201 (NO_AP_FOUND). Retrying connection...

[REDACTED SENSITIVE LINE]

W (4383871) WIFI: Disconnected from AP, reason=201 (NO_AP_FOUND). Retrying connection...

[REDACTED SENSITIVE LINE]

W (4386301) WIFI: Disconnected from AP, reason=201 (NO_AP_FOUND). Retrying connection...

[REDACTED SENSITIVE LINE]

W (4388721) WIFI: Disconnected from AP, reason=201 (NO_AP_FOUND). Retrying connection...

[REDACTED SENSITIVE LINE]

W (4391141) WIFI: Disconnected from AP, reason=201 (NO_AP_FOUND). Retrying connection...

[REDACTED SENSITIVE LINE]

W (4393561) WIFI: Disconnected from AP, reason=201 (NO_AP_FOUND). Retrying connection...

[REDACTED SENSITIVE LINE]

W (4395981) WIFI: Disconnected from AP, reason=201 (NO_AP_FOUND). Retrying connection...

[REDACTED SENSITIVE LINE]

W (4398401) WIFI: Disconnected from AP, reason=201 (NO_AP_FOUND). Retrying connection...

[REDACTED SENSITIVE LINE]

W (4400821) WIFI: Disconnected from AP, reason=201 (NO_AP_FOUND). Retrying connection...

[REDACTED SENSITIVE LINE]

W (4403241) WIFI: Disconnected from AP, reason=201 (NO_AP_FOUND). Retrying connection...

[REDACTED SENSITIVE LINE]

W (4405661) WIFI: Disconnected from AP, reason=201 (NO_AP_FOUND). Retrying connection...

[REDACTED SENSITIVE LINE]

W (4408081) WIFI: Disconnected from AP, reason=201 (NO_AP_FOUND). Retrying connection...

[REDACTED SENSITIVE LINE]

W (4410511) WIFI: Disconnected from AP, reason=201 (NO_AP_FOUND). Retrying connection...

[REDACTED SENSITIVE LINE]

W (4412931) WIFI: Disconnected from AP, reason=201 (NO_AP_FOUND). Retrying connection...

[REDACTED SENSITIVE LINE]

W (4415351) WIFI: Disconnected from AP, reason=201 (NO_AP_FOUND). Retrying connection...

[REDACTED SENSITIVE LINE]

W (4417771) WIFI: Disconnected from AP, reason=201 (NO_AP_FOUND). Retrying connection...

[REDACTED SENSITIVE LINE]

W (4420191) WIFI: Disconnected from AP, reason=201 (NO_AP_FOUND). Retrying connection...

[REDACTED SENSITIVE LINE]

W (4422611) WIFI: Disconnected from AP, reason=201 (NO_AP_FOUND). Retrying connection...

[REDACTED SENSITIVE LINE]

W (4425031) WIFI: Disconnected from AP, reason=201 (NO_AP_FOUND). Retrying connection...

[REDACTED SENSITIVE LINE]

W (4427451) WIFI: Disconnected from AP, reason=201 (NO_AP_FOUND). Retrying connection...

[REDACTED SENSITIVE LINE]

W (4429871) WIFI: Disconnected from AP, reason=201 (NO_AP_FOUND). Retrying connection...

[REDACTED SENSITIVE LINE]

W (4432291) WIFI: Disconnected from AP, reason=201 (NO_AP_FOUND). Retrying connection...

[REDACTED SENSITIVE LINE]

W (4434721) WIFI: Disconnected from AP, reason=201 (NO_AP_FOUND). Retrying connection...

[REDACTED SENSITIVE LINE]

W (4437141) WIFI: Disconnected from AP, reason=201 (NO_AP_FOUND). Retrying connection...

[REDACTED SENSITIVE LINE]

W (4439561) WIFI: Disconnected from AP, reason=201 (NO_AP_FOUND). Retrying connection...

[REDACTED SENSITIVE LINE]

W (4441981) WIFI: Disconnected from AP, reason=201 (NO_AP_FOUND). Retrying connection...

[REDACTED SENSITIVE LINE]

W (4444401) WIFI: Disconnected from AP, reason=201 (NO_AP_FOUND). Retrying connection...

[REDACTED SENSITIVE LINE]

W (4446821) WIFI: Disconnected from AP, reason=201 (NO_AP_FOUND). Retrying connection...

[REDACTED SENSITIVE LINE]

W (4449241) WIFI: Disconnected from AP, reason=201 (NO_AP_FOUND). Retrying connection...

[REDACTED SENSITIVE LINE]

W (4451661) WIFI: Disconnected from AP, reason=201 (NO_AP_FOUND). Retrying connection...

[REDACTED SENSITIVE LINE]

W (4454081) WIFI: Disconnected from AP, reason=201 (NO_AP_FOUND). Retrying connection...

[REDACTED SENSITIVE LINE]

W (4456511) WIFI: Disconnected from AP, reason=201 (NO_AP_FOUND). Retrying connection...

[REDACTED SENSITIVE LINE]

W (4458931) WIFI: Disconnected from AP, reason=201 (NO_AP_FOUND). Retrying connection...

[REDACTED SENSITIVE LINE]

W (4461351) WIFI: Disconnected from AP, reason=201 (NO_AP_FOUND). Retrying connection...

[REDACTED SENSITIVE LINE]

W (4463771) WIFI: Disconnected from AP, reason=201 (NO_AP_FOUND). Retrying connection...

[REDACTED SENSITIVE LINE]

W (4466191) WIFI: Disconnected from AP, reason=201 (NO_AP_FOUND). Retrying connection...

[REDACTED SENSITIVE LINE]

W (4468611) WIFI: Disconnected from AP, reason=201 (NO_AP_FOUND). Retrying connection...

[REDACTED SENSITIVE LINE]

W (4471031) WIFI: Disconnected from AP, reason=201 (NO_AP_FOUND). Retrying connection...

[REDACTED SENSITIVE LINE]

W (4473451) WIFI: Disconnected from AP, reason=201 (NO_AP_FOUND). Retrying connection...

[REDACTED SENSITIVE LINE]

W (4475871) WIFI: Disconnected from AP, reason=201 (NO_AP_FOUND). Retrying connection...

[REDACTED SENSITIVE LINE]

W (4478291) WIFI: Disconnected from AP, reason=201 (NO_AP_FOUND). Retrying connection...

[REDACTED SENSITIVE LINE]

W (4480721) WIFI: Disconnected from AP, reason=201 (NO_AP_FOUND). Retrying connection...

[REDACTED SENSITIVE LINE]

I (4482081) NETWORK: NETWORK_TIME_SYNCED_BIT cleared before=0x0 after=0x0

W (4482081) WIFI: Lost IP address

W (4483141) WIFI: Disconnected from AP, reason=201 (NO_AP_FOUND). Retrying connection...

[REDACTED SENSITIVE LINE]

W (4485561) WIFI: Disconnected from AP, reason=201 (NO_AP_FOUND). Retrying connection...

[REDACTED SENSITIVE LINE]

W (4487981) WIFI: Disconnected from AP, reason=201 (NO_AP_FOUND). Retrying connection...

[REDACTED SENSITIVE LINE]

W (4490401) WIFI: Disconnected from AP, reason=201 (NO_AP_FOUND). Retrying connection...

[REDACTED SENSITIVE LINE]

W (4492821) WIFI: Disconnected from AP, reason=201 (NO_AP_FOUND). Retrying connection...

[REDACTED SENSITIVE LINE]

W (4495241) WIFI: Disconnected from AP, reason=201 (NO_AP_FOUND). Retrying connection...

[REDACTED SENSITIVE LINE]

W (4497661) WIFI: Disconnected from AP, reason=201 (NO_AP_FOUND). Retrying connection...

[REDACTED SENSITIVE LINE]

W (4500081) WIFI: Disconnected from AP, reason=201 (NO_AP_FOUND). Retrying connection...

[REDACTED SENSITIVE LINE]

W (4502511) WIFI: Disconnected from AP, reason=201 (NO_AP_FOUND). Retrying connection...

[REDACTED SENSITIVE LINE]

W (4504931) WIFI: Disconnected from AP, reason=201 (NO_AP_FOUND). Retrying connection...

[REDACTED SENSITIVE LINE]

W (4507351) WIFI: Disconnected from AP, reason=201 (NO_AP_FOUND). Retrying connection...

[REDACTED SENSITIVE LINE]

W (4509771) WIFI: Disconnected from AP, reason=201 (NO_AP_FOUND). Retrying connection...

[REDACTED SENSITIVE LINE]

W (4512191) WIFI: Disconnected from AP, reason=201 (NO_AP_FOUND). Retrying connection...

[REDACTED SENSITIVE LINE]

W (4514611) WIFI: Disconnected from AP, reason=201 (NO_AP_FOUND). Retrying connection...

[REDACTED SENSITIVE LINE]

W (4517031) WIFI: Disconnected from AP, reason=201 (NO_AP_FOUND). Retrying connection...

[REDACTED SENSITIVE LINE]

W (4519451) WIFI: Disconnected from AP, reason=201 (NO_AP_FOUND). Retrying connection...

[REDACTED SENSITIVE LINE]

W (4521871) WIFI: Disconnected from AP, reason=201 (NO_AP_FOUND). Retrying connection...

[REDACTED SENSITIVE LINE]

W (4524301) WIFI: Disconnected from AP, reason=201 (NO_AP_FOUND). Retrying connection...

[REDACTED SENSITIVE LINE]

W (4526721) WIFI: Disconnected from AP, reason=201 (NO_AP_FOUND). Retrying connection...

[REDACTED SENSITIVE LINE]

W (4529141) WIFI: Disconnected from AP, reason=201 (NO_AP_FOUND). Retrying connection...

[REDACTED SENSITIVE LINE]

W (4531561) WIFI: Disconnected from AP, reason=201 (NO_AP_FOUND). Retrying connection...

[REDACTED SENSITIVE LINE]

W (4533981) WIFI: Disconnected from AP, reason=201 (NO_AP_FOUND). Retrying connection...

[REDACTED SENSITIVE LINE]

W (4536401) WIFI: Disconnected from AP, reason=201 (NO_AP_FOUND). Retrying connection...

[REDACTED SENSITIVE LINE]

W (4538821) WIFI: Disconnected from AP, reason=201 (NO_AP_FOUND). Retrying connection...

[REDACTED SENSITIVE LINE]

W (4541241) WIFI: Disconnected from AP, reason=201 (NO_AP_FOUND). Retrying connection...

[REDACTED SENSITIVE LINE]

W (4543661) WIFI: Disconnected from AP, reason=201 (NO_AP_FOUND). Retrying connection...

[REDACTED SENSITIVE LINE]

W (4546081) WIFI: Disconnected from AP, reason=201 (NO_AP_FOUND). Retrying connection...

[REDACTED SENSITIVE LINE]

W (4548511) WIFI: Disconnected from AP, reason=201 (NO_AP_FOUND). Retrying connection...

[REDACTED SENSITIVE LINE]

W (4550931) WIFI: Disconnected from AP, reason=201 (NO_AP_FOUND). Retrying connection...

[REDACTED SENSITIVE LINE]

W (4553351) WIFI: Disconnected from AP, reason=201 (NO_AP_FOUND). Retrying connection...

[REDACTED SENSITIVE LINE]

W (4555771) WIFI: Disconnected from AP, reason=201 (NO_AP_FOUND). Retrying connection...

[REDACTED SENSITIVE LINE]

W (4558191) WIFI: Disconnected from AP, reason=201 (NO_AP_FOUND). Retrying connection...

[REDACTED SENSITIVE LINE]

W (4560611) WIFI: Disconnected from AP, reason=201 (NO_AP_FOUND). Retrying connection...

[REDACTED SENSITIVE LINE]

W (4563031) WIFI: Disconnected from AP, reason=201 (NO_AP_FOUND). Retrying connection...

[REDACTED SENSITIVE LINE]

W (4565451) WIFI: Disconnected from AP, reason=201 (NO_AP_FOUND). Retrying connection...

[REDACTED SENSITIVE LINE]

W (4567871) WIFI: Disconnected from AP, reason=201 (NO_AP_FOUND). Retrying connection...

[REDACTED SENSITIVE LINE]

W (4570291) WIFI: Disconnected from AP, reason=201 (NO_AP_FOUND). Retrying connection...

[REDACTED SENSITIVE LINE]

W (4572721) WIFI: Disconnected from AP, reason=201 (NO_AP_FOUND). Retrying connection...

[REDACTED SENSITIVE LINE]

W (4575141) WIFI: Disconnected from AP, reason=201 (NO_AP_FOUND). Retrying connection...

[REDACTED SENSITIVE LINE]

W (4577561) WIFI: Disconnected from AP, reason=201 (NO_AP_FOUND). Retrying connection...

[REDACTED SENSITIVE LINE]

W (4579981) WIFI: Disconnected from AP, reason=201 (NO_AP_FOUND). Retrying connection...

[REDACTED SENSITIVE LINE]

W (4582401) WIFI: Disconnected from AP, reason=201 (NO_AP_FOUND). Retrying connection...

[REDACTED SENSITIVE LINE]

W (4584821) WIFI: Disconnected from AP, reason=201 (NO_AP_FOUND). Retrying connection...

[REDACTED SENSITIVE LINE]

W (4587241) WIFI: Disconnected from AP, reason=201 (NO_AP_FOUND). Retrying connection...

[REDACTED SENSITIVE LINE]

W (4589661) WIFI: Disconnected from AP, reason=201 (NO_AP_FOUND). Retrying connection...

[REDACTED SENSITIVE LINE]

W (4592081) WIFI: Disconnected from AP, reason=201 (NO_AP_FOUND). Retrying connection...

[REDACTED SENSITIVE LINE]

W (4594511) WIFI: Disconnected from AP, reason=201 (NO_AP_FOUND). Retrying connection...

[REDACTED SENSITIVE LINE]

W (4596931) WIFI: Disconnected from AP, reason=201 (NO_AP_FOUND). Retrying connection...

[REDACTED SENSITIVE LINE]

W (4599351) WIFI: Disconnected from AP, reason=201 (NO_AP_FOUND). Retrying connection...

[REDACTED SENSITIVE LINE]

W (4601771) WIFI: Disconnected from AP, reason=201 (NO_AP_FOUND). Retrying connection...

[REDACTED SENSITIVE LINE]

I (4603141) NETWORK: NETWORK_TIME_SYNCED_BIT cleared before=0x0 after=0x0

W (4603141) WIFI: Lost IP address

W (4604191) WIFI: Disconnected from AP, reason=201 (NO_AP_FOUND). Retrying connection...

[REDACTED SENSITIVE LINE]

W (4606611) WIFI: Disconnected from AP, reason=201 (NO_AP_FOUND). Retrying connection...

[REDACTED SENSITIVE LINE]

W (4609031) WIFI: Disconnected from AP, reason=201 (NO_AP_FOUND). Retrying connection...

[REDACTED SENSITIVE LINE]

W (4611451) WIFI: Disconnected from AP, reason=201 (NO_AP_FOUND). Retrying connection...

[REDACTED SENSITIVE LINE]

W (4613871) WIFI: Disconnected from AP, reason=201 (NO_AP_FOUND). Retrying connection...

[REDACTED SENSITIVE LINE]

W (4616291) WIFI: Disconnected from AP, reason=201 (NO_AP_FOUND). Retrying connection...

[REDACTED SENSITIVE LINE]

W (4618721) WIFI: Disconnected from AP, reason=201 (NO_AP_FOUND). Retrying connection...

[REDACTED SENSITIVE LINE]

W (4621141) WIFI: Disconnected from AP, reason=201 (NO_AP_FOUND). Retrying connection...

[REDACTED SENSITIVE LINE]

W (4623561) WIFI: Disconnected from AP, reason=201 (NO_AP_FOUND). Retrying connection...

[REDACTED SENSITIVE LINE]

W (4625981) WIFI: Disconnected from AP, reason=201 (NO_AP_FOUND). Retrying connection...

[REDACTED SENSITIVE LINE]

W (4628401) WIFI: Disconnected from AP, reason=201 (NO_AP_FOUND). Retrying connection...

[REDACTED SENSITIVE LINE]

W (4630821) WIFI: Disconnected from AP, reason=201 (NO_AP_FOUND). Retrying connection...

[REDACTED SENSITIVE LINE]

W (4633241) WIFI: Disconnected from AP, reason=201 (NO_AP_FOUND). Retrying connection...

[REDACTED SENSITIVE LINE]

W (4635661) WIFI: Disconnected from AP, reason=201 (NO_AP_FOUND). Retrying connection...

[REDACTED SENSITIVE LINE]

W (4638081) WIFI: Disconnected from AP, reason=201 (NO_AP_FOUND). Retrying connection...

[REDACTED SENSITIVE LINE]

W (4640511) WIFI: Disconnected from AP, reason=201 (NO_AP_FOUND). Retrying connection...

[REDACTED SENSITIVE LINE]

W (4642931) WIFI: Disconnected from AP, reason=201 (NO_AP_FOUND). Retrying connection...

[REDACTED SENSITIVE LINE]

W (4645351) WIFI: Disconnected from AP, reason=201 (NO_AP_FOUND). Retrying connection...

[REDACTED SENSITIVE LINE]

W (4647771) WIFI: Disconnected from AP, reason=201 (NO_AP_FOUND). Retrying connection...

[REDACTED SENSITIVE LINE]

W (4650191) WIFI: Disconnected from AP, reason=201 (NO_AP_FOUND). Retrying connection...

[REDACTED SENSITIVE LINE]

W (4652611) WIFI: Disconnected from AP, reason=201 (NO_AP_FOUND). Retrying connection...

[REDACTED SENSITIVE LINE]

W (4655031) WIFI: Disconnected from AP, reason=201 (NO_AP_FOUND). Retrying connection...

[REDACTED SENSITIVE LINE]

W (4657451) WIFI: Disconnected from AP, reason=201 (NO_AP_FOUND). Retrying connection...

[REDACTED SENSITIVE LINE]

W (4659871) WIFI: Disconnected from AP, reason=201 (NO_AP_FOUND). Retrying connection...

[REDACTED SENSITIVE LINE]

W (4662301) WIFI: Disconnected from AP, reason=201 (NO_AP_FOUND). Retrying connection...

[REDACTED SENSITIVE LINE]

W (4664721) WIFI: Disconnected from AP, reason=201 (NO_AP_FOUND). Retrying connection...

[REDACTED SENSITIVE LINE]

W (4667141) WIFI: Disconnected from AP, reason=201 (NO_AP_FOUND). Retrying connection...

[REDACTED SENSITIVE LINE]

W (4669561) WIFI: Disconnected from AP, reason=201 (NO_AP_FOUND). Retrying connection...

[REDACTED SENSITIVE LINE]

W (4671981) WIFI: Disconnected from AP, reason=201 (NO_AP_FOUND). Retrying connection...

[REDACTED SENSITIVE LINE]

W (4674401) WIFI: Disconnected from AP, reason=201 (NO_AP_FOUND). Retrying connection...

[REDACTED SENSITIVE LINE]

W (4676821) WIFI: Disconnected from AP, reason=201 (NO_AP_FOUND). Retrying connection...

[REDACTED SENSITIVE LINE]

W (4679241) WIFI: Disconnected from AP, reason=201 (NO_AP_FOUND). Retrying connection...

[REDACTED SENSITIVE LINE]

W (4681661) WIFI: Disconnected from AP, reason=201 (NO_AP_FOUND). Retrying connection...

[REDACTED SENSITIVE LINE]

W (4684081) WIFI: Disconnected from AP, reason=201 (NO_AP_FOUND). Retrying connection...

[REDACTED SENSITIVE LINE]

W (4686511) WIFI: Disconnected from AP, reason=201 (NO_AP_FOUND). Retrying connection...

[REDACTED SENSITIVE LINE]

W (4688931) WIFI: Disconnected from AP, reason=201 (NO_AP_FOUND). Retrying connection...

[REDACTED SENSITIVE LINE]

W (4691351) WIFI: Disconnected from AP, reason=201 (NO_AP_FOUND). Retrying connection...

[REDACTED SENSITIVE LINE]

W (4693771) WIFI: Disconnected from AP, reason=201 (NO_AP_FOUND). Retrying connection...

[REDACTED SENSITIVE LINE]

W (4696191) WIFI: Disconnected from AP, reason=201 (NO_AP_FOUND). Retrying connection...

[REDACTED SENSITIVE LINE]

W (4698611) WIFI: Disconnected from AP, reason=201 (NO_AP_FOUND). Retrying connection...

[REDACTED SENSITIVE LINE]

W (4701031) WIFI: Disconnected from AP, reason=201 (NO_AP_FOUND). Retrying connection...

[REDACTED SENSITIVE LINE]

W (4703451) WIFI: Disconnected from AP, reason=201 (NO_AP_FOUND). Retrying connection...

[REDACTED SENSITIVE LINE]

W (4705871) WIFI: Disconnected from AP, reason=201 (NO_AP_FOUND). Retrying connection...

[REDACTED SENSITIVE LINE]

W (4708301) WIFI: Disconnected from AP, reason=201 (NO_AP_FOUND). Retrying connection...

[REDACTED SENSITIVE LINE]

W (4710721) WIFI: Disconnected from AP, reason=201 (NO_AP_FOUND). Retrying connection...

[REDACTED SENSITIVE LINE]

W (4713141) WIFI: Disconnected from AP, reason=201 (NO_AP_FOUND). Retrying connection...

[REDACTED SENSITIVE LINE]

W (4715561) WIFI: Disconnected from AP, reason=201 (NO_AP_FOUND). Retrying connection...

[REDACTED SENSITIVE LINE]

W (4717981) WIFI: Disconnected from AP, reason=201 (NO_AP_FOUND). Retrying connection...

[REDACTED SENSITIVE LINE]

W (4720401) WIFI: Disconnected from AP, reason=201 (NO_AP_FOUND). Retrying connection...

[REDACTED SENSITIVE LINE]

W (4722821) WIFI: Disconnected from AP, reason=201 (NO_AP_FOUND). Retrying connection...

[REDACTED SENSITIVE LINE]

I (4724191) NETWORK: NETWORK_TIME_SYNCED_BIT cleared before=0x0 after=0x0

W (4724191) WIFI: Lost IP address

W (4725241) WIFI: Disconnected from AP, reason=201 (NO_AP_FOUND). Retrying connection...

[REDACTED SENSITIVE LINE]

W (4727661) WIFI: Disconnected from AP, reason=201 (NO_AP_FOUND). Retrying connection...

[REDACTED SENSITIVE LINE]

W (4730091) WIFI: Disconnected from AP, reason=201 (NO_AP_FOUND). Retrying connection...

[REDACTED SENSITIVE LINE]

W (4732511) WIFI: Disconnected from AP, reason=201 (NO_AP_FOUND). Retrying connection...

[REDACTED SENSITIVE LINE]

W (4734931) WIFI: Disconnected from AP, reason=201 (NO_AP_FOUND). Retrying connection...

[REDACTED SENSITIVE LINE]

W (4737351) WIFI: Disconnected from AP, reason=201 (NO_AP_FOUND). Retrying connection...

[REDACTED SENSITIVE LINE]

W (4739771) WIFI: Disconnected from AP, reason=201 (NO_AP_FOUND). Retrying connection...

[REDACTED SENSITIVE LINE]

W (4742191) WIFI: Disconnected from AP, reason=201 (NO_AP_FOUND). Retrying connection...

[REDACTED SENSITIVE LINE]

W (4744611) WIFI: Disconnected from AP, reason=201 (NO_AP_FOUND). Retrying connection...

[REDACTED SENSITIVE LINE]

W (4747031) WIFI: Disconnected from AP, reason=201 (NO_AP_FOUND). Retrying connection...

[REDACTED SENSITIVE LINE]

W (4749451) WIFI: Disconnected from AP, reason=201 (NO_AP_FOUND). Retrying connection...

[REDACTED SENSITIVE LINE]

W (4751871) WIFI: Disconnected from AP, reason=201 (NO_AP_FOUND). Retrying connection...

[REDACTED SENSITIVE LINE]

W (4754301) WIFI: Disconnected from AP, reason=201 (NO_AP_FOUND). Retrying connection...

[REDACTED SENSITIVE LINE]

W (4756721) WIFI: Disconnected from AP, reason=201 (NO_AP_FOUND). Retrying connection...

[REDACTED SENSITIVE LINE]

W (4759141) WIFI: Disconnected from AP, reason=201 (NO_AP_FOUND). Retrying connection...

[REDACTED SENSITIVE LINE]

W (4761561) WIFI: Disconnected from AP, reason=201 (NO_AP_FOUND). Retrying connection...

[REDACTED SENSITIVE LINE]

W (4763981) WIFI: Disconnected from AP, reason=201 (NO_AP_FOUND). Retrying connection...

[REDACTED SENSITIVE LINE]

W (4766401) WIFI: Disconnected from AP, reason=201 (NO_AP_FOUND). Retrying connection...

[REDACTED SENSITIVE LINE]

W (4768821) WIFI: Disconnected from AP, reason=201 (NO_AP_FOUND). Retrying connection...

[REDACTED SENSITIVE LINE]

W (4771241) WIFI: Disconnected from AP, reason=201 (NO_AP_FOUND). Retrying connection...

[REDACTED SENSITIVE LINE]

W (4773661) WIFI: Disconnected from AP, reason=201 (NO_AP_FOUND). Retrying connection...

[REDACTED SENSITIVE LINE]

W (4776091) WIFI: Disconnected from AP, reason=201 (NO_AP_FOUND). Retrying connection...

[REDACTED SENSITIVE LINE]

W (4778511) WIFI: Disconnected from AP, reason=201 (NO_AP_FOUND). Retrying connection...

[REDACTED SENSITIVE LINE]

W (4780931) WIFI: Disconnected from AP, reason=201 (NO_AP_FOUND). Retrying connection...

[REDACTED SENSITIVE LINE]

W (4783351) WIFI: Disconnected from AP, reason=201 (NO_AP_FOUND). Retrying connection...

[REDACTED SENSITIVE LINE]

W (4785771) WIFI: Disconnected from AP, reason=201 (NO_AP_FOUND). Retrying connection...

[REDACTED SENSITIVE LINE]

W (4788191) WIFI: Disconnected from AP, reason=201 (NO_AP_FOUND). Retrying connection...

[REDACTED SENSITIVE LINE]

W (4790611) WIFI: Disconnected from AP, reason=201 (NO_AP_FOUND). Retrying connection...

[REDACTED SENSITIVE LINE]

W (4793031) WIFI: Disconnected from AP, reason=201 (NO_AP_FOUND). Retrying connection...

[REDACTED SENSITIVE LINE]

W (4795451) WIFI: Disconnected from AP, reason=201 (NO_AP_FOUND). Retrying connection...

[REDACTED SENSITIVE LINE]

W (4797871) WIFI: Disconnected from AP, reason=201 (NO_AP_FOUND). Retrying connection...

[REDACTED SENSITIVE LINE]

W (4800301) WIFI: Disconnected from AP, reason=201 (NO_AP_FOUND). Retrying connection...

[REDACTED SENSITIVE LINE]

W (4802721) WIFI: Disconnected from AP, reason=201 (NO_AP_FOUND). Retrying connection...

[REDACTED SENSITIVE LINE]

W (4805141) WIFI: Disconnected from AP, reason=201 (NO_AP_FOUND). Retrying connection...

[REDACTED SENSITIVE LINE]

W (4807561) WIFI: Disconnected from AP, reason=201 (NO_AP_FOUND). Retrying connection...

[REDACTED SENSITIVE LINE]

W (4809981) WIFI: Disconnected from AP, reason=201 (NO_AP_FOUND). Retrying connection...

[REDACTED SENSITIVE LINE]

W (4812401) WIFI: Disconnected from AP, reason=201 (NO_AP_FOUND). Retrying connection...

[REDACTED SENSITIVE LINE]

W (4814821) WIFI: Disconnected from AP, reason=201 (NO_AP_FOUND). Retrying connection...

[REDACTED SENSITIVE LINE]

W (4817241) WIFI: Disconnected from AP, reason=201 (NO_AP_FOUND). Retrying connection...

[REDACTED SENSITIVE LINE]

W (4819661) WIFI: Disconnected from AP, reason=201 (NO_AP_FOUND). Retrying connection...

[REDACTED SENSITIVE LINE]

W (4822081) WIFI: Disconnected from AP, reason=201 (NO_AP_FOUND). Retrying connection...

[REDACTED SENSITIVE LINE]

W (4824511) WIFI: Disconnected from AP, reason=201 (NO_AP_FOUND). Retrying connection...

[REDACTED SENSITIVE LINE]

W (4826931) WIFI: Disconnected from AP, reason=201 (NO_AP_FOUND). Retrying connection...

[REDACTED SENSITIVE LINE]

W (4829351) WIFI: Disconnected from AP, reason=201 (NO_AP_FOUND). Retrying connection...

[REDACTED SENSITIVE LINE]

W (4831771) WIFI: Disconnected from AP, reason=201 (NO_AP_FOUND). Retrying connection...

[REDACTED SENSITIVE LINE]

W (4834191) WIFI: Disconnected from AP, reason=201 (NO_AP_FOUND). Retrying connection...

[REDACTED SENSITIVE LINE]

W (4836611) WIFI: Disconnected from AP, reason=201 (NO_AP_FOUND). Retrying connection...

[REDACTED SENSITIVE LINE]

W (4839031) WIFI: Disconnected from AP, reason=201 (NO_AP_FOUND). Retrying connection...

[REDACTED SENSITIVE LINE]

W (4841451) WIFI: Disconnected from AP, reason=201 (NO_AP_FOUND). Retrying connection...

[REDACTED SENSITIVE LINE]

W (4843871) WIFI: Disconnected from AP, reason=201 (NO_AP_FOUND). Retrying connection...

[REDACTED SENSITIVE LINE]

I (4845241) NETWORK: NETWORK_TIME_SYNCED_BIT cleared before=0x0 after=0x0

W (4845241) WIFI: Lost IP address

W (4846301) WIFI: Disconnected from AP, reason=201 (NO_AP_FOUND). Retrying connection...

[REDACTED SENSITIVE LINE]

W (4848721) WIFI: Disconnected from AP, reason=201 (NO_AP_FOUND). Retrying connection...

[REDACTED SENSITIVE LINE]

W (4851141) WIFI: Disconnected from AP, reason=201 (NO_AP_FOUND). Retrying connection...

[REDACTED SENSITIVE LINE]

W (4853561) WIFI: Disconnected from AP, reason=201 (NO_AP_FOUND). Retrying connection...

[REDACTED SENSITIVE LINE]

W (4855981) WIFI: Disconnected from AP, reason=201 (NO_AP_FOUND). Retrying connection...

[REDACTED SENSITIVE LINE]

W (4858401) WIFI: Disconnected from AP, reason=201 (NO_AP_FOUND). Retrying connection...

[REDACTED SENSITIVE LINE]

W (4860821) WIFI: Disconnected from AP, reason=201 (NO_AP_FOUND). Retrying connection...

[REDACTED SENSITIVE LINE]

W (4863241) WIFI: Disconnected from AP, reason=201 (NO_AP_FOUND). Retrying connection...

[REDACTED SENSITIVE LINE]

W (4865661) WIFI: Disconnected from AP, reason=201 (NO_AP_FOUND). Retrying connection...

[REDACTED SENSITIVE LINE]

W (4868081) WIFI: Disconnected from AP, reason=201 (NO_AP_FOUND). Retrying connection...

[REDACTED SENSITIVE LINE]

W (4870511) WIFI: Disconnected from AP, reason=201 (NO_AP_FOUND). Retrying connection...

[REDACTED SENSITIVE LINE]

W (4872931) WIFI: Disconnected from AP, reason=201 (NO_AP_FOUND). Retrying connection...

[REDACTED SENSITIVE LINE]

W (4875351) WIFI: Disconnected from AP, reason=201 (NO_AP_FOUND). Retrying connection...

[REDACTED SENSITIVE LINE]

W (4877771) WIFI: Disconnected from AP, reason=201 (NO_AP_FOUND). Retrying connection...

[REDACTED SENSITIVE LINE]

W (4880191) WIFI: Disconnected from AP, reason=201 (NO_AP_FOUND). Retrying connection...

[REDACTED SENSITIVE LINE]

W (4882611) WIFI: Disconnected from AP, reason=201 (NO_AP_FOUND). Retrying connection...

[REDACTED SENSITIVE LINE]

W (4885031) WIFI: Disconnected from AP, reason=201 (NO_AP_FOUND). Retrying connection...

[REDACTED SENSITIVE LINE]

W (4887451) WIFI: Disconnected from AP, reason=201 (NO_AP_FOUND). Retrying connection...

[REDACTED SENSITIVE LINE]

W (4889871) WIFI: Disconnected from AP, reason=201 (NO_AP_FOUND). Retrying connection...

[REDACTED SENSITIVE LINE]

W (4892291) WIFI: Disconnected from AP, reason=201 (NO_AP_FOUND). Retrying connection...

[REDACTED SENSITIVE LINE]

W (4894721) WIFI: Disconnected from AP, reason=201 (NO_AP_FOUND). Retrying connection...

[REDACTED SENSITIVE LINE]

W (4897141) WIFI: Disconnected from AP, reason=201 (NO_AP_FOUND). Retrying connection...

[REDACTED SENSITIVE LINE]

W (4899561) WIFI: Disconnected from AP, reason=201 (NO_AP_FOUND). Retrying connection...

[REDACTED SENSITIVE LINE]

W (4901981) WIFI: Disconnected from AP, reason=201 (NO_AP_FOUND). Retrying connection...

[REDACTED SENSITIVE LINE]

W (4904401) WIFI: Disconnected from AP, reason=201 (NO_AP_FOUND). Retrying connection...

[REDACTED SENSITIVE LINE]

W (4906821) WIFI: Disconnected from AP, reason=201 (NO_AP_FOUND). Retrying connection...

[REDACTED SENSITIVE LINE]

W (4909241) WIFI: Disconnected from AP, reason=201 (NO_AP_FOUND). Retrying connection...

[REDACTED SENSITIVE LINE]

W (4911661) WIFI: Disconnected from AP, reason=201 (NO_AP_FOUND). Retrying connection...

[REDACTED SENSITIVE LINE]

W (4914081) WIFI: Disconnected from AP, reason=201 (NO_AP_FOUND). Retrying connection...

[REDACTED SENSITIVE LINE]

W (4916511) WIFI: Disconnected from AP, reason=201 (NO_AP_FOUND). Retrying connection...

[REDACTED SENSITIVE LINE]

W (4918931) WIFI: Disconnected from AP, reason=201 (NO_AP_FOUND). Retrying connection...

[REDACTED SENSITIVE LINE]

W (4921351) WIFI: Disconnected from AP, reason=201 (NO_AP_FOUND). Retrying connection...

[REDACTED SENSITIVE LINE]

W (4923771) WIFI: Disconnected from AP, reason=201 (NO_AP_FOUND). Retrying connection...

[REDACTED SENSITIVE LINE]

W (4926191) WIFI: Disconnected from AP, reason=201 (NO_AP_FOUND). Retrying connection...

[REDACTED SENSITIVE LINE]

W (4928611) WIFI: Disconnected from AP, reason=201 (NO_AP_FOUND). Retrying connection...

[REDACTED SENSITIVE LINE]

W (4931031) WIFI: Disconnected from AP, reason=201 (NO_AP_FOUND). Retrying connection...

[REDACTED SENSITIVE LINE]

W (4933451) WIFI: Disconnected from AP, reason=201 (NO_AP_FOUND). Retrying connection...

[REDACTED SENSITIVE LINE]

W (4935871) WIFI: Disconnected from AP, reason=201 (NO_AP_FOUND). Retrying connection...

[REDACTED SENSITIVE LINE]

W (4938291) WIFI: Disconnected from AP, reason=201 (NO_AP_FOUND). Retrying connection...

[REDACTED SENSITIVE LINE]

W (4940721) WIFI: Disconnected from AP, reason=201 (NO_AP_FOUND). Retrying connection...

[REDACTED SENSITIVE LINE]

W (4943141) WIFI: Disconnected from AP, reason=201 (NO_AP_FOUND). Retrying connection...

[REDACTED SENSITIVE LINE]

W (4945561) WIFI: Disconnected from AP, reason=201 (NO_AP_FOUND). Retrying connection...

[REDACTED SENSITIVE LINE]

W (4947981) WIFI: Disconnected from AP, reason=201 (NO_AP_FOUND). Retrying connection...

[REDACTED SENSITIVE LINE]

W (4950401) WIFI: Disconnected from AP, reason=201 (NO_AP_FOUND). Retrying connection...

[REDACTED SENSITIVE LINE]

W (4952821) WIFI: Disconnected from AP, reason=201 (NO_AP_FOUND). Retrying connection...

[REDACTED SENSITIVE LINE]

W (4955241) WIFI: Disconnected from AP, reason=201 (NO_AP_FOUND). Retrying connection...

[REDACTED SENSITIVE LINE]

W (4957661) WIFI: Disconnected from AP, reason=201 (NO_AP_FOUND). Retrying connection...

[REDACTED SENSITIVE LINE]

W (4960081) WIFI: Disconnected from AP, reason=201 (NO_AP_FOUND). Retrying connection...

[REDACTED SENSITIVE LINE]

W (4962511) WIFI: Disconnected from AP, reason=201 (NO_AP_FOUND). Retrying connection...

[REDACTED SENSITIVE LINE]

W (4964931) WIFI: Disconnected from AP, reason=201 (NO_AP_FOUND). Retrying connection...

[REDACTED SENSITIVE LINE]

I (4966291) NETWORK: NETWORK_TIME_SYNCED_BIT cleared before=0x0 after=0x0

W (4966291) WIFI: Lost IP address

W (4967351) WIFI: Disconnected from AP, reason=201 (NO_AP_FOUND). Retrying connection...

[REDACTED SENSITIVE LINE]

W (4969771) WIFI: Disconnected from AP, reason=201 (NO_AP_FOUND). Retrying connection...

[REDACTED SENSITIVE LINE]

W (4972191) WIFI: Disconnected from AP, reason=201 (NO_AP_FOUND). Retrying connection...

[REDACTED SENSITIVE LINE]

W (4974611) WIFI: Disconnected from AP, reason=201 (NO_AP_FOUND). Retrying connection...

[REDACTED SENSITIVE LINE]

W (4977031) WIFI: Disconnected from AP, reason=201 (NO_AP_FOUND). Retrying connection...

[REDACTED SENSITIVE LINE]

W (4979451) WIFI: Disconnected from AP, reason=201 (NO_AP_FOUND). Retrying connection...

[REDACTED SENSITIVE LINE]

W (4981871) WIFI: Disconnected from AP, reason=201 (NO_AP_FOUND). Retrying connection...

[REDACTED SENSITIVE LINE]

W (4984291) WIFI: Disconnected from AP, reason=201 (NO_AP_FOUND). Retrying connection...

[REDACTED SENSITIVE LINE]

W (4986721) WIFI: Disconnected from AP, reason=201 (NO_AP_FOUND). Retrying connection...

[REDACTED SENSITIVE LINE]

W (4989141) WIFI: Disconnected from AP, reason=201 (NO_AP_FOUND). Retrying connection...

[REDACTED SENSITIVE LINE]

W (4991561) WIFI: Disconnected from AP, reason=201 (NO_AP_FOUND). Retrying connection...

[REDACTED SENSITIVE LINE]

W (4993981) WIFI: Disconnected from AP, reason=201 (NO_AP_FOUND). Retrying connection...

[REDACTED SENSITIVE LINE]

W (4996401) WIFI: Disconnected from AP, reason=201 (NO_AP_FOUND). Retrying connection...

[REDACTED SENSITIVE LINE]

W (4998821) WIFI: Disconnected from AP, reason=201 (NO_AP_FOUND). Retrying connection...

[REDACTED SENSITIVE LINE]

W (5001241) WIFI: Disconnected from AP, reason=201 (NO_AP_FOUND). Retrying connection...

[REDACTED SENSITIVE LINE]

W (5003661) WIFI: Disconnected from AP, reason=201 (NO_AP_FOUND). Retrying connection...

[REDACTED SENSITIVE LINE]

W (5006081) WIFI: Disconnected from AP, reason=201 (NO_AP_FOUND). Retrying connection...

[REDACTED SENSITIVE LINE]

W (5008511) WIFI: Disconnected from AP, reason=201 (NO_AP_FOUND). Retrying connection...

[REDACTED SENSITIVE LINE]

W (5010931) WIFI: Disconnected from AP, reason=201 (NO_AP_FOUND). Retrying connection...

[REDACTED SENSITIVE LINE]

W (5013351) WIFI: Disconnected from AP, reason=201 (NO_AP_FOUND). Retrying connection...

[REDACTED SENSITIVE LINE]

W (5015771) WIFI: Disconnected from AP, reason=201 (NO_AP_FOUND). Retrying connection...

[REDACTED SENSITIVE LINE]

W (5018191) WIFI: Disconnected from AP, reason=201 (NO_AP_FOUND). Retrying connection...

[REDACTED SENSITIVE LINE]

W (5020611) WIFI: Disconnected from AP, reason=201 (NO_AP_FOUND). Retrying connection...

[REDACTED SENSITIVE LINE]

W (5023031) WIFI: Disconnected from AP, reason=201 (NO_AP_FOUND). Retrying connection...

[REDACTED SENSITIVE LINE]

W (5025451) WIFI: Disconnected from AP, reason=201 (NO_AP_FOUND). Retrying connection...

[REDACTED SENSITIVE LINE]

W (5027871) WIFI: Disconnected from AP, reason=201 (NO_AP_FOUND). Retrying connection...

[REDACTED SENSITIVE LINE]

W (5030291) WIFI: Disconnected from AP, reason=201 (NO_AP_FOUND). Retrying connection...

[REDACTED SENSITIVE LINE]

W (5032721) WIFI: Disconnected from AP, reason=201 (NO_AP_FOUND). Retrying connection...

[REDACTED SENSITIVE LINE]

W (5035141) WIFI: Disconnected from AP, reason=201 (NO_AP_FOUND). Retrying connection...

[REDACTED SENSITIVE LINE]

W (5037561) WIFI: Disconnected from AP, reason=201 (NO_AP_FOUND). Retrying connection...

[REDACTED SENSITIVE LINE]

W (5039981) WIFI: Disconnected from AP, reason=201 (NO_AP_FOUND). Retrying connection...

[REDACTED SENSITIVE LINE]

W (5042401) WIFI: Disconnected from AP, reason=201 (NO_AP_FOUND). Retrying connection...

[REDACTED SENSITIVE LINE]

W (5044821) WIFI: Disconnected from AP, reason=201 (NO_AP_FOUND). Retrying connection...

[REDACTED SENSITIVE LINE]

W (5047241) WIFI: Disconnected from AP, reason=201 (NO_AP_FOUND). Retrying connection...

[REDACTED SENSITIVE LINE]

W (5049661) WIFI: Disconnected from AP, reason=201 (NO_AP_FOUND). Retrying connection...

[REDACTED SENSITIVE LINE]

W (5052081) WIFI: Disconnected from AP, reason=201 (NO_AP_FOUND). Retrying connection...

[REDACTED SENSITIVE LINE]

W (5054511) WIFI: Disconnected from AP, reason=201 (NO_AP_FOUND). Retrying connection...

[REDACTED SENSITIVE LINE]

W (5056931) WIFI: Disconnected from AP, reason=201 (NO_AP_FOUND). Retrying connection...

[REDACTED SENSITIVE LINE]

W (5059351) WIFI: Disconnected from AP, reason=201 (NO_AP_FOUND). Retrying connection...

[REDACTED SENSITIVE LINE]

W (5061771) WIFI: Disconnected from AP, reason=201 (NO_AP_FOUND). Retrying connection...

[REDACTED SENSITIVE LINE]

W (5064191) WIFI: Disconnected from AP, reason=201 (NO_AP_FOUND). Retrying connection...

[REDACTED SENSITIVE LINE]

W (5066611) WIFI: Disconnected from AP, reason=201 (NO_AP_FOUND). Retrying connection...

[REDACTED SENSITIVE LINE]

W (5069031) WIFI: Disconnected from AP, reason=201 (NO_AP_FOUND). Retrying connection...

[REDACTED SENSITIVE LINE]

W (5071451) WIFI: Disconnected from AP, reason=201 (NO_AP_FOUND). Retrying connection...

[REDACTED SENSITIVE LINE]

W (5073871) WIFI: Disconnected from AP, reason=201 (NO_AP_FOUND). Retrying connection...

[REDACTED SENSITIVE LINE]

W (5076291) WIFI: Disconnected from AP, reason=201 (NO_AP_FOUND). Retrying connection...

[REDACTED SENSITIVE LINE]

W (5078721) WIFI: Disconnected from AP, reason=201 (NO_AP_FOUND). Retrying connection...

[REDACTED SENSITIVE LINE]

W (5081141) WIFI: Disconnected from AP, reason=201 (NO_AP_FOUND). Retrying connection...

[REDACTED SENSITIVE LINE]

W (5083561) WIFI: Disconnected from AP, reason=201 (NO_AP_FOUND). Retrying connection...

[REDACTED SENSITIVE LINE]

W (5085981) WIFI: Disconnected from AP, reason=201 (NO_AP_FOUND). Retrying connection...

[REDACTED SENSITIVE LINE]

I (5087351) NETWORK: NETWORK_TIME_SYNCED_BIT cleared before=0x0 after=0x0

W (5087351) WIFI: Lost IP address

W (5088401) WIFI: Disconnected from AP, reason=201 (NO_AP_FOUND). Retrying connection...

[REDACTED SENSITIVE LINE]

W (5090821) WIFI: Disconnected from AP, reason=201 (NO_AP_FOUND). Retrying connection...

[REDACTED SENSITIVE LINE]

W (5093241) WIFI: Disconnected from AP, reason=201 (NO_AP_FOUND). Retrying connection...

[REDACTED SENSITIVE LINE]

W (5095661) WIFI: Disconnected from AP, reason=201 (NO_AP_FOUND). Retrying connection...

[REDACTED SENSITIVE LINE]

W (5098081) WIFI: Disconnected from AP, reason=201 (NO_AP_FOUND). Retrying connection...

[REDACTED SENSITIVE LINE]

W (5100511) WIFI: Disconnected from AP, reason=201 (NO_AP_FOUND). Retrying connection...

[REDACTED SENSITIVE LINE]

W (5102931) WIFI: Disconnected from AP, reason=201 (NO_AP_FOUND). Retrying connection...

[REDACTED SENSITIVE LINE]

W (5105351) WIFI: Disconnected from AP, reason=201 (NO_AP_FOUND). Retrying connection...

[REDACTED SENSITIVE LINE]

W (5107771) WIFI: Disconnected from AP, reason=201 (NO_AP_FOUND). Retrying connection...

[REDACTED SENSITIVE LINE]

W (5110191) WIFI: Disconnected from AP, reason=201 (NO_AP_FOUND). Retrying connection...

[REDACTED SENSITIVE LINE]

W (5112611) WIFI: Disconnected from AP, reason=201 (NO_AP_FOUND). Retrying connection...

[REDACTED SENSITIVE LINE]

W (5115031) WIFI: Disconnected from AP, reason=201 (NO_AP_FOUND). Retrying connection...

[REDACTED SENSITIVE LINE]

W (5117451) WIFI: Disconnected from AP, reason=201 (NO_AP_FOUND). Retrying connection...

[REDACTED SENSITIVE LINE]

W (5119871) WIFI: Disconnected from AP, reason=201 (NO_AP_FOUND). Retrying connection...

[REDACTED SENSITIVE LINE]

W (5122301) WIFI: Disconnected from AP, reason=201 (NO_AP_FOUND). Retrying connection...

[REDACTED SENSITIVE LINE]

W (5124721) WIFI: Disconnected from AP, reason=201 (NO_AP_FOUND). Retrying connection...

[REDACTED SENSITIVE LINE]

W (5127141) WIFI: Disconnected from AP, reason=201 (NO_AP_FOUND). Retrying connection...

[REDACTED SENSITIVE LINE]

W (5129561) WIFI: Disconnected from AP, reason=201 (NO_AP_FOUND). Retrying connection...

[REDACTED SENSITIVE LINE]

W (5131981) WIFI: Disconnected from AP, reason=201 (NO_AP_FOUND). Retrying connection...

[REDACTED SENSITIVE LINE]

W (5134401) WIFI: Disconnected from AP, reason=201 (NO_AP_FOUND). Retrying connection...

[REDACTED SENSITIVE LINE]

W (5136821) WIFI: Disconnected from AP, reason=201 (NO_AP_FOUND). Retrying connection...

[REDACTED SENSITIVE LINE]

W (5139241) WIFI: Disconnected from AP, reason=201 (NO_AP_FOUND). Retrying connection...

[REDACTED SENSITIVE LINE]

W (5141661) WIFI: Disconnected from AP, reason=201 (NO_AP_FOUND). Retrying connection...

[REDACTED SENSITIVE LINE]

W (5144081) WIFI: Disconnected from AP, reason=201 (NO_AP_FOUND). Retrying connection...

[REDACTED SENSITIVE LINE]

W (5146511) WIFI: Disconnected from AP, reason=201 (NO_AP_FOUND). Retrying connection...

[REDACTED SENSITIVE LINE]

W (5148931) WIFI: Disconnected from AP, reason=201 (NO_AP_FOUND). Retrying connection...

[REDACTED SENSITIVE LINE]

W (5151351) WIFI: Disconnected from AP, reason=201 (NO_AP_FOUND). Retrying connection...

[REDACTED SENSITIVE LINE]

W (5153771) WIFI: Disconnected from AP, reason=201 (NO_AP_FOUND). Retrying connection...

[REDACTED SENSITIVE LINE]

W (5156191) WIFI: Disconnected from AP, reason=201 (NO_AP_FOUND). Retrying connection...

[REDACTED SENSITIVE LINE]

W (5158611) WIFI: Disconnected from AP, reason=201 (NO_AP_FOUND). Retrying connection...

[REDACTED SENSITIVE LINE]

W (5161031) WIFI: Disconnected from AP, reason=201 (NO_AP_FOUND). Retrying connection...

[REDACTED SENSITIVE LINE]

W (5163451) WIFI: Disconnected from AP, reason=201 (NO_AP_FOUND). Retrying connection...

[REDACTED SENSITIVE LINE]

W (5165871) WIFI: Disconnected from AP, reason=201 (NO_AP_FOUND). Retrying connection...

[REDACTED SENSITIVE LINE]

W (5168301) WIFI: Disconnected from AP, reason=201 (NO_AP_FOUND). Retrying connection...

[REDACTED SENSITIVE LINE]

W (5170721) WIFI: Disconnected from AP, reason=201 (NO_AP_FOUND). Retrying connection...

[REDACTED SENSITIVE LINE]

W (5173141) WIFI: Disconnected from AP, reason=201 (NO_AP_FOUND). Retrying connection...

[REDACTED SENSITIVE LINE]

W (5175561) WIFI: Disconnected from AP, reason=201 (NO_AP_FOUND). Retrying connection...

[REDACTED SENSITIVE LINE]

W (5177981) WIFI: Disconnected from AP, reason=201 (NO_AP_FOUND). Retrying connection...

[REDACTED SENSITIVE LINE]

W (5180401) WIFI: Disconnected from AP, reason=201 (NO_AP_FOUND). Retrying connection...

[REDACTED SENSITIVE LINE]

W (5182821) WIFI: Disconnected from AP, reason=201 (NO_AP_FOUND). Retrying connection...

[REDACTED SENSITIVE LINE]

W (5185241) WIFI: Disconnected from AP, reason=201 (NO_AP_FOUND). Retrying connection...

[REDACTED SENSITIVE LINE]

W (5187661) WIFI: Disconnected from AP, reason=201 (NO_AP_FOUND). Retrying connection...

[REDACTED SENSITIVE LINE]

W (5190091) WIFI: Disconnected from AP, reason=201 (NO_AP_FOUND). Retrying connection...

[REDACTED SENSITIVE LINE]

W (5192511) WIFI: Disconnected from AP, reason=201 (NO_AP_FOUND). Retrying connection...

[REDACTED SENSITIVE LINE]

W (5194931) WIFI: Disconnected from AP, reason=201 (NO_AP_FOUND). Retrying connection...

[REDACTED SENSITIVE LINE]

W (5197351) WIFI: Disconnected from AP, reason=201 (NO_AP_FOUND). Retrying connection...

[REDACTED SENSITIVE LINE]

W (5199771) WIFI: Disconnected from AP, reason=201 (NO_AP_FOUND). Retrying connection...

[REDACTED SENSITIVE LINE]

W (5202191) WIFI: Disconnected from AP, reason=201 (NO_AP_FOUND). Retrying connection...

[REDACTED SENSITIVE LINE]

W (5204611) WIFI: Disconnected from AP, reason=201 (NO_AP_FOUND). Retrying connection...

[REDACTED SENSITIVE LINE]

W (5207031) WIFI: Disconnected from AP, reason=201 (NO_AP_FOUND). Retrying connection...

[REDACTED SENSITIVE LINE]

I (5208401) NETWORK: NETWORK_TIME_SYNCED_BIT cleared before=0x0 after=0x0

W (5208401) WIFI: Lost IP address

W (5209451) WIFI: Disconnected from AP, reason=201 (NO_AP_FOUND). Retrying connection...

[REDACTED SENSITIVE LINE]

W (5211871) WIFI: Disconnected from AP, reason=201 (NO_AP_FOUND). Retrying connection...

[REDACTED SENSITIVE LINE]

W (5214301) WIFI: Disconnected from AP, reason=201 (NO_AP_FOUND). Retrying connection...

[REDACTED SENSITIVE LINE]

W (5216721) WIFI: Disconnected from AP, reason=201 (NO_AP_FOUND). Retrying connection...

[REDACTED SENSITIVE LINE]

W (5219141) WIFI: Disconnected from AP, reason=201 (NO_AP_FOUND). Retrying connection...

[REDACTED SENSITIVE LINE]

W (5221561) WIFI: Disconnected from AP, reason=201 (NO_AP_FOUND). Retrying connection...

[REDACTED SENSITIVE LINE]

W (5223981) WIFI: Disconnected from AP, reason=201 (NO_AP_FOUND). Retrying connection...

[REDACTED SENSITIVE LINE]

W (5226401) WIFI: Disconnected from AP, reason=201 (NO_AP_FOUND). Retrying connection...

[REDACTED SENSITIVE LINE]

W (5228821) WIFI: Disconnected from AP, reason=201 (NO_AP_FOUND). Retrying connection...

[REDACTED SENSITIVE LINE]

W (5231241) WIFI: Disconnected from AP, reason=201 (NO_AP_FOUND). Retrying connection...

[REDACTED SENSITIVE LINE]

W (5233661) WIFI: Disconnected from AP, reason=201 (NO_AP_FOUND). Retrying connection...

[REDACTED SENSITIVE LINE]

W (5236091) WIFI: Disconnected from AP, reason=201 (NO_AP_FOUND). Retrying connection...

[REDACTED SENSITIVE LINE]

W (5238511) WIFI: Disconnected from AP, reason=201 (NO_AP_FOUND). Retrying connection...

[REDACTED SENSITIVE LINE]

W (5240931) WIFI: Disconnected from AP, reason=201 (NO_AP_FOUND). Retrying connection...

[REDACTED SENSITIVE LINE]

W (5243351) WIFI: Disconnected from AP, reason=201 (NO_AP_FOUND). Retrying connection...

[REDACTED SENSITIVE LINE]

W (5245771) WIFI: Disconnected from AP, reason=201 (NO_AP_FOUND). Retrying connection...

[REDACTED SENSITIVE LINE]

W (5248191) WIFI: Disconnected from AP, reason=201 (NO_AP_FOUND). Retrying connection...

[REDACTED SENSITIVE LINE]

W (5250611) WIFI: Disconnected from AP, reason=201 (NO_AP_FOUND). Retrying connection...

[REDACTED SENSITIVE LINE]

W (5253031) WIFI: Disconnected from AP, reason=201 (NO_AP_FOUND). Retrying connection...

[REDACTED SENSITIVE LINE]

W (5255451) WIFI: Disconnected from AP, reason=201 (NO_AP_FOUND). Retrying connection...

[REDACTED SENSITIVE LINE]

W (5257871) WIFI: Disconnected from AP, reason=201 (NO_AP_FOUND). Retrying connection...

[REDACTED SENSITIVE LINE]

W (5260301) WIFI: Disconnected from AP, reason=201 (NO_AP_FOUND). Retrying connection...

[REDACTED SENSITIVE LINE]

W (5262721) WIFI: Disconnected from AP, reason=201 (NO_AP_FOUND). Retrying connection...

[REDACTED SENSITIVE LINE]

W (5265141) WIFI: Disconnected from AP, reason=201 (NO_AP_FOUND). Retrying connection...

[REDACTED SENSITIVE LINE]

W (5267561) WIFI: Disconnected from AP, reason=201 (NO_AP_FOUND). Retrying connection...

[REDACTED SENSITIVE LINE]

W (5269981) WIFI: Disconnected from AP, reason=201 (NO_AP_FOUND). Retrying connection...

[REDACTED SENSITIVE LINE]

W (5272401) WIFI: Disconnected from AP, reason=201 (NO_AP_FOUND). Retrying connection...

[REDACTED SENSITIVE LINE]

W (5274821) WIFI: Disconnected from AP, reason=201 (NO_AP_FOUND). Retrying connection...

[REDACTED SENSITIVE LINE]

W (5277241) WIFI: Disconnected from AP, reason=201 (NO_AP_FOUND). Retrying connection...

[REDACTED SENSITIVE LINE]

W (5279661) WIFI: Disconnected from AP, reason=201 (NO_AP_FOUND). Retrying connection...

[REDACTED SENSITIVE LINE]

W (5282091) WIFI: Disconnected from AP, reason=201 (NO_AP_FOUND). Retrying connection...

[REDACTED SENSITIVE LINE]

W (5284511) WIFI: Disconnected from AP, reason=201 (NO_AP_FOUND). Retrying connection...

[REDACTED SENSITIVE LINE]

W (5286931) WIFI: Disconnected from AP, reason=201 (NO_AP_FOUND). Retrying connection...

[REDACTED SENSITIVE LINE]

W (5289351) WIFI: Disconnected from AP, reason=201 (NO_AP_FOUND). Retrying connection...

[REDACTED SENSITIVE LINE]

W (5291771) WIFI: Disconnected from AP, reason=201 (NO_AP_FOUND). Retrying connection...

[REDACTED SENSITIVE LINE]

W (5294191) WIFI: Disconnected from AP, reason=201 (NO_AP_FOUND). Retrying connection...

[REDACTED SENSITIVE LINE]

W (5296611) WIFI: Disconnected from AP, reason=201 (NO_AP_FOUND). Retrying connection...

[REDACTED SENSITIVE LINE]

W (5299031) WIFI: Disconnected from AP, reason=201 (NO_AP_FOUND). Retrying connection...

[REDACTED SENSITIVE LINE]

W (5301451) WIFI: Disconnected from AP, reason=201 (NO_AP_FOUND). Retrying connection...

[REDACTED SENSITIVE LINE]

W (5303881) WIFI: Disconnected from AP, reason=201 (NO_AP_FOUND). Retrying connection...

[REDACTED SENSITIVE LINE]

W (5306301) WIFI: Disconnected from AP, reason=201 (NO_AP_FOUND). Retrying connection...

[REDACTED SENSITIVE LINE]

W (5308721) WIFI: Disconnected from AP, reason=201 (NO_AP_FOUND). Retrying connection...

[REDACTED SENSITIVE LINE]

W (5311141) WIFI: Disconnected from AP, reason=201 (NO_AP_FOUND). Retrying connection...

[REDACTED SENSITIVE LINE]

W (5313561) WIFI: Disconnected from AP, reason=201 (NO_AP_FOUND). Retrying connection...

[REDACTED SENSITIVE LINE]

W (5315981) WIFI: Disconnected from AP, reason=201 (NO_AP_FOUND). Retrying connection...

[REDACTED SENSITIVE LINE]

W (5318401) WIFI: Disconnected from AP, reason=201 (NO_AP_FOUND). Retrying connection...

[REDACTED SENSITIVE LINE]

W (5320821) WIFI: Disconnected from AP, reason=201 (NO_AP_FOUND). Retrying connection...

[REDACTED SENSITIVE LINE]

W (5323241) WIFI: Disconnected from AP, reason=201 (NO_AP_FOUND). Retrying connection...

[REDACTED SENSITIVE LINE]

W (5325671) WIFI: Disconnected from AP, reason=201 (NO_AP_FOUND). Retrying connection...

[REDACTED SENSITIVE LINE]

W (5328091) WIFI: Disconnected from AP, reason=201 (NO_AP_FOUND). Retrying connection...

[REDACTED SENSITIVE LINE]

I (5329451) NETWORK: NETWORK_TIME_SYNCED_BIT cleared before=0x0 after=0x0

W (5329451) WIFI: Lost IP address

W (5330511) WIFI: Disconnected from AP, reason=201 (NO_AP_FOUND). Retrying connection...

[REDACTED SENSITIVE LINE]

W (5332931) WIFI: Disconnected from AP, reason=201 (NO_AP_FOUND). Retrying connection...

[REDACTED SENSITIVE LINE]

W (5335351) WIFI: Disconnected from AP, reason=201 (NO_AP_FOUND). Retrying connection...

[REDACTED SENSITIVE LINE]

W (5337771) WIFI: Disconnected from AP, reason=201 (NO_AP_FOUND). Retrying connection...

[REDACTED SENSITIVE LINE]

W (5340191) WIFI: Disconnected from AP, reason=201 (NO_AP_FOUND). Retrying connection...

[REDACTED SENSITIVE LINE]

W (5342611) WIFI: Disconnected from AP, reason=201 (NO_AP_FOUND). Retrying connection...

[REDACTED SENSITIVE LINE]

W (5345031) WIFI: Disconnected from AP, reason=201 (NO_AP_FOUND). Retrying connection...

[REDACTED SENSITIVE LINE]

W (5347451) WIFI: Disconnected from AP, reason=201 (NO_AP_FOUND). Retrying connection...

[REDACTED SENSITIVE LINE]

W (5349881) WIFI: Disconnected from AP, reason=201 (NO_AP_FOUND). Retrying connection...

[REDACTED SENSITIVE LINE]

W (5352301) WIFI: Disconnected from AP, reason=201 (NO_AP_FOUND). Retrying connection...

[REDACTED SENSITIVE LINE]

W (5354721) WIFI: Disconnected from AP, reason=201 (NO_AP_FOUND). Retrying connection...

[REDACTED SENSITIVE LINE]

W (5357141) WIFI: Disconnected from AP, reason=201 (NO_AP_FOUND). Retrying connection...

[REDACTED SENSITIVE LINE]

W (5359561) WIFI: Disconnected from AP, reason=201 (NO_AP_FOUND). Retrying connection...

[REDACTED SENSITIVE LINE]

W (5361981) WIFI: Disconnected from AP, reason=201 (NO_AP_FOUND). Retrying connection...

[REDACTED SENSITIVE LINE]

W (5364401) WIFI: Disconnected from AP, reason=201 (NO_AP_FOUND). Retrying connection...

[REDACTED SENSITIVE LINE]

W (5366821) WIFI: Disconnected from AP, reason=201 (NO_AP_FOUND). Retrying connection...

[REDACTED SENSITIVE LINE]

W (5369241) WIFI: Disconnected from AP, reason=201 (NO_AP_FOUND). Retrying connection...

[REDACTED SENSITIVE LINE]

W (5371671) WIFI: Disconnected from AP, reason=201 (NO_AP_FOUND). Retrying connection...

[REDACTED SENSITIVE LINE]

W (5374091) WIFI: Disconnected from AP, reason=201 (NO_AP_FOUND). Retrying connection...

[REDACTED SENSITIVE LINE]

W (5376511) WIFI: Disconnected from AP, reason=201 (NO_AP_FOUND). Retrying connection...

[REDACTED SENSITIVE LINE]

W (5378931) WIFI: Disconnected from AP, reason=201 (NO_AP_FOUND). Retrying connection...

[REDACTED SENSITIVE LINE]

W (5381351) WIFI: Disconnected from AP, reason=201 (NO_AP_FOUND). Retrying connection...

[REDACTED SENSITIVE LINE]

W (5383771) WIFI: Disconnected from AP, reason=201 (NO_AP_FOUND). Retrying connection...

[REDACTED SENSITIVE LINE]

W (5386191) WIFI: Disconnected from AP, reason=201 (NO_AP_FOUND). Retrying connection...

[REDACTED SENSITIVE LINE]

W (5388611) WIFI: Disconnected from AP, reason=201 (NO_AP_FOUND). Retrying connection...

[REDACTED SENSITIVE LINE]

W (5391031) WIFI: Disconnected from AP, reason=201 (NO_AP_FOUND). Retrying connection...

[REDACTED SENSITIVE LINE]

W (5393451) WIFI: Disconnected from AP, reason=201 (NO_AP_FOUND). Retrying connection...

[REDACTED SENSITIVE LINE]

W (5395881) WIFI: Disconnected from AP, reason=201 (NO_AP_FOUND). Retrying connection...

[REDACTED SENSITIVE LINE]

W (5398301) WIFI: Disconnected from AP, reason=201 (NO_AP_FOUND). Retrying connection...

[REDACTED SENSITIVE LINE]

W (5400721) WIFI: Disconnected from AP, reason=201 (NO_AP_FOUND). Retrying connection...

[REDACTED SENSITIVE LINE]

W (5403141) WIFI: Disconnected from AP, reason=201 (NO_AP_FOUND). Retrying connection...

[REDACTED SENSITIVE LINE]

W (5405561) WIFI: Disconnected from AP, reason=201 (NO_AP_FOUND). Retrying connection...

[REDACTED SENSITIVE LINE]

W (5407981) WIFI: Disconnected from AP, reason=201 (NO_AP_FOUND). Retrying connection...

[REDACTED SENSITIVE LINE]

W (5410401) WIFI: Disconnected from AP, reason=201 (NO_AP_FOUND). Retrying connection...

[REDACTED SENSITIVE LINE]

W (5412821) WIFI: Disconnected from AP, reason=201 (NO_AP_FOUND). Retrying connection...

[REDACTED SENSITIVE LINE]

W (5415241) WIFI: Disconnected from AP, reason=201 (NO_AP_FOUND). Retrying connection...

[REDACTED SENSITIVE LINE]

W (5417671) WIFI: Disconnected from AP, reason=201 (NO_AP_FOUND). Retrying connection...

[REDACTED SENSITIVE LINE]

W (5420091) WIFI: Disconnected from AP, reason=201 (NO_AP_FOUND). Retrying connection...

[REDACTED SENSITIVE LINE]

W (5422511) WIFI: Disconnected from AP, reason=201 (NO_AP_FOUND). Retrying connection...

[REDACTED SENSITIVE LINE]

W (5424931) WIFI: Disconnected from AP, reason=201 (NO_AP_FOUND). Retrying connection...

[REDACTED SENSITIVE LINE]

W (5427351) WIFI: Disconnected from AP, reason=201 (NO_AP_FOUND). Retrying connection...

[REDACTED SENSITIVE LINE]

W (5429771) WIFI: Disconnected from AP, reason=201 (NO_AP_FOUND). Retrying connection...

[REDACTED SENSITIVE LINE]

W (5432191) WIFI: Disconnected from AP, reason=201 (NO_AP_FOUND). Retrying connection...

[REDACTED SENSITIVE LINE]

W (5434611) WIFI: Disconnected from AP, reason=201 (NO_AP_FOUND). Retrying connection...

[REDACTED SENSITIVE LINE]

W (5437031) WIFI: Disconnected from AP, reason=201 (NO_AP_FOUND). Retrying connection...

[REDACTED SENSITIVE LINE]

W (5439461) WIFI: Disconnected from AP, reason=201 (NO_AP_FOUND). Retrying connection...

[REDACTED SENSITIVE LINE]

W (5441881) WIFI: Disconnected from AP, reason=201 (NO_AP_FOUND). Retrying connection...

[REDACTED SENSITIVE LINE]

W (5444301) WIFI: Disconnected from AP, reason=201 (NO_AP_FOUND). Retrying connection...

[REDACTED SENSITIVE LINE]

W (5446721) WIFI: Disconnected from AP, reason=201 (NO_AP_FOUND). Retrying connection...

[REDACTED SENSITIVE LINE]

W (5449141) WIFI: Disconnected from AP, reason=201 (NO_AP_FOUND). Retrying connection...

[REDACTED SENSITIVE LINE]

I (5450511) NETWORK: NETWORK_TIME_SYNCED_BIT cleared before=0x0 after=0x0

W (5450511) WIFI: Lost IP address

W (5451561) WIFI: Disconnected from AP, reason=201 (NO_AP_FOUND). Retrying connection...

[REDACTED SENSITIVE LINE]

W (5453981) WIFI: Disconnected from AP, reason=201 (NO_AP_FOUND). Retrying connection...

[REDACTED SENSITIVE LINE]

W (5456401) WIFI: Disconnected from AP, reason=201 (NO_AP_FOUND). Retrying connection...

[REDACTED SENSITIVE LINE]

W (5458821) WIFI: Disconnected from AP, reason=201 (NO_AP_FOUND). Retrying connection...

[REDACTED SENSITIVE LINE]

W (5461241) WIFI: Disconnected from AP, reason=201 (NO_AP_FOUND). Retrying connection...

[REDACTED SENSITIVE LINE]

W (5463671) WIFI: Disconnected from AP, reason=201 (NO_AP_FOUND). Retrying connection...

[REDACTED SENSITIVE LINE]

W (5466091) WIFI: Disconnected from AP, reason=201 (NO_AP_FOUND). Retrying connection...

[REDACTED SENSITIVE LINE]

W (5468511) WIFI: Disconnected from AP, reason=201 (NO_AP_FOUND). Retrying connection...

[REDACTED SENSITIVE LINE]

W (5470931) WIFI: Disconnected from AP, reason=201 (NO_AP_FOUND). Retrying connection...

[REDACTED SENSITIVE LINE]

W (5473351) WIFI: Disconnected from AP, reason=201 (NO_AP_FOUND). Retrying connection...

[REDACTED SENSITIVE LINE]

W (5475771) WIFI: Disconnected from AP, reason=201 (NO_AP_FOUND). Retrying connection...

[REDACTED SENSITIVE LINE]

W (5478191) WIFI: Disconnected from AP, reason=201 (NO_AP_FOUND). Retrying connection...

[REDACTED SENSITIVE LINE]

W (5480611) WIFI: Disconnected from AP, reason=201 (NO_AP_FOUND). Retrying connection...

[REDACTED SENSITIVE LINE]

W (5483031) WIFI: Disconnected from AP, reason=201 (NO_AP_FOUND). Retrying connection...

[REDACTED SENSITIVE LINE]

W (5485461) WIFI: Disconnected from AP, reason=201 (NO_AP_FOUND). Retrying connection...

[REDACTED SENSITIVE LINE]

W (5487881) WIFI: Disconnected from AP, reason=201 (NO_AP_FOUND). Retrying connection...

[REDACTED SENSITIVE LINE]

W (5490301) WIFI: Disconnected from AP, reason=201 (NO_AP_FOUND). Retrying connection...

[REDACTED SENSITIVE LINE]

W (5492721) WIFI: Disconnected from AP, reason=201 (NO_AP_FOUND). Retrying connection...

[REDACTED SENSITIVE LINE]

W (5495141) WIFI: Disconnected from AP, reason=201 (NO_AP_FOUND). Retrying connection...

[REDACTED SENSITIVE LINE]

W (5497561) WIFI: Disconnected from AP, reason=201 (NO_AP_FOUND). Retrying connection...

[REDACTED SENSITIVE LINE]

W (5499981) WIFI: Disconnected from AP, reason=201 (NO_AP_FOUND). Retrying connection...

[REDACTED SENSITIVE LINE]

W (5502401) WIFI: Disconnected from AP, reason=201 (NO_AP_FOUND). Retrying connection...

[REDACTED SENSITIVE LINE]

W (5504821) WIFI: Disconnected from AP, reason=201 (NO_AP_FOUND). Retrying connection...

[REDACTED SENSITIVE LINE]

W (5507241) WIFI: Disconnected from AP, reason=201 (NO_AP_FOUND). Retrying connection...

[REDACTED SENSITIVE LINE]

W (5509671) WIFI: Disconnected from AP, reason=201 (NO_AP_FOUND). Retrying connection...

[REDACTED SENSITIVE LINE]

W (5512091) WIFI: Disconnected from AP, reason=201 (NO_AP_FOUND). Retrying connection...

[REDACTED SENSITIVE LINE]

W (5514511) WIFI: Disconnected from AP, reason=201 (NO_AP_FOUND). Retrying connection...

[REDACTED SENSITIVE LINE]

W (5516931) WIFI: Disconnected from AP, reason=201 (NO_AP_FOUND). Retrying connection...

[REDACTED SENSITIVE LINE]

W (5519351) WIFI: Disconnected from AP, reason=201 (NO_AP_FOUND). Retrying connection...

[REDACTED SENSITIVE LINE]

W (5521771) WIFI: Disconnected from AP, reason=201 (NO_AP_FOUND). Retrying connection...

[REDACTED SENSITIVE LINE]

W (5524191) WIFI: Disconnected from AP, reason=201 (NO_AP_FOUND). Retrying connection...

[REDACTED SENSITIVE LINE]

W (5526611) WIFI: Disconnected from AP, reason=201 (NO_AP_FOUND). Retrying connection...

[REDACTED SENSITIVE LINE]

W (5529031) WIFI: Disconnected from AP, reason=201 (NO_AP_FOUND). Retrying connection...

[REDACTED SENSITIVE LINE]

W (5531461) WIFI: Disconnected from AP, reason=201 (NO_AP_FOUND). Retrying connection...

[REDACTED SENSITIVE LINE]

W (5533881) WIFI: Disconnected from AP, reason=201 (NO_AP_FOUND). Retrying connection...

[REDACTED SENSITIVE LINE]

W (5536301) WIFI: Disconnected from AP, reason=201 (NO_AP_FOUND). Retrying connection...

[REDACTED SENSITIVE LINE]

W (5538721) WIFI: Disconnected from AP, reason=201 (NO_AP_FOUND). Retrying connection...

[REDACTED SENSITIVE LINE]

W (5541141) WIFI: Disconnected from AP, reason=201 (NO_AP_FOUND). Retrying connection...

[REDACTED SENSITIVE LINE]

W (5543561) WIFI: Disconnected from AP, reason=201 (NO_AP_FOUND). Retrying connection...

[REDACTED SENSITIVE LINE]

W (5545981) WIFI: Disconnected from AP, reason=201 (NO_AP_FOUND). Retrying connection...

[REDACTED SENSITIVE LINE]

W (5548401) WIFI: Disconnected from AP, reason=201 (NO_AP_FOUND). Retrying connection...

[REDACTED SENSITIVE LINE]

W (5550821) WIFI: Disconnected from AP, reason=201 (NO_AP_FOUND). Retrying connection...

[REDACTED SENSITIVE LINE]

W (5553251) WIFI: Disconnected from AP, reason=201 (NO_AP_FOUND). Retrying connection...

[REDACTED SENSITIVE LINE]

W (5555671) WIFI: Disconnected from AP, reason=201 (NO_AP_FOUND). Retrying connection...

[REDACTED SENSITIVE LINE]

W (5558091) WIFI: Disconnected from AP, reason=201 (NO_AP_FOUND). Retrying connection...

[REDACTED SENSITIVE LINE]

W (5560511) WIFI: Disconnected from AP, reason=201 (NO_AP_FOUND). Retrying connection...

[REDACTED SENSITIVE LINE]

W (5562931) WIFI: Disconnected from AP, reason=201 (NO_AP_FOUND). Retrying connection...

[REDACTED SENSITIVE LINE]

W (5565351) WIFI: Disconnected from AP, reason=201 (NO_AP_FOUND). Retrying connection...

[REDACTED SENSITIVE LINE]

W (5567771) WIFI: Disconnected from AP, reason=201 (NO_AP_FOUND). Retrying connection...

[REDACTED SENSITIVE LINE]

W (5570191) WIFI: Disconnected from AP, reason=201 (NO_AP_FOUND). Retrying connection...

[REDACTED SENSITIVE LINE]

I (5571561) NETWORK: NETWORK_TIME_SYNCED_BIT cleared before=0x0 after=0x0

W (5571561) WIFI: Lost IP address

W (5572611) WIFI: Disconnected from AP, reason=201 (NO_AP_FOUND). Retrying connection...

[REDACTED SENSITIVE LINE]

W (5575041) WIFI: Disconnected from AP, reason=201 (NO_AP_FOUND). Retrying connection...

[REDACTED SENSITIVE LINE]

W (5577461) WIFI: Disconnected from AP, reason=201 (NO_AP_FOUND). Retrying connection...

[REDACTED SENSITIVE LINE]

W (5579881) WIFI: Disconnected from AP, reason=201 (NO_AP_FOUND). Retrying connection...

[REDACTED SENSITIVE LINE]

W (5582301) WIFI: Disconnected from AP, reason=201 (NO_AP_FOUND). Retrying connection...

[REDACTED SENSITIVE LINE]

W (5584721) WIFI: Disconnected from AP, reason=201 (NO_AP_FOUND). Retrying connection...

[REDACTED SENSITIVE LINE]

W (5587141) WIFI: Disconnected from AP, reason=201 (NO_AP_FOUND). Retrying connection...

[REDACTED SENSITIVE LINE]

W (5589561) WIFI: Disconnected from AP, reason=201 (NO_AP_FOUND). Retrying connection...

[REDACTED SENSITIVE LINE]

W (5591981) WIFI: Disconnected from AP, reason=201 (NO_AP_FOUND). Retrying connection...

[REDACTED SENSITIVE LINE]

W (5594401) WIFI: Disconnected from AP, reason=201 (NO_AP_FOUND). Retrying connection...

[REDACTED SENSITIVE LINE]

W (5596831) WIFI: Disconnected from AP, reason=201 (NO_AP_FOUND). Retrying connection...

[REDACTED SENSITIVE LINE]

W (5599251) WIFI: Disconnected from AP, reason=201 (NO_AP_FOUND). Retrying connection...

[REDACTED SENSITIVE LINE]

W (5601671) WIFI: Disconnected from AP, reason=201 (NO_AP_FOUND). Retrying connection...

[REDACTED SENSITIVE LINE]

W (5604091) WIFI: Disconnected from AP, reason=201 (NO_AP_FOUND). Retrying connection...

[REDACTED SENSITIVE LINE]

W (5606511) WIFI: Disconnected from AP, reason=201 (NO_AP_FOUND). Retrying connection...

[REDACTED SENSITIVE LINE]

W (5608931) WIFI: Disconnected from AP, reason=201 (NO_AP_FOUND). Retrying connection...

[REDACTED SENSITIVE LINE]

W (5611351) WIFI: Disconnected from AP, reason=201 (NO_AP_FOUND). Retrying connection...

[REDACTED SENSITIVE LINE]

W (5613771) WIFI: Disconnected from AP, reason=201 (NO_AP_FOUND). Retrying connection...

[REDACTED SENSITIVE LINE]

W (5616191) WIFI: Disconnected from AP, reason=201 (NO_AP_FOUND). Retrying connection...

[REDACTED SENSITIVE LINE]

W (5618611) WIFI: Disconnected from AP, reason=201 (NO_AP_FOUND). Retrying connection...

[REDACTED SENSITIVE LINE]

W (5621041) WIFI: Disconnected from AP, reason=201 (NO_AP_FOUND). Retrying connection...

[REDACTED SENSITIVE LINE]

W (5623461) WIFI: Disconnected from AP, reason=201 (NO_AP_FOUND). Retrying connection...

[REDACTED SENSITIVE LINE]

W (5625881) WIFI: Disconnected from AP, reason=201 (NO_AP_FOUND). Retrying connection...

[REDACTED SENSITIVE LINE]

W (5628301) WIFI: Disconnected from AP, reason=201 (NO_AP_FOUND). Retrying connection...

[REDACTED SENSITIVE LINE]

W (5630721) WIFI: Disconnected from AP, reason=201 (NO_AP_FOUND). Retrying connection...

[REDACTED SENSITIVE LINE]

W (5633141) WIFI: Disconnected from AP, reason=201 (NO_AP_FOUND). Retrying connection...

[REDACTED SENSITIVE LINE]

W (5635561) WIFI: Disconnected from AP, reason=201 (NO_AP_FOUND). Retrying connection...

[REDACTED SENSITIVE LINE]

W (5637981) WIFI: Disconnected from AP, reason=201 (NO_AP_FOUND). Retrying connection...

[REDACTED SENSITIVE LINE]

W (5640401) WIFI: Disconnected from AP, reason=201 (NO_AP_FOUND). Retrying connection...

[REDACTED SENSITIVE LINE]

W (5642821) WIFI: Disconnected from AP, reason=201 (NO_AP_FOUND). Retrying connection...

[REDACTED SENSITIVE LINE]

W (5645251) WIFI: Disconnected from AP, reason=201 (NO_AP_FOUND). Retrying connection...

[REDACTED SENSITIVE LINE]

W (5647671) WIFI: Disconnected from AP, reason=201 (NO_AP_FOUND). Retrying connection...

[REDACTED SENSITIVE LINE]

W (5650091) WIFI: Disconnected from AP, reason=201 (NO_AP_FOUND). Retrying connection...

[REDACTED SENSITIVE LINE]

W (5652511) WIFI: Disconnected from AP, reason=201 (NO_AP_FOUND). Retrying connection...

[REDACTED SENSITIVE LINE]

W (5654931) WIFI: Disconnected from AP, reason=201 (NO_AP_FOUND). Retrying connection...

[REDACTED SENSITIVE LINE]

W (5657351) WIFI: Disconnected from AP, reason=201 (NO_AP_FOUND). Retrying connection...

[REDACTED SENSITIVE LINE]

W (5659771) WIFI: Disconnected from AP, reason=201 (NO_AP_FOUND). Retrying connection...

[REDACTED SENSITIVE LINE]

W (5662191) WIFI: Disconnected from AP, reason=201 (NO_AP_FOUND). Retrying connection...

[REDACTED SENSITIVE LINE]

W (5664611) WIFI: Disconnected from AP, reason=201 (NO_AP_FOUND). Retrying connection...

[REDACTED SENSITIVE LINE]

W (5667031) WIFI: Disconnected from AP, reason=201 (NO_AP_FOUND). Retrying connection...

[REDACTED SENSITIVE LINE]

W (5669461) WIFI: Disconnected from AP, reason=201 (NO_AP_FOUND). Retrying connection...

[REDACTED SENSITIVE LINE]

W (5671881) WIFI: Disconnected from AP, reason=201 (NO_AP_FOUND). Retrying connection...

[REDACTED SENSITIVE LINE]

W (5674301) WIFI: Disconnected from AP, reason=201 (NO_AP_FOUND). Retrying connection...

[REDACTED SENSITIVE LINE]

W (5676721) WIFI: Disconnected from AP, reason=201 (NO_AP_FOUND). Retrying connection...

[REDACTED SENSITIVE LINE]

W (5679141) WIFI: Disconnected from AP, reason=201 (NO_AP_FOUND). Retrying connection...

[REDACTED SENSITIVE LINE]

W (5681561) WIFI: Disconnected from AP, reason=201 (NO_AP_FOUND). Retrying connection...

[REDACTED SENSITIVE LINE]

W (5683981) WIFI: Disconnected from AP, reason=201 (NO_AP_FOUND). Retrying connection...

[REDACTED SENSITIVE LINE]

W (5686401) WIFI: Disconnected from AP, reason=201 (NO_AP_FOUND). Retrying connection...

[REDACTED SENSITIVE LINE]

W (5688821) WIFI: Disconnected from AP, reason=201 (NO_AP_FOUND). Retrying connection...

[REDACTED SENSITIVE LINE]

W (5691251) WIFI: Disconnected from AP, reason=201 (NO_AP_FOUND). Retrying connection...

[REDACTED SENSITIVE LINE]

I (5692611) NETWORK: NETWORK_TIME_SYNCED_BIT cleared before=0x0 after=0x0

W (5692611) WIFI: Lost IP address

W (5693671) WIFI: Disconnected from AP, reason=201 (NO_AP_FOUND). Retrying connection...

[REDACTED SENSITIVE LINE]

W (5696091) WIFI: Disconnected from AP, reason=201 (NO_AP_FOUND). Retrying connection...

[REDACTED SENSITIVE LINE]

W (5698511) WIFI: Disconnected from AP, reason=201 (NO_AP_FOUND). Retrying connection...

[REDACTED SENSITIVE LINE]

W (5700931) WIFI: Disconnected from AP, reason=201 (NO_AP_FOUND). Retrying connection...

[REDACTED SENSITIVE LINE]

W (5703351) WIFI: Disconnected from AP, reason=201 (NO_AP_FOUND). Retrying connection...

[REDACTED SENSITIVE LINE]

W (5705771) WIFI: Disconnected from AP, reason=201 (NO_AP_FOUND). Retrying connection...

[REDACTED SENSITIVE LINE]

W (5708191) WIFI: Disconnected from AP, reason=201 (NO_AP_FOUND). Retrying connection...

[REDACTED SENSITIVE LINE]

W (5710611) WIFI: Disconnected from AP, reason=201 (NO_AP_FOUND). Retrying connection...

[REDACTED SENSITIVE LINE]

W (5713041) WIFI: Disconnected from AP, reason=201 (NO_AP_FOUND). Retrying connection...

[REDACTED SENSITIVE LINE]

W (5715461) WIFI: Disconnected from AP, reason=201 (NO_AP_FOUND). Retrying connection...

[REDACTED SENSITIVE LINE]

W (5717881) WIFI: Disconnected from AP, reason=201 (NO_AP_FOUND). Retrying connection...

[REDACTED SENSITIVE LINE]

W (5720301) WIFI: Disconnected from AP, reason=201 (NO_AP_FOUND). Retrying connection...

[REDACTED SENSITIVE LINE]

W (5722721) WIFI: Disconnected from AP, reason=201 (NO_AP_FOUND). Retrying connection...

[REDACTED SENSITIVE LINE]

W (5725141) WIFI: Disconnected from AP, reason=201 (NO_AP_FOUND). Retrying connection...

[REDACTED SENSITIVE LINE]

W (5727561) WIFI: Disconnected from AP, reason=201 (NO_AP_FOUND). Retrying connection...

[REDACTED SENSITIVE LINE]

W (5729981) WIFI: Disconnected from AP, reason=201 (NO_AP_FOUND). Retrying connection...

[REDACTED SENSITIVE LINE]

W (5732401) WIFI: Disconnected from AP, reason=201 (NO_AP_FOUND). Retrying connection...

[REDACTED SENSITIVE LINE]

W (5734821) WIFI: Disconnected from AP, reason=201 (NO_AP_FOUND). Retrying connection...

[REDACTED SENSITIVE LINE]

W (5737251) WIFI: Disconnected from AP, reason=201 (NO_AP_FOUND). Retrying connection...

[REDACTED SENSITIVE LINE]

W (5739671) WIFI: Disconnected from AP, reason=201 (NO_AP_FOUND). Retrying connection...

[REDACTED SENSITIVE LINE]

W (5742091) WIFI: Disconnected from AP, reason=201 (NO_AP_FOUND). Retrying connection...

[REDACTED SENSITIVE LINE]

W (5744511) WIFI: Disconnected from AP, reason=201 (NO_AP_FOUND). Retrying connection...

[REDACTED SENSITIVE LINE]

W (5746931) WIFI: Disconnected from AP, reason=201 (NO_AP_FOUND). Retrying connection...

[REDACTED SENSITIVE LINE]

W (5749351) WIFI: Disconnected from AP, reason=201 (NO_AP_FOUND). Retrying connection...

[REDACTED SENSITIVE LINE]

W (5751771) WIFI: Disconnected from AP, reason=201 (NO_AP_FOUND). Retrying connection...

[REDACTED SENSITIVE LINE]

W (5754191) WIFI: Disconnected from AP, reason=201 (NO_AP_FOUND). Retrying connection...

[REDACTED SENSITIVE LINE]

W (5756611) WIFI: Disconnected from AP, reason=201 (NO_AP_FOUND). Retrying connection...

[REDACTED SENSITIVE LINE]

W (5759031) WIFI: Disconnected from AP, reason=201 (NO_AP_FOUND). Retrying connection...

[REDACTED SENSITIVE LINE]

W (5761461) WIFI: Disconnected from AP, reason=201 (NO_AP_FOUND). Retrying connection...

[REDACTED SENSITIVE LINE]

W (5763881) WIFI: Disconnected from AP, reason=201 (NO_AP_FOUND). Retrying connection...

[REDACTED SENSITIVE LINE]

W (5766301) WIFI: Disconnected from AP, reason=201 (NO_AP_FOUND). Retrying connection...

[REDACTED SENSITIVE LINE]

W (5768721) WIFI: Disconnected from AP, reason=201 (NO_AP_FOUND). Retrying connection...

[REDACTED SENSITIVE LINE]

W (5771141) WIFI: Disconnected from AP, reason=201 (NO_AP_FOUND). Retrying connection...

[REDACTED SENSITIVE LINE]

W (5773561) WIFI: Disconnected from AP, reason=201 (NO_AP_FOUND). Retrying connection...

[REDACTED SENSITIVE LINE]

W (5775981) WIFI: Disconnected from AP, reason=201 (NO_AP_FOUND). Retrying connection...

[REDACTED SENSITIVE LINE]

W (5778401) WIFI: Disconnected from AP, reason=201 (NO_AP_FOUND). Retrying connection...

[REDACTED SENSITIVE LINE]

W (5780821) WIFI: Disconnected from AP, reason=201 (NO_AP_FOUND). Retrying connection...

[REDACTED SENSITIVE LINE]

W (5783251) WIFI: Disconnected from AP, reason=201 (NO_AP_FOUND). Retrying connection...

[REDACTED SENSITIVE LINE]

W (5785671) WIFI: Disconnected from AP, reason=201 (NO_AP_FOUND). Retrying connection...

[REDACTED SENSITIVE LINE]

W (5788091) WIFI: Disconnected from AP, reason=201 (NO_AP_FOUND). Retrying connection...

[REDACTED SENSITIVE LINE]

W (5790511) WIFI: Disconnected from AP, reason=201 (NO_AP_FOUND). Retrying connection...

[REDACTED SENSITIVE LINE]

W (5792931) WIFI: Disconnected from AP, reason=201 (NO_AP_FOUND). Retrying connection...

[REDACTED SENSITIVE LINE]

W (5795351) WIFI: Disconnected from AP, reason=201 (NO_AP_FOUND). Retrying connection...

[REDACTED SENSITIVE LINE]

W (5797771) WIFI: Disconnected from AP, reason=201 (NO_AP_FOUND). Retrying connection...

[REDACTED SENSITIVE LINE]

W (5800191) WIFI: Disconnected from AP, reason=201 (NO_AP_FOUND). Retrying connection...

[REDACTED SENSITIVE LINE]

W (5802611) WIFI: Disconnected from AP, reason=201 (NO_AP_FOUND). Retrying connection...

[REDACTED SENSITIVE LINE]

W (5805031) WIFI: Disconnected from AP, reason=201 (NO_AP_FOUND). Retrying connection...

[REDACTED SENSITIVE LINE]

W (5807461) WIFI: Disconnected from AP, reason=201 (NO_AP_FOUND). Retrying connection...

[REDACTED SENSITIVE LINE]

W (5809881) WIFI: Disconnected from AP, reason=201 (NO_AP_FOUND). Retrying connection...

[REDACTED SENSITIVE LINE]

W (5812301) WIFI: Disconnected from AP, reason=201 (NO_AP_FOUND). Retrying connection...

[REDACTED SENSITIVE LINE]

I (5813671) NETWORK: NETWORK_TIME_SYNCED_BIT cleared before=0x0 after=0x0

W (5813671) WIFI: Lost IP address

W (5814721) WIFI: Disconnected from AP, reason=201 (NO_AP_FOUND). Retrying connection...

[REDACTED SENSITIVE LINE]

W (5817141) WIFI: Disconnected from AP, reason=201 (NO_AP_FOUND). Retrying connection...

[REDACTED SENSITIVE LINE]

W (5819561) WIFI: Disconnected from AP, reason=201 (NO_AP_FOUND). Retrying connection...

[REDACTED SENSITIVE LINE]

W (5821981) WIFI: Disconnected from AP, reason=201 (NO_AP_FOUND). Retrying connection...

[REDACTED SENSITIVE LINE]

W (5824401) WIFI: Disconnected from AP, reason=201 (NO_AP_FOUND). Retrying connection...

[REDACTED SENSITIVE LINE]

W (5826821) WIFI: Disconnected from AP, reason=201 (NO_AP_FOUND). Retrying connection...

[REDACTED SENSITIVE LINE]

W (5829251) WIFI: Disconnected from AP, reason=201 (NO_AP_FOUND). Retrying connection...

[REDACTED SENSITIVE LINE]

W (5831671) WIFI: Disconnected from AP, reason=201 (NO_AP_FOUND). Retrying connection...

[REDACTED SENSITIVE LINE]

W (5834091) WIFI: Disconnected from AP, reason=201 (NO_AP_FOUND). Retrying connection...

[REDACTED SENSITIVE LINE]

W (5836511) WIFI: Disconnected from AP, reason=201 (NO_AP_FOUND). Retrying connection...

[REDACTED SENSITIVE LINE]

W (5838931) WIFI: Disconnected from AP, reason=201 (NO_AP_FOUND). Retrying connection...

[REDACTED SENSITIVE LINE]

W (5841351) WIFI: Disconnected from AP, reason=201 (NO_AP_FOUND). Retrying connection...

[REDACTED SENSITIVE LINE]

W (5843771) WIFI: Disconnected from AP, reason=201 (NO_AP_FOUND). Retrying connection...

[REDACTED SENSITIVE LINE]

W (5846191) WIFI: Disconnected from AP, reason=201 (NO_AP_FOUND). Retrying connection...

[REDACTED SENSITIVE LINE]

W (5848611) WIFI: Disconnected from AP, reason=201 (NO_AP_FOUND). Retrying connection...

[REDACTED SENSITIVE LINE]

W (5851031) WIFI: Disconnected from AP, reason=201 (NO_AP_FOUND). Retrying connection...

[REDACTED SENSITIVE LINE]

W (5853461) WIFI: Disconnected from AP, reason=201 (NO_AP_FOUND). Retrying connection...

[REDACTED SENSITIVE LINE]

W (5855881) WIFI: Disconnected from AP, reason=201 (NO_AP_FOUND). Retrying connection...

[REDACTED SENSITIVE LINE]

W (5858301) WIFI: Disconnected from AP, reason=201 (NO_AP_FOUND). Retrying connection...

[REDACTED SENSITIVE LINE]

W (5860721) WIFI: Disconnected from AP, reason=201 (NO_AP_FOUND). Retrying connection...

[REDACTED SENSITIVE LINE]

W (5863141) WIFI: Disconnected from AP, reason=201 (NO_AP_FOUND). Retrying connection...

[REDACTED SENSITIVE LINE]

W (5865561) WIFI: Disconnected from AP, reason=201 (NO_AP_FOUND). Retrying connection...

[REDACTED SENSITIVE LINE]

W (5867981) WIFI: Disconnected from AP, reason=201 (NO_AP_FOUND). Retrying connection...

[REDACTED SENSITIVE LINE]

W (5870401) WIFI: Disconnected from AP, reason=201 (NO_AP_FOUND). Retrying connection...

[REDACTED SENSITIVE LINE]

W (5872821) WIFI: Disconnected from AP, reason=201 (NO_AP_FOUND). Retrying connection...

[REDACTED SENSITIVE LINE]

W (5875251) WIFI: Disconnected from AP, reason=201 (NO_AP_FOUND). Retrying connection...

[REDACTED SENSITIVE LINE]

W (5877671) WIFI: Disconnected from AP, reason=201 (NO_AP_FOUND). Retrying connection...

[REDACTED SENSITIVE LINE]

W (5880091) WIFI: Disconnected from AP, reason=201 (NO_AP_FOUND). Retrying connection...

[REDACTED SENSITIVE LINE]

W (5882511) WIFI: Disconnected from AP, reason=201 (NO_AP_FOUND). Retrying connection...

[REDACTED SENSITIVE LINE]

W (5884931) WIFI: Disconnected from AP, reason=201 (NO_AP_FOUND). Retrying connection...

[REDACTED SENSITIVE LINE]

W (5887351) WIFI: Disconnected from AP, reason=201 (NO_AP_FOUND). Retrying connection...

[REDACTED SENSITIVE LINE]

W (5889771) WIFI: Disconnected from AP, reason=201 (NO_AP_FOUND). Retrying connection...

[REDACTED SENSITIVE LINE]

W (5892191) WIFI: Disconnected from AP, reason=201 (NO_AP_FOUND). Retrying connection...

[REDACTED SENSITIVE LINE]

W (5894611) WIFI: Disconnected from AP, reason=201 (NO_AP_FOUND). Retrying connection...

[REDACTED SENSITIVE LINE]

W (5897041) WIFI: Disconnected from AP, reason=201 (NO_AP_FOUND). Retrying connection...

[REDACTED SENSITIVE LINE]

W (5899461) WIFI: Disconnected from AP, reason=201 (NO_AP_FOUND). Retrying connection...

[REDACTED SENSITIVE LINE]

W (5901881) WIFI: Disconnected from AP, reason=201 (NO_AP_FOUND). Retrying connection...

[REDACTED SENSITIVE LINE]

W (5904301) WIFI: Disconnected from AP, reason=201 (NO_AP_FOUND). Retrying connection...

[REDACTED SENSITIVE LINE]

W (5906721) WIFI: Disconnected from AP, reason=201 (NO_AP_FOUND). Retrying connection...

[REDACTED SENSITIVE LINE]

W (5909141) WIFI: Disconnected from AP, reason=201 (NO_AP_FOUND). Retrying connection...

[REDACTED SENSITIVE LINE]

W (5911561) WIFI: Disconnected from AP, reason=201 (NO_AP_FOUND). Retrying connection...

[REDACTED SENSITIVE LINE]

W (5913981) WIFI: Disconnected from AP, reason=201 (NO_AP_FOUND). Retrying connection...

[REDACTED SENSITIVE LINE]

W (5916401) WIFI: Disconnected from AP, reason=201 (NO_AP_FOUND). Retrying connection...

[REDACTED SENSITIVE LINE]

W (5918821) WIFI: Disconnected from AP, reason=201 (NO_AP_FOUND). Retrying connection...

[REDACTED SENSITIVE LINE]

W (5921251) WIFI: Disconnected from AP, reason=201 (NO_AP_FOUND). Retrying connection...

[REDACTED SENSITIVE LINE]

W (5923671) WIFI: Disconnected from AP, reason=201 (NO_AP_FOUND). Retrying connection...

[REDACTED SENSITIVE LINE]

W (5926091) WIFI: Disconnected from AP, reason=201 (NO_AP_FOUND). Retrying connection...

[REDACTED SENSITIVE LINE]

W (5928511) WIFI: Disconnected from AP, reason=201 (NO_AP_FOUND). Retrying connection...

[REDACTED SENSITIVE LINE]

W (5930931) WIFI: Disconnected from AP, reason=201 (NO_AP_FOUND). Retrying connection...

[REDACTED SENSITIVE LINE]

W (5933351) WIFI: Disconnected from AP, reason=201 (NO_AP_FOUND). Retrying connection...

[REDACTED SENSITIVE LINE]

I (5934721) NETWORK: NETWORK_TIME_SYNCED_BIT cleared before=0x0 after=0x0

W (5934721) WIFI: Lost IP address

W (5935771) WIFI: Disconnected from AP, reason=201 (NO_AP_FOUND). Retrying connection...

[REDACTED SENSITIVE LINE]

W (5938191) WIFI: Disconnected from AP, reason=201 (NO_AP_FOUND). Retrying connection...

[REDACTED SENSITIVE LINE]

W (5940611) WIFI: Disconnected from AP, reason=201 (NO_AP_FOUND). Retrying connection...

[REDACTED SENSITIVE LINE]

W (5943041) WIFI: Disconnected from AP, reason=201 (NO_AP_FOUND). Retrying connection...

[REDACTED SENSITIVE LINE]

W (5945461) WIFI: Disconnected from AP, reason=201 (NO_AP_FOUND). Retrying connection...

[REDACTED SENSITIVE LINE]

W (5947881) WIFI: Disconnected from AP, reason=201 (NO_AP_FOUND). Retrying connection...

[REDACTED SENSITIVE LINE]

W (5950301) WIFI: Disconnected from AP, reason=201 (NO_AP_FOUND). Retrying connection...

[REDACTED SENSITIVE LINE]

W (5952721) WIFI: Disconnected from AP, reason=201 (NO_AP_FOUND). Retrying connection...

[REDACTED SENSITIVE LINE]

W (5955141) WIFI: Disconnected from AP, reason=201 (NO_AP_FOUND). Retrying connection...

[REDACTED SENSITIVE LINE]

W (5957561) WIFI: Disconnected from AP, reason=201 (NO_AP_FOUND). Retrying connection...

[REDACTED SENSITIVE LINE]

W (5959981) WIFI: Disconnected from AP, reason=201 (NO_AP_FOUND). Retrying connection...

[REDACTED SENSITIVE LINE]

W (5962401) WIFI: Disconnected from AP, reason=201 (NO_AP_FOUND). Retrying connection...

[REDACTED SENSITIVE LINE]

W (5964831) WIFI: Disconnected from AP, reason=201 (NO_AP_FOUND). Retrying connection...

[REDACTED SENSITIVE LINE]

W (5967251) WIFI: Disconnected from AP, reason=201 (NO_AP_FOUND). Retrying connection...

[REDACTED SENSITIVE LINE]

W (5969671) WIFI: Disconnected from AP, reason=201 (NO_AP_FOUND). Retrying connection...

[REDACTED SENSITIVE LINE]

W (5972091) WIFI: Disconnected from AP, reason=201 (NO_AP_FOUND). Retrying connection...

[REDACTED SENSITIVE LINE]

W (5974511) WIFI: Disconnected from AP, reason=201 (NO_AP_FOUND). Retrying connection...

[REDACTED SENSITIVE LINE]

W (5976931) WIFI: Disconnected from AP, reason=201 (NO_AP_FOUND). Retrying connection...

[REDACTED SENSITIVE LINE]

W (5979351) WIFI: Disconnected from AP, reason=201 (NO_AP_FOUND). Retrying connection...

[REDACTED SENSITIVE LINE]

W (5981771) WIFI: Disconnected from AP, reason=201 (NO_AP_FOUND). Retrying connection...

[REDACTED SENSITIVE LINE]

W (5984191) WIFI: Disconnected from AP, reason=201 (NO_AP_FOUND). Retrying connection...

[REDACTED SENSITIVE LINE]

W (5986621) WIFI: Disconnected from AP, reason=201 (NO_AP_FOUND). Retrying connection...

[REDACTED SENSITIVE LINE]

W (5989041) WIFI: Disconnected from AP, reason=201 (NO_AP_FOUND). Retrying connection...

[REDACTED SENSITIVE LINE]

W (5991461) WIFI: Disconnected from AP, reason=201 (NO_AP_FOUND). Retrying connection...

[REDACTED SENSITIVE LINE]

W (5993881) WIFI: Disconnected from AP, reason=201 (NO_AP_FOUND). Retrying connection...

[REDACTED SENSITIVE LINE]

W (5996301) WIFI: Disconnected from AP, reason=201 (NO_AP_FOUND). Retrying connection...

[REDACTED SENSITIVE LINE]

W (5998721) WIFI: Disconnected from AP, reason=201 (NO_AP_FOUND). Retrying connection...

[REDACTED SENSITIVE LINE]

W (6001141) WIFI: Disconnected from AP, reason=201 (NO_AP_FOUND). Retrying connection...

[REDACTED SENSITIVE LINE]

W (6003561) WIFI: Disconnected from AP, reason=201 (NO_AP_FOUND). Retrying connection...

[REDACTED SENSITIVE LINE]

W (6005981) WIFI: Disconnected from AP, reason=201 (NO_AP_FOUND). Retrying connection...

[REDACTED SENSITIVE LINE]

W (6008401) WIFI: Disconnected from AP, reason=201 (NO_AP_FOUND). Retrying connection...

[REDACTED SENSITIVE LINE]

W (6010831) WIFI: Disconnected from AP, reason=201 (NO_AP_FOUND). Retrying connection...

[REDACTED SENSITIVE LINE]

W (6013251) WIFI: Disconnected from AP, reason=201 (NO_AP_FOUND). Retrying connection...

[REDACTED SENSITIVE LINE]

W (6015671) WIFI: Disconnected from AP, reason=201 (NO_AP_FOUND). Retrying connection...

[REDACTED SENSITIVE LINE]

W (6018091) WIFI: Disconnected from AP, reason=201 (NO_AP_FOUND). Retrying connection...

[REDACTED SENSITIVE LINE]

W (6020511) WIFI: Disconnected from AP, reason=201 (NO_AP_FOUND). Retrying connection...

[REDACTED SENSITIVE LINE]

W (6022931) WIFI: Disconnected from AP, reason=201 (NO_AP_FOUND). Retrying connection...

[REDACTED SENSITIVE LINE]

W (6025351) WIFI: Disconnected from AP, reason=201 (NO_AP_FOUND). Retrying connection...

[REDACTED SENSITIVE LINE]

W (6027771) WIFI: Disconnected from AP, reason=201 (NO_AP_FOUND). Retrying connection...

[REDACTED SENSITIVE LINE]

W (6030191) WIFI: Disconnected from AP, reason=201 (NO_AP_FOUND). Retrying connection...

[REDACTED SENSITIVE LINE]

W (6032621) WIFI: Disconnected from AP, reason=201 (NO_AP_FOUND). Retrying connection...

[REDACTED SENSITIVE LINE]

W (6035041) WIFI: Disconnected from AP, reason=201 (NO_AP_FOUND). Retrying connection...

[REDACTED SENSITIVE LINE]

W (6037461) WIFI: Disconnected from AP, reason=201 (NO_AP_FOUND). Retrying connection...

[REDACTED SENSITIVE LINE]

W (6039881) WIFI: Disconnected from AP, reason=201 (NO_AP_FOUND). Retrying connection...

[REDACTED SENSITIVE LINE]

W (6042301) WIFI: Disconnected from AP, reason=201 (NO_AP_FOUND). Retrying connection...

[REDACTED SENSITIVE LINE]

W (6044721) WIFI: Disconnected from AP, reason=201 (NO_AP_FOUND). Retrying connection...

[REDACTED SENSITIVE LINE]

W (6047141) WIFI: Disconnected from AP, reason=201 (NO_AP_FOUND). Retrying connection...

[REDACTED SENSITIVE LINE]

W (6049561) WIFI: Disconnected from AP, reason=201 (NO_AP_FOUND). Retrying connection...

[REDACTED SENSITIVE LINE]

W (6051981) WIFI: Disconnected from AP, reason=201 (NO_AP_FOUND). Retrying connection...

[REDACTED SENSITIVE LINE]

W (6054411) WIFI: Disconnected from AP, reason=201 (NO_AP_FOUND). Retrying connection...

[REDACTED SENSITIVE LINE]

I (6055771) NETWORK: NETWORK_TIME_SYNCED_BIT cleared before=0x0 after=0x0

W (6055771) WIFI: Lost IP address

W (6056831) WIFI: Disconnected from AP, reason=201 (NO_AP_FOUND). Retrying connection...

[REDACTED SENSITIVE LINE]

W (6059251) WIFI: Disconnected from AP, reason=201 (NO_AP_FOUND). Retrying connection...

[REDACTED SENSITIVE LINE]

W (6061671) WIFI: Disconnected from AP, reason=201 (NO_AP_FOUND). Retrying connection...

[REDACTED SENSITIVE LINE]

W (6064091) WIFI: Disconnected from AP, reason=201 (NO_AP_FOUND). Retrying connection...

[REDACTED SENSITIVE LINE]

W (6066511) WIFI: Disconnected from AP, reason=201 (NO_AP_FOUND). Retrying connection...

[REDACTED SENSITIVE LINE]

W (6068931) WIFI: Disconnected from AP, reason=201 (NO_AP_FOUND). Retrying connection...

[REDACTED SENSITIVE LINE]

W (6071351) WIFI: Disconnected from AP, reason=201 (NO_AP_FOUND). Retrying connection...

[REDACTED SENSITIVE LINE]

W (6073771) WIFI: Disconnected from AP, reason=201 (NO_AP_FOUND). Retrying connection...

[REDACTED SENSITIVE LINE]

W (6076201) WIFI: Disconnected from AP, reason=201 (NO_AP_FOUND). Retrying connection...

[REDACTED SENSITIVE LINE]

W (6078621) WIFI: Disconnected from AP, reason=201 (NO_AP_FOUND). Retrying connection...

[REDACTED SENSITIVE LINE]

W (6081041) WIFI: Disconnected from AP, reason=201 (NO_AP_FOUND). Retrying connection...

[REDACTED SENSITIVE LINE]

W (6083461) WIFI: Disconnected from AP, reason=201 (NO_AP_FOUND). Retrying connection...

[REDACTED SENSITIVE LINE]

W (6085881) WIFI: Disconnected from AP, reason=201 (NO_AP_FOUND). Retrying connection...

[REDACTED SENSITIVE LINE]

W (6088301) WIFI: Disconnected from AP, reason=201 (NO_AP_FOUND). Retrying connection...

[REDACTED SENSITIVE LINE]

W (6090721) WIFI: Disconnected from AP, reason=201 (NO_AP_FOUND). Retrying connection...

[REDACTED SENSITIVE LINE]

W (6093141) WIFI: Disconnected from AP, reason=201 (NO_AP_FOUND). Retrying connection...

[REDACTED SENSITIVE LINE]

W (6095561) WIFI: Disconnected from AP, reason=201 (NO_AP_FOUND). Retrying connection...

[REDACTED SENSITIVE LINE]

W (6097981) WIFI: Disconnected from AP, reason=201 (NO_AP_FOUND). Retrying connection...

[REDACTED SENSITIVE LINE]

W (6100411) WIFI: Disconnected from AP, reason=201 (NO_AP_FOUND). Retrying connection...

[REDACTED SENSITIVE LINE]

W (6102831) WIFI: Disconnected from AP, reason=201 (NO_AP_FOUND). Retrying connection...

[REDACTED SENSITIVE LINE]

W (6105251) WIFI: Disconnected from AP, reason=201 (NO_AP_FOUND). Retrying connection...

[REDACTED SENSITIVE LINE]

W (6107671) WIFI: Disconnected from AP, reason=201 (NO_AP_FOUND). Retrying connection...

[REDACTED SENSITIVE LINE]

W (6110091) WIFI: Disconnected from AP, reason=201 (NO_AP_FOUND). Retrying connection...

[REDACTED SENSITIVE LINE]

W (6112511) WIFI: Disconnected from AP, reason=201 (NO_AP_FOUND). Retrying connection...

[REDACTED SENSITIVE LINE]

W (6114931) WIFI: Disconnected from AP, reason=201 (NO_AP_FOUND). Retrying connection...

[REDACTED SENSITIVE LINE]

W (6117351) WIFI: Disconnected from AP, reason=201 (NO_AP_FOUND). Retrying connection...

[REDACTED SENSITIVE LINE]

W (6119771) WIFI: Disconnected from AP, reason=201 (NO_AP_FOUND). Retrying connection...

[REDACTED SENSITIVE LINE]

W (6122201) WIFI: Disconnected from AP, reason=201 (NO_AP_FOUND). Retrying connection...

[REDACTED SENSITIVE LINE]

W (6124621) WIFI: Disconnected from AP, reason=201 (NO_AP_FOUND). Retrying connection...

[REDACTED SENSITIVE LINE]

W (6127041) WIFI: Disconnected from AP, reason=201 (NO_AP_FOUND). Retrying connection...

[REDACTED SENSITIVE LINE]

W (6129461) WIFI: Disconnected from AP, reason=201 (NO_AP_FOUND). Retrying connection...

[REDACTED SENSITIVE LINE]

W (6131881) WIFI: Disconnected from AP, reason=201 (NO_AP_FOUND). Retrying connection...

[REDACTED SENSITIVE LINE]

W (6134301) WIFI: Disconnected from AP, reason=201 (NO_AP_FOUND). Retrying connection...

[REDACTED SENSITIVE LINE]

W (6136721) WIFI: Disconnected from AP, reason=201 (NO_AP_FOUND). Retrying connection...

[REDACTED SENSITIVE LINE]

W (6139141) WIFI: Disconnected from AP, reason=201 (NO_AP_FOUND). Retrying connection...

[REDACTED SENSITIVE LINE]

W (6141561) WIFI: Disconnected from AP, reason=201 (NO_AP_FOUND). Retrying connection...

[REDACTED SENSITIVE LINE]

W (6143991) WIFI: Disconnected from AP, reason=201 (NO_AP_FOUND). Retrying connection...

[REDACTED SENSITIVE LINE]

W (6146411) WIFI: Disconnected from AP, reason=201 (NO_AP_FOUND). Retrying connection...

[REDACTED SENSITIVE LINE]

W (6148831) WIFI: Disconnected from AP, reason=201 (NO_AP_FOUND). Retrying connection...

[REDACTED SENSITIVE LINE]

W (6151251) WIFI: Disconnected from AP, reason=201 (NO_AP_FOUND). Retrying connection...

[REDACTED SENSITIVE LINE]

W (6153671) WIFI: Disconnected from AP, reason=201 (NO_AP_FOUND). Retrying connection...

[REDACTED SENSITIVE LINE]

W (6156091) WIFI: Disconnected from AP, reason=201 (NO_AP_FOUND). Retrying connection...

[REDACTED SENSITIVE LINE]

W (6158511) WIFI: Disconnected from AP, reason=201 (NO_AP_FOUND). Retrying connection...

[REDACTED SENSITIVE LINE]

W (6160931) WIFI: Disconnected from AP, reason=201 (NO_AP_FOUND). Retrying connection...

[REDACTED SENSITIVE LINE]

W (6163351) WIFI: Disconnected from AP, reason=201 (NO_AP_FOUND). Retrying connection...

[REDACTED SENSITIVE LINE]

W (6165771) WIFI: Disconnected from AP, reason=201 (NO_AP_FOUND). Retrying connection...

[REDACTED SENSITIVE LINE]

W (6168201) WIFI: Disconnected from AP, reason=201 (NO_AP_FOUND). Retrying connection...

[REDACTED SENSITIVE LINE]

W (6170621) WIFI: Disconnected from AP, reason=201 (NO_AP_FOUND). Retrying connection...

[REDACTED SENSITIVE LINE]

W (6173041) WIFI: Disconnected from AP, reason=201 (NO_AP_FOUND). Retrying connection...

[REDACTED SENSITIVE LINE]

W (6175461) WIFI: Disconnected from AP, reason=201 (NO_AP_FOUND). Retrying connection...

[REDACTED SENSITIVE LINE]

I (6176831) NETWORK: NETWORK_TIME_SYNCED_BIT cleared before=0x0 after=0x0

W (6176831) WIFI: Lost IP address

W (6177881) WIFI: Disconnected from AP, reason=201 (NO_AP_FOUND). Retrying connection...

[REDACTED SENSITIVE LINE]

W (6180301) WIFI: Disconnected from AP, reason=201 (NO_AP_FOUND). Retrying connection...

[REDACTED SENSITIVE LINE]

W (6182721) WIFI: Disconnected from AP, reason=201 (NO_AP_FOUND). Retrying connection...

[REDACTED SENSITIVE LINE]

W (6185141) WIFI: Disconnected from AP, reason=201 (NO_AP_FOUND). Retrying connection...

[REDACTED SENSITIVE LINE]

W (6187561) WIFI: Disconnected from AP, reason=201 (NO_AP_FOUND). Retrying connection...

[REDACTED SENSITIVE LINE]

W (6189991) WIFI: Disconnected from AP, reason=201 (NO_AP_FOUND). Retrying connection...

[REDACTED SENSITIVE LINE]

W (6192411) WIFI: Disconnected from AP, reason=201 (NO_AP_FOUND). Retrying connection...

[REDACTED SENSITIVE LINE]

W (6194831) WIFI: Disconnected from AP, reason=201 (NO_AP_FOUND). Retrying connection...

[REDACTED SENSITIVE LINE]

W (6197251) WIFI: Disconnected from AP, reason=201 (NO_AP_FOUND). Retrying connection...

[REDACTED SENSITIVE LINE]

W (6199671) WIFI: Disconnected from AP, reason=201 (NO_AP_FOUND). Retrying connection...

[REDACTED SENSITIVE LINE]

W (6202091) WIFI: Disconnected from AP, reason=201 (NO_AP_FOUND). Retrying connection...

[REDACTED SENSITIVE LINE]

W (6204511) WIFI: Disconnected from AP, reason=201 (NO_AP_FOUND). Retrying connection...

[REDACTED SENSITIVE LINE]

W (6206931) WIFI: Disconnected from AP, reason=201 (NO_AP_FOUND). Retrying connection...

[REDACTED SENSITIVE LINE]

W (6209351) WIFI: Disconnected from AP, reason=201 (NO_AP_FOUND). Retrying connection...

[REDACTED SENSITIVE LINE]

W (6211781) WIFI: Disconnected from AP, reason=201 (NO_AP_FOUND). Retrying connection...

[REDACTED SENSITIVE LINE]

W (6214201) WIFI: Disconnected from AP, reason=201 (NO_AP_FOUND). Retrying connection...

[REDACTED SENSITIVE LINE]

W (6216621) WIFI: Disconnected from AP, reason=201 (NO_AP_FOUND). Retrying connection...

[REDACTED SENSITIVE LINE]

W (6219041) WIFI: Disconnected from AP, reason=201 (NO_AP_FOUND). Retrying connection...

[REDACTED SENSITIVE LINE]

W (6221461) WIFI: Disconnected from AP, reason=201 (NO_AP_FOUND). Retrying connection...

[REDACTED SENSITIVE LINE]

W (6223881) WIFI: Disconnected from AP, reason=201 (NO_AP_FOUND). Retrying connection...

[REDACTED SENSITIVE LINE]

W (6226301) WIFI: Disconnected from AP, reason=201 (NO_AP_FOUND). Retrying connection...

[REDACTED SENSITIVE LINE]

W (6228721) WIFI: Disconnected from AP, reason=201 (NO_AP_FOUND). Retrying connection...

[REDACTED SENSITIVE LINE]

W (6231141) WIFI: Disconnected from AP, reason=201 (NO_AP_FOUND). Retrying connection...

[REDACTED SENSITIVE LINE]

W (6233561) WIFI: Disconnected from AP, reason=201 (NO_AP_FOUND). Retrying connection...

[REDACTED SENSITIVE LINE]

W (6235991) WIFI: Disconnected from AP, reason=201 (NO_AP_FOUND). Retrying connection...

[REDACTED SENSITIVE LINE]

W (6238411) WIFI: Disconnected from AP, reason=201 (NO_AP_FOUND). Retrying connection...

[REDACTED SENSITIVE LINE]

W (6240831) WIFI: Disconnected from AP, reason=201 (NO_AP_FOUND). Retrying connection...

[REDACTED SENSITIVE LINE]

W (6243251) WIFI: Disconnected from AP, reason=201 (NO_AP_FOUND). Retrying connection...

[REDACTED SENSITIVE LINE]

W (6245671) WIFI: Disconnected from AP, reason=201 (NO_AP_FOUND). Retrying connection...

[REDACTED SENSITIVE LINE]

W (6248091) WIFI: Disconnected from AP, reason=201 (NO_AP_FOUND). Retrying connection...

[REDACTED SENSITIVE LINE]

W (6250511) WIFI: Disconnected from AP, reason=201 (NO_AP_FOUND). Retrying connection...

[REDACTED SENSITIVE LINE]

W (6252931) WIFI: Disconnected from AP, reason=201 (NO_AP_FOUND). Retrying connection...

[REDACTED SENSITIVE LINE]

W (6255351) WIFI: Disconnected from AP, reason=201 (NO_AP_FOUND). Retrying connection...

[REDACTED SENSITIVE LINE]

W (6257781) WIFI: Disconnected from AP, reason=201 (NO_AP_FOUND). Retrying connection...

[REDACTED SENSITIVE LINE]

W (6260201) WIFI: Disconnected from AP, reason=201 (NO_AP_FOUND). Retrying connection...

[REDACTED SENSITIVE LINE]

W (6262621) WIFI: Disconnected from AP, reason=201 (NO_AP_FOUND). Retrying connection...

[REDACTED SENSITIVE LINE]

W (6265041) WIFI: Disconnected from AP, reason=201 (NO_AP_FOUND). Retrying connection...

[REDACTED SENSITIVE LINE]

W (6267461) WIFI: Disconnected from AP, reason=201 (NO_AP_FOUND). Retrying connection...

[REDACTED SENSITIVE LINE]

W (6269881) WIFI: Disconnected from AP, reason=201 (NO_AP_FOUND). Retrying connection...

[REDACTED SENSITIVE LINE]

W (6272301) WIFI: Disconnected from AP, reason=201 (NO_AP_FOUND). Retrying connection...

[REDACTED SENSITIVE LINE]

W (6274721) WIFI: Disconnected from AP, reason=201 (NO_AP_FOUND). Retrying connection...

[REDACTED SENSITIVE LINE]

W (6277141) WIFI: Disconnected from AP, reason=201 (NO_AP_FOUND). Retrying connection...

[REDACTED SENSITIVE LINE]

W (6279561) WIFI: Disconnected from AP, reason=201 (NO_AP_FOUND). Retrying connection...

[REDACTED SENSITIVE LINE]

W (6281991) WIFI: Disconnected from AP, reason=201 (NO_AP_FOUND). Retrying connection...

[REDACTED SENSITIVE LINE]

W (6284411) WIFI: Disconnected from AP, reason=201 (NO_AP_FOUND). Retrying connection...

[REDACTED SENSITIVE LINE]

W (6286831) WIFI: Disconnected from AP, reason=201 (NO_AP_FOUND). Retrying connection...

[REDACTED SENSITIVE LINE]

W (6289251) WIFI: Disconnected from AP, reason=201 (NO_AP_FOUND). Retrying connection...

[REDACTED SENSITIVE LINE]

W (6291671) WIFI: Disconnected from AP, reason=201 (NO_AP_FOUND). Retrying connection...

[REDACTED SENSITIVE LINE]

W (6294091) WIFI: Disconnected from AP, reason=201 (NO_AP_FOUND). Retrying connection...

[REDACTED SENSITIVE LINE]

W (6296511) WIFI: Disconnected from AP, reason=201 (NO_AP_FOUND). Retrying connection...

[REDACTED SENSITIVE LINE]

I (6297881) NETWORK: NETWORK_TIME_SYNCED_BIT cleared before=0x0 after=0x0

W (6297881) WIFI: Lost IP address

W (6298931) WIFI: Disconnected from AP, reason=201 (NO_AP_FOUND). Retrying connection...

[REDACTED SENSITIVE LINE]

W (6301351) WIFI: Disconnected from AP, reason=201 (NO_AP_FOUND). Retrying connection...

[REDACTED SENSITIVE LINE]

W (6303781) WIFI: Disconnected from AP, reason=201 (NO_AP_FOUND). Retrying connection...

[REDACTED SENSITIVE LINE]

W (6306201) WIFI: Disconnected from AP, reason=201 (NO_AP_FOUND). Retrying connection...

[REDACTED SENSITIVE LINE]

W (6308621) WIFI: Disconnected from AP, reason=201 (NO_AP_FOUND). Retrying connection...

[REDACTED SENSITIVE LINE]

W (6311041) WIFI: Disconnected from AP, reason=201 (NO_AP_FOUND). Retrying connection...

[REDACTED SENSITIVE LINE]

W (6313461) WIFI: Disconnected from AP, reason=201 (NO_AP_FOUND). Retrying connection...

[REDACTED SENSITIVE LINE]

W (6315881) WIFI: Disconnected from AP, reason=201 (NO_AP_FOUND). Retrying connection...

[REDACTED SENSITIVE LINE]

W (6318301) WIFI: Disconnected from AP, reason=201 (NO_AP_FOUND). Retrying connection...

[REDACTED SENSITIVE LINE]

W (6320721) WIFI: Disconnected from AP, reason=201 (NO_AP_FOUND). Retrying connection...

[REDACTED SENSITIVE LINE]

W (6323141) WIFI: Disconnected from AP, reason=201 (NO_AP_FOUND). Retrying connection...

[REDACTED SENSITIVE LINE]

W (6325561) WIFI: Disconnected from AP, reason=201 (NO_AP_FOUND). Retrying connection...

[REDACTED SENSITIVE LINE]

W (6327991) WIFI: Disconnected from AP, reason=201 (NO_AP_FOUND). Retrying connection...

[REDACTED SENSITIVE LINE]

W (6330411) WIFI: Disconnected from AP, reason=201 (NO_AP_FOUND). Retrying connection...

[REDACTED SENSITIVE LINE]

W (6332831) WIFI: Disconnected from AP, reason=201 (NO_AP_FOUND). Retrying connection...

[REDACTED SENSITIVE LINE]

W (6335251) WIFI: Disconnected from AP, reason=201 (NO_AP_FOUND). Retrying connection...

[REDACTED SENSITIVE LINE]

W (6337671) WIFI: Disconnected from AP, reason=201 (NO_AP_FOUND). Retrying connection...

[REDACTED SENSITIVE LINE]

W (6340091) WIFI: Disconnected from AP, reason=201 (NO_AP_FOUND). Retrying connection...

[REDACTED SENSITIVE LINE]

W (6342511) WIFI: Disconnected from AP, reason=201 (NO_AP_FOUND). Retrying connection...

[REDACTED SENSITIVE LINE]

W (6344931) WIFI: Disconnected from AP, reason=201 (NO_AP_FOUND). Retrying connection...

[REDACTED SENSITIVE LINE]

W (6347351) WIFI: Disconnected from AP, reason=201 (NO_AP_FOUND). Retrying connection...

[REDACTED SENSITIVE LINE]

W (6349781) WIFI: Disconnected from AP, reason=201 (NO_AP_FOUND). Retrying connection...

[REDACTED SENSITIVE LINE]

W (6352201) WIFI: Disconnected from AP, reason=201 (NO_AP_FOUND). Retrying connection...

[REDACTED SENSITIVE LINE]

W (6354621) WIFI: Disconnected from AP, reason=201 (NO_AP_FOUND). Retrying connection...

[REDACTED SENSITIVE LINE]

W (6357041) WIFI: Disconnected from AP, reason=201 (NO_AP_FOUND). Retrying connection...

[REDACTED SENSITIVE LINE]

W (6359461) WIFI: Disconnected from AP, reason=201 (NO_AP_FOUND). Retrying connection...

[REDACTED SENSITIVE LINE]

W (6361881) WIFI: Disconnected from AP, reason=201 (NO_AP_FOUND). Retrying connection...

[REDACTED SENSITIVE LINE]

W (6364301) WIFI: Disconnected from AP, reason=201 (NO_AP_FOUND). Retrying connection...

[REDACTED SENSITIVE LINE]

W (6366721) WIFI: Disconnected from AP, reason=201 (NO_AP_FOUND). Retrying connection...

[REDACTED SENSITIVE LINE]

W (6369141) WIFI: Disconnected from AP, reason=201 (NO_AP_FOUND). Retrying connection...

[REDACTED SENSITIVE LINE]

W (6371571) WIFI: Disconnected from AP, reason=201 (NO_AP_FOUND). Retrying connection...

[REDACTED SENSITIVE LINE]

W (6373991) WIFI: Disconnected from AP, reason=201 (NO_AP_FOUND). Retrying connection...

[REDACTED SENSITIVE LINE]

W (6376411) WIFI: Disconnected from AP, reason=201 (NO_AP_FOUND). Retrying connection...

[REDACTED SENSITIVE LINE]

W (6378831) WIFI: Disconnected from AP, reason=201 (NO_AP_FOUND). Retrying connection...

[REDACTED SENSITIVE LINE]

W (6381251) WIFI: Disconnected from AP, reason=201 (NO_AP_FOUND). Retrying connection...

[REDACTED SENSITIVE LINE]

W (6383671) WIFI: Disconnected from AP, reason=201 (NO_AP_FOUND). Retrying connection...

[REDACTED SENSITIVE LINE]

W (6386091) WIFI: Disconnected from AP, reason=201 (NO_AP_FOUND). Retrying connection...

[REDACTED SENSITIVE LINE]

W (6388511) WIFI: Disconnected from AP, reason=201 (NO_AP_FOUND). Retrying connection...

[REDACTED SENSITIVE LINE]

W (6390931) WIFI: Disconnected from AP, reason=201 (NO_AP_FOUND). Retrying connection...

[REDACTED SENSITIVE LINE]

W (6393351) WIFI: Disconnected from AP, reason=201 (NO_AP_FOUND). Retrying connection...

[REDACTED SENSITIVE LINE]

W (6395781) WIFI: Disconnected from AP, reason=201 (NO_AP_FOUND). Retrying connection...

[REDACTED SENSITIVE LINE]

W (6398201) WIFI: Disconnected from AP, reason=201 (NO_AP_FOUND). Retrying connection...

[REDACTED SENSITIVE LINE]

W (6400621) WIFI: Disconnected from AP, reason=201 (NO_AP_FOUND). Retrying connection...

[REDACTED SENSITIVE LINE]

W (6403041) WIFI: Disconnected from AP, reason=201 (NO_AP_FOUND). Retrying connection...

[REDACTED SENSITIVE LINE]

W (6405461) WIFI: Disconnected from AP, reason=201 (NO_AP_FOUND). Retrying connection...

[REDACTED SENSITIVE LINE]

W (6407881) WIFI: Disconnected from AP, reason=201 (NO_AP_FOUND). Retrying connection...

[REDACTED SENSITIVE LINE]

W (6410301) WIFI: Disconnected from AP, reason=201 (NO_AP_FOUND). Retrying connection...

[REDACTED SENSITIVE LINE]

W (6412721) WIFI: Disconnected from AP, reason=201 (NO_AP_FOUND). Retrying connection...

[REDACTED SENSITIVE LINE]

W (6415141) WIFI: Disconnected from AP, reason=201 (NO_AP_FOUND). Retrying connection...

[REDACTED SENSITIVE LINE]

W (6417571) WIFI: Disconnected from AP, reason=201 (NO_AP_FOUND). Retrying connection...

[REDACTED SENSITIVE LINE]

I (6418931) NETWORK: NETWORK_TIME_SYNCED_BIT cleared before=0x0 after=0x0

W (6418931) WIFI: Lost IP address

W (6419991) WIFI: Disconnected from AP, reason=201 (NO_AP_FOUND). Retrying connection...

[REDACTED SENSITIVE LINE]

W (6422411) WIFI: Disconnected from AP, reason=201 (NO_AP_FOUND). Retrying connection...

[REDACTED SENSITIVE LINE]

W (6424831) WIFI: Disconnected from AP, reason=201 (NO_AP_FOUND). Retrying connection...

[REDACTED SENSITIVE LINE]

W (6427251) WIFI: Disconnected from AP, reason=201 (NO_AP_FOUND). Retrying connection...

[REDACTED SENSITIVE LINE]

W (6429671) WIFI: Disconnected from AP, reason=201 (NO_AP_FOUND). Retrying connection...

[REDACTED SENSITIVE LINE]

W (6432091) WIFI: Disconnected from AP, reason=201 (NO_AP_FOUND). Retrying connection...

[REDACTED SENSITIVE LINE]

W (6434511) WIFI: Disconnected from AP, reason=201 (NO_AP_FOUND). Retrying connection...

[REDACTED SENSITIVE LINE]

W (6436931) WIFI: Disconnected from AP, reason=201 (NO_AP_FOUND). Retrying connection...

[REDACTED SENSITIVE LINE]

W (6439351) WIFI: Disconnected from AP, reason=201 (NO_AP_FOUND). Retrying connection...

[REDACTED SENSITIVE LINE]

W (6441781) WIFI: Disconnected from AP, reason=201 (NO_AP_FOUND). Retrying connection...

[REDACTED SENSITIVE LINE]

W (6444201) WIFI: Disconnected from AP, reason=201 (NO_AP_FOUND). Retrying connection...

[REDACTED SENSITIVE LINE]

W (6446621) WIFI: Disconnected from AP, reason=201 (NO_AP_FOUND). Retrying connection...

[REDACTED SENSITIVE LINE]

W (6449041) WIFI: Disconnected from AP, reason=201 (NO_AP_FOUND). Retrying connection...

[REDACTED SENSITIVE LINE]

W (6451461) WIFI: Disconnected from AP, reason=201 (NO_AP_FOUND). Retrying connection...

[REDACTED SENSITIVE LINE]

W (6453881) WIFI: Disconnected from AP, reason=201 (NO_AP_FOUND). Retrying connection...

[REDACTED SENSITIVE LINE]

W (6456301) WIFI: Disconnected from AP, reason=201 (NO_AP_FOUND). Retrying connection...

[REDACTED SENSITIVE LINE]

W (6458721) WIFI: Disconnected from AP, reason=201 (NO_AP_FOUND). Retrying connection...

[REDACTED SENSITIVE LINE]

W (6461141) WIFI: Disconnected from AP, reason=201 (NO_AP_FOUND). Retrying connection...

[REDACTED SENSITIVE LINE]

W (6463571) WIFI: Disconnected from AP, reason=201 (NO_AP_FOUND). Retrying connection...

[REDACTED SENSITIVE LINE]

W (6465991) WIFI: Disconnected from AP, reason=201 (NO_AP_FOUND). Retrying connection...

[REDACTED SENSITIVE LINE]

W (6468411) WIFI: Disconnected from AP, reason=201 (NO_AP_FOUND). Retrying connection...

[REDACTED SENSITIVE LINE]

W (6470831) WIFI: Disconnected from AP, reason=201 (NO_AP_FOUND). Retrying connection...

[REDACTED SENSITIVE LINE]

W (6473251) WIFI: Disconnected from AP, reason=201 (NO_AP_FOUND). Retrying connection...

[REDACTED SENSITIVE LINE]

W (6475671) WIFI: Disconnected from AP, reason=201 (NO_AP_FOUND). Retrying connection...

[REDACTED SENSITIVE LINE]

W (6478091) WIFI: Disconnected from AP, reason=201 (NO_AP_FOUND). Retrying connection...

[REDACTED SENSITIVE LINE]

W (6480511) WIFI: Disconnected from AP, reason=201 (NO_AP_FOUND). Retrying connection...

[REDACTED SENSITIVE LINE]

W (6482931) WIFI: Disconnected from AP, reason=201 (NO_AP_FOUND). Retrying connection...

[REDACTED SENSITIVE LINE]

W (6485361) WIFI: Disconnected from AP, reason=201 (NO_AP_FOUND). Retrying connection...

[REDACTED SENSITIVE LINE]

W (6487781) WIFI: Disconnected from AP, reason=201 (NO_AP_FOUND). Retrying connection...

[REDACTED SENSITIVE LINE]

W (6490201) WIFI: Disconnected from AP, reason=201 (NO_AP_FOUND). Retrying connection...

[REDACTED SENSITIVE LINE]

W (6492621) WIFI: Disconnected from AP, reason=201 (NO_AP_FOUND). Retrying connection...

[REDACTED SENSITIVE LINE]

W (6495041) WIFI: Disconnected from AP, reason=201 (NO_AP_FOUND). Retrying connection...

[REDACTED SENSITIVE LINE]

W (6497461) WIFI: Disconnected from AP, reason=201 (NO_AP_FOUND). Retrying connection...

[REDACTED SENSITIVE LINE]

W (6499881) WIFI: Disconnected from AP, reason=201 (NO_AP_FOUND). Retrying connection...

[REDACTED SENSITIVE LINE]

W (6502301) WIFI: Disconnected from AP, reason=201 (NO_AP_FOUND). Retrying connection...

[REDACTED SENSITIVE LINE]

W (6504721) WIFI: Disconnected from AP, reason=201 (NO_AP_FOUND). Retrying connection...

[REDACTED SENSITIVE LINE]

W (6507141) WIFI: Disconnected from AP, reason=201 (NO_AP_FOUND). Retrying connection...

[REDACTED SENSITIVE LINE]

W (6509571) WIFI: Disconnected from AP, reason=201 (NO_AP_FOUND). Retrying connection...

[REDACTED SENSITIVE LINE]

W (6511991) WIFI: Disconnected from AP, reason=201 (NO_AP_FOUND). Retrying connection...

[REDACTED SENSITIVE LINE]

W (6514411) WIFI: Disconnected from AP, reason=201 (NO_AP_FOUND). Retrying connection...

[REDACTED SENSITIVE LINE]

W (6516831) WIFI: Disconnected from AP, reason=201 (NO_AP_FOUND). Retrying connection...

[REDACTED SENSITIVE LINE]

W (6519251) WIFI: Disconnected from AP, reason=201 (NO_AP_FOUND). Retrying connection...

[REDACTED SENSITIVE LINE]

W (6521671) WIFI: Disconnected from AP, reason=201 (NO_AP_FOUND). Retrying connection...

[REDACTED SENSITIVE LINE]

W (6524091) WIFI: Disconnected from AP, reason=201 (NO_AP_FOUND). Retrying connection...

[REDACTED SENSITIVE LINE]

W (6526511) WIFI: Disconnected from AP, reason=201 (NO_AP_FOUND). Retrying connection...

[REDACTED SENSITIVE LINE]

W (6528931) WIFI: Disconnected from AP, reason=201 (NO_AP_FOUND). Retrying connection...

[REDACTED SENSITIVE LINE]

W (6531351) WIFI: Disconnected from AP, reason=201 (NO_AP_FOUND). Retrying connection...

[REDACTED SENSITIVE LINE]

W (6533781) WIFI: Disconnected from AP, reason=201 (NO_AP_FOUND). Retrying connection...

[REDACTED SENSITIVE LINE]

W (6536201) WIFI: Disconnected from AP, reason=201 (NO_AP_FOUND). Retrying connection...

[REDACTED SENSITIVE LINE]

W (6538621) WIFI: Disconnected from AP, reason=201 (NO_AP_FOUND). Retrying connection...

[REDACTED SENSITIVE LINE]

I (6539991) NETWORK: NETWORK_TIME_SYNCED_BIT cleared before=0x0 after=0x0

W (6539991) WIFI: Lost IP address

W (6541041) WIFI: Disconnected from AP, reason=201 (NO_AP_FOUND). Retrying connection...

[REDACTED SENSITIVE LINE]

W (6543461) WIFI: Disconnected from AP, reason=201 (NO_AP_FOUND). Retrying connection...

[REDACTED SENSITIVE LINE]

W (6545881) WIFI: Disconnected from AP, reason=201 (NO_AP_FOUND). Retrying connection...

[REDACTED SENSITIVE LINE]

W (6548301) WIFI: Disconnected from AP, reason=201 (NO_AP_FOUND). Retrying connection...

[REDACTED SENSITIVE LINE]

W (6550721) WIFI: Disconnected from AP, reason=201 (NO_AP_FOUND). Retrying connection...

[REDACTED SENSITIVE LINE]

W (6553141) WIFI: Disconnected from AP, reason=201 (NO_AP_FOUND). Retrying connection...

[REDACTED SENSITIVE LINE]

W (6555571) WIFI: Disconnected from AP, reason=201 (NO_AP_FOUND). Retrying connection...

[REDACTED SENSITIVE LINE]

W (6557991) WIFI: Disconnected from AP, reason=201 (NO_AP_FOUND). Retrying connection...

[REDACTED SENSITIVE LINE]

W (6560411) WIFI: Disconnected from AP, reason=201 (NO_AP_FOUND). Retrying connection...

[REDACTED SENSITIVE LINE]

W (6562831) WIFI: Disconnected from AP, reason=201 (NO_AP_FOUND). Retrying connection...

[REDACTED SENSITIVE LINE]

W (6565251) WIFI: Disconnected from AP, reason=201 (NO_AP_FOUND). Retrying connection...

[REDACTED SENSITIVE LINE]

W (6567671) WIFI: Disconnected from AP, reason=201 (NO_AP_FOUND). Retrying connection...

[REDACTED SENSITIVE LINE]

W (6570091) WIFI: Disconnected from AP, reason=201 (NO_AP_FOUND). Retrying connection...

[REDACTED SENSITIVE LINE]

W (6572511) WIFI: Disconnected from AP, reason=201 (NO_AP_FOUND). Retrying connection...

[REDACTED SENSITIVE LINE]

W (6574931) WIFI: Disconnected from AP, reason=201 (NO_AP_FOUND). Retrying connection...

[REDACTED SENSITIVE LINE]

W (6577351) WIFI: Disconnected from AP, reason=201 (NO_AP_FOUND). Retrying connection...

[REDACTED SENSITIVE LINE]

W (6579781) WIFI: Disconnected from AP, reason=201 (NO_AP_FOUND). Retrying connection...

[REDACTED SENSITIVE LINE]

W (6582201) WIFI: Disconnected from AP, reason=201 (NO_AP_FOUND). Retrying connection...

[REDACTED SENSITIVE LINE]

W (6584621) WIFI: Disconnected from AP, reason=201 (NO_AP_FOUND). Retrying connection...

[REDACTED SENSITIVE LINE]

W (6587041) WIFI: Disconnected from AP, reason=201 (NO_AP_FOUND). Retrying connection...

[REDACTED SENSITIVE LINE]

W (6589461) WIFI: Disconnected from AP, reason=201 (NO_AP_FOUND). Retrying connection...

[REDACTED SENSITIVE LINE]

W (6591881) WIFI: Disconnected from AP, reason=201 (NO_AP_FOUND). Retrying connection...

[REDACTED SENSITIVE LINE]

W (6594301) WIFI: Disconnected from AP, reason=201 (NO_AP_FOUND). Retrying connection...

[REDACTED SENSITIVE LINE]

W (6596721) WIFI: Disconnected from AP, reason=201 (NO_AP_FOUND). Retrying connection...

[REDACTED SENSITIVE LINE]

W (6599141) WIFI: Disconnected from AP, reason=201 (NO_AP_FOUND). Retrying connection...

[REDACTED SENSITIVE LINE]

W (6601571) WIFI: Disconnected from AP, reason=201 (NO_AP_FOUND). Retrying connection...

[REDACTED SENSITIVE LINE]

W (6603991) WIFI: Disconnected from AP, reason=201 (NO_AP_FOUND). Retrying connection...

[REDACTED SENSITIVE LINE]

W (6606411) WIFI: Disconnected from AP, reason=201 (NO_AP_FOUND). Retrying connection...

[REDACTED SENSITIVE LINE]

W (6608831) WIFI: Disconnected from AP, reason=201 (NO_AP_FOUND). Retrying connection...

[REDACTED SENSITIVE LINE]

W (6611251) WIFI: Disconnected from AP, reason=201 (NO_AP_FOUND). Retrying connection...

[REDACTED SENSITIVE LINE]

W (6613671) WIFI: Disconnected from AP, reason=201 (NO_AP_FOUND). Retrying connection...

[REDACTED SENSITIVE LINE]

W (6616091) WIFI: Disconnected from AP, reason=201 (NO_AP_FOUND). Retrying connection...

[REDACTED SENSITIVE LINE]

W (6618511) WIFI: Disconnected from AP, reason=201 (NO_AP_FOUND). Retrying connection...

[REDACTED SENSITIVE LINE]

W (6620931) WIFI: Disconnected from AP, reason=201 (NO_AP_FOUND). Retrying connection...

[REDACTED SENSITIVE LINE]

W (6623351) WIFI: Disconnected from AP, reason=201 (NO_AP_FOUND). Retrying connection...

[REDACTED SENSITIVE LINE]

W (6625781) WIFI: Disconnected from AP, reason=201 (NO_AP_FOUND). Retrying connection...

[REDACTED SENSITIVE LINE]

W (6628201) WIFI: Disconnected from AP, reason=201 (NO_AP_FOUND). Retrying connection...

[REDACTED SENSITIVE LINE]

W (6630621) WIFI: Disconnected from AP, reason=201 (NO_AP_FOUND). Retrying connection...

[REDACTED SENSITIVE LINE]

W (6633041) WIFI: Disconnected from AP, reason=201 (NO_AP_FOUND). Retrying connection...

[REDACTED SENSITIVE LINE]

W (6635461) WIFI: Disconnected from AP, reason=201 (NO_AP_FOUND). Retrying connection...

[REDACTED SENSITIVE LINE]

W (6637881) WIFI: Disconnected from AP, reason=201 (NO_AP_FOUND). Retrying connection...

[REDACTED SENSITIVE LINE]

W (6640301) WIFI: Disconnected from AP, reason=201 (NO_AP_FOUND). Retrying connection...

[REDACTED SENSITIVE LINE]

W (6642721) WIFI: Disconnected from AP, reason=201 (NO_AP_FOUND). Retrying connection...

[REDACTED SENSITIVE LINE]

W (6645141) WIFI: Disconnected from AP, reason=201 (NO_AP_FOUND). Retrying connection...

[REDACTED SENSITIVE LINE]

W (6647561) WIFI: Disconnected from AP, reason=201 (NO_AP_FOUND). Retrying connection...

[REDACTED SENSITIVE LINE]

W (6649991) WIFI: Disconnected from AP, reason=201 (NO_AP_FOUND). Retrying connection...

[REDACTED SENSITIVE LINE]

W (6652411) WIFI: Disconnected from AP, reason=201 (NO_AP_FOUND). Retrying connection...

[REDACTED SENSITIVE LINE]

W (6654831) WIFI: Disconnected from AP, reason=201 (NO_AP_FOUND). Retrying connection...

[REDACTED SENSITIVE LINE]

W (6657251) WIFI: Disconnected from AP, reason=201 (NO_AP_FOUND). Retrying connection...

[REDACTED SENSITIVE LINE]

W (6659671) WIFI: Disconnected from AP, reason=201 (NO_AP_FOUND). Retrying connection...

[REDACTED SENSITIVE LINE]

I (6661041) NETWORK: NETWORK_TIME_SYNCED_BIT cleared before=0x0 after=0x0

W (6661041) WIFI: Lost IP address

W (6662091) WIFI: Disconnected from AP, reason=201 (NO_AP_FOUND). Retrying connection...

[REDACTED SENSITIVE LINE]

W (6664511) WIFI: Disconnected from AP, reason=201 (NO_AP_FOUND). Retrying connection...

[REDACTED SENSITIVE LINE]

W (6666931) WIFI: Disconnected from AP, reason=201 (NO_AP_FOUND). Retrying connection...

[REDACTED SENSITIVE LINE]

W (6669351) WIFI: Disconnected from AP, reason=201 (NO_AP_FOUND). Retrying connection...

[REDACTED SENSITIVE LINE]

W (6671781) WIFI: Disconnected from AP, reason=201 (NO_AP_FOUND). Retrying connection...

[REDACTED SENSITIVE LINE]

W (6674201) WIFI: Disconnected from AP, reason=201 (NO_AP_FOUND). Retrying connection...

[REDACTED SENSITIVE LINE]

W (6676621) WIFI: Disconnected from AP, reason=201 (NO_AP_FOUND). Retrying connection...

[REDACTED SENSITIVE LINE]

W (6679041) WIFI: Disconnected from AP, reason=201 (NO_AP_FOUND). Retrying connection...

[REDACTED SENSITIVE LINE]

W (6681461) WIFI: Disconnected from AP, reason=201 (NO_AP_FOUND). Retrying connection...

[REDACTED SENSITIVE LINE]

W (6683881) WIFI: Disconnected from AP, reason=201 (NO_AP_FOUND). Retrying connection...

[REDACTED SENSITIVE LINE]

W (6686301) WIFI: Disconnected from AP, reason=201 (NO_AP_FOUND). Retrying connection...

[REDACTED SENSITIVE LINE]

W (6688721) WIFI: Disconnected from AP, reason=201 (NO_AP_FOUND). Retrying connection...

[REDACTED SENSITIVE LINE]

W (6691141) WIFI: Disconnected from AP, reason=201 (NO_AP_FOUND). Retrying connection...

[REDACTED SENSITIVE LINE]

W (6693561) WIFI: Disconnected from AP, reason=201 (NO_AP_FOUND). Retrying connection...

[REDACTED SENSITIVE LINE]

W (6695991) WIFI: Disconnected from AP, reason=201 (NO_AP_FOUND). Retrying connection...

[REDACTED SENSITIVE LINE]

W (6698411) WIFI: Disconnected from AP, reason=201 (NO_AP_FOUND). Retrying connection...

[REDACTED SENSITIVE LINE]

W (6700831) WIFI: Disconnected from AP, reason=201 (NO_AP_FOUND). Retrying connection...

[REDACTED SENSITIVE LINE]

W (6703251) WIFI: Disconnected from AP, reason=201 (NO_AP_FOUND). Retrying connection...

[REDACTED SENSITIVE LINE]

W (6705671) WIFI: Disconnected from AP, reason=201 (NO_AP_FOUND). Retrying connection...

[REDACTED SENSITIVE LINE]

W (6708091) WIFI: Disconnected from AP, reason=201 (NO_AP_FOUND). Retrying connection...

[REDACTED SENSITIVE LINE]

W (6710511) WIFI: Disconnected from AP, reason=201 (NO_AP_FOUND). Retrying connection...

[REDACTED SENSITIVE LINE]

W (6712931) WIFI: Disconnected from AP, reason=201 (NO_AP_FOUND). Retrying connection...

[REDACTED SENSITIVE LINE]

W (6715351) WIFI: Disconnected from AP, reason=201 (NO_AP_FOUND). Retrying connection...

[REDACTED SENSITIVE LINE]

W (6717781) WIFI: Disconnected from AP, reason=201 (NO_AP_FOUND). Retrying connection...

[REDACTED SENSITIVE LINE]

W (6720201) WIFI: Disconnected from AP, reason=201 (NO_AP_FOUND). Retrying connection...

[REDACTED SENSITIVE LINE]

W (6722621) WIFI: Disconnected from AP, reason=201 (NO_AP_FOUND). Retrying connection...

[REDACTED SENSITIVE LINE]

W (6725041) WIFI: Disconnected from AP, reason=201 (NO_AP_FOUND). Retrying connection...

[REDACTED SENSITIVE LINE]

W (6727461) WIFI: Disconnected from AP, reason=201 (NO_AP_FOUND). Retrying connection...

[REDACTED SENSITIVE LINE]

W (6729881) WIFI: Disconnected from AP, reason=201 (NO_AP_FOUND). Retrying connection...

[REDACTED SENSITIVE LINE]

W (6732301) WIFI: Disconnected from AP, reason=201 (NO_AP_FOUND). Retrying connection...

[REDACTED SENSITIVE LINE]

W (6734721) WIFI: Disconnected from AP, reason=201 (NO_AP_FOUND). Retrying connection...

[REDACTED SENSITIVE LINE]

W (6737141) WIFI: Disconnected from AP, reason=201 (NO_AP_FOUND). Retrying connection...

[REDACTED SENSITIVE LINE]

W (6739561) WIFI: Disconnected from AP, reason=201 (NO_AP_FOUND). Retrying connection...

[REDACTED SENSITIVE LINE]

W (6741991) WIFI: Disconnected from AP, reason=201 (NO_AP_FOUND). Retrying connection...

[REDACTED SENSITIVE LINE]

W (6744411) WIFI: Disconnected from AP, reason=201 (NO_AP_FOUND). Retrying connection...

[REDACTED SENSITIVE LINE]

W (6746831) WIFI: Disconnected from AP, reason=201 (NO_AP_FOUND). Retrying connection...

[REDACTED SENSITIVE LINE]

W (6749251) WIFI: Disconnected from AP, reason=201 (NO_AP_FOUND). Retrying connection...

[REDACTED SENSITIVE LINE]

W (6751671) WIFI: Disconnected from AP, reason=201 (NO_AP_FOUND). Retrying connection...

[REDACTED SENSITIVE LINE]

W (6754091) WIFI: Disconnected from AP, reason=201 (NO_AP_FOUND). Retrying connection...

[REDACTED SENSITIVE LINE]

W (6756511) WIFI: Disconnected from AP, reason=201 (NO_AP_FOUND). Retrying connection...

[REDACTED SENSITIVE LINE]

W (6758931) WIFI: Disconnected from AP, reason=201 (NO_AP_FOUND). Retrying connection...

[REDACTED SENSITIVE LINE]

W (6761351) WIFI: Disconnected from AP, reason=201 (NO_AP_FOUND). Retrying connection...

[REDACTED SENSITIVE LINE]

W (6763781) WIFI: Disconnected from AP, reason=201 (NO_AP_FOUND). Retrying connection...

[REDACTED SENSITIVE LINE]

W (6766201) WIFI: Disconnected from AP, reason=201 (NO_AP_FOUND). Retrying connection...

[REDACTED SENSITIVE LINE]

W (6768621) WIFI: Disconnected from AP, reason=201 (NO_AP_FOUND). Retrying connection...

[REDACTED SENSITIVE LINE]

W (6771041) WIFI: Disconnected from AP, reason=201 (NO_AP_FOUND). Retrying connection...

[REDACTED SENSITIVE LINE]

W (6773461) WIFI: Disconnected from AP, reason=201 (NO_AP_FOUND). Retrying connection...

[REDACTED SENSITIVE LINE]

W (6775881) WIFI: Disconnected from AP, reason=201 (NO_AP_FOUND). Retrying connection...

[REDACTED SENSITIVE LINE]

W (6778301) WIFI: Disconnected from AP, reason=201 (NO_AP_FOUND). Retrying connection...

[REDACTED SENSITIVE LINE]

W (6780721) WIFI: Disconnected from AP, reason=201 (NO_AP_FOUND). Retrying connection...

[REDACTED SENSITIVE LINE]

I (6782091) NETWORK: NETWORK_TIME_SYNCED_BIT cleared before=0x0 after=0x0

W (6782091) WIFI: Lost IP address

W (6783141) WIFI: Disconnected from AP, reason=201 (NO_AP_FOUND). Retrying connection...

[REDACTED SENSITIVE LINE]

W (6785571) WIFI: Disconnected from AP, reason=201 (NO_AP_FOUND). Retrying connection...

[REDACTED SENSITIVE LINE]

W (6787991) WIFI: Disconnected from AP, reason=201 (NO_AP_FOUND). Retrying connection...

[REDACTED SENSITIVE LINE]

W (6790411) WIFI: Disconnected from AP, reason=201 (NO_AP_FOUND). Retrying connection...

[REDACTED SENSITIVE LINE]

W (6792831) WIFI: Disconnected from AP, reason=201 (NO_AP_FOUND). Retrying connection...

[REDACTED SENSITIVE LINE]

W (6795251) WIFI: Disconnected from AP, reason=201 (NO_AP_FOUND). Retrying connection...

[REDACTED SENSITIVE LINE]

W (6797671) WIFI: Disconnected from AP, reason=201 (NO_AP_FOUND). Retrying connection...

[REDACTED SENSITIVE LINE]

W (6800091) WIFI: Disconnected from AP, reason=201 (NO_AP_FOUND). Retrying connection...

[REDACTED SENSITIVE LINE]

W (6802511) WIFI: Disconnected from AP, reason=201 (NO_AP_FOUND). Retrying connection...

[REDACTED SENSITIVE LINE]

W (6804931) WIFI: Disconnected from AP, reason=201 (NO_AP_FOUND). Retrying connection...

[REDACTED SENSITIVE LINE]

W (6807351) WIFI: Disconnected from AP, reason=201 (NO_AP_FOUND). Retrying connection...

[REDACTED SENSITIVE LINE]

W (6809781) WIFI: Disconnected from AP, reason=201 (NO_AP_FOUND). Retrying connection...

[REDACTED SENSITIVE LINE]

W (6812201) WIFI: Disconnected from AP, reason=201 (NO_AP_FOUND). Retrying connection...

[REDACTED SENSITIVE LINE]

W (6814621) WIFI: Disconnected from AP, reason=201 (NO_AP_FOUND). Retrying connection...

[REDACTED SENSITIVE LINE]

W (6817041) WIFI: Disconnected from AP, reason=201 (NO_AP_FOUND). Retrying connection...

[REDACTED SENSITIVE LINE]

W (6819461) WIFI: Disconnected from AP, reason=201 (NO_AP_FOUND). Retrying connection...

[REDACTED SENSITIVE LINE]

W (6821881) WIFI: Disconnected from AP, reason=201 (NO_AP_FOUND). Retrying connection...

[REDACTED SENSITIVE LINE]

W (6824301) WIFI: Disconnected from AP, reason=201 (NO_AP_FOUND). Retrying connection...

[REDACTED SENSITIVE LINE]

W (6826721) WIFI: Disconnected from AP, reason=201 (NO_AP_FOUND). Retrying connection...

[REDACTED SENSITIVE LINE]

W (6829141) WIFI: Disconnected from AP, reason=201 (NO_AP_FOUND). Retrying connection...

[REDACTED SENSITIVE LINE]

W (6831571) WIFI: Disconnected from AP, reason=201 (NO_AP_FOUND). Retrying connection...

[REDACTED SENSITIVE LINE]

W (6833991) WIFI: Disconnected from AP, reason=201 (NO_AP_FOUND). Retrying connection...

[REDACTED SENSITIVE LINE]

W (6836411) WIFI: Disconnected from AP, reason=201 (NO_AP_FOUND). Retrying connection...

[REDACTED SENSITIVE LINE]

W (6838831) WIFI: Disconnected from AP, reason=201 (NO_AP_FOUND). Retrying connection...

[REDACTED SENSITIVE LINE]

W (6841251) WIFI: Disconnected from AP, reason=201 (NO_AP_FOUND). Retrying connection...

[REDACTED SENSITIVE LINE]

W (6843671) WIFI: Disconnected from AP, reason=201 (NO_AP_FOUND). Retrying connection...

[REDACTED SENSITIVE LINE]

W (6846091) WIFI: Disconnected from AP, reason=201 (NO_AP_FOUND). Retrying connection...

[REDACTED SENSITIVE LINE]

W (6848511) WIFI: Disconnected from AP, reason=201 (NO_AP_FOUND). Retrying connection...

[REDACTED SENSITIVE LINE]

W (6850931) WIFI: Disconnected from AP, reason=201 (NO_AP_FOUND). Retrying connection...

[REDACTED SENSITIVE LINE]

W (6853351) WIFI: Disconnected from AP, reason=201 (NO_AP_FOUND). Retrying connection...

[REDACTED SENSITIVE LINE]

W (6855781) WIFI: Disconnected from AP, reason=201 (NO_AP_FOUND). Retrying connection...

[REDACTED SENSITIVE LINE]

W (6858201) WIFI: Disconnected from AP, reason=201 (NO_AP_FOUND). Retrying connection...

[REDACTED SENSITIVE LINE]

W (6860621) WIFI: Disconnected from AP, reason=201 (NO_AP_FOUND). Retrying connection...

[REDACTED SENSITIVE LINE]

W (6863041) WIFI: Disconnected from AP, reason=201 (NO_AP_FOUND). Retrying connection...

[REDACTED SENSITIVE LINE]

W (6865461) WIFI: Disconnected from AP, reason=201 (NO_AP_FOUND). Retrying connection...

[REDACTED SENSITIVE LINE]

W (6867881) WIFI: Disconnected from AP, reason=201 (NO_AP_FOUND). Retrying connection...

[REDACTED SENSITIVE LINE]

W (6870301) WIFI: Disconnected from AP, reason=201 (NO_AP_FOUND). Retrying connection...

[REDACTED SENSITIVE LINE]

W (6872721) WIFI: Disconnected from AP, reason=201 (NO_AP_FOUND). Retrying connection...

[REDACTED SENSITIVE LINE]

W (6875141) WIFI: Disconnected from AP, reason=201 (NO_AP_FOUND). Retrying connection...

[REDACTED SENSITIVE LINE]

W (6877561) WIFI: Disconnected from AP, reason=201 (NO_AP_FOUND). Retrying connection...

[REDACTED SENSITIVE LINE]

W (6879991) WIFI: Disconnected from AP, reason=201 (NO_AP_FOUND). Retrying connection...

[REDACTED SENSITIVE LINE]

W (6882411) WIFI: Disconnected from AP, reason=201 (NO_AP_FOUND). Retrying connection...

[REDACTED SENSITIVE LINE]

W (6884831) WIFI: Disconnected from AP, reason=201 (NO_AP_FOUND). Retrying connection...

[REDACTED SENSITIVE LINE]

W (6887251) WIFI: Disconnected from AP, reason=201 (NO_AP_FOUND). Retrying connection...

[REDACTED SENSITIVE LINE]

W (6889671) WIFI: Disconnected from AP, reason=201 (NO_AP_FOUND). Retrying connection...

[REDACTED SENSITIVE LINE]

W (6892091) WIFI: Disconnected from AP, reason=201 (NO_AP_FOUND). Retrying connection...

[REDACTED SENSITIVE LINE]

W (6894511) WIFI: Disconnected from AP, reason=201 (NO_AP_FOUND). Retrying connection...

[REDACTED SENSITIVE LINE]

W (6896931) WIFI: Disconnected from AP, reason=201 (NO_AP_FOUND). Retrying connection...

[REDACTED SENSITIVE LINE]

W (6899351) WIFI: Disconnected from AP, reason=201 (NO_AP_FOUND). Retrying connection...

[REDACTED SENSITIVE LINE]

W (6901781) WIFI: Disconnected from AP, reason=201 (NO_AP_FOUND). Retrying connection...

[REDACTED SENSITIVE LINE]

I (6903141) NETWORK: NETWORK_TIME_SYNCED_BIT cleared before=0x0 after=0x0

W (6903141) WIFI: Lost IP address

W (6904201) WIFI: Disconnected from AP, reason=201 (NO_AP_FOUND). Retrying connection...

[REDACTED SENSITIVE LINE]

W (6906621) WIFI: Disconnected from AP, reason=201 (NO_AP_FOUND). Retrying connection...

[REDACTED SENSITIVE LINE]

W (6909041) WIFI: Disconnected from AP, reason=201 (NO_AP_FOUND). Retrying connection...

[REDACTED SENSITIVE LINE]

W (6911461) WIFI: Disconnected from AP, reason=201 (NO_AP_FOUND). Retrying connection...

[REDACTED SENSITIVE LINE]

W (6913881) WIFI: Disconnected from AP, reason=201 (NO_AP_FOUND). Retrying connection...

[REDACTED SENSITIVE LINE]

W (6916301) WIFI: Disconnected from AP, reason=201 (NO_AP_FOUND). Retrying connection...

[REDACTED SENSITIVE LINE]

W (6918721) WIFI: Disconnected from AP, reason=201 (NO_AP_FOUND). Retrying connection...

[REDACTED SENSITIVE LINE]

W (6921141) WIFI: Disconnected from AP, reason=201 (NO_AP_FOUND). Retrying connection...

[REDACTED SENSITIVE LINE]

W (6923571) WIFI: Disconnected from AP, reason=201 (NO_AP_FOUND). Retrying connection...

[REDACTED SENSITIVE LINE]

W (6925991) WIFI: Disconnected from AP, reason=201 (NO_AP_FOUND). Retrying connection...

[REDACTED SENSITIVE LINE]

W (6928411) WIFI: Disconnected from AP, reason=201 (NO_AP_FOUND). Retrying connection...

[REDACTED SENSITIVE LINE]

W (6930831) WIFI: Disconnected from AP, reason=201 (NO_AP_FOUND). Retrying connection...

[REDACTED SENSITIVE LINE]

W (6933251) WIFI: Disconnected from AP, reason=201 (NO_AP_FOUND). Retrying connection...

[REDACTED SENSITIVE LINE]

W (6935671) WIFI: Disconnected from AP, reason=201 (NO_AP_FOUND). Retrying connection...

[REDACTED SENSITIVE LINE]

W (6938091) WIFI: Disconnected from AP, reason=201 (NO_AP_FOUND). Retrying connection...

[REDACTED SENSITIVE LINE]

W (6940511) WIFI: Disconnected from AP, reason=201 (NO_AP_FOUND). Retrying connection...

[REDACTED SENSITIVE LINE]

W (6942931) WIFI: Disconnected from AP, reason=201 (NO_AP_FOUND). Retrying connection...

[REDACTED SENSITIVE LINE]

W (6945351) WIFI: Disconnected from AP, reason=201 (NO_AP_FOUND). Retrying connection...

[REDACTED SENSITIVE LINE]

W (6947781) WIFI: Disconnected from AP, reason=201 (NO_AP_FOUND). Retrying connection...

[REDACTED SENSITIVE LINE]

W (6950201) WIFI: Disconnected from AP, reason=201 (NO_AP_FOUND). Retrying connection...

[REDACTED SENSITIVE LINE]

W (6952621) WIFI: Disconnected from AP, reason=201 (NO_AP_FOUND). Retrying connection...

[REDACTED SENSITIVE LINE]

W (6955041) WIFI: Disconnected from AP, reason=201 (NO_AP_FOUND). Retrying connection...

[REDACTED SENSITIVE LINE]

W (6957461) WIFI: Disconnected from AP, reason=201 (NO_AP_FOUND). Retrying connection...

[REDACTED SENSITIVE LINE]

W (6959881) WIFI: Disconnected from AP, reason=201 (NO_AP_FOUND). Retrying connection...

[REDACTED SENSITIVE LINE]

W (6962301) WIFI: Disconnected from AP, reason=201 (NO_AP_FOUND). Retrying connection...

[REDACTED SENSITIVE LINE]

W (6964721) WIFI: Disconnected from AP, reason=201 (NO_AP_FOUND). Retrying connection...

[REDACTED SENSITIVE LINE]

W (6967141) WIFI: Disconnected from AP, reason=201 (NO_AP_FOUND). Retrying connection...

[REDACTED SENSITIVE LINE]

W (6969571) WIFI: Disconnected from AP, reason=201 (NO_AP_FOUND). Retrying connection...

[REDACTED SENSITIVE LINE]

W (6971991) WIFI: Disconnected from AP, reason=201 (NO_AP_FOUND). Retrying connection...

[REDACTED SENSITIVE LINE]

W (6974411) WIFI: Disconnected from AP, reason=201 (NO_AP_FOUND). Retrying connection...

[REDACTED SENSITIVE LINE]

W (6976831) WIFI: Disconnected from AP, reason=201 (NO_AP_FOUND). Retrying connection...

[REDACTED SENSITIVE LINE]

W (6979251) WIFI: Disconnected from AP, reason=201 (NO_AP_FOUND). Retrying connection...

[REDACTED SENSITIVE LINE]

W (6981671) WIFI: Disconnected from AP, reason=201 (NO_AP_FOUND). Retrying connection...

[REDACTED SENSITIVE LINE]

W (6984091) WIFI: Disconnected from AP, reason=201 (NO_AP_FOUND). Retrying connection...

[REDACTED SENSITIVE LINE]

W (6986511) WIFI: Disconnected from AP, reason=201 (NO_AP_FOUND). Retrying connection...

[REDACTED SENSITIVE LINE]

W (6988931) WIFI: Disconnected from AP, reason=201 (NO_AP_FOUND). Retrying connection...

[REDACTED SENSITIVE LINE]

W (6991351) WIFI: Disconnected from AP, reason=201 (NO_AP_FOUND). Retrying connection...

[REDACTED SENSITIVE LINE]

W (6993781) WIFI: Disconnected from AP, reason=201 (NO_AP_FOUND). Retrying connection...

[REDACTED SENSITIVE LINE]

W (6996201) WIFI: Disconnected from AP, reason=201 (NO_AP_FOUND). Retrying connection...

[REDACTED SENSITIVE LINE]

W (6998621) WIFI: Disconnected from AP, reason=201 (NO_AP_FOUND). Retrying connection...

[REDACTED SENSITIVE LINE]

W (7001041) WIFI: Disconnected from AP, reason=201 (NO_AP_FOUND). Retrying connection...

[REDACTED SENSITIVE LINE]

W (7003461) WIFI: Disconnected from AP, reason=201 (NO_AP_FOUND). Retrying connection...

[REDACTED SENSITIVE LINE]

W (7005881) WIFI: Disconnected from AP, reason=201 (NO_AP_FOUND). Retrying connection...

[REDACTED SENSITIVE LINE]

W (7008301) WIFI: Disconnected from AP, reason=201 (NO_AP_FOUND). Retrying connection...

[REDACTED SENSITIVE LINE]

W (7010721) WIFI: Disconnected from AP, reason=201 (NO_AP_FOUND). Retrying connection...

[REDACTED SENSITIVE LINE]

W (7013141) WIFI: Disconnected from AP, reason=201 (NO_AP_FOUND). Retrying connection...

[REDACTED SENSITIVE LINE]

W (7015571) WIFI: Disconnected from AP, reason=201 (NO_AP_FOUND). Retrying connection...

[REDACTED SENSITIVE LINE]

W (7017991) WIFI: Disconnected from AP, reason=201 (NO_AP_FOUND). Retrying connection...

[REDACTED SENSITIVE LINE]

W (7020411) WIFI: Disconnected from AP, reason=201 (NO_AP_FOUND). Retrying connection...

[REDACTED SENSITIVE LINE]

W (7022831) WIFI: Disconnected from AP, reason=201 (NO_AP_FOUND). Retrying connection...

[REDACTED SENSITIVE LINE]

I (7024201) NETWORK: NETWORK_TIME_SYNCED_BIT cleared before=0x0 after=0x0

W (7024201) WIFI: Lost IP address

W (7025251) WIFI: Disconnected from AP, reason=201 (NO_AP_FOUND). Retrying connection...

[REDACTED SENSITIVE LINE]

W (7027671) WIFI: Disconnected from AP, reason=201 (NO_AP_FOUND). Retrying connection...

[REDACTED SENSITIVE LINE]

W (7030091) WIFI: Disconnected from AP, reason=201 (NO_AP_FOUND). Retrying connection...

[REDACTED SENSITIVE LINE]

W (7032511) WIFI: Disconnected from AP, reason=201 (NO_AP_FOUND). Retrying connection...

[REDACTED SENSITIVE LINE]

W (7034931) WIFI: Disconnected from AP, reason=201 (NO_AP_FOUND). Retrying connection...

[REDACTED SENSITIVE LINE]

W (7037361) WIFI: Disconnected from AP, reason=201 (NO_AP_FOUND). Retrying connection...

[REDACTED SENSITIVE LINE]

W (7039781) WIFI: Disconnected from AP, reason=201 (NO_AP_FOUND). Retrying connection...

[REDACTED SENSITIVE LINE]

W (7042201) WIFI: Disconnected from AP, reason=201 (NO_AP_FOUND). Retrying connection...

[REDACTED SENSITIVE LINE]

W (7044621) WIFI: Disconnected from AP, reason=201 (NO_AP_FOUND). Retrying connection...

[REDACTED SENSITIVE LINE]

W (7047041) WIFI: Disconnected from AP, reason=201 (NO_AP_FOUND). Retrying connection...

[REDACTED SENSITIVE LINE]

W (7049461) WIFI: Disconnected from AP, reason=201 (NO_AP_FOUND). Retrying connection...

[REDACTED SENSITIVE LINE]

W (7051881) WIFI: Disconnected from AP, reason=201 (NO_AP_FOUND). Retrying connection...

[REDACTED SENSITIVE LINE]

W (7054301) WIFI: Disconnected from AP, reason=201 (NO_AP_FOUND). Retrying connection...

[REDACTED SENSITIVE LINE]

W (7056721) WIFI: Disconnected from AP, reason=201 (NO_AP_FOUND). Retrying connection...

[REDACTED SENSITIVE LINE]

W (7059151) WIFI: Disconnected from AP, reason=201 (NO_AP_FOUND). Retrying connection...

[REDACTED SENSITIVE LINE]

W (7061571) WIFI: Disconnected from AP, reason=201 (NO_AP_FOUND). Retrying connection...

[REDACTED SENSITIVE LINE]

W (7063991) WIFI: Disconnected from AP, reason=201 (NO_AP_FOUND). Retrying connection...

[REDACTED SENSITIVE LINE]

W (7066411) WIFI: Disconnected from AP, reason=201 (NO_AP_FOUND). Retrying connection...

[REDACTED SENSITIVE LINE]

W (7068831) WIFI: Disconnected from AP, reason=201 (NO_AP_FOUND). Retrying connection...

[REDACTED SENSITIVE LINE]

W (7071251) WIFI: Disconnected from AP, reason=201 (NO_AP_FOUND). Retrying connection...

[REDACTED SENSITIVE LINE]

W (7073671) WIFI: Disconnected from AP, reason=201 (NO_AP_FOUND). Retrying connection...

[REDACTED SENSITIVE LINE]

W (7076091) WIFI: Disconnected from AP, reason=201 (NO_AP_FOUND). Retrying connection...

[REDACTED SENSITIVE LINE]

W (7078511) WIFI: Disconnected from AP, reason=201 (NO_AP_FOUND). Retrying connection...

[REDACTED SENSITIVE LINE]

W (7080941) WIFI: Disconnected from AP, reason=201 (NO_AP_FOUND). Retrying connection...

[REDACTED SENSITIVE LINE]

W (7083361) WIFI: Disconnected from AP, reason=201 (NO_AP_FOUND). Retrying connection...

[REDACTED SENSITIVE LINE]

W (7085781) WIFI: Disconnected from AP, reason=201 (NO_AP_FOUND). Retrying connection...

[REDACTED SENSITIVE LINE]

W (7088201) WIFI: Disconnected from AP, reason=201 (NO_AP_FOUND). Retrying connection...

[REDACTED SENSITIVE LINE]

W (7090621) WIFI: Disconnected from AP, reason=201 (NO_AP_FOUND). Retrying connection...

[REDACTED SENSITIVE LINE]

W (7093041) WIFI: Disconnected from AP, reason=201 (NO_AP_FOUND). Retrying connection...

[REDACTED SENSITIVE LINE]

W (7095461) WIFI: Disconnected from AP, reason=201 (NO_AP_FOUND). Retrying connection...

[REDACTED SENSITIVE LINE]

W (7097881) WIFI: Disconnected from AP, reason=201 (NO_AP_FOUND). Retrying connection...

[REDACTED SENSITIVE LINE]

W (7100301) WIFI: Disconnected from AP, reason=201 (NO_AP_FOUND). Retrying connection...

[REDACTED SENSITIVE LINE]

W (7102721) WIFI: Disconnected from AP, reason=201 (NO_AP_FOUND). Retrying connection...

[REDACTED SENSITIVE LINE]

W (7105151) WIFI: Disconnected from AP, reason=201 (NO_AP_FOUND). Retrying connection...

[REDACTED SENSITIVE LINE]

W (7107571) WIFI: Disconnected from AP, reason=201 (NO_AP_FOUND). Retrying connection...

[REDACTED SENSITIVE LINE]

W (7109991) WIFI: Disconnected from AP, reason=201 (NO_AP_FOUND). Retrying connection...

[REDACTED SENSITIVE LINE]

W (7112411) WIFI: Disconnected from AP, reason=201 (NO_AP_FOUND). Retrying connection...

[REDACTED SENSITIVE LINE]

W (7114831) WIFI: Disconnected from AP, reason=201 (NO_AP_FOUND). Retrying connection...

[REDACTED SENSITIVE LINE]

W (7117251) WIFI: Disconnected from AP, reason=201 (NO_AP_FOUND). Retrying connection...

[REDACTED SENSITIVE LINE]

W (7119671) WIFI: Disconnected from AP, reason=201 (NO_AP_FOUND). Retrying connection...

[REDACTED SENSITIVE LINE]

W (7122091) WIFI: Disconnected from AP, reason=201 (NO_AP_FOUND). Retrying connection...

[REDACTED SENSITIVE LINE]

W (7124511) WIFI: Disconnected from AP, reason=201 (NO_AP_FOUND). Retrying connection...

[REDACTED SENSITIVE LINE]

W (7126941) WIFI: Disconnected from AP, reason=201 (NO_AP_FOUND). Retrying connection...

[REDACTED SENSITIVE LINE]

W (7129361) WIFI: Disconnected from AP, reason=201 (NO_AP_FOUND). Retrying connection...

[REDACTED SENSITIVE LINE]

W (7131781) WIFI: Disconnected from AP, reason=201 (NO_AP_FOUND). Retrying connection...

[REDACTED SENSITIVE LINE]

W (7134201) WIFI: Disconnected from AP, reason=201 (NO_AP_FOUND). Retrying connection...

[REDACTED SENSITIVE LINE]

W (7136621) WIFI: Disconnected from AP, reason=201 (NO_AP_FOUND). Retrying connection...

[REDACTED SENSITIVE LINE]

W (7139041) WIFI: Disconnected from AP, reason=201 (NO_AP_FOUND). Retrying connection...

[REDACTED SENSITIVE LINE]

W (7141461) WIFI: Disconnected from AP, reason=201 (NO_AP_FOUND). Retrying connection...

[REDACTED SENSITIVE LINE]

W (7143881) WIFI: Disconnected from AP, reason=201 (NO_AP_FOUND). Retrying connection...

[REDACTED SENSITIVE LINE]

I (7145251) NETWORK: NETWORK_TIME_SYNCED_BIT cleared before=0x0 after=0x0

W (7145251) WIFI: Lost IP address

W (7146301) WIFI: Disconnected from AP, reason=201 (NO_AP_FOUND). Retrying connection...

[REDACTED SENSITIVE LINE]

W (7148731) WIFI: Disconnected from AP, reason=201 (NO_AP_FOUND). Retrying connection...

[REDACTED SENSITIVE LINE]

W (7151151) WIFI: Disconnected from AP, reason=201 (NO_AP_FOUND). Retrying connection...

[REDACTED SENSITIVE LINE]

W (7153571) WIFI: Disconnected from AP, reason=201 (NO_AP_FOUND). Retrying connection...

[REDACTED SENSITIVE LINE]

W (7155991) WIFI: Disconnected from AP, reason=201 (NO_AP_FOUND). Retrying connection...

[REDACTED SENSITIVE LINE]

W (7158411) WIFI: Disconnected from AP, reason=201 (NO_AP_FOUND). Retrying connection...

[REDACTED SENSITIVE LINE]

W (7160831) WIFI: Disconnected from AP, reason=201 (NO_AP_FOUND). Retrying connection...

[REDACTED SENSITIVE LINE]

W (7163251) WIFI: Disconnected from AP, reason=201 (NO_AP_FOUND). Retrying connection...

[REDACTED SENSITIVE LINE]

W (7165671) WIFI: Disconnected from AP, reason=201 (NO_AP_FOUND). Retrying connection...

[REDACTED SENSITIVE LINE]

W (7168091) WIFI: Disconnected from AP, reason=201 (NO_AP_FOUND). Retrying connection...

[REDACTED SENSITIVE LINE]

W (7170521) WIFI: Disconnected from AP, reason=201 (NO_AP_FOUND). Retrying connection...

[REDACTED SENSITIVE LINE]

W (7172941) WIFI: Disconnected from AP, reason=201 (NO_AP_FOUND). Retrying connection...

[REDACTED SENSITIVE LINE]

W (7175361) WIFI: Disconnected from AP, reason=201 (NO_AP_FOUND). Retrying connection...

[REDACTED SENSITIVE LINE]

W (7177781) WIFI: Disconnected from AP, reason=201 (NO_AP_FOUND). Retrying connection...

[REDACTED SENSITIVE LINE]

W (7180201) WIFI: Disconnected from AP, reason=201 (NO_AP_FOUND). Retrying connection...

[REDACTED SENSITIVE LINE]

W (7182621) WIFI: Disconnected from AP, reason=201 (NO_AP_FOUND). Retrying connection...

[REDACTED SENSITIVE LINE]

W (7185041) WIFI: Disconnected from AP, reason=201 (NO_AP_FOUND). Retrying connection...

[REDACTED SENSITIVE LINE]

W (7187461) WIFI: Disconnected from AP, reason=201 (NO_AP_FOUND). Retrying connection...

[REDACTED SENSITIVE LINE]

W (7189881) WIFI: Disconnected from AP, reason=201 (NO_AP_FOUND). Retrying connection...

[REDACTED SENSITIVE LINE]

W (7192301) WIFI: Disconnected from AP, reason=201 (NO_AP_FOUND). Retrying connection...

[REDACTED SENSITIVE LINE]

W (7194731) WIFI: Disconnected from AP, reason=201 (NO_AP_FOUND). Retrying connection...

[REDACTED SENSITIVE LINE]

W (7197151) WIFI: Disconnected from AP, reason=201 (NO_AP_FOUND). Retrying connection...

[REDACTED SENSITIVE LINE]

W (7199571) WIFI: Disconnected from AP, reason=201 (NO_AP_FOUND). Retrying connection...

[REDACTED SENSITIVE LINE]

W (7201991) WIFI: Disconnected from AP, reason=201 (NO_AP_FOUND). Retrying connection...

[REDACTED SENSITIVE LINE]

W (7204411) WIFI: Disconnected from AP, reason=201 (NO_AP_FOUND). Retrying connection...

[REDACTED SENSITIVE LINE]

W (7206831) WIFI: Disconnected from AP, reason=201 (NO_AP_FOUND). Retrying connection...

[REDACTED SENSITIVE LINE]

W (7209251) WIFI: Disconnected from AP, reason=201 (NO_AP_FOUND). Retrying connection...

[REDACTED SENSITIVE LINE]

W (7211671) WIFI: Disconnected from AP, reason=201 (NO_AP_FOUND). Retrying connection...

[REDACTED SENSITIVE LINE]

W (7214091) WIFI: Disconnected from AP, reason=201 (NO_AP_FOUND). Retrying connection...

[REDACTED SENSITIVE LINE]

W (7216511) WIFI: Disconnected from AP, reason=201 (NO_AP_FOUND). Retrying connection...

[REDACTED SENSITIVE LINE]

W (7218941) WIFI: Disconnected from AP, reason=201 (NO_AP_FOUND). Retrying connection...

[REDACTED SENSITIVE LINE]

W (7221361) WIFI: Disconnected from AP, reason=201 (NO_AP_FOUND). Retrying connection...

[REDACTED SENSITIVE LINE]

W (7223781) WIFI: Disconnected from AP, reason=201 (NO_AP_FOUND). Retrying connection...

[REDACTED SENSITIVE LINE]

W (7226201) WIFI: Disconnected from AP, reason=201 (NO_AP_FOUND). Retrying connection...

[REDACTED SENSITIVE LINE]

W (7228621) WIFI: Disconnected from AP, reason=201 (NO_AP_FOUND). Retrying connection...

[REDACTED SENSITIVE LINE]

W (7231041) WIFI: Disconnected from AP, reason=201 (NO_AP_FOUND). Retrying connection...

[REDACTED SENSITIVE LINE]

W (7233461) WIFI: Disconnected from AP, reason=201 (NO_AP_FOUND). Retrying connection...

[REDACTED SENSITIVE LINE]

W (7235881) WIFI: Disconnected from AP, reason=201 (NO_AP_FOUND). Retrying connection...

[REDACTED SENSITIVE LINE]

W (7238301) WIFI: Disconnected from AP, reason=201 (NO_AP_FOUND). Retrying connection...

[REDACTED SENSITIVE LINE]

W (7240721) WIFI: Disconnected from AP, reason=201 (NO_AP_FOUND). Retrying connection...

[REDACTED SENSITIVE LINE]

W (7243151) WIFI: Disconnected from AP, reason=201 (NO_AP_FOUND). Retrying connection...

[REDACTED SENSITIVE LINE]

W (7245571) WIFI: Disconnected from AP, reason=201 (NO_AP_FOUND). Retrying connection...

[REDACTED SENSITIVE LINE]

W (7247991) WIFI: Disconnected from AP, reason=201 (NO_AP_FOUND). Retrying connection...

[REDACTED SENSITIVE LINE]

W (7250411) WIFI: Disconnected from AP, reason=201 (NO_AP_FOUND). Retrying connection...

[REDACTED SENSITIVE LINE]

W (7252831) WIFI: Disconnected from AP, reason=201 (NO_AP_FOUND). Retrying connection...

[REDACTED SENSITIVE LINE]

W (7255251) WIFI: Disconnected from AP, reason=201 (NO_AP_FOUND). Retrying connection...

[REDACTED SENSITIVE LINE]

W (7257671) WIFI: Disconnected from AP, reason=201 (NO_AP_FOUND). Retrying connection...

[REDACTED SENSITIVE LINE]

W (7260091) WIFI: Disconnected from AP, reason=201 (NO_AP_FOUND). Retrying connection...

[REDACTED SENSITIVE LINE]

W (7262511) WIFI: Disconnected from AP, reason=201 (NO_AP_FOUND). Retrying connection...

[REDACTED SENSITIVE LINE]

W (7264931) WIFI: Disconnected from AP, reason=201 (NO_AP_FOUND). Retrying connection...

[REDACTED SENSITIVE LINE]

I (7266301) NETWORK: NETWORK_TIME_SYNCED_BIT cleared before=0x0 after=0x0

W (7266301) WIFI: Lost IP address

W (7267361) WIFI: Disconnected from AP, reason=201 (NO_AP_FOUND). Retrying connection...

[REDACTED SENSITIVE LINE]

W (7269781) WIFI: Disconnected from AP, reason=201 (NO_AP_FOUND). Retrying connection...

[REDACTED SENSITIVE LINE]

W (7272201) WIFI: Disconnected from AP, reason=201 (NO_AP_FOUND). Retrying connection...

[REDACTED SENSITIVE LINE]

W (7274621) WIFI: Disconnected from AP, reason=201 (NO_AP_FOUND). Retrying connection...

[REDACTED SENSITIVE LINE]

W (7277041) WIFI: Disconnected from AP, reason=201 (NO_AP_FOUND). Retrying connection...

[REDACTED SENSITIVE LINE]

W (7279461) WIFI: Disconnected from AP, reason=201 (NO_AP_FOUND). Retrying connection...

[REDACTED SENSITIVE LINE]

W (7281881) WIFI: Disconnected from AP, reason=201 (NO_AP_FOUND). Retrying connection...

[REDACTED SENSITIVE LINE]

W (7284301) WIFI: Disconnected from AP, reason=201 (NO_AP_FOUND). Retrying connection...

[REDACTED SENSITIVE LINE]

W (7286721) WIFI: Disconnected from AP, reason=201 (NO_AP_FOUND). Retrying connection...

[REDACTED SENSITIVE LINE]

W (7289151) WIFI: Disconnected from AP, reason=201 (NO_AP_FOUND). Retrying connection...

[REDACTED SENSITIVE LINE]

W (7291571) WIFI: Disconnected from AP, reason=201 (NO_AP_FOUND). Retrying connection...

[REDACTED SENSITIVE LINE]

W (7293991) WIFI: Disconnected from AP, reason=201 (NO_AP_FOUND). Retrying connection...

[REDACTED SENSITIVE LINE]

W (7296411) WIFI: Disconnected from AP, reason=201 (NO_AP_FOUND). Retrying connection...

[REDACTED SENSITIVE LINE]

W (7298831) WIFI: Disconnected from AP, reason=201 (NO_AP_FOUND). Retrying connection...

[REDACTED SENSITIVE LINE]

W (7301251) WIFI: Disconnected from AP, reason=201 (NO_AP_FOUND). Retrying connection...

[REDACTED SENSITIVE LINE]

W (7303671) WIFI: Disconnected from AP, reason=201 (NO_AP_FOUND). Retrying connection...

[REDACTED SENSITIVE LINE]

W (7306091) WIFI: Disconnected from AP, reason=201 (NO_AP_FOUND). Retrying connection...

[REDACTED SENSITIVE LINE]

W (7308511) WIFI: Disconnected from AP, reason=201 (NO_AP_FOUND). Retrying connection...

[REDACTED SENSITIVE LINE]

W (7310931) WIFI: Disconnected from AP, reason=201 (NO_AP_FOUND). Retrying connection...

[REDACTED SENSITIVE LINE]

W (7313361) WIFI: Disconnected from AP, reason=201 (NO_AP_FOUND). Retrying connection...

[REDACTED SENSITIVE LINE]

W (7315781) WIFI: Disconnected from AP, reason=201 (NO_AP_FOUND). Retrying connection...

[REDACTED SENSITIVE LINE]

W (7318201) WIFI: Disconnected from AP, reason=201 (NO_AP_FOUND). Retrying connection...

[REDACTED SENSITIVE LINE]

W (7320621) WIFI: Disconnected from AP, reason=201 (NO_AP_FOUND). Retrying connection...

[REDACTED SENSITIVE LINE]

W (7323041) WIFI: Disconnected from AP, reason=201 (NO_AP_FOUND). Retrying connection...

[REDACTED SENSITIVE LINE]

W (7325461) WIFI: Disconnected from AP, reason=201 (NO_AP_FOUND). Retrying connection...

[REDACTED SENSITIVE LINE]

W (7327881) WIFI: Disconnected from AP, reason=201 (NO_AP_FOUND). Retrying connection...

[REDACTED SENSITIVE LINE]

W (7330301) WIFI: Disconnected from AP, reason=201 (NO_AP_FOUND). Retrying connection...

[REDACTED SENSITIVE LINE]

W (7332721) WIFI: Disconnected from AP, reason=201 (NO_AP_FOUND). Retrying connection...

[REDACTED SENSITIVE LINE]

W (7335141) WIFI: Disconnected from AP, reason=201 (NO_AP_FOUND). Retrying connection...

[REDACTED SENSITIVE LINE]

W (7337571) WIFI: Disconnected from AP, reason=201 (NO_AP_FOUND). Retrying connection...

[REDACTED SENSITIVE LINE]

W (7339991) WIFI: Disconnected from AP, reason=201 (NO_AP_FOUND). Retrying connection...

[REDACTED SENSITIVE LINE]

W (7342411) WIFI: Disconnected from AP, reason=201 (NO_AP_FOUND). Retrying connection...

[REDACTED SENSITIVE LINE]

W (7344831) WIFI: Disconnected from AP, reason=201 (NO_AP_FOUND). Retrying connection...

[REDACTED SENSITIVE LINE]

W (7347251) WIFI: Disconnected from AP, reason=201 (NO_AP_FOUND). Retrying connection...

[REDACTED SENSITIVE LINE]

W (7349671) WIFI: Disconnected from AP, reason=201 (NO_AP_FOUND). Retrying connection...

[REDACTED SENSITIVE LINE]

W (7352091) WIFI: Disconnected from AP, reason=201 (NO_AP_FOUND). Retrying connection...

[REDACTED SENSITIVE LINE]

W (7354511) WIFI: Disconnected from AP, reason=201 (NO_AP_FOUND). Retrying connection...

[REDACTED SENSITIVE LINE]

W (7356931) WIFI: Disconnected from AP, reason=201 (NO_AP_FOUND). Retrying connection...

[REDACTED SENSITIVE LINE]

W (7359351) WIFI: Disconnected from AP, reason=201 (NO_AP_FOUND). Retrying connection...

[REDACTED SENSITIVE LINE]

W (7361781) WIFI: Disconnected from AP, reason=201 (NO_AP_FOUND). Retrying connection...

[REDACTED SENSITIVE LINE]

W (7364201) WIFI: Disconnected from AP, reason=201 (NO_AP_FOUND). Retrying connection...

[REDACTED SENSITIVE LINE]

W (7366621) WIFI: Disconnected from AP, reason=201 (NO_AP_FOUND). Retrying connection...

[REDACTED SENSITIVE LINE]

W (7369041) WIFI: Disconnected from AP, reason=201 (NO_AP_FOUND). Retrying connection...

[REDACTED SENSITIVE LINE]

W (7371461) WIFI: Disconnected from AP, reason=201 (NO_AP_FOUND). Retrying connection...

[REDACTED SENSITIVE LINE]

W (7373881) WIFI: Disconnected from AP, reason=201 (NO_AP_FOUND). Retrying connection...

[REDACTED SENSITIVE LINE]

W (7376301) WIFI: Disconnected from AP, reason=201 (NO_AP_FOUND). Retrying connection...

[REDACTED SENSITIVE LINE]

W (7378721) WIFI: Disconnected from AP, reason=201 (NO_AP_FOUND). Retrying connection...

[REDACTED SENSITIVE LINE]

W (7381141) WIFI: Disconnected from AP, reason=201 (NO_AP_FOUND). Retrying connection...

[REDACTED SENSITIVE LINE]

W (7383561) WIFI: Disconnected from AP, reason=201 (NO_AP_FOUND). Retrying connection...

[REDACTED SENSITIVE LINE]

W (7385991) WIFI: Disconnected from AP, reason=201 (NO_AP_FOUND). Retrying connection...

[REDACTED SENSITIVE LINE]

I (7387361) NETWORK: NETWORK_TIME_SYNCED_BIT cleared before=0x0 after=0x0

W (7387361) WIFI: Lost IP address

W (7388411) WIFI: Disconnected from AP, reason=201 (NO_AP_FOUND). Retrying connection...

[REDACTED SENSITIVE LINE]

W (7390831) WIFI: Disconnected from AP, reason=201 (NO_AP_FOUND). Retrying connection...

[REDACTED SENSITIVE LINE]

W (7393251) WIFI: Disconnected from AP, reason=201 (NO_AP_FOUND). Retrying connection...

[REDACTED SENSITIVE LINE]

W (7395671) WIFI: Disconnected from AP, reason=201 (NO_AP_FOUND). Retrying connection...

[REDACTED SENSITIVE LINE]

W (7398091) WIFI: Disconnected from AP, reason=201 (NO_AP_FOUND). Retrying connection...

[REDACTED SENSITIVE LINE]

W (7400511) WIFI: Disconnected from AP, reason=201 (NO_AP_FOUND). Retrying connection...

[REDACTED SENSITIVE LINE]

W (7402931) WIFI: Disconnected from AP, reason=201 (NO_AP_FOUND). Retrying connection...

[REDACTED SENSITIVE LINE]

W (7405351) WIFI: Disconnected from AP, reason=201 (NO_AP_FOUND). Retrying connection...

[REDACTED SENSITIVE LINE]

W (7407771) WIFI: Disconnected from AP, reason=201 (NO_AP_FOUND). Retrying connection...

[REDACTED SENSITIVE LINE]

W (7410191) WIFI: Disconnected from AP, reason=201 (NO_AP_FOUND). Retrying connection...

[REDACTED SENSITIVE LINE]

W (7412621) WIFI: Disconnected from AP, reason=201 (NO_AP_FOUND). Retrying connection...

[REDACTED SENSITIVE LINE]

W (7415041) WIFI: Disconnected from AP, reason=201 (NO_AP_FOUND). Retrying connection...

[REDACTED SENSITIVE LINE]

W (7417461) WIFI: Disconnected from AP, reason=201 (NO_AP_FOUND). Retrying connection...

[REDACTED SENSITIVE LINE]

W (7419881) WIFI: Disconnected from AP, reason=201 (NO_AP_FOUND). Retrying connection...

[REDACTED SENSITIVE LINE]

W (7422301) WIFI: Disconnected from AP, reason=201 (NO_AP_FOUND). Retrying connection...

[REDACTED SENSITIVE LINE]

W (7424721) WIFI: Disconnected from AP, reason=201 (NO_AP_FOUND). Retrying connection...

[REDACTED SENSITIVE LINE]

W (7427141) WIFI: Disconnected from AP, reason=201 (NO_AP_FOUND). Retrying connection...

[REDACTED SENSITIVE LINE]

W (7429561) WIFI: Disconnected from AP, reason=201 (NO_AP_FOUND). Retrying connection...

[REDACTED SENSITIVE LINE]

W (7431981) WIFI: Disconnected from AP, reason=201 (NO_AP_FOUND). Retrying connection...

[REDACTED SENSITIVE LINE]

W (7434401) WIFI: Disconnected from AP, reason=201 (NO_AP_FOUND). Retrying connection...

[REDACTED SENSITIVE LINE]

W (7436831) WIFI: Disconnected from AP, reason=201 (NO_AP_FOUND). Retrying connection...

[REDACTED SENSITIVE LINE]

W (7439251) WIFI: Disconnected from AP, reason=201 (NO_AP_FOUND). Retrying connection...

[REDACTED SENSITIVE LINE]

W (7441671) WIFI: Disconnected from AP, reason=201 (NO_AP_FOUND). Retrying connection...

[REDACTED SENSITIVE LINE]

W (7444091) WIFI: Disconnected from AP, reason=201 (NO_AP_FOUND). Retrying connection...

[REDACTED SENSITIVE LINE]

W (7446511) WIFI: Disconnected from AP, reason=201 (NO_AP_FOUND). Retrying connection...

[REDACTED SENSITIVE LINE]

W (7448931) WIFI: Disconnected from AP, reason=201 (NO_AP_FOUND). Retrying connection...

[REDACTED SENSITIVE LINE]

W (7451351) WIFI: Disconnected from AP, reason=201 (NO_AP_FOUND). Retrying connection...

[REDACTED SENSITIVE LINE]

W (7453771) WIFI: Disconnected from AP, reason=201 (NO_AP_FOUND). Retrying connection...

[REDACTED SENSITIVE LINE]

W (7456191) WIFI: Disconnected from AP, reason=201 (NO_AP_FOUND). Retrying connection...

[REDACTED SENSITIVE LINE]

W (7458611) WIFI: Disconnected from AP, reason=201 (NO_AP_FOUND). Retrying connection...

[REDACTED SENSITIVE LINE]

W (7461041) WIFI: Disconnected from AP, reason=201 (NO_AP_FOUND). Retrying connection...

[REDACTED SENSITIVE LINE]

W (7463461) WIFI: Disconnected from AP, reason=201 (NO_AP_FOUND). Retrying connection...

[REDACTED SENSITIVE LINE]

W (7465881) WIFI: Disconnected from AP, reason=201 (NO_AP_FOUND). Retrying connection...

[REDACTED SENSITIVE LINE]

W (7468301) WIFI: Disconnected from AP, reason=201 (NO_AP_FOUND). Retrying connection...

[REDACTED SENSITIVE LINE]

W (7470721) WIFI: Disconnected from AP, reason=201 (NO_AP_FOUND). Retrying connection...

[REDACTED SENSITIVE LINE]

W (7473141) WIFI: Disconnected from AP, reason=201 (NO_AP_FOUND). Retrying connection...

[REDACTED SENSITIVE LINE]

W (7475561) WIFI: Disconnected from AP, reason=201 (NO_AP_FOUND). Retrying connection...

[REDACTED SENSITIVE LINE]

W (7477981) WIFI: Disconnected from AP, reason=201 (NO_AP_FOUND). Retrying connection...

[REDACTED SENSITIVE LINE]

W (7480401) WIFI: Disconnected from AP, reason=201 (NO_AP_FOUND). Retrying connection...

[REDACTED SENSITIVE LINE]

W (7482821) WIFI: Disconnected from AP, reason=201 (NO_AP_FOUND). Retrying connection...

[REDACTED SENSITIVE LINE]

W (7485251) WIFI: Disconnected from AP, reason=201 (NO_AP_FOUND). Retrying connection...

[REDACTED SENSITIVE LINE]

W (7487671) WIFI: Disconnected from AP, reason=201 (NO_AP_FOUND). Retrying connection...

[REDACTED SENSITIVE LINE]

W (7490091) WIFI: Disconnected from AP, reason=201 (NO_AP_FOUND). Retrying connection...

[REDACTED SENSITIVE LINE]

W (7492511) WIFI: Disconnected from AP, reason=201 (NO_AP_FOUND). Retrying connection...

[REDACTED SENSITIVE LINE]

W (7494931) WIFI: Disconnected from AP, reason=201 (NO_AP_FOUND). Retrying connection...

[REDACTED SENSITIVE LINE]

W (7497351) WIFI: Disconnected from AP, reason=201 (NO_AP_FOUND). Retrying connection...

[REDACTED SENSITIVE LINE]

W (7499771) WIFI: Disconnected from AP, reason=201 (NO_AP_FOUND). Retrying connection...

[REDACTED SENSITIVE LINE]

W (7502191) WIFI: Disconnected from AP, reason=201 (NO_AP_FOUND). Retrying connection...

[REDACTED SENSITIVE LINE]

W (7504611) WIFI: Disconnected from AP, reason=201 (NO_AP_FOUND). Retrying connection...

[REDACTED SENSITIVE LINE]

W (7507031) WIFI: Disconnected from AP, reason=201 (NO_AP_FOUND). Retrying connection...

[REDACTED SENSITIVE LINE]

I (7508411) NETWORK: NETWORK_TIME_SYNCED_BIT cleared before=0x0 after=0x0

W (7508411) WIFI: Lost IP address

W (7509461) WIFI: Disconnected from AP, reason=201 (NO_AP_FOUND). Retrying connection...

[REDACTED SENSITIVE LINE]

W (7511881) WIFI: Disconnected from AP, reason=201 (NO_AP_FOUND). Retrying connection...

[REDACTED SENSITIVE LINE]

W (7514301) WIFI: Disconnected from AP, reason=201 (NO_AP_FOUND). Retrying connection...

[REDACTED SENSITIVE LINE]

W (7516721) WIFI: Disconnected from AP, reason=201 (NO_AP_FOUND). Retrying connection...

[REDACTED SENSITIVE LINE]

W (7519141) WIFI: Disconnected from AP, reason=201 (NO_AP_FOUND). Retrying connection...

[REDACTED SENSITIVE LINE]

W (7521561) WIFI: Disconnected from AP, reason=201 (NO_AP_FOUND). Retrying connection...

[REDACTED SENSITIVE LINE]

W (7523981) WIFI: Disconnected from AP, reason=201 (NO_AP_FOUND). Retrying connection...

[REDACTED SENSITIVE LINE]

W (7526401) WIFI: Disconnected from AP, reason=201 (NO_AP_FOUND). Retrying connection...

[REDACTED SENSITIVE LINE]

W (7528821) WIFI: Disconnected from AP, reason=201 (NO_AP_FOUND). Retrying connection...

[REDACTED SENSITIVE LINE]

W (7531241) WIFI: Disconnected from AP, reason=201 (NO_AP_FOUND). Retrying connection...

[REDACTED SENSITIVE LINE]

W (7533661) WIFI: Disconnected from AP, reason=201 (NO_AP_FOUND). Retrying connection...

[REDACTED SENSITIVE LINE]

W (7536091) WIFI: Disconnected from AP, reason=201 (NO_AP_FOUND). Retrying connection...

[REDACTED SENSITIVE LINE]

W (7538511) WIFI: Disconnected from AP, reason=201 (NO_AP_FOUND). Retrying connection...

[REDACTED SENSITIVE LINE]

W (7540931) WIFI: Disconnected from AP, reason=201 (NO_AP_FOUND). Retrying connection...

[REDACTED SENSITIVE LINE]

W (7543351) WIFI: Disconnected from AP, reason=201 (NO_AP_FOUND). Retrying connection...

[REDACTED SENSITIVE LINE]

W (7545771) WIFI: Disconnected from AP, reason=201 (NO_AP_FOUND). Retrying connection...

[REDACTED SENSITIVE LINE]

W (7548191) WIFI: Disconnected from AP, reason=201 (NO_AP_FOUND). Retrying connection...

[REDACTED SENSITIVE LINE]

W (7550611) WIFI: Disconnected from AP, reason=201 (NO_AP_FOUND). Retrying connection...

[REDACTED SENSITIVE LINE]

W (7553031) WIFI: Disconnected from AP, reason=201 (NO_AP_FOUND). Retrying connection...

[REDACTED SENSITIVE LINE]

W (7555451) WIFI: Disconnected from AP, reason=201 (NO_AP_FOUND). Retrying connection...

[REDACTED SENSITIVE LINE]

W (7557871) WIFI: Disconnected from AP, reason=201 (NO_AP_FOUND). Retrying connection...

[REDACTED SENSITIVE LINE]

W (7560301) WIFI: Disconnected from AP, reason=201 (NO_AP_FOUND). Retrying connection...

[REDACTED SENSITIVE LINE]

W (7562721) WIFI: Disconnected from AP, reason=201 (NO_AP_FOUND). Retrying connection...

[REDACTED SENSITIVE LINE]

W (7565141) WIFI: Disconnected from AP, reason=201 (NO_AP_FOUND). Retrying connection...

[REDACTED SENSITIVE LINE]

W (7567561) WIFI: Disconnected from AP, reason=201 (NO_AP_FOUND). Retrying connection...

[REDACTED SENSITIVE LINE]

W (7569981) WIFI: Disconnected from AP, reason=201 (NO_AP_FOUND). Retrying connection...

[REDACTED SENSITIVE LINE]

W (7572401) WIFI: Disconnected from AP, reason=201 (NO_AP_FOUND). Retrying connection...

[REDACTED SENSITIVE LINE]

W (7574821) WIFI: Disconnected from AP, reason=201 (NO_AP_FOUND). Retrying connection...

[REDACTED SENSITIVE LINE]

W (7577241) WIFI: Disconnected from AP, reason=201 (NO_AP_FOUND). Retrying connection...

[REDACTED SENSITIVE LINE]

W (7579661) WIFI: Disconnected from AP, reason=201 (NO_AP_FOUND). Retrying connection...

[REDACTED SENSITIVE LINE]

W (7582081) WIFI: Disconnected from AP, reason=201 (NO_AP_FOUND). Retrying connection...

[REDACTED SENSITIVE LINE]

W (7584511) WIFI: Disconnected from AP, reason=201 (NO_AP_FOUND). Retrying connection...

[REDACTED SENSITIVE LINE]

W (7586931) WIFI: Disconnected from AP, reason=201 (NO_AP_FOUND). Retrying connection...

[REDACTED SENSITIVE LINE]

W (7589351) WIFI: Disconnected from AP, reason=201 (NO_AP_FOUND). Retrying connection...

[REDACTED SENSITIVE LINE]

W (7591771) WIFI: Disconnected from AP, reason=201 (NO_AP_FOUND). Retrying connection...

[REDACTED SENSITIVE LINE]

W (7594191) WIFI: Disconnected from AP, reason=201 (NO_AP_FOUND). Retrying connection...

[REDACTED SENSITIVE LINE]

W (7596611) WIFI: Disconnected from AP, reason=201 (NO_AP_FOUND). Retrying connection...

[REDACTED SENSITIVE LINE]

W (7599031) WIFI: Disconnected from AP, reason=201 (NO_AP_FOUND). Retrying connection...

[REDACTED SENSITIVE LINE]

W (7601451) WIFI: Disconnected from AP, reason=201 (NO_AP_FOUND). Retrying connection...

[REDACTED SENSITIVE LINE]

W (7603871) WIFI: Disconnected from AP, reason=201 (NO_AP_FOUND). Retrying connection...

[REDACTED SENSITIVE LINE]

W (7606291) WIFI: Disconnected from AP, reason=201 (NO_AP_FOUND). Retrying connection...

[REDACTED SENSITIVE LINE]

W (7608721) WIFI: Disconnected from AP, reason=201 (NO_AP_FOUND). Retrying connection...

[REDACTED SENSITIVE LINE]

W (7611141) WIFI: Disconnected from AP, reason=201 (NO_AP_FOUND). Retrying connection...

[REDACTED SENSITIVE LINE]

W (7613561) WIFI: Disconnected from AP, reason=201 (NO_AP_FOUND). Retrying connection...

[REDACTED SENSITIVE LINE]

W (7615981) WIFI: Disconnected from AP, reason=201 (NO_AP_FOUND). Retrying connection...

[REDACTED SENSITIVE LINE]

W (7618401) WIFI: Disconnected from AP, reason=201 (NO_AP_FOUND). Retrying connection...

[REDACTED SENSITIVE LINE]

W (7620821) WIFI: Disconnected from AP, reason=201 (NO_AP_FOUND). Retrying connection...

[REDACTED SENSITIVE LINE]

W (7623241) WIFI: Disconnected from AP, reason=201 (NO_AP_FOUND). Retrying connection...

[REDACTED SENSITIVE LINE]

W (7625661) WIFI: Disconnected from AP, reason=201 (NO_AP_FOUND). Retrying connection...

[REDACTED SENSITIVE LINE]

W (7628081) WIFI: Disconnected from AP, reason=201 (NO_AP_FOUND). Retrying connection...

[REDACTED SENSITIVE LINE]

I (7629461) NETWORK: NETWORK_TIME_SYNCED_BIT cleared before=0x0 after=0x0

W (7629461) WIFI: Lost IP address

W (7630501) WIFI: Disconnected from AP, reason=201 (NO_AP_FOUND). Retrying connection...

[REDACTED SENSITIVE LINE]

W (7632931) WIFI: Disconnected from AP, reason=201 (NO_AP_FOUND). Retrying connection...

[REDACTED SENSITIVE LINE]

W (7635351) WIFI: Disconnected from AP, reason=201 (NO_AP_FOUND). Retrying connection...

[REDACTED SENSITIVE LINE]

W (7637771) WIFI: Disconnected from AP, reason=201 (NO_AP_FOUND). Retrying connection...

[REDACTED SENSITIVE LINE]

W (7640191) WIFI: Disconnected from AP, reason=201 (NO_AP_FOUND). Retrying connection...

[REDACTED SENSITIVE LINE]

W (7642611) WIFI: Disconnected from AP, reason=201 (NO_AP_FOUND). Retrying connection...

[REDACTED SENSITIVE LINE]

W (7645031) WIFI: Disconnected from AP, reason=201 (NO_AP_FOUND). Retrying connection...

[REDACTED SENSITIVE LINE]

W (7647451) WIFI: Disconnected from AP, reason=201 (NO_AP_FOUND). Retrying connection...

[REDACTED SENSITIVE LINE]

W (7649871) WIFI: Disconnected from AP, reason=201 (NO_AP_FOUND). Retrying connection...

[REDACTED SENSITIVE LINE]

W (7652291) WIFI: Disconnected from AP, reason=201 (NO_AP_FOUND). Retrying connection...

[REDACTED SENSITIVE LINE]

W (7654711) WIFI: Disconnected from AP, reason=201 (NO_AP_FOUND). Retrying connection...

[REDACTED SENSITIVE LINE]

W (7657141) WIFI: Disconnected from AP, reason=201 (NO_AP_FOUND). Retrying connection...

[REDACTED SENSITIVE LINE]

W (7659561) WIFI: Disconnected from AP, reason=201 (NO_AP_FOUND). Retrying connection...

[REDACTED SENSITIVE LINE]

W (7661981) WIFI: Disconnected from AP, reason=201 (NO_AP_FOUND). Retrying connection...

[REDACTED SENSITIVE LINE]

W (7664401) WIFI: Disconnected from AP, reason=201 (NO_AP_FOUND). Retrying connection...

[REDACTED SENSITIVE LINE]

W (7666821) WIFI: Disconnected from AP, reason=201 (NO_AP_FOUND). Retrying connection...

[REDACTED SENSITIVE LINE]

W (7669241) WIFI: Disconnected from AP, reason=201 (NO_AP_FOUND). Retrying connection...

[REDACTED SENSITIVE LINE]

W (7671661) WIFI: Disconnected from AP, reason=201 (NO_AP_FOUND). Retrying connection...

[REDACTED SENSITIVE LINE]

W (7674081) WIFI: Disconnected from AP, reason=201 (NO_AP_FOUND). Retrying connection...

[REDACTED SENSITIVE LINE]

W (7676501) WIFI: Disconnected from AP, reason=201 (NO_AP_FOUND). Retrying connection...

[REDACTED SENSITIVE LINE]

W (7678921) WIFI: Disconnected from AP, reason=201 (NO_AP_FOUND). Retrying connection...

[REDACTED SENSITIVE LINE]

W (7681341) WIFI: Disconnected from AP, reason=201 (NO_AP_FOUND). Retrying connection...

[REDACTED SENSITIVE LINE]

W (7683771) WIFI: Disconnected from AP, reason=201 (NO_AP_FOUND). Retrying connection...

[REDACTED SENSITIVE LINE]

W (7686191) WIFI: Disconnected from AP, reason=201 (NO_AP_FOUND). Retrying connection...

[REDACTED SENSITIVE LINE]

W (7688611) WIFI: Disconnected from AP, reason=201 (NO_AP_FOUND). Retrying connection...

[REDACTED SENSITIVE LINE]

W (7691031) WIFI: Disconnected from AP, reason=201 (NO_AP_FOUND). Retrying connection...

[REDACTED SENSITIVE LINE]

W (7693451) WIFI: Disconnected from AP, reason=201 (NO_AP_FOUND). Retrying connection...

[REDACTED SENSITIVE LINE]

W (7695871) WIFI: Disconnected from AP, reason=201 (NO_AP_FOUND). Retrying connection...

[REDACTED SENSITIVE LINE]

W (7698291) WIFI: Disconnected from AP, reason=201 (NO_AP_FOUND). Retrying connection...

[REDACTED SENSITIVE LINE]

W (7700711) WIFI: Disconnected from AP, reason=201 (NO_AP_FOUND). Retrying connection...

[REDACTED SENSITIVE LINE]

W (7703131) WIFI: Disconnected from AP, reason=201 (NO_AP_FOUND). Retrying connection...

[REDACTED SENSITIVE LINE]

W (7705551) WIFI: Disconnected from AP, reason=201 (NO_AP_FOUND). Retrying connection...

[REDACTED SENSITIVE LINE]

W (7707981) WIFI: Disconnected from AP, reason=201 (NO_AP_FOUND). Retrying connection...

[REDACTED SENSITIVE LINE]

W (7710401) WIFI: Disconnected from AP, reason=201 (NO_AP_FOUND). Retrying connection...

[REDACTED SENSITIVE LINE]

W (7712821) WIFI: Disconnected from AP, reason=201 (NO_AP_FOUND). Retrying connection...

[REDACTED SENSITIVE LINE]

W (7715241) WIFI: Disconnected from AP, reason=201 (NO_AP_FOUND). Retrying connection...

[REDACTED SENSITIVE LINE]

W (7717661) WIFI: Disconnected from AP, reason=201 (NO_AP_FOUND). Retrying connection...

[REDACTED SENSITIVE LINE]

W (7720081) WIFI: Disconnected from AP, reason=201 (NO_AP_FOUND). Retrying connection...

[REDACTED SENSITIVE LINE]

W (7722501) WIFI: Disconnected from AP, reason=201 (NO_AP_FOUND). Retrying connection...

[REDACTED SENSITIVE LINE]

W (7724921) WIFI: Disconnected from AP, reason=201 (NO_AP_FOUND). Retrying connection...

[REDACTED SENSITIVE LINE]

W (7727341) WIFI: Disconnected from AP, reason=201 (NO_AP_FOUND). Retrying connection...

[REDACTED SENSITIVE LINE]

W (7729761) WIFI: Disconnected from AP, reason=201 (NO_AP_FOUND). Retrying connection...

[REDACTED SENSITIVE LINE]

W (7732181) WIFI: Disconnected from AP, reason=201 (NO_AP_FOUND). Retrying connection...

[REDACTED SENSITIVE LINE]

W (7734611) WIFI: Disconnected from AP, reason=201 (NO_AP_FOUND). Retrying connection...

[REDACTED SENSITIVE LINE]

W (7737031) WIFI: Disconnected from AP, reason=201 (NO_AP_FOUND). Retrying connection...

[REDACTED SENSITIVE LINE]

W (7739451) WIFI: Disconnected from AP, reason=201 (NO_AP_FOUND). Retrying connection...

[REDACTED SENSITIVE LINE]

W (7741871) WIFI: Disconnected from AP, reason=201 (NO_AP_FOUND). Retrying connection...

[REDACTED SENSITIVE LINE]

W (7744291) WIFI: Disconnected from AP, reason=201 (NO_AP_FOUND). Retrying connection...

[REDACTED SENSITIVE LINE]

W (7746711) WIFI: Disconnected from AP, reason=201 (NO_AP_FOUND). Retrying connection...

[REDACTED SENSITIVE LINE]

W (7749131) WIFI: Disconnected from AP, reason=201 (NO_AP_FOUND). Retrying connection...

[REDACTED SENSITIVE LINE]

I (7750501) NETWORK: NETWORK_TIME_SYNCED_BIT cleared before=0x0 after=0x0

W (7750501) WIFI: Lost IP address

W (7751551) WIFI: Disconnected from AP, reason=201 (NO_AP_FOUND). Retrying connection...

[REDACTED SENSITIVE LINE]

W (7753971) WIFI: Disconnected from AP, reason=201 (NO_AP_FOUND). Retrying connection...

[REDACTED SENSITIVE LINE]

W (7756391) WIFI: Disconnected from AP, reason=201 (NO_AP_FOUND). Retrying connection...

[REDACTED SENSITIVE LINE]

W (7758821) WIFI: Disconnected from AP, reason=201 (NO_AP_FOUND). Retrying connection...

[REDACTED SENSITIVE LINE]

W (7761241) WIFI: Disconnected from AP, reason=201 (NO_AP_FOUND). Retrying connection...

[REDACTED SENSITIVE LINE]

W (7763661) WIFI: Disconnected from AP, reason=201 (NO_AP_FOUND). Retrying connection...

[REDACTED SENSITIVE LINE]

W (7766081) WIFI: Disconnected from AP, reason=201 (NO_AP_FOUND). Retrying connection...

[REDACTED SENSITIVE LINE]

W (7768501) WIFI: Disconnected from AP, reason=201 (NO_AP_FOUND). Retrying connection...

[REDACTED SENSITIVE LINE]

W (7770921) WIFI: Disconnected from AP, reason=201 (NO_AP_FOUND). Retrying connection...

[REDACTED SENSITIVE LINE]

W (7773341) WIFI: Disconnected from AP, reason=201 (NO_AP_FOUND). Retrying connection...

[REDACTED SENSITIVE LINE]

W (7775761) WIFI: Disconnected from AP, reason=201 (NO_AP_FOUND). Retrying connection...

[REDACTED SENSITIVE LINE]

W (7778181) WIFI: Disconnected from AP, reason=201 (NO_AP_FOUND). Retrying connection...

[REDACTED SENSITIVE LINE]

W (7780601) WIFI: Disconnected from AP, reason=201 (NO_AP_FOUND). Retrying connection...

[REDACTED SENSITIVE LINE]

W (7783031) WIFI: Disconnected from AP, reason=201 (NO_AP_FOUND). Retrying connection...

[REDACTED SENSITIVE LINE]

W (7785451) WIFI: Disconnected from AP, reason=201 (NO_AP_FOUND). Retrying connection...

[REDACTED SENSITIVE LINE]

W (7787871) WIFI: Disconnected from AP, reason=201 (NO_AP_FOUND). Retrying connection...

[REDACTED SENSITIVE LINE]

W (7790291) WIFI: Disconnected from AP, reason=201 (NO_AP_FOUND). Retrying connection...

[REDACTED SENSITIVE LINE]

W (7792711) WIFI: Disconnected from AP, reason=201 (NO_AP_FOUND). Retrying connection...

[REDACTED SENSITIVE LINE]

W (7795131) WIFI: Disconnected from AP, reason=201 (NO_AP_FOUND). Retrying connection...

[REDACTED SENSITIVE LINE]

W (7797551) WIFI: Disconnected from AP, reason=201 (NO_AP_FOUND). Retrying connection...

[REDACTED SENSITIVE LINE]

W (7799971) WIFI: Disconnected from AP, reason=201 (NO_AP_FOUND). Retrying connection...

[REDACTED SENSITIVE LINE]

W (7802391) WIFI: Disconnected from AP, reason=201 (NO_AP_FOUND). Retrying connection...

[REDACTED SENSITIVE LINE]

W (7804811) WIFI: Disconnected from AP, reason=201 (NO_AP_FOUND). Retrying connection...

[REDACTED SENSITIVE LINE]

W (7807241) WIFI: Disconnected from AP, reason=201 (NO_AP_FOUND). Retrying connection...

[REDACTED SENSITIVE LINE]

W (7809661) WIFI: Disconnected from AP, reason=201 (NO_AP_FOUND). Retrying connection...

[REDACTED SENSITIVE LINE]

W (7812081) WIFI: Disconnected from AP, reason=201 (NO_AP_FOUND). Retrying connection...

[REDACTED SENSITIVE LINE]

W (7814501) WIFI: Disconnected from AP, reason=201 (NO_AP_FOUND). Retrying connection...

[REDACTED SENSITIVE LINE]

W (7816921) WIFI: Disconnected from AP, reason=201 (NO_AP_FOUND). Retrying connection...

[REDACTED SENSITIVE LINE]

W (7819341) WIFI: Disconnected from AP, reason=201 (NO_AP_FOUND). Retrying connection...

[REDACTED SENSITIVE LINE]

W (7821761) WIFI: Disconnected from AP, reason=201 (NO_AP_FOUND). Retrying connection...

[REDACTED SENSITIVE LINE]

W (7824181) WIFI: Disconnected from AP, reason=201 (NO_AP_FOUND). Retrying connection...

[REDACTED SENSITIVE LINE]

W (7826601) WIFI: Disconnected from AP, reason=201 (NO_AP_FOUND). Retrying connection...

[REDACTED SENSITIVE LINE]

W (7829021) WIFI: Disconnected from AP, reason=201 (NO_AP_FOUND). Retrying connection...

[REDACTED SENSITIVE LINE]

W (7831451) WIFI: Disconnected from AP, reason=201 (NO_AP_FOUND). Retrying connection...

[REDACTED SENSITIVE LINE]

W (7833871) WIFI: Disconnected from AP, reason=201 (NO_AP_FOUND). Retrying connection...

[REDACTED SENSITIVE LINE]

W (7836291) WIFI: Disconnected from AP, reason=201 (NO_AP_FOUND). Retrying connection...

[REDACTED SENSITIVE LINE]

W (7838711) WIFI: Disconnected from AP, reason=201 (NO_AP_FOUND). Retrying connection...

[REDACTED SENSITIVE LINE]

W (7841131) WIFI: Disconnected from AP, reason=201 (NO_AP_FOUND). Retrying connection...

[REDACTED SENSITIVE LINE]

W (7843551) WIFI: Disconnected from AP, reason=201 (NO_AP_FOUND). Retrying connection...

[REDACTED SENSITIVE LINE]

W (7845971) WIFI: Disconnected from AP, reason=201 (NO_AP_FOUND). Retrying connection...

[REDACTED SENSITIVE LINE]

W (7848391) WIFI: Disconnected from AP, reason=201 (NO_AP_FOUND). Retrying connection...

[REDACTED SENSITIVE LINE]

W (7850811) WIFI: Disconnected from AP, reason=201 (NO_AP_FOUND). Retrying connection...

[REDACTED SENSITIVE LINE]

W (7853231) WIFI: Disconnected from AP, reason=201 (NO_AP_FOUND). Retrying connection...

[REDACTED SENSITIVE LINE]

W (7855651) WIFI: Disconnected from AP, reason=201 (NO_AP_FOUND). Retrying connection...

[REDACTED SENSITIVE LINE]

W (7858081) WIFI: Disconnected from AP, reason=201 (NO_AP_FOUND). Retrying connection...

[REDACTED SENSITIVE LINE]

W (7860501) WIFI: Disconnected from AP, reason=201 (NO_AP_FOUND). Retrying connection...

[REDACTED SENSITIVE LINE]

W (7862921) WIFI: Disconnected from AP, reason=201 (NO_AP_FOUND). Retrying connection...

[REDACTED SENSITIVE LINE]

W (7865341) WIFI: Disconnected from AP, reason=201 (NO_AP_FOUND). Retrying connection...

[REDACTED SENSITIVE LINE]

W (7867761) WIFI: Disconnected from AP, reason=201 (NO_AP_FOUND). Retrying connection...

[REDACTED SENSITIVE LINE]

W (7870181) WIFI: Disconnected from AP, reason=201 (NO_AP_FOUND). Retrying connection...

[REDACTED SENSITIVE LINE]

I (7871551) NETWORK: NETWORK_TIME_SYNCED_BIT cleared before=0x0 after=0x0

W (7871551) WIFI: Lost IP address

W (7872601) WIFI: Disconnected from AP, reason=201 (NO_AP_FOUND). Retrying connection...

[REDACTED SENSITIVE LINE]

W (7875021) WIFI: Disconnected from AP, reason=201 (NO_AP_FOUND). Retrying connection...

[REDACTED SENSITIVE LINE]

W (7877441) WIFI: Disconnected from AP, reason=201 (NO_AP_FOUND). Retrying connection...

[REDACTED SENSITIVE LINE]

W (7879861) WIFI: Disconnected from AP, reason=201 (NO_AP_FOUND). Retrying connection...

[REDACTED SENSITIVE LINE]

W (7882291) WIFI: Disconnected from AP, reason=201 (NO_AP_FOUND). Retrying connection...

[REDACTED SENSITIVE LINE]

W (7884711) WIFI: Disconnected from AP, reason=201 (NO_AP_FOUND). Retrying connection...

[REDACTED SENSITIVE LINE]

W (7887131) WIFI: Disconnected from AP, reason=201 (NO_AP_FOUND). Retrying connection...

[REDACTED SENSITIVE LINE]

W (7889551) WIFI: Disconnected from AP, reason=201 (NO_AP_FOUND). Retrying connection...

[REDACTED SENSITIVE LINE]

W (7891971) WIFI: Disconnected from AP, reason=201 (NO_AP_FOUND). Retrying connection...

[REDACTED SENSITIVE LINE]

W (7894391) WIFI: Disconnected from AP, reason=201 (NO_AP_FOUND). Retrying connection...

[REDACTED SENSITIVE LINE]

W (7896811) WIFI: Disconnected from AP, reason=201 (NO_AP_FOUND). Retrying connection...

[REDACTED SENSITIVE LINE]

W (7899231) WIFI: Disconnected from AP, reason=201 (NO_AP_FOUND). Retrying connection...

[REDACTED SENSITIVE LINE]

W (7901651) WIFI: Disconnected from AP, reason=201 (NO_AP_FOUND). Retrying connection...

[REDACTED SENSITIVE LINE]

W (7904071) WIFI: Disconnected from AP, reason=201 (NO_AP_FOUND). Retrying connection...

[REDACTED SENSITIVE LINE]

W (7906491) WIFI: Disconnected from AP, reason=201 (NO_AP_FOUND). Retrying connection...

[REDACTED SENSITIVE LINE]

W (7908921) WIFI: Disconnected from AP, reason=201 (NO_AP_FOUND). Retrying connection...

[REDACTED SENSITIVE LINE]

W (7911341) WIFI: Disconnected from AP, reason=201 (NO_AP_FOUND). Retrying connection...

[REDACTED SENSITIVE LINE]

W (7913761) WIFI: Disconnected from AP, reason=201 (NO_AP_FOUND). Retrying connection...

[REDACTED SENSITIVE LINE]

W (7916181) WIFI: Disconnected from AP, reason=201 (NO_AP_FOUND). Retrying connection...

[REDACTED SENSITIVE LINE]

W (7918601) WIFI: Disconnected from AP, reason=201 (NO_AP_FOUND). Retrying connection...

[REDACTED SENSITIVE LINE]

W (7921021) WIFI: Disconnected from AP, reason=201 (NO_AP_FOUND). Retrying connection...

[REDACTED SENSITIVE LINE]

W (7923441) WIFI: Disconnected from AP, reason=201 (NO_AP_FOUND). Retrying connection...

[REDACTED SENSITIVE LINE]

W (7925861) WIFI: Disconnected from AP, reason=201 (NO_AP_FOUND). Retrying connection...

[REDACTED SENSITIVE LINE]

W (7928281) WIFI: Disconnected from AP, reason=201 (NO_AP_FOUND). Retrying connection...

[REDACTED SENSITIVE LINE]

W (7930701) WIFI: Disconnected from AP, reason=201 (NO_AP_FOUND). Retrying connection...

[REDACTED SENSITIVE LINE]

W (7933131) WIFI: Disconnected from AP, reason=201 (NO_AP_FOUND). Retrying connection...

[REDACTED SENSITIVE LINE]

W (7935551) WIFI: Disconnected from AP, reason=201 (NO_AP_FOUND). Retrying connection...

[REDACTED SENSITIVE LINE]

W (7937971) WIFI: Disconnected from AP, reason=201 (NO_AP_FOUND). Retrying connection...

[REDACTED SENSITIVE LINE]

W (7940391) WIFI: Disconnected from AP, reason=201 (NO_AP_FOUND). Retrying connection...

[REDACTED SENSITIVE LINE]

W (7942811) WIFI: Disconnected from AP, reason=201 (NO_AP_FOUND). Retrying connection...

[REDACTED SENSITIVE LINE]

W (7945231) WIFI: Disconnected from AP, reason=201 (NO_AP_FOUND). Retrying connection...

[REDACTED SENSITIVE LINE]

W (7947651) WIFI: Disconnected from AP, reason=201 (NO_AP_FOUND). Retrying connection...

[REDACTED SENSITIVE LINE]

W (7950071) WIFI: Disconnected from AP, reason=201 (NO_AP_FOUND). Retrying connection...

[REDACTED SENSITIVE LINE]

W (7952491) WIFI: Disconnected from AP, reason=201 (NO_AP_FOUND). Retrying connection...

[REDACTED SENSITIVE LINE]

W (7954911) WIFI: Disconnected from AP, reason=201 (NO_AP_FOUND). Retrying connection...

[REDACTED SENSITIVE LINE]

W (7957331) WIFI: Disconnected from AP, reason=201 (NO_AP_FOUND). Retrying connection...

[REDACTED SENSITIVE LINE]

W (7959761) WIFI: Disconnected from AP, reason=201 (NO_AP_FOUND). Retrying connection...

[REDACTED SENSITIVE LINE]

W (7962181) WIFI: Disconnected from AP, reason=201 (NO_AP_FOUND). Retrying connection...

[REDACTED SENSITIVE LINE]

W (7964601) WIFI: Disconnected from AP, reason=201 (NO_AP_FOUND). Retrying connection...

[REDACTED SENSITIVE LINE]

W (7967021) WIFI: Disconnected from AP, reason=201 (NO_AP_FOUND). Retrying connection...

[REDACTED SENSITIVE LINE]

W (7969441) WIFI: Disconnected from AP, reason=201 (NO_AP_FOUND). Retrying connection...

[REDACTED SENSITIVE LINE]

W (7971861) WIFI: Disconnected from AP, reason=201 (NO_AP_FOUND). Retrying connection...

[REDACTED SENSITIVE LINE]

W (7974281) WIFI: Disconnected from AP, reason=201 (NO_AP_FOUND). Retrying connection...

[REDACTED SENSITIVE LINE]

W (7976701) WIFI: Disconnected from AP, reason=201 (NO_AP_FOUND). Retrying connection...

[REDACTED SENSITIVE LINE]

W (7979121) WIFI: Disconnected from AP, reason=201 (NO_AP_FOUND). Retrying connection...

[REDACTED SENSITIVE LINE]

W (7981541) WIFI: Disconnected from AP, reason=201 (NO_AP_FOUND). Retrying connection...

[REDACTED SENSITIVE LINE]

W (7983971) WIFI: Disconnected from AP, reason=201 (NO_AP_FOUND). Retrying connection...

[REDACTED SENSITIVE LINE]

W (7986391) WIFI: Disconnected from AP, reason=201 (NO_AP_FOUND). Retrying connection...

[REDACTED SENSITIVE LINE]

W (7988811) WIFI: Disconnected from AP, reason=201 (NO_AP_FOUND). Retrying connection...

[REDACTED SENSITIVE LINE]

W (7991231) WIFI: Disconnected from AP, reason=201 (NO_AP_FOUND). Retrying connection...

[REDACTED SENSITIVE LINE]

I (7992601) NETWORK: NETWORK_TIME_SYNCED_BIT cleared before=0x0 after=0x0

W (7992601) WIFI: Lost IP address

W (7993651) WIFI: Disconnected from AP, reason=201 (NO_AP_FOUND). Retrying connection...

[REDACTED SENSITIVE LINE]

W (7996071) WIFI: Disconnected from AP, reason=201 (NO_AP_FOUND). Retrying connection...

[REDACTED SENSITIVE LINE]

W (7998491) WIFI: Disconnected from AP, reason=201 (NO_AP_FOUND). Retrying connection...

[REDACTED SENSITIVE LINE]

W (8000911) WIFI: Disconnected from AP, reason=201 (NO_AP_FOUND). Retrying connection...

[REDACTED SENSITIVE LINE]

W (8003331) WIFI: Disconnected from AP, reason=201 (NO_AP_FOUND). Retrying connection...

[REDACTED SENSITIVE LINE]

W (8005751) WIFI: Disconnected from AP, reason=201 (NO_AP_FOUND). Retrying connection...

[REDACTED SENSITIVE LINE]

W (8008181) WIFI: Disconnected from AP, reason=201 (NO_AP_FOUND). Retrying connection...

[REDACTED SENSITIVE LINE]

W (8010601) WIFI: Disconnected from AP, reason=201 (NO_AP_FOUND). Retrying connection...

[REDACTED SENSITIVE LINE]

W (8013021) WIFI: Disconnected from AP, reason=201 (NO_AP_FOUND). Retrying connection...

[REDACTED SENSITIVE LINE]

W (8015441) WIFI: Disconnected from AP, reason=201 (NO_AP_FOUND). Retrying connection...

[REDACTED SENSITIVE LINE]

W (8017861) WIFI: Disconnected from AP, reason=201 (NO_AP_FOUND). Retrying connection...

[REDACTED SENSITIVE LINE]

W (8020281) WIFI: Disconnected from AP, reason=201 (NO_AP_FOUND). Retrying connection...

[REDACTED SENSITIVE LINE]

W (8022701) WIFI: Disconnected from AP, reason=201 (NO_AP_FOUND). Retrying connection...

[REDACTED SENSITIVE LINE]

W (8025121) WIFI: Disconnected from AP, reason=201 (NO_AP_FOUND). Retrying connection...

[REDACTED SENSITIVE LINE]

W (8027541) WIFI: Disconnected from AP, reason=201 (NO_AP_FOUND). Retrying connection...

[REDACTED SENSITIVE LINE]

W (8029961) WIFI: Disconnected from AP, reason=201 (NO_AP_FOUND). Retrying connection...

[REDACTED SENSITIVE LINE]

W (8032391) WIFI: Disconnected from AP, reason=201 (NO_AP_FOUND). Retrying connection...

[REDACTED SENSITIVE LINE]

W (8034811) WIFI: Disconnected from AP, reason=201 (NO_AP_FOUND). Retrying connection...

[REDACTED SENSITIVE LINE]

W (8037231) WIFI: Disconnected from AP, reason=201 (NO_AP_FOUND). Retrying connection...

[REDACTED SENSITIVE LINE]

W (8039651) WIFI: Disconnected from AP, reason=201 (NO_AP_FOUND). Retrying connection...

[REDACTED SENSITIVE LINE]

W (8042071) WIFI: Disconnected from AP, reason=201 (NO_AP_FOUND). Retrying connection...

[REDACTED SENSITIVE LINE]

W (8044491) WIFI: Disconnected from AP, reason=201 (NO_AP_FOUND). Retrying connection...

[REDACTED SENSITIVE LINE]

W (8046911) WIFI: Disconnected from AP, reason=201 (NO_AP_FOUND). Retrying connection...

[REDACTED SENSITIVE LINE]

W (8049331) WIFI: Disconnected from AP, reason=201 (NO_AP_FOUND). Retrying connection...

[REDACTED SENSITIVE LINE]

W (8051751) WIFI: Disconnected from AP, reason=201 (NO_AP_FOUND). Retrying connection...

[REDACTED SENSITIVE LINE]

W (8054171) WIFI: Disconnected from AP, reason=201 (NO_AP_FOUND). Retrying connection...

[REDACTED SENSITIVE LINE]

W (8056601) WIFI: Disconnected from AP, reason=201 (NO_AP_FOUND). Retrying connection...

[REDACTED SENSITIVE LINE]

W (8059021) WIFI: Disconnected from AP, reason=201 (NO_AP_FOUND). Retrying connection...

[REDACTED SENSITIVE LINE]

W (8061441) WIFI: Disconnected from AP, reason=201 (NO_AP_FOUND). Retrying connection...

[REDACTED SENSITIVE LINE]

W (8063861) WIFI: Disconnected from AP, reason=201 (NO_AP_FOUND). Retrying connection...

[REDACTED SENSITIVE LINE]

W (8066281) WIFI: Disconnected from AP, reason=201 (NO_AP_FOUND). Retrying connection...

[REDACTED SENSITIVE LINE]

W (8068701) WIFI: Disconnected from AP, reason=201 (NO_AP_FOUND). Retrying connection...

[REDACTED SENSITIVE LINE]

W (8071121) WIFI: Disconnected from AP, reason=201 (NO_AP_FOUND). Retrying connection...

[REDACTED SENSITIVE LINE]

W (8073541) WIFI: Disconnected from AP, reason=201 (NO_AP_FOUND). Retrying connection...

[REDACTED SENSITIVE LINE]

W (8075961) WIFI: Disconnected from AP, reason=201 (NO_AP_FOUND). Retrying connection...

[REDACTED SENSITIVE LINE]

W (8078381) WIFI: Disconnected from AP, reason=201 (NO_AP_FOUND). Retrying connection...

[REDACTED SENSITIVE LINE]

W (8080811) WIFI: Disconnected from AP, reason=201 (NO_AP_FOUND). Retrying connection...

[REDACTED SENSITIVE LINE]

W (8083231) WIFI: Disconnected from AP, reason=201 (NO_AP_FOUND). Retrying connection...

[REDACTED SENSITIVE LINE]

W (8085651) WIFI: Disconnected from AP, reason=201 (NO_AP_FOUND). Retrying connection...

[REDACTED SENSITIVE LINE]

W (8088071) WIFI: Disconnected from AP, reason=201 (NO_AP_FOUND). Retrying connection...

[REDACTED SENSITIVE LINE]

W (8090491) WIFI: Disconnected from AP, reason=201 (NO_AP_FOUND). Retrying connection...

[REDACTED SENSITIVE LINE]

W (8092911) WIFI: Disconnected from AP, reason=201 (NO_AP_FOUND). Retrying connection...

[REDACTED SENSITIVE LINE]

W (8095331) WIFI: Disconnected from AP, reason=201 (NO_AP_FOUND). Retrying connection...

[REDACTED SENSITIVE LINE]

W (8097751) WIFI: Disconnected from AP, reason=201 (NO_AP_FOUND). Retrying connection...

[REDACTED SENSITIVE LINE]

W (8100171) WIFI: Disconnected from AP, reason=201 (NO_AP_FOUND). Retrying connection...

[REDACTED SENSITIVE LINE]

W (8102591) WIFI: Disconnected from AP, reason=201 (NO_AP_FOUND). Retrying connection...

[REDACTED SENSITIVE LINE]

W (8105011) WIFI: Disconnected from AP, reason=201 (NO_AP_FOUND). Retrying connection...

[REDACTED SENSITIVE LINE]

W (8107441) WIFI: Disconnected from AP, reason=201 (NO_AP_FOUND). Retrying connection...

[REDACTED SENSITIVE LINE]

W (8109861) WIFI: Disconnected from AP, reason=201 (NO_AP_FOUND). Retrying connection...

[REDACTED SENSITIVE LINE]

W (8112281) WIFI: Disconnected from AP, reason=201 (NO_AP_FOUND). Retrying connection...

[REDACTED SENSITIVE LINE]

I (8113651) NETWORK: NETWORK_TIME_SYNCED_BIT cleared before=0x0 after=0x0

W (8113651) WIFI: Lost IP address

W (8114701) WIFI: Disconnected from AP, reason=201 (NO_AP_FOUND). Retrying connection...

[REDACTED SENSITIVE LINE]

W (8117121) WIFI: Disconnected from AP, reason=201 (NO_AP_FOUND). Retrying connection...

[REDACTED SENSITIVE LINE]

W (8119541) WIFI: Disconnected from AP, reason=201 (NO_AP_FOUND). Retrying connection...

[REDACTED SENSITIVE LINE]

W (8121961) WIFI: Disconnected from AP, reason=201 (NO_AP_FOUND). Retrying connection...

[REDACTED SENSITIVE LINE]

W (8124381) WIFI: Disconnected from AP, reason=201 (NO_AP_FOUND). Retrying connection...

[REDACTED SENSITIVE LINE]

W (8126801) WIFI: Disconnected from AP, reason=201 (NO_AP_FOUND). Retrying connection...

[REDACTED SENSITIVE LINE]

W (8129221) WIFI: Disconnected from AP, reason=201 (NO_AP_FOUND). Retrying connection...

[REDACTED SENSITIVE LINE]

W (8131651) WIFI: Disconnected from AP, reason=201 (NO_AP_FOUND). Retrying connection...

[REDACTED SENSITIVE LINE]

W (8134071) WIFI: Disconnected from AP, reason=201 (NO_AP_FOUND). Retrying connection...

[REDACTED SENSITIVE LINE]

W (8136491) WIFI: Disconnected from AP, reason=201 (NO_AP_FOUND). Retrying connection...

[REDACTED SENSITIVE LINE]

W (8138911) WIFI: Disconnected from AP, reason=201 (NO_AP_FOUND). Retrying connection...

[REDACTED SENSITIVE LINE]

W (8141331) WIFI: Disconnected from AP, reason=201 (NO_AP_FOUND). Retrying connection...

[REDACTED SENSITIVE LINE]

W (8143751) WIFI: Disconnected from AP, reason=201 (NO_AP_FOUND). Retrying connection...

[REDACTED SENSITIVE LINE]

W (8146171) WIFI: Disconnected from AP, reason=201 (NO_AP_FOUND). Retrying connection...

[REDACTED SENSITIVE LINE]

W (8148591) WIFI: Disconnected from AP, reason=201 (NO_AP_FOUND). Retrying connection...

[REDACTED SENSITIVE LINE]

W (8151011) WIFI: Disconnected from AP, reason=201 (NO_AP_FOUND). Retrying connection...

[REDACTED SENSITIVE LINE]

W (8153431) WIFI: Disconnected from AP, reason=201 (NO_AP_FOUND). Retrying connection...

[REDACTED SENSITIVE LINE]

W (8155861) WIFI: Disconnected from AP, reason=201 (NO_AP_FOUND). Retrying connection...

[REDACTED SENSITIVE LINE]

W (8158281) WIFI: Disconnected from AP, reason=201 (NO_AP_FOUND). Retrying connection...

[REDACTED SENSITIVE LINE]

W (8160701) WIFI: Disconnected from AP, reason=201 (NO_AP_FOUND). Retrying connection...

[REDACTED SENSITIVE LINE]

W (8163121) WIFI: Disconnected from AP, reason=201 (NO_AP_FOUND). Retrying connection...

[REDACTED SENSITIVE LINE]

W (8165541) WIFI: Disconnected from AP, reason=201 (NO_AP_FOUND). Retrying connection...

[REDACTED SENSITIVE LINE]

W (8167961) WIFI: Disconnected from AP, reason=201 (NO_AP_FOUND). Retrying connection...

[REDACTED SENSITIVE LINE]

W (8170381) WIFI: Disconnected from AP, reason=201 (NO_AP_FOUND). Retrying connection...

[REDACTED SENSITIVE LINE]

W (8172801) WIFI: Disconnected from AP, reason=201 (NO_AP_FOUND). Retrying connection...

[REDACTED SENSITIVE LINE]

W (8175221) WIFI: Disconnected from AP, reason=201 (NO_AP_FOUND). Retrying connection...

[REDACTED SENSITIVE LINE]

W (8177641) WIFI: Disconnected from AP, reason=201 (NO_AP_FOUND). Retrying connection...

[REDACTED SENSITIVE LINE]

W (8180071) WIFI: Disconnected from AP, reason=201 (NO_AP_FOUND). Retrying connection...

[REDACTED SENSITIVE LINE]

W (8182491) WIFI: Disconnected from AP, reason=201 (NO_AP_FOUND). Retrying connection...

[REDACTED SENSITIVE LINE]

W (8184911) WIFI: Disconnected from AP, reason=201 (NO_AP_FOUND). Retrying connection...

[REDACTED SENSITIVE LINE]

W (8187331) WIFI: Disconnected from AP, reason=201 (NO_AP_FOUND). Retrying connection...

[REDACTED SENSITIVE LINE]

W (8189751) WIFI: Disconnected from AP, reason=201 (NO_AP_FOUND). Retrying connection...

[REDACTED SENSITIVE LINE]

W (8192171) WIFI: Disconnected from AP, reason=201 (NO_AP_FOUND). Retrying connection...

[REDACTED SENSITIVE LINE]

W (8194591) WIFI: Disconnected from AP, reason=201 (NO_AP_FOUND). Retrying connection...

[REDACTED SENSITIVE LINE]

W (8197011) WIFI: Disconnected from AP, reason=201 (NO_AP_FOUND). Retrying connection...

[REDACTED SENSITIVE LINE]

W (8199431) WIFI: Disconnected from AP, reason=201 (NO_AP_FOUND). Retrying connection...

[REDACTED SENSITIVE LINE]

W (8201851) WIFI: Disconnected from AP, reason=201 (NO_AP_FOUND). Retrying connection...

[REDACTED SENSITIVE LINE]

W (8204271) WIFI: Disconnected from AP, reason=201 (NO_AP_FOUND). Retrying connection...

[REDACTED SENSITIVE LINE]

W (8206701) WIFI: Disconnected from AP, reason=201 (NO_AP_FOUND). Retrying connection...

[REDACTED SENSITIVE LINE]

W (8209121) WIFI: Disconnected from AP, reason=201 (NO_AP_FOUND). Retrying connection...

[REDACTED SENSITIVE LINE]

W (8211541) WIFI: Disconnected from AP, reason=201 (NO_AP_FOUND). Retrying connection...

[REDACTED SENSITIVE LINE]

W (8213961) WIFI: Disconnected from AP, reason=201 (NO_AP_FOUND). Retrying connection...

[REDACTED SENSITIVE LINE]

W (8216381) WIFI: Disconnected from AP, reason=201 (NO_AP_FOUND). Retrying connection...

[REDACTED SENSITIVE LINE]

W (8218801) WIFI: Disconnected from AP, reason=201 (NO_AP_FOUND). Retrying connection...

[REDACTED SENSITIVE LINE]

W (8221221) WIFI: Disconnected from AP, reason=201 (NO_AP_FOUND). Retrying connection...

[REDACTED SENSITIVE LINE]

W (8223641) WIFI: Disconnected from AP, reason=201 (NO_AP_FOUND). Retrying connection...

[REDACTED SENSITIVE LINE]

W (8226061) WIFI: Disconnected from AP, reason=201 (NO_AP_FOUND). Retrying connection...

[REDACTED SENSITIVE LINE]

W (8228481) WIFI: Disconnected from AP, reason=201 (NO_AP_FOUND). Retrying connection...

[REDACTED SENSITIVE LINE]

W (8230911) WIFI: Disconnected from AP, reason=201 (NO_AP_FOUND). Retrying connection...

[REDACTED SENSITIVE LINE]

W (8233331) WIFI: Disconnected from AP, reason=201 (NO_AP_FOUND). Retrying connection...

[REDACTED SENSITIVE LINE]

I (8234701) NETWORK: NETWORK_TIME_SYNCED_BIT cleared before=0x0 after=0x0

W (8234701) WIFI: Lost IP address

W (8235751) WIFI: Disconnected from AP, reason=201 (NO_AP_FOUND). Retrying connection...

[REDACTED SENSITIVE LINE]

W (8238171) WIFI: Disconnected from AP, reason=201 (NO_AP_FOUND). Retrying connection...

[REDACTED SENSITIVE LINE]

W (8240591) WIFI: Disconnected from AP, reason=201 (NO_AP_FOUND). Retrying connection...

[REDACTED SENSITIVE LINE]

W (8243011) WIFI: Disconnected from AP, reason=201 (NO_AP_FOUND). Retrying connection...

[REDACTED SENSITIVE LINE]

W (8245431) WIFI: Disconnected from AP, reason=201 (NO_AP_FOUND). Retrying connection...

[REDACTED SENSITIVE LINE]

W (8247851) WIFI: Disconnected from AP, reason=201 (NO_AP_FOUND). Retrying connection...

[REDACTED SENSITIVE LINE]

W (8250271) WIFI: Disconnected from AP, reason=201 (NO_AP_FOUND). Retrying connection...

[REDACTED SENSITIVE LINE]

W (8252701) WIFI: Disconnected from AP, reason=201 (NO_AP_FOUND). Retrying connection...

[REDACTED SENSITIVE LINE]

W (8255121) WIFI: Disconnected from AP, reason=201 (NO_AP_FOUND). Retrying connection...

[REDACTED SENSITIVE LINE]

W (8257541) WIFI: Disconnected from AP, reason=201 (NO_AP_FOUND). Retrying connection...

[REDACTED SENSITIVE LINE]

W (8259961) WIFI: Disconnected from AP, reason=201 (NO_AP_FOUND). Retrying connection...

[REDACTED SENSITIVE LINE]

W (8262381) WIFI: Disconnected from AP, reason=201 (NO_AP_FOUND). Retrying connection...

[REDACTED SENSITIVE LINE]

W (8264801) WIFI: Disconnected from AP, reason=201 (NO_AP_FOUND). Retrying connection...

[REDACTED SENSITIVE LINE]

W (8267221) WIFI: Disconnected from AP, reason=201 (NO_AP_FOUND). Retrying connection...

[REDACTED SENSITIVE LINE]

W (8269641) WIFI: Disconnected from AP, reason=201 (NO_AP_FOUND). Retrying connection...

[REDACTED SENSITIVE LINE]

W (8272061) WIFI: Disconnected from AP, reason=201 (NO_AP_FOUND). Retrying connection...

[REDACTED SENSITIVE LINE]

W (8274481) WIFI: Disconnected from AP, reason=201 (NO_AP_FOUND). Retrying connection...

[REDACTED SENSITIVE LINE]

W (8276911) WIFI: Disconnected from AP, reason=201 (NO_AP_FOUND). Retrying connection...

[REDACTED SENSITIVE LINE]

W (8279331) WIFI: Disconnected from AP, reason=201 (NO_AP_FOUND). Retrying connection...

[REDACTED SENSITIVE LINE]

W (8281751) WIFI: Disconnected from AP, reason=201 (NO_AP_FOUND). Retrying connection...

[REDACTED SENSITIVE LINE]

W (8284171) WIFI: Disconnected from AP, reason=201 (NO_AP_FOUND). Retrying connection...

[REDACTED SENSITIVE LINE]

W (8286591) WIFI: Disconnected from AP, reason=201 (NO_AP_FOUND). Retrying connection...

[REDACTED SENSITIVE LINE]

W (8289011) WIFI: Disconnected from AP, reason=201 (NO_AP_FOUND). Retrying connection...

[REDACTED SENSITIVE LINE]

W (8291431) WIFI: Disconnected from AP, reason=201 (NO_AP_FOUND). Retrying connection...

[REDACTED SENSITIVE LINE]

W (8293851) WIFI: Disconnected from AP, reason=201 (NO_AP_FOUND). Retrying connection...

[REDACTED SENSITIVE LINE]

W (8296271) WIFI: Disconnected from AP, reason=201 (NO_AP_FOUND). Retrying connection...

[REDACTED SENSITIVE LINE]

W (8298691) WIFI: Disconnected from AP, reason=201 (NO_AP_FOUND). Retrying connection...

[REDACTED SENSITIVE LINE]

W (8301121) WIFI: Disconnected from AP, reason=201 (NO_AP_FOUND). Retrying connection...

[REDACTED SENSITIVE LINE]

W (8303541) WIFI: Disconnected from AP, reason=201 (NO_AP_FOUND). Retrying connection...

[REDACTED SENSITIVE LINE]

W (8305961) WIFI: Disconnected from AP, reason=201 (NO_AP_FOUND). Retrying connection...

[REDACTED SENSITIVE LINE]

W (8308381) WIFI: Disconnected from AP, reason=201 (NO_AP_FOUND). Retrying connection...

[REDACTED SENSITIVE LINE]

W (8310801) WIFI: Disconnected from AP, reason=201 (NO_AP_FOUND). Retrying connection...

[REDACTED SENSITIVE LINE]

W (8313221) WIFI: Disconnected from AP, reason=201 (NO_AP_FOUND). Retrying connection...

[REDACTED SENSITIVE LINE]

W (8315641) WIFI: Disconnected from AP, reason=201 (NO_AP_FOUND). Retrying connection...

[REDACTED SENSITIVE LINE]

W (8318061) WIFI: Disconnected from AP, reason=201 (NO_AP_FOUND). Retrying connection...

[REDACTED SENSITIVE LINE]

W (8320481) WIFI: Disconnected from AP, reason=201 (NO_AP_FOUND). Retrying connection...

[REDACTED SENSITIVE LINE]

W (8322901) WIFI: Disconnected from AP, reason=201 (NO_AP_FOUND). Retrying connection...

[REDACTED SENSITIVE LINE]

W (8325331) WIFI: Disconnected from AP, reason=201 (NO_AP_FOUND). Retrying connection...

[REDACTED SENSITIVE LINE]

W (8327751) WIFI: Disconnected from AP, reason=201 (NO_AP_FOUND). Retrying connection...

[REDACTED SENSITIVE LINE]

W (8330171) WIFI: Disconnected from AP, reason=201 (NO_AP_FOUND). Retrying connection...

[REDACTED SENSITIVE LINE]

W (8332591) WIFI: Disconnected from AP, reason=201 (NO_AP_FOUND). Retrying connection...

[REDACTED SENSITIVE LINE]

W (8335011) WIFI: Disconnected from AP, reason=201 (NO_AP_FOUND). Retrying connection...

[REDACTED SENSITIVE LINE]

W (8337431) WIFI: Disconnected from AP, reason=201 (NO_AP_FOUND). Retrying connection...

[REDACTED SENSITIVE LINE]

W (8339851) WIFI: Disconnected from AP, reason=201 (NO_AP_FOUND). Retrying connection...

[REDACTED SENSITIVE LINE]

W (8342271) WIFI: Disconnected from AP, reason=201 (NO_AP_FOUND). Retrying connection...

[REDACTED SENSITIVE LINE]

W (8344691) WIFI: Disconnected from AP, reason=201 (NO_AP_FOUND). Retrying connection...

[REDACTED SENSITIVE LINE]

W (8347111) WIFI: Disconnected from AP, reason=201 (NO_AP_FOUND). Retrying connection...

[REDACTED SENSITIVE LINE]

W (8349541) WIFI: Disconnected from AP, reason=201 (NO_AP_FOUND). Retrying connection...

[REDACTED SENSITIVE LINE]

W (8351961) WIFI: Disconnected from AP, reason=201 (NO_AP_FOUND). Retrying connection...

[REDACTED SENSITIVE LINE]

W (8354381) WIFI: Disconnected from AP, reason=201 (NO_AP_FOUND). Retrying connection...

[REDACTED SENSITIVE LINE]

I (8355751) NETWORK: NETWORK_TIME_SYNCED_BIT cleared before=0x0 after=0x0

W (8355751) WIFI: Lost IP address

W (8356801) WIFI: Disconnected from AP, reason=201 (NO_AP_FOUND). Retrying connection...

[REDACTED SENSITIVE LINE]

W (8359221) WIFI: Disconnected from AP, reason=201 (NO_AP_FOUND). Retrying connection...

[REDACTED SENSITIVE LINE]

W (8361641) WIFI: Disconnected from AP, reason=201 (NO_AP_FOUND). Retrying connection...

[REDACTED SENSITIVE LINE]

W (8364061) WIFI: Disconnected from AP, reason=201 (NO_AP_FOUND). Retrying connection...

[REDACTED SENSITIVE LINE]

W (8366481) WIFI: Disconnected from AP, reason=201 (NO_AP_FOUND). Retrying connection...

[REDACTED SENSITIVE LINE]

W (8368901) WIFI: Disconnected from AP, reason=201 (NO_AP_FOUND). Retrying connection...

[REDACTED SENSITIVE LINE]

W (8371321) WIFI: Disconnected from AP, reason=201 (NO_AP_FOUND). Retrying connection...

[REDACTED SENSITIVE LINE]

W (8373751) WIFI: Disconnected from AP, reason=201 (NO_AP_FOUND). Retrying connection...

[REDACTED SENSITIVE LINE]

W (8376171) WIFI: Disconnected from AP, reason=201 (NO_AP_FOUND). Retrying connection...

[REDACTED SENSITIVE LINE]

W (8378591) WIFI: Disconnected from AP, reason=201 (NO_AP_FOUND). Retrying connection...

[REDACTED SENSITIVE LINE]

W (8381011) WIFI: Disconnected from AP, reason=201 (NO_AP_FOUND). Retrying connection...

[REDACTED SENSITIVE LINE]

W (8383431) WIFI: Disconnected from AP, reason=201 (NO_AP_FOUND). Retrying connection...

[REDACTED SENSITIVE LINE]

W (8385851) WIFI: Disconnected from AP, reason=201 (NO_AP_FOUND). Retrying connection...

[REDACTED SENSITIVE LINE]

W (8388271) WIFI: Disconnected from AP, reason=201 (NO_AP_FOUND). Retrying connection...

[REDACTED SENSITIVE LINE]

W (8390691) WIFI: Disconnected from AP, reason=201 (NO_AP_FOUND). Retrying connection...

[REDACTED SENSITIVE LINE]

W (8393111) WIFI: Disconnected from AP, reason=201 (NO_AP_FOUND). Retrying connection...

[REDACTED SENSITIVE LINE]

W (8395531) WIFI: Disconnected from AP, reason=201 (NO_AP_FOUND). Retrying connection...

[REDACTED SENSITIVE LINE]

W (8397961) WIFI: Disconnected from AP, reason=201 (NO_AP_FOUND). Retrying connection...

[REDACTED SENSITIVE LINE]

W (8400381) WIFI: Disconnected from AP, reason=201 (NO_AP_FOUND). Retrying connection...

[REDACTED SENSITIVE LINE]

W (8402801) WIFI: Disconnected from AP, reason=201 (NO_AP_FOUND). Retrying connection...

[REDACTED SENSITIVE LINE]

W (8405221) WIFI: Disconnected from AP, reason=201 (NO_AP_FOUND). Retrying connection...

[REDACTED SENSITIVE LINE]

W (8407641) WIFI: Disconnected from AP, reason=201 (NO_AP_FOUND). Retrying connection...

[REDACTED SENSITIVE LINE]

W (8410061) WIFI: Disconnected from AP, reason=201 (NO_AP_FOUND). Retrying connection...

[REDACTED SENSITIVE LINE]

W (8412481) WIFI: Disconnected from AP, reason=201 (NO_AP_FOUND). Retrying connection...

[REDACTED SENSITIVE LINE]

W (8414901) WIFI: Disconnected from AP, reason=201 (NO_AP_FOUND). Retrying connection...

[REDACTED SENSITIVE LINE]

W (8417321) WIFI: Disconnected from AP, reason=201 (NO_AP_FOUND). Retrying connection...

[REDACTED SENSITIVE LINE]

W (8419741) WIFI: Disconnected from AP, reason=201 (NO_AP_FOUND). Retrying connection...

[REDACTED SENSITIVE LINE]

W (8422171) WIFI: Disconnected from AP, reason=201 (NO_AP_FOUND). Retrying connection...

[REDACTED SENSITIVE LINE]

W (8424591) WIFI: Disconnected from AP, reason=201 (NO_AP_FOUND). Retrying connection...

[REDACTED SENSITIVE LINE]

W (8427011) WIFI: Disconnected from AP, reason=201 (NO_AP_FOUND). Retrying connection...

[REDACTED SENSITIVE LINE]

W (8429431) WIFI: Disconnected from AP, reason=201 (NO_AP_FOUND). Retrying connection...

[REDACTED SENSITIVE LINE]

W (8431851) WIFI: Disconnected from AP, reason=201 (NO_AP_FOUND). Retrying connection...

[REDACTED SENSITIVE LINE]

W (8434271) WIFI: Disconnected from AP, reason=201 (NO_AP_FOUND). Retrying connection...

[REDACTED SENSITIVE LINE]

W (8436691) WIFI: Disconnected from AP, reason=201 (NO_AP_FOUND). Retrying connection...

[REDACTED SENSITIVE LINE]

W (8439111) WIFI: Disconnected from AP, reason=201 (NO_AP_FOUND). Retrying connection...

[REDACTED SENSITIVE LINE]

W (8441531) WIFI: Disconnected from AP, reason=201 (NO_AP_FOUND). Retrying connection...

[REDACTED SENSITIVE LINE]

W (8443951) WIFI: Disconnected from AP, reason=201 (NO_AP_FOUND). Retrying connection...

[REDACTED SENSITIVE LINE]

W (8446381) WIFI: Disconnected from AP, reason=201 (NO_AP_FOUND). Retrying connection...

[REDACTED SENSITIVE LINE]

W (8448801) WIFI: Disconnected from AP, reason=201 (NO_AP_FOUND). Retrying connection...

[REDACTED SENSITIVE LINE]

W (8451221) WIFI: Disconnected from AP, reason=201 (NO_AP_FOUND). Retrying connection...

[REDACTED SENSITIVE LINE]

W (8453641) WIFI: Disconnected from AP, reason=201 (NO_AP_FOUND). Retrying connection...

[REDACTED SENSITIVE LINE]

W (8456061) WIFI: Disconnected from AP, reason=201 (NO_AP_FOUND). Retrying connection...

[REDACTED SENSITIVE LINE]

W (8458481) WIFI: Disconnected from AP, reason=201 (NO_AP_FOUND). Retrying connection...

[REDACTED SENSITIVE LINE]

W (8460901) WIFI: Disconnected from AP, reason=201 (NO_AP_FOUND). Retrying connection...

[REDACTED SENSITIVE LINE]

W (8463321) WIFI: Disconnected from AP, reason=201 (NO_AP_FOUND). Retrying connection...

[REDACTED SENSITIVE LINE]

W (8465741) WIFI: Disconnected from AP, reason=201 (NO_AP_FOUND). Retrying connection...

[REDACTED SENSITIVE LINE]

W (8468161) WIFI: Disconnected from AP, reason=201 (NO_AP_FOUND). Retrying connection...

[REDACTED SENSITIVE LINE]

W (8470591) WIFI: Disconnected from AP, reason=201 (NO_AP_FOUND). Retrying connection...

[REDACTED SENSITIVE LINE]

W (8473011) WIFI: Disconnected from AP, reason=201 (NO_AP_FOUND). Retrying connection...

[REDACTED SENSITIVE LINE]

W (8475431) WIFI: Disconnected from AP, reason=201 (NO_AP_FOUND). Retrying connection...

[REDACTED SENSITIVE LINE]

I (8476801) NETWORK: NETWORK_TIME_SYNCED_BIT cleared before=0x0 after=0x0

W (8476801) WIFI: Lost IP address

W (8477851) WIFI: Disconnected from AP, reason=201 (NO_AP_FOUND). Retrying connection...

[REDACTED SENSITIVE LINE]

W (8480271) WIFI: Disconnected from AP, reason=201 (NO_AP_FOUND). Retrying connection...

[REDACTED SENSITIVE LINE]

W (8482691) WIFI: Disconnected from AP, reason=201 (NO_AP_FOUND). Retrying connection...

[REDACTED SENSITIVE LINE]

W (8485111) WIFI: Disconnected from AP, reason=201 (NO_AP_FOUND). Retrying connection...

[REDACTED SENSITIVE LINE]

W (8487531) WIFI: Disconnected from AP, reason=201 (NO_AP_FOUND). Retrying connection...

[REDACTED SENSITIVE LINE]

W (8489951) WIFI: Disconnected from AP, reason=201 (NO_AP_FOUND). Retrying connection...

[REDACTED SENSITIVE LINE]

W (8492371) WIFI: Disconnected from AP, reason=201 (NO_AP_FOUND). Retrying connection...

[REDACTED SENSITIVE LINE]

W (8494801) WIFI: Disconnected from AP, reason=201 (NO_AP_FOUND). Retrying connection...

[REDACTED SENSITIVE LINE]

W (8497221) WIFI: Disconnected from AP, reason=201 (NO_AP_FOUND). Retrying connection...

[REDACTED SENSITIVE LINE]

W (8499641) WIFI: Disconnected from AP, reason=201 (NO_AP_FOUND). Retrying connection...

[REDACTED SENSITIVE LINE]

W (8502061) WIFI: Disconnected from AP, reason=201 (NO_AP_FOUND). Retrying connection...

[REDACTED SENSITIVE LINE]

W (8504481) WIFI: Disconnected from AP, reason=201 (NO_AP_FOUND). Retrying connection...

[REDACTED SENSITIVE LINE]

W (8506901) WIFI: Disconnected from AP, reason=201 (NO_AP_FOUND). Retrying connection...

[REDACTED SENSITIVE LINE]

W (8509321) WIFI: Disconnected from AP, reason=201 (NO_AP_FOUND). Retrying connection...

[REDACTED SENSITIVE LINE]

W (8511741) WIFI: Disconnected from AP, reason=201 (NO_AP_FOUND). Retrying connection...

[REDACTED SENSITIVE LINE]

W (8514161) WIFI: Disconnected from AP, reason=201 (NO_AP_FOUND). Retrying connection...

[REDACTED SENSITIVE LINE]

W (8516581) WIFI: Disconnected from AP, reason=201 (NO_AP_FOUND). Retrying connection...

[REDACTED SENSITIVE LINE]

W (8519001) WIFI: Disconnected from AP, reason=201 (NO_AP_FOUND). Retrying connection...

[REDACTED SENSITIVE LINE]

W (8521431) WIFI: Disconnected from AP, reason=201 (NO_AP_FOUND). Retrying connection...

[REDACTED SENSITIVE LINE]

W (8523851) WIFI: Disconnected from AP, reason=201 (NO_AP_FOUND). Retrying connection...

[REDACTED SENSITIVE LINE]

W (8526271) WIFI: Disconnected from AP, reason=201 (NO_AP_FOUND). Retrying connection...

[REDACTED SENSITIVE LINE]

W (8528691) WIFI: Disconnected from AP, reason=201 (NO_AP_FOUND). Retrying connection...

[REDACTED SENSITIVE LINE]

W (8531111) WIFI: Disconnected from AP, reason=201 (NO_AP_FOUND). Retrying connection...

[REDACTED SENSITIVE LINE]

W (8533531) WIFI: Disconnected from AP, reason=201 (NO_AP_FOUND). Retrying connection...

[REDACTED SENSITIVE LINE]

W (8535951) WIFI: Disconnected from AP, reason=201 (NO_AP_FOUND). Retrying connection...

[REDACTED SENSITIVE LINE]

W (8538371) WIFI: Disconnected from AP, reason=201 (NO_AP_FOUND). Retrying connection...

[REDACTED SENSITIVE LINE]

W (8540791) WIFI: Disconnected from AP, reason=201 (NO_AP_FOUND). Retrying connection...

[REDACTED SENSITIVE LINE]

W (8543211) WIFI: Disconnected from AP, reason=201 (NO_AP_FOUND). Retrying connection...

[REDACTED SENSITIVE LINE]

W (8545641) WIFI: Disconnected from AP, reason=201 (NO_AP_FOUND). Retrying connection...

[REDACTED SENSITIVE LINE]

W (8548061) WIFI: Disconnected from AP, reason=201 (NO_AP_FOUND). Retrying connection...

[REDACTED SENSITIVE LINE]

W (8550481) WIFI: Disconnected from AP, reason=201 (NO_AP_FOUND). Retrying connection...

[REDACTED SENSITIVE LINE]

W (8552901) WIFI: Disconnected from AP, reason=201 (NO_AP_FOUND). Retrying connection...

[REDACTED SENSITIVE LINE]

W (8555321) WIFI: Disconnected from AP, reason=201 (NO_AP_FOUND). Retrying connection...

[REDACTED SENSITIVE LINE]

W (8557741) WIFI: Disconnected from AP, reason=201 (NO_AP_FOUND). Retrying connection...

[REDACTED SENSITIVE LINE]

W (8560161) WIFI: Disconnected from AP, reason=201 (NO_AP_FOUND). Retrying connection...

[REDACTED SENSITIVE LINE]

W (8562581) WIFI: Disconnected from AP, reason=201 (NO_AP_FOUND). Retrying connection...

[REDACTED SENSITIVE LINE]

W (8565001) WIFI: Disconnected from AP, reason=201 (NO_AP_FOUND). Retrying connection...

[REDACTED SENSITIVE LINE]

W (8567421) WIFI: Disconnected from AP, reason=201 (NO_AP_FOUND). Retrying connection...

[REDACTED SENSITIVE LINE]

W (8569851) WIFI: Disconnected from AP, reason=201 (NO_AP_FOUND). Retrying connection...

[REDACTED SENSITIVE LINE]

W (8572271) WIFI: Disconnected from AP, reason=201 (NO_AP_FOUND). Retrying connection...

[REDACTED SENSITIVE LINE]

W (8574691) WIFI: Disconnected from AP, reason=201 (NO_AP_FOUND). Retrying connection...

[REDACTED SENSITIVE LINE]

W (8577111) WIFI: Disconnected from AP, reason=201 (NO_AP_FOUND). Retrying connection...

[REDACTED SENSITIVE LINE]

W (8579531) WIFI: Disconnected from AP, reason=201 (NO_AP_FOUND). Retrying connection...

[REDACTED SENSITIVE LINE]

W (8581951) WIFI: Disconnected from AP, reason=201 (NO_AP_FOUND). Retrying connection...

[REDACTED SENSITIVE LINE]

W (8584371) WIFI: Disconnected from AP, reason=201 (NO_AP_FOUND). Retrying connection...

[REDACTED SENSITIVE LINE]

W (8586791) WIFI: Disconnected from AP, reason=201 (NO_AP_FOUND). Retrying connection...

[REDACTED SENSITIVE LINE]

W (8589211) WIFI: Disconnected from AP, reason=201 (NO_AP_FOUND). Retrying connection...

[REDACTED SENSITIVE LINE]

W (8591631) WIFI: Disconnected from AP, reason=201 (NO_AP_FOUND). Retrying connection...

[REDACTED SENSITIVE LINE]

W (8594061) WIFI: Disconnected from AP, reason=201 (NO_AP_FOUND). Retrying connection...

[REDACTED SENSITIVE LINE]

W (8596481) WIFI: Disconnected from AP, reason=201 (NO_AP_FOUND). Retrying connection...

[REDACTED SENSITIVE LINE]

I (8597851) NETWORK: NETWORK_TIME_SYNCED_BIT cleared before=0x0 after=0x0

W (8597851) WIFI: Lost IP address

W (8598901) WIFI: Disconnected from AP, reason=201 (NO_AP_FOUND). Retrying connection...

[REDACTED SENSITIVE LINE]

W (8601321) WIFI: Disconnected from AP, reason=201 (NO_AP_FOUND). Retrying connection...

[REDACTED SENSITIVE LINE]

W (8603741) WIFI: Disconnected from AP, reason=201 (NO_AP_FOUND). Retrying connection...

[REDACTED SENSITIVE LINE]

W (8606161) WIFI: Disconnected from AP, reason=201 (NO_AP_FOUND). Retrying connection...

[REDACTED SENSITIVE LINE]

W (8608581) WIFI: Disconnected from AP, reason=201 (NO_AP_FOUND). Retrying connection...

[REDACTED SENSITIVE LINE]

W (8611001) WIFI: Disconnected from AP, reason=201 (NO_AP_FOUND). Retrying connection...

[REDACTED SENSITIVE LINE]

W (8613421) WIFI: Disconnected from AP, reason=201 (NO_AP_FOUND). Retrying connection...

[REDACTED SENSITIVE LINE]

W (8615841) WIFI: Disconnected from AP, reason=201 (NO_AP_FOUND). Retrying connection...

[REDACTED SENSITIVE LINE]

W (8618271) WIFI: Disconnected from AP, reason=201 (NO_AP_FOUND). Retrying connection...

[REDACTED SENSITIVE LINE]

W (8620691) WIFI: Disconnected from AP, reason=201 (NO_AP_FOUND). Retrying connection...

[REDACTED SENSITIVE LINE]

W (8623111) WIFI: Disconnected from AP, reason=201 (NO_AP_FOUND). Retrying connection...

[REDACTED SENSITIVE LINE]

W (8625531) WIFI: Disconnected from AP, reason=201 (NO_AP_FOUND). Retrying connection...

[REDACTED SENSITIVE LINE]

W (8627951) WIFI: Disconnected from AP, reason=201 (NO_AP_FOUND). Retrying connection...

[REDACTED SENSITIVE LINE]

W (8630371) WIFI: Disconnected from AP, reason=201 (NO_AP_FOUND). Retrying connection...

[REDACTED SENSITIVE LINE]

W (8632791) WIFI: Disconnected from AP, reason=201 (NO_AP_FOUND). Retrying connection...

[REDACTED SENSITIVE LINE]

W (8635211) WIFI: Disconnected from AP, reason=201 (NO_AP_FOUND). Retrying connection...

[REDACTED SENSITIVE LINE]

W (8637631) WIFI: Disconnected from AP, reason=201 (NO_AP_FOUND). Retrying connection...

[REDACTED SENSITIVE LINE]

W (8640051) WIFI: Disconnected from AP, reason=201 (NO_AP_FOUND). Retrying connection...

[REDACTED SENSITIVE LINE]

W (8642481) WIFI: Disconnected from AP, reason=201 (NO_AP_FOUND). Retrying connection...

[REDACTED SENSITIVE LINE]

W (8644901) WIFI: Disconnected from AP, reason=201 (NO_AP_FOUND). Retrying connection...

[REDACTED SENSITIVE LINE]

W (8647321) WIFI: Disconnected from AP, reason=201 (NO_AP_FOUND). Retrying connection...

[REDACTED SENSITIVE LINE]

W (8649741) WIFI: Disconnected from AP, reason=201 (NO_AP_FOUND). Retrying connection...

[REDACTED SENSITIVE LINE]

W (8652161) WIFI: Disconnected from AP, reason=201 (NO_AP_FOUND). Retrying connection...

[REDACTED SENSITIVE LINE]

W (8654581) WIFI: Disconnected from AP, reason=201 (NO_AP_FOUND). Retrying connection...

[REDACTED SENSITIVE LINE]

W (8657001) WIFI: Disconnected from AP, reason=201 (NO_AP_FOUND). Retrying connection...

[REDACTED SENSITIVE LINE]

W (8659421) WIFI: Disconnected from AP, reason=201 (NO_AP_FOUND). Retrying connection...

[REDACTED SENSITIVE LINE]

W (8661841) WIFI: Disconnected from AP, reason=201 (NO_AP_FOUND). Retrying connection...

[REDACTED SENSITIVE LINE]

W (8664261) WIFI: Disconnected from AP, reason=201 (NO_AP_FOUND). Retrying connection...

[REDACTED SENSITIVE LINE]

W (8666691) WIFI: Disconnected from AP, reason=201 (NO_AP_FOUND). Retrying connection...

[REDACTED SENSITIVE LINE]

W (8669111) WIFI: Disconnected from AP, reason=201 (NO_AP_FOUND). Retrying connection...

[REDACTED SENSITIVE LINE]

W (8671531) WIFI: Disconnected from AP, reason=201 (NO_AP_FOUND). Retrying connection...

[REDACTED SENSITIVE LINE]

W (8673951) WIFI: Disconnected from AP, reason=201 (NO_AP_FOUND). Retrying connection...

[REDACTED SENSITIVE LINE]

W (8676371) WIFI: Disconnected from AP, reason=201 (NO_AP_FOUND). Retrying connection...

[REDACTED SENSITIVE LINE]

W (8678791) WIFI: Disconnected from AP, reason=201 (NO_AP_FOUND). Retrying connection...

[REDACTED SENSITIVE LINE]

W (8681211) WIFI: Disconnected from AP, reason=201 (NO_AP_FOUND). Retrying connection...

[REDACTED SENSITIVE LINE]

W (8683631) WIFI: Disconnected from AP, reason=201 (NO_AP_FOUND). Retrying connection...

[REDACTED SENSITIVE LINE]

W (8686051) WIFI: Disconnected from AP, reason=201 (NO_AP_FOUND). Retrying connection...

[REDACTED SENSITIVE LINE]

W (8688471) WIFI: Disconnected from AP, reason=201 (NO_AP_FOUND). Retrying connection...

[REDACTED SENSITIVE LINE]

W (8690901) WIFI: Disconnected from AP, reason=201 (NO_AP_FOUND). Retrying connection...

[REDACTED SENSITIVE LINE]

W (8693321) WIFI: Disconnected from AP, reason=201 (NO_AP_FOUND). Retrying connection...

[REDACTED SENSITIVE LINE]

W (8695741) WIFI: Disconnected from AP, reason=201 (NO_AP_FOUND). Retrying connection...

[REDACTED SENSITIVE LINE]

W (8698161) WIFI: Disconnected from AP, reason=201 (NO_AP_FOUND). Retrying connection...

[REDACTED SENSITIVE LINE]

W (8700581) WIFI: Disconnected from AP, reason=201 (NO_AP_FOUND). Retrying connection...

[REDACTED SENSITIVE LINE]

W (8703001) WIFI: Disconnected from AP, reason=201 (NO_AP_FOUND). Retrying connection...

[REDACTED SENSITIVE LINE]

W (8705421) WIFI: Disconnected from AP, reason=201 (NO_AP_FOUND). Retrying connection...

[REDACTED SENSITIVE LINE]

W (8707841) WIFI: Disconnected from AP, reason=201 (NO_AP_FOUND). Retrying connection...

[REDACTED SENSITIVE LINE]

W (8710261) WIFI: Disconnected from AP, reason=201 (NO_AP_FOUND). Retrying connection...

[REDACTED SENSITIVE LINE]

W (8712681) WIFI: Disconnected from AP, reason=201 (NO_AP_FOUND). Retrying connection...

[REDACTED SENSITIVE LINE]

W (8715111) WIFI: Disconnected from AP, reason=201 (NO_AP_FOUND). Retrying connection...

[REDACTED SENSITIVE LINE]

W (8717531) WIFI: Disconnected from AP, reason=201 (NO_AP_FOUND). Retrying connection...

[REDACTED SENSITIVE LINE]

I (8718901) NETWORK: NETWORK_TIME_SYNCED_BIT cleared before=0x0 after=0x0

W (8718901) WIFI: Lost IP address

W (8719951) WIFI: Disconnected from AP, reason=201 (NO_AP_FOUND). Retrying connection...

[REDACTED SENSITIVE LINE]

W (8722371) WIFI: Disconnected from AP, reason=201 (NO_AP_FOUND). Retrying connection...

[REDACTED SENSITIVE LINE]

W (8724791) WIFI: Disconnected from AP, reason=201 (NO_AP_FOUND). Retrying connection...

[REDACTED SENSITIVE LINE]

W (8727211) WIFI: Disconnected from AP, reason=201 (NO_AP_FOUND). Retrying connection...

[REDACTED SENSITIVE LINE]

W (8729631) WIFI: Disconnected from AP, reason=201 (NO_AP_FOUND). Retrying connection...

[REDACTED SENSITIVE LINE]

W (8732051) WIFI: Disconnected from AP, reason=201 (NO_AP_FOUND). Retrying connection...

[REDACTED SENSITIVE LINE]

W (8734471) WIFI: Disconnected from AP, reason=201 (NO_AP_FOUND). Retrying connection...

[REDACTED SENSITIVE LINE]

W (8736901) WIFI: Disconnected from AP, reason=201 (NO_AP_FOUND). Retrying connection...

[REDACTED SENSITIVE LINE]

W (8739321) WIFI: Disconnected from AP, reason=201 (NO_AP_FOUND). Retrying connection...

[REDACTED SENSITIVE LINE]

W (8741741) WIFI: Disconnected from AP, reason=201 (NO_AP_FOUND). Retrying connection...

[REDACTED SENSITIVE LINE]

W (8744161) WIFI: Disconnected from AP, reason=201 (NO_AP_FOUND). Retrying connection...

[REDACTED SENSITIVE LINE]

W (8746581) WIFI: Disconnected from AP, reason=201 (NO_AP_FOUND). Retrying connection...

[REDACTED SENSITIVE LINE]

W (8749001) WIFI: Disconnected from AP, reason=201 (NO_AP_FOUND). Retrying connection...

[REDACTED SENSITIVE LINE]

W (8751421) WIFI: Disconnected from AP, reason=201 (NO_AP_FOUND). Retrying connection...

[REDACTED SENSITIVE LINE]

W (8753841) WIFI: Disconnected from AP, reason=201 (NO_AP_FOUND). Retrying connection...

[REDACTED SENSITIVE LINE]

W (8756261) WIFI: Disconnected from AP, reason=201 (NO_AP_FOUND). Retrying connection...

[REDACTED SENSITIVE LINE]

W (8758681) WIFI: Disconnected from AP, reason=201 (NO_AP_FOUND). Retrying connection...

[REDACTED SENSITIVE LINE]

W (8761101) WIFI: Disconnected from AP, reason=201 (NO_AP_FOUND). Retrying connection...

[REDACTED SENSITIVE LINE]

W (8763531) WIFI: Disconnected from AP, reason=201 (NO_AP_FOUND). Retrying connection...

[REDACTED SENSITIVE LINE]

W (8765951) WIFI: Disconnected from AP, reason=201 (NO_AP_FOUND). Retrying connection...

[REDACTED SENSITIVE LINE]

W (8768371) WIFI: Disconnected from AP, reason=201 (NO_AP_FOUND). Retrying connection...

[REDACTED SENSITIVE LINE]

W (8770791) WIFI: Disconnected from AP, reason=201 (NO_AP_FOUND). Retrying connection...

[REDACTED SENSITIVE LINE]

W (8773211) WIFI: Disconnected from AP, reason=201 (NO_AP_FOUND). Retrying connection...

[REDACTED SENSITIVE LINE]

W (8775631) WIFI: Disconnected from AP, reason=201 (NO_AP_FOUND). Retrying connection...

[REDACTED SENSITIVE LINE]

W (8778051) WIFI: Disconnected from AP, reason=201 (NO_AP_FOUND). Retrying connection...

[REDACTED SENSITIVE LINE]

W (8780471) WIFI: Disconnected from AP, reason=201 (NO_AP_FOUND). Retrying connection...

[REDACTED SENSITIVE LINE]

W (8782891) WIFI: Disconnected from AP, reason=201 (NO_AP_FOUND). Retrying connection...

[REDACTED SENSITIVE LINE]

W (8785311) WIFI: Disconnected from AP, reason=201 (NO_AP_FOUND). Retrying connection...

[REDACTED SENSITIVE LINE]

W (8787741) WIFI: Disconnected from AP, reason=201 (NO_AP_FOUND). Retrying connection...

[REDACTED SENSITIVE LINE]

W (8790161) WIFI: Disconnected from AP, reason=201 (NO_AP_FOUND). Retrying connection...

[REDACTED SENSITIVE LINE]

W (8792581) WIFI: Disconnected from AP, reason=201 (NO_AP_FOUND). Retrying connection...

[REDACTED SENSITIVE LINE]

W (8795001) WIFI: Disconnected from AP, reason=201 (NO_AP_FOUND). Retrying connection...

[REDACTED SENSITIVE LINE]

W (8797421) WIFI: Disconnected from AP, reason=201 (NO_AP_FOUND). Retrying connection...

[REDACTED SENSITIVE LINE]

W (8799841) WIFI: Disconnected from AP, reason=201 (NO_AP_FOUND). Retrying connection...

[REDACTED SENSITIVE LINE]

W (8802261) WIFI: Disconnected from AP, reason=201 (NO_AP_FOUND). Retrying connection...

[REDACTED SENSITIVE LINE]

W (8804681) WIFI: Disconnected from AP, reason=201 (NO_AP_FOUND). Retrying connection...

[REDACTED SENSITIVE LINE]

W (8807101) WIFI: Disconnected from AP, reason=201 (NO_AP_FOUND). Retrying connection...

[REDACTED SENSITIVE LINE]

W (8809521) WIFI: Disconnected from AP, reason=201 (NO_AP_FOUND). Retrying connection...

[REDACTED SENSITIVE LINE]

W (8811951) WIFI: Disconnected from AP, reason=201 (NO_AP_FOUND). Retrying connection...

[REDACTED SENSITIVE LINE]

W (8814371) WIFI: Disconnected from AP, reason=201 (NO_AP_FOUND). Retrying connection...

[REDACTED SENSITIVE LINE]

W (8816791) WIFI: Disconnected from AP, reason=201 (NO_AP_FOUND). Retrying connection...

[REDACTED SENSITIVE LINE]

W (8819211) WIFI: Disconnected from AP, reason=201 (NO_AP_FOUND). Retrying connection...

[REDACTED SENSITIVE LINE]

W (8821631) WIFI: Disconnected from AP, reason=201 (NO_AP_FOUND). Retrying connection...

[REDACTED SENSITIVE LINE]

W (8824051) WIFI: Disconnected from AP, reason=201 (NO_AP_FOUND). Retrying connection...

[REDACTED SENSITIVE LINE]

W (8826471) WIFI: Disconnected from AP, reason=201 (NO_AP_FOUND). Retrying connection...

[REDACTED SENSITIVE LINE]

W (8828891) WIFI: Disconnected from AP, reason=201 (NO_AP_FOUND). Retrying connection...

[REDACTED SENSITIVE LINE]

W (8831311) WIFI: Disconnected from AP, reason=201 (NO_AP_FOUND). Retrying connection...

[REDACTED SENSITIVE LINE]

W (8833731) WIFI: Disconnected from AP, reason=201 (NO_AP_FOUND). Retrying connection...

[REDACTED SENSITIVE LINE]

W (8836151) WIFI: Disconnected from AP, reason=201 (NO_AP_FOUND). Retrying connection...

[REDACTED SENSITIVE LINE]

W (8838581) WIFI: Disconnected from AP, reason=201 (NO_AP_FOUND). Retrying connection...

[REDACTED SENSITIVE LINE]

I (8839951) NETWORK: NETWORK_TIME_SYNCED_BIT cleared before=0x0 after=0x0

W (8839951) WIFI: Lost IP address

W (8841001) WIFI: Disconnected from AP, reason=201 (NO_AP_FOUND). Retrying connection...

[REDACTED SENSITIVE LINE]

W (8843421) WIFI: Disconnected from AP, reason=201 (NO_AP_FOUND). Retrying connection...

[REDACTED SENSITIVE LINE]

W (8845841) WIFI: Disconnected from AP, reason=201 (NO_AP_FOUND). Retrying connection...

[REDACTED SENSITIVE LINE]

W (8848261) WIFI: Disconnected from AP, reason=201 (NO_AP_FOUND). Retrying connection...

[REDACTED SENSITIVE LINE]

W (8850681) WIFI: Disconnected from AP, reason=201 (NO_AP_FOUND). Retrying connection...

[REDACTED SENSITIVE LINE]

W (8853101) WIFI: Disconnected from AP, reason=201 (NO_AP_FOUND). Retrying connection...

[REDACTED SENSITIVE LINE]

W (8855521) WIFI: Disconnected from AP, reason=201 (NO_AP_FOUND). Retrying connection...

[REDACTED SENSITIVE LINE]

W (8857941) WIFI: Disconnected from AP, reason=201 (NO_AP_FOUND). Retrying connection...

[REDACTED SENSITIVE LINE]

W (8860371) WIFI: Disconnected from AP, reason=201 (NO_AP_FOUND). Retrying connection...

[REDACTED SENSITIVE LINE]

W (8862791) WIFI: Disconnected from AP, reason=201 (NO_AP_FOUND). Retrying connection...

[REDACTED SENSITIVE LINE]

W (8865211) WIFI: Disconnected from AP, reason=201 (NO_AP_FOUND). Retrying connection...

[REDACTED SENSITIVE LINE]

W (8867631) WIFI: Disconnected from AP, reason=201 (NO_AP_FOUND). Retrying connection...

[REDACTED SENSITIVE LINE]

W (8870051) WIFI: Disconnected from AP, reason=201 (NO_AP_FOUND). Retrying connection...

[REDACTED SENSITIVE LINE]

W (8872471) WIFI: Disconnected from AP, reason=201 (NO_AP_FOUND). Retrying connection...

[REDACTED SENSITIVE LINE]

W (8874891) WIFI: Disconnected from AP, reason=201 (NO_AP_FOUND). Retrying connection...

[REDACTED SENSITIVE LINE]

W (8877311) WIFI: Disconnected from AP, reason=201 (NO_AP_FOUND). Retrying connection...

[REDACTED SENSITIVE LINE]

W (8879731) WIFI: Disconnected from AP, reason=201 (NO_AP_FOUND). Retrying connection...

[REDACTED SENSITIVE LINE]

W (8882151) WIFI: Disconnected from AP, reason=201 (NO_AP_FOUND). Retrying connection...

[REDACTED SENSITIVE LINE]

W (8884581) WIFI: Disconnected from AP, reason=201 (NO_AP_FOUND). Retrying connection...

[REDACTED SENSITIVE LINE]

W (8887001) WIFI: Disconnected from AP, reason=201 (NO_AP_FOUND). Retrying connection...

[REDACTED SENSITIVE LINE]

W (8889421) WIFI: Disconnected from AP, reason=201 (NO_AP_FOUND). Retrying connection...

[REDACTED SENSITIVE LINE]

W (8891841) WIFI: Disconnected from AP, reason=201 (NO_AP_FOUND). Retrying connection...

[REDACTED SENSITIVE LINE]

W (8894261) WIFI: Disconnected from AP, reason=201 (NO_AP_FOUND). Retrying connection...

[REDACTED SENSITIVE LINE]

W (8896681) WIFI: Disconnected from AP, reason=201 (NO_AP_FOUND). Retrying connection...

[REDACTED SENSITIVE LINE]

W (8899101) WIFI: Disconnected from AP, reason=201 (NO_AP_FOUND). Retrying connection...

[REDACTED SENSITIVE LINE]

W (8901521) WIFI: Disconnected from AP, reason=201 (NO_AP_FOUND). Retrying connection...

[REDACTED SENSITIVE LINE]

W (8903941) WIFI: Disconnected from AP, reason=201 (NO_AP_FOUND). Retrying connection...

[REDACTED SENSITIVE LINE]

W (8906361) WIFI: Disconnected from AP, reason=201 (NO_AP_FOUND). Retrying connection...

[REDACTED SENSITIVE LINE]

W (8908781) WIFI: Disconnected from AP, reason=201 (NO_AP_FOUND). Retrying connection...

[REDACTED SENSITIVE LINE]

W (8911211) WIFI: Disconnected from AP, reason=201 (NO_AP_FOUND). Retrying connection...

[REDACTED SENSITIVE LINE]

W (8913631) WIFI: Disconnected from AP, reason=201 (NO_AP_FOUND). Retrying connection...

[REDACTED SENSITIVE LINE]

W (8916051) WIFI: Disconnected from AP, reason=201 (NO_AP_FOUND). Retrying connection...

[REDACTED SENSITIVE LINE]

W (8918471) WIFI: Disconnected from AP, reason=201 (NO_AP_FOUND). Retrying connection...

[REDACTED SENSITIVE LINE]

W (8920891) WIFI: Disconnected from AP, reason=201 (NO_AP_FOUND). Retrying connection...

[REDACTED SENSITIVE LINE]

W (8923311) WIFI: Disconnected from AP, reason=201 (NO_AP_FOUND). Retrying connection...

[REDACTED SENSITIVE LINE]

W (8925731) WIFI: Disconnected from AP, reason=201 (NO_AP_FOUND). Retrying connection...

[REDACTED SENSITIVE LINE]

W (8928151) WIFI: Disconnected from AP, reason=201 (NO_AP_FOUND). Retrying connection...

[REDACTED SENSITIVE LINE]

W (8930571) WIFI: Disconnected from AP, reason=201 (NO_AP_FOUND). Retrying connection...

[REDACTED SENSITIVE LINE]

W (8932991) WIFI: Disconnected from AP, reason=201 (NO_AP_FOUND). Retrying connection...

[REDACTED SENSITIVE LINE]

W (8935421) WIFI: Disconnected from AP, reason=201 (NO_AP_FOUND). Retrying connection...

[REDACTED SENSITIVE LINE]

W (8937841) WIFI: Disconnected from AP, reason=201 (NO_AP_FOUND). Retrying connection...

[REDACTED SENSITIVE LINE]

W (8940261) WIFI: Disconnected from AP, reason=201 (NO_AP_FOUND). Retrying connection...

[REDACTED SENSITIVE LINE]

W (8942681) WIFI: Disconnected from AP, reason=201 (NO_AP_FOUND). Retrying connection...

[REDACTED SENSITIVE LINE]

W (8945101) WIFI: Disconnected from AP, reason=201 (NO_AP_FOUND). Retrying connection...

[REDACTED SENSITIVE LINE]

W (8947521) WIFI: Disconnected from AP, reason=201 (NO_AP_FOUND). Retrying connection...

[REDACTED SENSITIVE LINE]

W (8949941) WIFI: Disconnected from AP, reason=201 (NO_AP_FOUND). Retrying connection...

[REDACTED SENSITIVE LINE]

W (8952361) WIFI: Disconnected from AP, reason=201 (NO_AP_FOUND). Retrying connection...

[REDACTED SENSITIVE LINE]

W (8954781) WIFI: Disconnected from AP, reason=201 (NO_AP_FOUND). Retrying connection...

[REDACTED SENSITIVE LINE]

W (8957201) WIFI: Disconnected from AP, reason=201 (NO_AP_FOUND). Retrying connection...

[REDACTED SENSITIVE LINE]

W (8959631) WIFI: Disconnected from AP, reason=201 (NO_AP_FOUND). Retrying connection...

[REDACTED SENSITIVE LINE]

I (8961001) NETWORK: NETWORK_TIME_SYNCED_BIT cleared before=0x0 after=0x0

W (8961001) WIFI: Lost IP address

W (8962051) WIFI: Disconnected from AP, reason=201 (NO_AP_FOUND). Retrying connection...

[REDACTED SENSITIVE LINE]

W (8964471) WIFI: Disconnected from AP, reason=201 (NO_AP_FOUND). Retrying connection...

[REDACTED SENSITIVE LINE]

W (8966891) WIFI: Disconnected from AP, reason=201 (NO_AP_FOUND). Retrying connection...

[REDACTED SENSITIVE LINE]

W (8969311) WIFI: Disconnected from AP, reason=201 (NO_AP_FOUND). Retrying connection...

[REDACTED SENSITIVE LINE]

W (8971731) WIFI: Disconnected from AP, reason=201 (NO_AP_FOUND). Retrying connection...

[REDACTED SENSITIVE LINE]

W (8974151) WIFI: Disconnected from AP, reason=201 (NO_AP_FOUND). Retrying connection...

[REDACTED SENSITIVE LINE]

W (8976571) WIFI: Disconnected from AP, reason=201 (NO_AP_FOUND). Retrying connection...

[REDACTED SENSITIVE LINE]

W (8978991) WIFI: Disconnected from AP, reason=201 (NO_AP_FOUND). Retrying connection...

[REDACTED SENSITIVE LINE]

W (8981411) WIFI: Disconnected from AP, reason=201 (NO_AP_FOUND). Retrying connection...

[REDACTED SENSITIVE LINE]

W (8983841) WIFI: Disconnected from AP, reason=201 (NO_AP_FOUND). Retrying connection...

[REDACTED SENSITIVE LINE]

W (8986261) WIFI: Disconnected from AP, reason=201 (NO_AP_FOUND). Retrying connection...

[REDACTED SENSITIVE LINE]

W (8988681) WIFI: Disconnected from AP, reason=201 (NO_AP_FOUND). Retrying connection...

[REDACTED SENSITIVE LINE]

W (8991101) WIFI: Disconnected from AP, reason=201 (NO_AP_FOUND). Retrying connection...

[REDACTED SENSITIVE LINE]

W (8993521) WIFI: Disconnected from AP, reason=201 (NO_AP_FOUND). Retrying connection...

[REDACTED SENSITIVE LINE]

W (8995941) WIFI: Disconnected from AP, reason=201 (NO_AP_FOUND). Retrying connection...

[REDACTED SENSITIVE LINE]

W (8998361) WIFI: Disconnected from AP, reason=201 (NO_AP_FOUND). Retrying connection...

[REDACTED SENSITIVE LINE]

W (9000781) WIFI: Disconnected from AP, reason=201 (NO_AP_FOUND). Retrying connection...

[REDACTED SENSITIVE LINE]

W (9003201) WIFI: Disconnected from AP, reason=201 (NO_AP_FOUND). Retrying connection...

[REDACTED SENSITIVE LINE]

W (9005621) WIFI: Disconnected from AP, reason=201 (NO_AP_FOUND). Retrying connection...

[REDACTED SENSITIVE LINE]

W (9008051) WIFI: Disconnected from AP, reason=201 (NO_AP_FOUND). Retrying connection...

[REDACTED SENSITIVE LINE]

W (9010471) WIFI: Disconnected from AP, reason=201 (NO_AP_FOUND). Retrying connection...

[REDACTED SENSITIVE LINE]

W (9012891) WIFI: Disconnected from AP, reason=201 (NO_AP_FOUND). Retrying connection...

[REDACTED SENSITIVE LINE]

W (9015311) WIFI: Disconnected from AP, reason=201 (NO_AP_FOUND). Retrying connection...

[REDACTED SENSITIVE LINE]

W (9017731) WIFI: Disconnected from AP, reason=201 (NO_AP_FOUND). Retrying connection...

[REDACTED SENSITIVE LINE]

W (9020151) WIFI: Disconnected from AP, reason=201 (NO_AP_FOUND). Retrying connection...

[REDACTED SENSITIVE LINE]

W (9022571) WIFI: Disconnected from AP, reason=201 (NO_AP_FOUND). Retrying connection...

[REDACTED SENSITIVE LINE]

W (9024991) WIFI: Disconnected from AP, reason=201 (NO_AP_FOUND). Retrying connection...

[REDACTED SENSITIVE LINE]

W (9027411) WIFI: Disconnected from AP, reason=201 (NO_AP_FOUND). Retrying connection...

[REDACTED SENSITIVE LINE]

W (9029831) WIFI: Disconnected from AP, reason=201 (NO_AP_FOUND). Retrying connection...

[REDACTED SENSITIVE LINE]

W (9032261) WIFI: Disconnected from AP, reason=201 (NO_AP_FOUND). Retrying connection...

[REDACTED SENSITIVE LINE]

W (9034681) WIFI: Disconnected from AP, reason=201 (NO_AP_FOUND). Retrying connection...

[REDACTED SENSITIVE LINE]

W (9037101) WIFI: Disconnected from AP, reason=201 (NO_AP_FOUND). Retrying connection...

[REDACTED SENSITIVE LINE]

W (9039521) WIFI: Disconnected from AP, reason=201 (NO_AP_FOUND). Retrying connection...

[REDACTED SENSITIVE LINE]

W (9041941) WIFI: Disconnected from AP, reason=201 (NO_AP_FOUND). Retrying connection...

[REDACTED SENSITIVE LINE]

W (9044361) WIFI: Disconnected from AP, reason=201 (NO_AP_FOUND). Retrying connection...

[REDACTED SENSITIVE LINE]

W (9046781) WIFI: Disconnected from AP, reason=201 (NO_AP_FOUND). Retrying connection...

[REDACTED SENSITIVE LINE]

W (9049201) WIFI: Disconnected from AP, reason=201 (NO_AP_FOUND). Retrying connection...

[REDACTED SENSITIVE LINE]

W (9051621) WIFI: Disconnected from AP, reason=201 (NO_AP_FOUND). Retrying connection...

[REDACTED SENSITIVE LINE]

W (9054041) WIFI: Disconnected from AP, reason=201 (NO_AP_FOUND). Retrying connection...

[REDACTED SENSITIVE LINE]

W (9056471) WIFI: Disconnected from AP, reason=201 (NO_AP_FOUND). Retrying connection...

[REDACTED SENSITIVE LINE]

W (9058891) WIFI: Disconnected from AP, reason=201 (NO_AP_FOUND). Retrying connection...

[REDACTED SENSITIVE LINE]

W (9061311) WIFI: Disconnected from AP, reason=201 (NO_AP_FOUND). Retrying connection...

[REDACTED SENSITIVE LINE]

W (9063731) WIFI: Disconnected from AP, reason=201 (NO_AP_FOUND). Retrying connection...

[REDACTED SENSITIVE LINE]

W (9066151) WIFI: Disconnected from AP, reason=201 (NO_AP_FOUND). Retrying connection...

[REDACTED SENSITIVE LINE]

W (9068571) WIFI: Disconnected from AP, reason=201 (NO_AP_FOUND). Retrying connection...

[REDACTED SENSITIVE LINE]

W (9070991) WIFI: Disconnected from AP, reason=201 (NO_AP_FOUND). Retrying connection...

[REDACTED SENSITIVE LINE]

W (9073411) WIFI: Disconnected from AP, reason=201 (NO_AP_FOUND). Retrying connection...

[REDACTED SENSITIVE LINE]

W (9075831) WIFI: Disconnected from AP, reason=201 (NO_AP_FOUND). Retrying connection...

[REDACTED SENSITIVE LINE]

W (9078251) WIFI: Disconnected from AP, reason=201 (NO_AP_FOUND). Retrying connection...

[REDACTED SENSITIVE LINE]

W (9080681) WIFI: Disconnected from AP, reason=201 (NO_AP_FOUND). Retrying connection...

[REDACTED SENSITIVE LINE]

I (9082051) NETWORK: NETWORK_TIME_SYNCED_BIT cleared before=0x0 after=0x0

W (9082051) WIFI: Lost IP address

W (9083101) WIFI: Disconnected from AP, reason=201 (NO_AP_FOUND). Retrying connection...

[REDACTED SENSITIVE LINE]

W (9085521) WIFI: Disconnected from AP, reason=201 (NO_AP_FOUND). Retrying connection...

[REDACTED SENSITIVE LINE]

W (9087941) WIFI: Disconnected from AP, reason=201 (NO_AP_FOUND). Retrying connection...

[REDACTED SENSITIVE LINE]

W (9090361) WIFI: Disconnected from AP, reason=201 (NO_AP_FOUND). Retrying connection...

[REDACTED SENSITIVE LINE]

W (9092781) WIFI: Disconnected from AP, reason=201 (NO_AP_FOUND). Retrying connection...

[REDACTED SENSITIVE LINE]

W (9095201) WIFI: Disconnected from AP, reason=201 (NO_AP_FOUND). Retrying connection...

[REDACTED SENSITIVE LINE]

W (9097621) WIFI: Disconnected from AP, reason=201 (NO_AP_FOUND). Retrying connection...

[REDACTED SENSITIVE LINE]

W (9100041) WIFI: Disconnected from AP, reason=201 (NO_AP_FOUND). Retrying connection...

[REDACTED SENSITIVE LINE]

W (9102461) WIFI: Disconnected from AP, reason=201 (NO_AP_FOUND). Retrying connection...

[REDACTED SENSITIVE LINE]

W (9104891) WIFI: Disconnected from AP, reason=201 (NO_AP_FOUND). Retrying connection...

[REDACTED SENSITIVE LINE]

W (9107311) WIFI: Disconnected from AP, reason=201 (NO_AP_FOUND). Retrying connection...

[REDACTED SENSITIVE LINE]

W (9109731) WIFI: Disconnected from AP, reason=201 (NO_AP_FOUND). Retrying connection...

[REDACTED SENSITIVE LINE]

W (9112151) WIFI: Disconnected from AP, reason=201 (NO_AP_FOUND). Retrying connection...

[REDACTED SENSITIVE LINE]

W (9114571) WIFI: Disconnected from AP, reason=201 (NO_AP_FOUND). Retrying connection...

[REDACTED SENSITIVE LINE]

W (9116991) WIFI: Disconnected from AP, reason=201 (NO_AP_FOUND). Retrying connection...

[REDACTED SENSITIVE LINE]

W (9119411) WIFI: Disconnected from AP, reason=201 (NO_AP_FOUND). Retrying connection...

[REDACTED SENSITIVE LINE]

W (9121831) WIFI: Disconnected from AP, reason=201 (NO_AP_FOUND). Retrying connection...

[REDACTED SENSITIVE LINE]

W (9124251) WIFI: Disconnected from AP, reason=201 (NO_AP_FOUND). Retrying connection...

[REDACTED SENSITIVE LINE]

W (9126681) WIFI: Disconnected from AP, reason=201 (NO_AP_FOUND). Retrying connection...

[REDACTED SENSITIVE LINE]

W (9129101) WIFI: Disconnected from AP, reason=201 (NO_AP_FOUND). Retrying connection...

[REDACTED SENSITIVE LINE]

W (9131521) WIFI: Disconnected from AP, reason=201 (NO_AP_FOUND). Retrying connection...

[REDACTED SENSITIVE LINE]

W (9133941) WIFI: Disconnected from AP, reason=201 (NO_AP_FOUND). Retrying connection...

[REDACTED SENSITIVE LINE]

W (9136361) WIFI: Disconnected from AP, reason=201 (NO_AP_FOUND). Retrying connection...

[REDACTED SENSITIVE LINE]

W (9138781) WIFI: Disconnected from AP, reason=201 (NO_AP_FOUND). Retrying connection...

[REDACTED SENSITIVE LINE]

W (9141201) WIFI: Disconnected from AP, reason=201 (NO_AP_FOUND). Retrying connection...

[REDACTED SENSITIVE LINE]

W (9143621) WIFI: Disconnected from AP, reason=201 (NO_AP_FOUND). Retrying connection...

[REDACTED SENSITIVE LINE]

W (9146041) WIFI: Disconnected from AP, reason=201 (NO_AP_FOUND). Retrying connection...

[REDACTED SENSITIVE LINE]

W (9148461) WIFI: Disconnected from AP, reason=201 (NO_AP_FOUND). Retrying connection...

[REDACTED SENSITIVE LINE]

W (9150891) WIFI: Disconnected from AP, reason=201 (NO_AP_FOUND). Retrying connection...

[REDACTED SENSITIVE LINE]

W (9153311) WIFI: Disconnected from AP, reason=201 (NO_AP_FOUND). Retrying connection...

[REDACTED SENSITIVE LINE]

W (9155731) WIFI: Disconnected from AP, reason=201 (NO_AP_FOUND). Retrying connection...

[REDACTED SENSITIVE LINE]

W (9158151) WIFI: Disconnected from AP, reason=201 (NO_AP_FOUND). Retrying connection...

[REDACTED SENSITIVE LINE]

W (9160571) WIFI: Disconnected from AP, reason=201 (NO_AP_FOUND). Retrying connection...

[REDACTED SENSITIVE LINE]

W (9162991) WIFI: Disconnected from AP, reason=201 (NO_AP_FOUND). Retrying connection...

[REDACTED SENSITIVE LINE]

W (9165411) WIFI: Disconnected from AP, reason=201 (NO_AP_FOUND). Retrying connection...

[REDACTED SENSITIVE LINE]

W (9167831) WIFI: Disconnected from AP, reason=201 (NO_AP_FOUND). Retrying connection...

[REDACTED SENSITIVE LINE]

W (9170251) WIFI: Disconnected from AP, reason=201 (NO_AP_FOUND). Retrying connection...

[REDACTED SENSITIVE LINE]

W (9172681) WIFI: Disconnected from AP, reason=201 (NO_AP_FOUND). Retrying connection...

[REDACTED SENSITIVE LINE]

W (9175101) WIFI: Disconnected from AP, reason=201 (NO_AP_FOUND). Retrying connection...

[REDACTED SENSITIVE LINE]

W (9177521) WIFI: Disconnected from AP, reason=201 (NO_AP_FOUND). Retrying connection...

[REDACTED SENSITIVE LINE]

W (9179941) WIFI: Disconnected from AP, reason=201 (NO_AP_FOUND). Retrying connection...

[REDACTED SENSITIVE LINE]

W (9182361) WIFI: Disconnected from AP, reason=201 (NO_AP_FOUND). Retrying connection...

[REDACTED SENSITIVE LINE]

W (9184781) WIFI: Disconnected from AP, reason=201 (NO_AP_FOUND). Retrying connection...

[REDACTED SENSITIVE LINE]

W (9187201) WIFI: Disconnected from AP, reason=201 (NO_AP_FOUND). Retrying connection...

[REDACTED SENSITIVE LINE]

W (9189621) WIFI: Disconnected from AP, reason=201 (NO_AP_FOUND). Retrying connection...

[REDACTED SENSITIVE LINE]

W (9192041) WIFI: Disconnected from AP, reason=201 (NO_AP_FOUND). Retrying connection...

[REDACTED SENSITIVE LINE]

W (9194461) WIFI: Disconnected from AP, reason=201 (NO_AP_FOUND). Retrying connection...

[REDACTED SENSITIVE LINE]

W (9196891) WIFI: Disconnected from AP, reason=201 (NO_AP_FOUND). Retrying connection...

[REDACTED SENSITIVE LINE]

W (9199311) WIFI: Disconnected from AP, reason=201 (NO_AP_FOUND). Retrying connection...

[REDACTED SENSITIVE LINE]

W (9201731) WIFI: Disconnected from AP, reason=201 (NO_AP_FOUND). Retrying connection...

[REDACTED SENSITIVE LINE]

I (9203101) NETWORK: NETWORK_TIME_SYNCED_BIT cleared before=0x0 after=0x0

W (9203101) WIFI: Lost IP address

W (9204151) WIFI: Disconnected from AP, reason=201 (NO_AP_FOUND). Retrying connection...

[REDACTED SENSITIVE LINE]

W (9206571) WIFI: Disconnected from AP, reason=201 (NO_AP_FOUND). Retrying connection...

[REDACTED SENSITIVE LINE]

W (9208991) WIFI: Disconnected from AP, reason=201 (NO_AP_FOUND). Retrying connection...

[REDACTED SENSITIVE LINE]

W (9211411) WIFI: Disconnected from AP, reason=201 (NO_AP_FOUND). Retrying connection...

[REDACTED SENSITIVE LINE]

W (9213831) WIFI: Disconnected from AP, reason=201 (NO_AP_FOUND). Retrying connection...

[REDACTED SENSITIVE LINE]

W (9216251) WIFI: Disconnected from AP, reason=201 (NO_AP_FOUND). Retrying connection...

[REDACTED SENSITIVE LINE]

W (9218681) WIFI: Disconnected from AP, reason=201 (NO_AP_FOUND). Retrying connection...

[REDACTED SENSITIVE LINE]

W (9221101) WIFI: Disconnected from AP, reason=201 (NO_AP_FOUND). Retrying connection...

[REDACTED SENSITIVE LINE]

W (9223521) WIFI: Disconnected from AP, reason=201 (NO_AP_FOUND). Retrying connection...

[REDACTED SENSITIVE LINE]

W (9225941) WIFI: Disconnected from AP, reason=201 (NO_AP_FOUND). Retrying connection...

[REDACTED SENSITIVE LINE]

W (9228361) WIFI: Disconnected from AP, reason=201 (NO_AP_FOUND). Retrying connection...

[REDACTED SENSITIVE LINE]

W (9230781) WIFI: Disconnected from AP, reason=201 (NO_AP_FOUND). Retrying connection...

[REDACTED SENSITIVE LINE]

W (9233201) WIFI: Disconnected from AP, reason=201 (NO_AP_FOUND). Retrying connection...

[REDACTED SENSITIVE LINE]

W (9235621) WIFI: Disconnected from AP, reason=201 (NO_AP_FOUND). Retrying connection...

[REDACTED SENSITIVE LINE]

W (9238041) WIFI: Disconnected from AP, reason=201 (NO_AP_FOUND). Retrying connection...

[REDACTED SENSITIVE LINE]

W (9240461) WIFI: Disconnected from AP, reason=201 (NO_AP_FOUND). Retrying connection...

[REDACTED SENSITIVE LINE]

W (9242891) WIFI: Disconnected from AP, reason=201 (NO_AP_FOUND). Retrying connection...

[REDACTED SENSITIVE LINE]

W (9245311) WIFI: Disconnected from AP, reason=201 (NO_AP_FOUND). Retrying connection...

[REDACTED SENSITIVE LINE]

W (9247731) WIFI: Disconnected from AP, reason=201 (NO_AP_FOUND). Retrying connection...

[REDACTED SENSITIVE LINE]

W (9250151) WIFI: Disconnected from AP, reason=201 (NO_AP_FOUND). Retrying connection...

[REDACTED SENSITIVE LINE]

W (9252571) WIFI: Disconnected from AP, reason=201 (NO_AP_FOUND). Retrying connection...

[REDACTED SENSITIVE LINE]

W (9254991) WIFI: Disconnected from AP, reason=201 (NO_AP_FOUND). Retrying connection...

[REDACTED SENSITIVE LINE]

W (9257411) WIFI: Disconnected from AP, reason=201 (NO_AP_FOUND). Retrying connection...

[REDACTED SENSITIVE LINE]

W (9259831) WIFI: Disconnected from AP, reason=201 (NO_AP_FOUND). Retrying connection...

[REDACTED SENSITIVE LINE]

W (9262251) WIFI: Disconnected from AP, reason=201 (NO_AP_FOUND). Retrying connection...

[REDACTED SENSITIVE LINE]

W (9264681) WIFI: Disconnected from AP, reason=201 (NO_AP_FOUND). Retrying connection...

[REDACTED SENSITIVE LINE]

W (9267101) WIFI: Disconnected from AP, reason=201 (NO_AP_FOUND). Retrying connection...

[REDACTED SENSITIVE LINE]

W (9269521) WIFI: Disconnected from AP, reason=201 (NO_AP_FOUND). Retrying connection...

[REDACTED SENSITIVE LINE]

W (9271941) WIFI: Disconnected from AP, reason=201 (NO_AP_FOUND). Retrying connection...

[REDACTED SENSITIVE LINE]

W (9274361) WIFI: Disconnected from AP, reason=201 (NO_AP_FOUND). Retrying connection...

[REDACTED SENSITIVE LINE]

W (9276781) WIFI: Disconnected from AP, reason=201 (NO_AP_FOUND). Retrying connection...

[REDACTED SENSITIVE LINE]

W (9279201) WIFI: Disconnected from AP, reason=201 (NO_AP_FOUND). Retrying connection...

[REDACTED SENSITIVE LINE]

W (9281621) WIFI: Disconnected from AP, reason=201 (NO_AP_FOUND). Retrying connection...

[REDACTED SENSITIVE LINE]

W (9284041) WIFI: Disconnected from AP, reason=201 (NO_AP_FOUND). Retrying connection...

[REDACTED SENSITIVE LINE]

W (9286471) WIFI: Disconnected from AP, reason=201 (NO_AP_FOUND). Retrying connection...

[REDACTED SENSITIVE LINE]

W (9288891) WIFI: Disconnected from AP, reason=201 (NO_AP_FOUND). Retrying connection...

[REDACTED SENSITIVE LINE]

W (9291311) WIFI: Disconnected from AP, reason=201 (NO_AP_FOUND). Retrying connection...

[REDACTED SENSITIVE LINE]

W (9293731) WIFI: Disconnected from AP, reason=201 (NO_AP_FOUND). Retrying connection...

[REDACTED SENSITIVE LINE]

W (9296151) WIFI: Disconnected from AP, reason=201 (NO_AP_FOUND). Retrying connection...

[REDACTED SENSITIVE LINE]

W (9298571) WIFI: Disconnected from AP, reason=201 (NO_AP_FOUND). Retrying connection...

[REDACTED SENSITIVE LINE]

W (9300991) WIFI: Disconnected from AP, reason=201 (NO_AP_FOUND). Retrying connection...

[REDACTED SENSITIVE LINE]

W (9303411) WIFI: Disconnected from AP, reason=201 (NO_AP_FOUND). Retrying connection...

[REDACTED SENSITIVE LINE]

W (9305831) WIFI: Disconnected from AP, reason=201 (NO_AP_FOUND). Retrying connection...

[REDACTED SENSITIVE LINE]

W (9308251) WIFI: Disconnected from AP, reason=201 (NO_AP_FOUND). Retrying connection...

[REDACTED SENSITIVE LINE]

W (9310681) WIFI: Disconnected from AP, reason=201 (NO_AP_FOUND). Retrying connection...

[REDACTED SENSITIVE LINE]

W (9313101) WIFI: Disconnected from AP, reason=201 (NO_AP_FOUND). Retrying connection...

[REDACTED SENSITIVE LINE]

W (9315521) WIFI: Disconnected from AP, reason=201 (NO_AP_FOUND). Retrying connection...

[REDACTED SENSITIVE LINE]

W (9317941) WIFI: Disconnected from AP, reason=201 (NO_AP_FOUND). Retrying connection...

[REDACTED SENSITIVE LINE]

W (9320361) WIFI: Disconnected from AP, reason=201 (NO_AP_FOUND). Retrying connection...

[REDACTED SENSITIVE LINE]

W (9322781) WIFI: Disconnected from AP, reason=201 (NO_AP_FOUND). Retrying connection...

[REDACTED SENSITIVE LINE]

I (9324151) NETWORK: NETWORK_TIME_SYNCED_BIT cleared before=0x0 after=0x0

W (9324151) WIFI: Lost IP address

W (9325201) WIFI: Disconnected from AP, reason=201 (NO_AP_FOUND). Retrying connection...

[REDACTED SENSITIVE LINE]

W (9327621) WIFI: Disconnected from AP, reason=201 (NO_AP_FOUND). Retrying connection...

[REDACTED SENSITIVE LINE]

W (9330041) WIFI: Disconnected from AP, reason=201 (NO_AP_FOUND). Retrying connection...

[REDACTED SENSITIVE LINE]

W (9332461) WIFI: Disconnected from AP, reason=201 (NO_AP_FOUND). Retrying connection...

[REDACTED SENSITIVE LINE]

W (9334891) WIFI: Disconnected from AP, reason=201 (NO_AP_FOUND). Retrying connection...

[REDACTED SENSITIVE LINE]

W (9337311) WIFI: Disconnected from AP, reason=201 (NO_AP_FOUND). Retrying connection...

[REDACTED SENSITIVE LINE]

W (9339731) WIFI: Disconnected from AP, reason=201 (NO_AP_FOUND). Retrying connection...

[REDACTED SENSITIVE LINE]

W (9342151) WIFI: Disconnected from AP, reason=201 (NO_AP_FOUND). Retrying connection...

[REDACTED SENSITIVE LINE]

W (9344571) WIFI: Disconnected from AP, reason=201 (NO_AP_FOUND). Retrying connection...

[REDACTED SENSITIVE LINE]

W (9346991) WIFI: Disconnected from AP, reason=201 (NO_AP_FOUND). Retrying connection...

[REDACTED SENSITIVE LINE]

W (9349411) WIFI: Disconnected from AP, reason=201 (NO_AP_FOUND). Retrying connection...

[REDACTED SENSITIVE LINE]

W (9351831) WIFI: Disconnected from AP, reason=201 (NO_AP_FOUND). Retrying connection...

[REDACTED SENSITIVE LINE]

W (9354251) WIFI: Disconnected from AP, reason=201 (NO_AP_FOUND). Retrying connection...

[REDACTED SENSITIVE LINE]

W (9356671) WIFI: Disconnected from AP, reason=201 (NO_AP_FOUND). Retrying connection...

[REDACTED SENSITIVE LINE]

W (9359091) WIFI: Disconnected from AP, reason=201 (NO_AP_FOUND). Retrying connection...

[REDACTED SENSITIVE LINE]

W (9361521) WIFI: Disconnected from AP, reason=201 (NO_AP_FOUND). Retrying connection...

[REDACTED SENSITIVE LINE]

W (9363941) WIFI: Disconnected from AP, reason=201 (NO_AP_FOUND). Retrying connection...

[REDACTED SENSITIVE LINE]

W (9366361) WIFI: Disconnected from AP, reason=201 (NO_AP_FOUND). Retrying connection...

[REDACTED SENSITIVE LINE]

W (9368781) WIFI: Disconnected from AP, reason=201 (NO_AP_FOUND). Retrying connection...

[REDACTED SENSITIVE LINE]

W (9371201) WIFI: Disconnected from AP, reason=201 (NO_AP_FOUND). Retrying connection...

[REDACTED SENSITIVE LINE]

W (9373621) WIFI: Disconnected from AP, reason=201 (NO_AP_FOUND). Retrying connection...

[REDACTED SENSITIVE LINE]

W (9376041) WIFI: Disconnected from AP, reason=201 (NO_AP_FOUND). Retrying connection...

[REDACTED SENSITIVE LINE]

W (9378461) WIFI: Disconnected from AP, reason=201 (NO_AP_FOUND). Retrying connection...

[REDACTED SENSITIVE LINE]

W (9380881) WIFI: Disconnected from AP, reason=201 (NO_AP_FOUND). Retrying connection...

[REDACTED SENSITIVE LINE]

W (9383301) WIFI: Disconnected from AP, reason=201 (NO_AP_FOUND). Retrying connection...

[REDACTED SENSITIVE LINE]

W (9385731) WIFI: Disconnected from AP, reason=201 (NO_AP_FOUND). Retrying connection...

[REDACTED SENSITIVE LINE]

W (9388151) WIFI: Disconnected from AP, reason=201 (NO_AP_FOUND). Retrying connection...

[REDACTED SENSITIVE LINE]

W (9390571) WIFI: Disconnected from AP, reason=201 (NO_AP_FOUND). Retrying connection...

[REDACTED SENSITIVE LINE]

W (9392991) WIFI: Disconnected from AP, reason=201 (NO_AP_FOUND). Retrying connection...

[REDACTED SENSITIVE LINE]

W (9395411) WIFI: Disconnected from AP, reason=201 (NO_AP_FOUND). Retrying connection...

[REDACTED SENSITIVE LINE]

W (9397831) WIFI: Disconnected from AP, reason=201 (NO_AP_FOUND). Retrying connection...

[REDACTED SENSITIVE LINE]

W (9400251) WIFI: Disconnected from AP, reason=201 (NO_AP_FOUND). Retrying connection...

[REDACTED SENSITIVE LINE]

W (9402671) WIFI: Disconnected from AP, reason=201 (NO_AP_FOUND). Retrying connection...

[REDACTED SENSITIVE LINE]

W (9405091) WIFI: Disconnected from AP, reason=201 (NO_AP_FOUND). Retrying connection...

[REDACTED SENSITIVE LINE]

W (9407511) WIFI: Disconnected from AP, reason=201 (NO_AP_FOUND). Retrying connection...

[REDACTED SENSITIVE LINE]

W (9409941) WIFI: Disconnected from AP, reason=201 (NO_AP_FOUND). Retrying connection...

[REDACTED SENSITIVE LINE]

W (9412361) WIFI: Disconnected from AP, reason=201 (NO_AP_FOUND). Retrying connection...

[REDACTED SENSITIVE LINE]

W (9414781) WIFI: Disconnected from AP, reason=201 (NO_AP_FOUND). Retrying connection...

[REDACTED SENSITIVE LINE]

W (9417201) WIFI: Disconnected from AP, reason=201 (NO_AP_FOUND). Retrying connection...

[REDACTED SENSITIVE LINE]

W (9419621) WIFI: Disconnected from AP, reason=201 (NO_AP_FOUND). Retrying connection...

[REDACTED SENSITIVE LINE]

W (9422041) WIFI: Disconnected from AP, reason=201 (NO_AP_FOUND). Retrying connection...

[REDACTED SENSITIVE LINE]

W (9424461) WIFI: Disconnected from AP, reason=201 (NO_AP_FOUND). Retrying connection...

[REDACTED SENSITIVE LINE]

W (9426881) WIFI: Disconnected from AP, reason=201 (NO_AP_FOUND). Retrying connection...

[REDACTED SENSITIVE LINE]

W (9429301) WIFI: Disconnected from AP, reason=201 (NO_AP_FOUND). Retrying connection...

[REDACTED SENSITIVE LINE]

W (9431721) WIFI: Disconnected from AP, reason=201 (NO_AP_FOUND). Retrying connection...

[REDACTED SENSITIVE LINE]

W (9434141) WIFI: Disconnected from AP, reason=201 (NO_AP_FOUND). Retrying connection...

[REDACTED SENSITIVE LINE]

W (9436571) WIFI: Disconnected from AP, reason=201 (NO_AP_FOUND). Retrying connection...

[REDACTED SENSITIVE LINE]

W (9438991) WIFI: Disconnected from AP, reason=201 (NO_AP_FOUND). Retrying connection...

[REDACTED SENSITIVE LINE]

W (9441411) WIFI: Disconnected from AP, reason=201 (NO_AP_FOUND). Retrying connection...

[REDACTED SENSITIVE LINE]

W (9443831) WIFI: Disconnected from AP, reason=201 (NO_AP_FOUND). Retrying connection...

[REDACTED SENSITIVE LINE]

I (9445201) NETWORK: NETWORK_TIME_SYNCED_BIT cleared before=0x0 after=0x0

W (9445201) WIFI: Lost IP address

W (9446251) WIFI: Disconnected from AP, reason=201 (NO_AP_FOUND). Retrying connection...

[REDACTED SENSITIVE LINE]

W (9448671) WIFI: Disconnected from AP, reason=201 (NO_AP_FOUND). Retrying connection...

[REDACTED SENSITIVE LINE]

W (9451091) WIFI: Disconnected from AP, reason=201 (NO_AP_FOUND). Retrying connection...

[REDACTED SENSITIVE LINE]

W (9453511) WIFI: Disconnected from AP, reason=201 (NO_AP_FOUND). Retrying connection...

[REDACTED SENSITIVE LINE]

W (9455931) WIFI: Disconnected from AP, reason=201 (NO_AP_FOUND). Retrying connection...

[REDACTED SENSITIVE LINE]

W (9458351) WIFI: Disconnected from AP, reason=201 (NO_AP_FOUND). Retrying connection...

[REDACTED SENSITIVE LINE]

W (9460781) WIFI: Disconnected from AP, reason=201 (NO_AP_FOUND). Retrying connection...

[REDACTED SENSITIVE LINE]

W (9463201) WIFI: Disconnected from AP, reason=201 (NO_AP_FOUND). Retrying connection...

[REDACTED SENSITIVE LINE]

W (9465621) WIFI: Disconnected from AP, reason=201 (NO_AP_FOUND). Retrying connection...

[REDACTED SENSITIVE LINE]

W (9468041) WIFI: Disconnected from AP, reason=201 (NO_AP_FOUND). Retrying connection...

[REDACTED SENSITIVE LINE]

W (9470461) WIFI: Disconnected from AP, reason=201 (NO_AP_FOUND). Retrying connection...

[REDACTED SENSITIVE LINE]

W (9472881) WIFI: Disconnected from AP, reason=201 (NO_AP_FOUND). Retrying connection...

[REDACTED SENSITIVE LINE]

W (9475301) WIFI: Disconnected from AP, reason=201 (NO_AP_FOUND). Retrying connection...

[REDACTED SENSITIVE LINE]

W (9477721) WIFI: Disconnected from AP, reason=201 (NO_AP_FOUND). Retrying connection...

[REDACTED SENSITIVE LINE]

W (9480141) WIFI: Disconnected from AP, reason=201 (NO_AP_FOUND). Retrying connection...

[REDACTED SENSITIVE LINE]

W (9482561) WIFI: Disconnected from AP, reason=201 (NO_AP_FOUND). Retrying connection...

[REDACTED SENSITIVE LINE]

W (9484991) WIFI: Disconnected from AP, reason=201 (NO_AP_FOUND). Retrying connection...

[REDACTED SENSITIVE LINE]

W (9487411) WIFI: Disconnected from AP, reason=201 (NO_AP_FOUND). Retrying connection...

[REDACTED SENSITIVE LINE]

W (9489831) WIFI: Disconnected from AP, reason=201 (NO_AP_FOUND). Retrying connection...

[REDACTED SENSITIVE LINE]

W (9492251) WIFI: Disconnected from AP, reason=201 (NO_AP_FOUND). Retrying connection...

[REDACTED SENSITIVE LINE]

W (9494671) WIFI: Disconnected from AP, reason=201 (NO_AP_FOUND). Retrying connection...

[REDACTED SENSITIVE LINE]

W (9497091) WIFI: Disconnected from AP, reason=201 (NO_AP_FOUND). Retrying connection...

[REDACTED SENSITIVE LINE]

W (9499511) WIFI: Disconnected from AP, reason=201 (NO_AP_FOUND). Retrying connection...

[REDACTED SENSITIVE LINE]

W (9501931) WIFI: Disconnected from AP, reason=201 (NO_AP_FOUND). Retrying connection...

[REDACTED SENSITIVE LINE]

W (9504351) WIFI: Disconnected from AP, reason=201 (NO_AP_FOUND). Retrying connection...

[REDACTED SENSITIVE LINE]

W (9506771) WIFI: Disconnected from AP, reason=201 (NO_AP_FOUND). Retrying connection...

[REDACTED SENSITIVE LINE]

W (9509201) WIFI: Disconnected from AP, reason=201 (NO_AP_FOUND). Retrying connection...

[REDACTED SENSITIVE LINE]

W (9511621) WIFI: Disconnected from AP, reason=201 (NO_AP_FOUND). Retrying connection...

[REDACTED SENSITIVE LINE]

W (9514041) WIFI: Disconnected from AP, reason=201 (NO_AP_FOUND). Retrying connection...

[REDACTED SENSITIVE LINE]

W (9516461) WIFI: Disconnected from AP, reason=201 (NO_AP_FOUND). Retrying connection...

[REDACTED SENSITIVE LINE]

W (9518881) WIFI: Disconnected from AP, reason=201 (NO_AP_FOUND). Retrying connection...

[REDACTED SENSITIVE LINE]

W (9521301) WIFI: Disconnected from AP, reason=201 (NO_AP_FOUND). Retrying connection...

[REDACTED SENSITIVE LINE]

W (9523721) WIFI: Disconnected from AP, reason=201 (NO_AP_FOUND). Retrying connection...

[REDACTED SENSITIVE LINE]

W (9526141) WIFI: Disconnected from AP, reason=201 (NO_AP_FOUND). Retrying connection...

[REDACTED SENSITIVE LINE]

W (9528561) WIFI: Disconnected from AP, reason=201 (NO_AP_FOUND). Retrying connection...

[REDACTED SENSITIVE LINE]

W (9530981) WIFI: Disconnected from AP, reason=201 (NO_AP_FOUND). Retrying connection...

[REDACTED SENSITIVE LINE]

W (9533411) WIFI: Disconnected from AP, reason=201 (NO_AP_FOUND). Retrying connection...

[REDACTED SENSITIVE LINE]

W (9535831) WIFI: Disconnected from AP, reason=201 (NO_AP_FOUND). Retrying connection...

[REDACTED SENSITIVE LINE]

W (9538251) WIFI: Disconnected from AP, reason=201 (NO_AP_FOUND). Retrying connection...

[REDACTED SENSITIVE LINE]

W (9540671) WIFI: Disconnected from AP, reason=201 (NO_AP_FOUND). Retrying connection...

[REDACTED SENSITIVE LINE]

W (9543091) WIFI: Disconnected from AP, reason=201 (NO_AP_FOUND). Retrying connection...

[REDACTED SENSITIVE LINE]

W (9545511) WIFI: Disconnected from AP, reason=201 (NO_AP_FOUND). Retrying connection...

[REDACTED SENSITIVE LINE]

W (9547931) WIFI: Disconnected from AP, reason=201 (NO_AP_FOUND). Retrying connection...

[REDACTED SENSITIVE LINE]

W (9550351) WIFI: Disconnected from AP, reason=201 (NO_AP_FOUND). Retrying connection...

[REDACTED SENSITIVE LINE]

W (9552771) WIFI: Disconnected from AP, reason=201 (NO_AP_FOUND). Retrying connection...

[REDACTED SENSITIVE LINE]

W (9555191) WIFI: Disconnected from AP, reason=201 (NO_AP_FOUND). Retrying connection...

[REDACTED SENSITIVE LINE]

W (9557621) WIFI: Disconnected from AP, reason=201 (NO_AP_FOUND). Retrying connection...

[REDACTED SENSITIVE LINE]

W (9560041) WIFI: Disconnected from AP, reason=201 (NO_AP_FOUND). Retrying connection...

[REDACTED SENSITIVE LINE]

W (9562461) WIFI: Disconnected from AP, reason=201 (NO_AP_FOUND). Retrying connection...

[REDACTED SENSITIVE LINE]

W (9564881) WIFI: Disconnected from AP, reason=201 (NO_AP_FOUND). Retrying connection...

[REDACTED SENSITIVE LINE]

I (9566251) NETWORK: NETWORK_TIME_SYNCED_BIT cleared before=0x0 after=0x0

W (9566251) WIFI: Lost IP address

W (9567301) WIFI: Disconnected from AP, reason=201 (NO_AP_FOUND). Retrying connection...

[REDACTED SENSITIVE LINE]

W (9569721) WIFI: Disconnected from AP, reason=201 (NO_AP_FOUND). Retrying connection...

[REDACTED SENSITIVE LINE]

W (9572141) WIFI: Disconnected from AP, reason=201 (NO_AP_FOUND). Retrying connection...

[REDACTED SENSITIVE LINE]

W (9574561) WIFI: Disconnected from AP, reason=201 (NO_AP_FOUND). Retrying connection...

[REDACTED SENSITIVE LINE]

W (9576981) WIFI: Disconnected from AP, reason=201 (NO_AP_FOUND). Retrying connection...

[REDACTED SENSITIVE LINE]

W (9579401) WIFI: Disconnected from AP, reason=201 (NO_AP_FOUND). Retrying connection...

[REDACTED SENSITIVE LINE]

W (9581831) WIFI: Disconnected from AP, reason=201 (NO_AP_FOUND). Retrying connection...

[REDACTED SENSITIVE LINE]

W (9584251) WIFI: Disconnected from AP, reason=201 (NO_AP_FOUND). Retrying connection...

[REDACTED SENSITIVE LINE]

W (9586671) WIFI: Disconnected from AP, reason=201 (NO_AP_FOUND). Retrying connection...

[REDACTED SENSITIVE LINE]

W (9589091) WIFI: Disconnected from AP, reason=201 (NO_AP_FOUND). Retrying connection...

[REDACTED SENSITIVE LINE]

W (9591511) WIFI: Disconnected from AP, reason=201 (NO_AP_FOUND). Retrying connection...

[REDACTED SENSITIVE LINE]

W (9593931) WIFI: Disconnected from AP, reason=201 (NO_AP_FOUND). Retrying connection...

[REDACTED SENSITIVE LINE]

W (9596351) WIFI: Disconnected from AP, reason=201 (NO_AP_FOUND). Retrying connection...

[REDACTED SENSITIVE LINE]

W (9598771) WIFI: Disconnected from AP, reason=201 (NO_AP_FOUND). Retrying connection...

[REDACTED SENSITIVE LINE]

W (9601191) WIFI: Disconnected from AP, reason=201 (NO_AP_FOUND). Retrying connection...

[REDACTED SENSITIVE LINE]

W (9603611) WIFI: Disconnected from AP, reason=201 (NO_AP_FOUND). Retrying connection...

[REDACTED SENSITIVE LINE]

W (9606041) WIFI: Disconnected from AP, reason=201 (NO_AP_FOUND). Retrying connection...

[REDACTED SENSITIVE LINE]

W (9608461) WIFI: Disconnected from AP, reason=201 (NO_AP_FOUND). Retrying connection...

[REDACTED SENSITIVE LINE]

W (9610881) WIFI: Disconnected from AP, reason=201 (NO_AP_FOUND). Retrying connection...

[REDACTED SENSITIVE LINE]

W (9613301) WIFI: Disconnected from AP, reason=201 (NO_AP_FOUND). Retrying connection...

[REDACTED SENSITIVE LINE]

W (9615721) WIFI: Disconnected from AP, reason=201 (NO_AP_FOUND). Retrying connection...

[REDACTED SENSITIVE LINE]

W (9618141) WIFI: Disconnected from AP, reason=201 (NO_AP_FOUND). Retrying connection...

[REDACTED SENSITIVE LINE]

W (9620561) WIFI: Disconnected from AP, reason=201 (NO_AP_FOUND). Retrying connection...

[REDACTED SENSITIVE LINE]

W (9622981) WIFI: Disconnected from AP, reason=201 (NO_AP_FOUND). Retrying connection...

[REDACTED SENSITIVE LINE]

W (9625401) WIFI: Disconnected from AP, reason=201 (NO_AP_FOUND). Retrying connection...

[REDACTED SENSITIVE LINE]

W (9627821) WIFI: Disconnected from AP, reason=201 (NO_AP_FOUND). Retrying connection...

[REDACTED SENSITIVE LINE]

W (9630251) WIFI: Disconnected from AP, reason=201 (NO_AP_FOUND). Retrying connection...

[REDACTED SENSITIVE LINE]

W (9632671) WIFI: Disconnected from AP, reason=201 (NO_AP_FOUND). Retrying connection...

[REDACTED SENSITIVE LINE]

W (9635091) WIFI: Disconnected from AP, reason=201 (NO_AP_FOUND). Retrying connection...

[REDACTED SENSITIVE LINE]

W (9637511) WIFI: Disconnected from AP, reason=201 (NO_AP_FOUND). Retrying connection...

[REDACTED SENSITIVE LINE]

W (9639931) WIFI: Disconnected from AP, reason=201 (NO_AP_FOUND). Retrying connection...

[REDACTED SENSITIVE LINE]

W (9642351) WIFI: Disconnected from AP, reason=201 (NO_AP_FOUND). Retrying connection...

[REDACTED SENSITIVE LINE]

W (9644771) WIFI: Disconnected from AP, reason=201 (NO_AP_FOUND). Retrying connection...

[REDACTED SENSITIVE LINE]

W (9647191) WIFI: Disconnected from AP, reason=201 (NO_AP_FOUND). Retrying connection...

[REDACTED SENSITIVE LINE]

W (9649611) WIFI: Disconnected from AP, reason=201 (NO_AP_FOUND). Retrying connection...

[REDACTED SENSITIVE LINE]

W (9652031) WIFI: Disconnected from AP, reason=201 (NO_AP_FOUND). Retrying connection...

[REDACTED SENSITIVE LINE]

W (9654461) WIFI: Disconnected from AP, reason=201 (NO_AP_FOUND). Retrying connection...

[REDACTED SENSITIVE LINE]

W (9656881) WIFI: Disconnected from AP, reason=201 (NO_AP_FOUND). Retrying connection...

[REDACTED SENSITIVE LINE]

W (9659301) WIFI: Disconnected from AP, reason=201 (NO_AP_FOUND). Retrying connection...

[REDACTED SENSITIVE LINE]

W (9661721) WIFI: Disconnected from AP, reason=201 (NO_AP_FOUND). Retrying connection...

[REDACTED SENSITIVE LINE]

W (9664141) WIFI: Disconnected from AP, reason=201 (NO_AP_FOUND). Retrying connection...

[REDACTED SENSITIVE LINE]

W (9666561) WIFI: Disconnected from AP, reason=201 (NO_AP_FOUND). Retrying connection...

[REDACTED SENSITIVE LINE]

W (9668981) WIFI: Disconnected from AP, reason=201 (NO_AP_FOUND). Retrying connection...

[REDACTED SENSITIVE LINE]

W (9671401) WIFI: Disconnected from AP, reason=201 (NO_AP_FOUND). Retrying connection...

[REDACTED SENSITIVE LINE]

W (9673821) WIFI: Disconnected from AP, reason=201 (NO_AP_FOUND). Retrying connection...

[REDACTED SENSITIVE LINE]

W (9676251) WIFI: Disconnected from AP, reason=201 (NO_AP_FOUND). Retrying connection...

[REDACTED SENSITIVE LINE]

W (9678671) WIFI: Disconnected from AP, reason=201 (NO_AP_FOUND). Retrying connection...

[REDACTED SENSITIVE LINE]

W (9681091) WIFI: Disconnected from AP, reason=201 (NO_AP_FOUND). Retrying connection...

[REDACTED SENSITIVE LINE]

W (9683511) WIFI: Disconnected from AP, reason=201 (NO_AP_FOUND). Retrying connection...

[REDACTED SENSITIVE LINE]

W (9685931) WIFI: Disconnected from AP, reason=201 (NO_AP_FOUND). Retrying connection...

[REDACTED SENSITIVE LINE]

I (9687301) NETWORK: NETWORK_TIME_SYNCED_BIT cleared before=0x0 after=0x0

W (9687301) WIFI: Lost IP address

W (9688351) WIFI: Disconnected from AP, reason=201 (NO_AP_FOUND). Retrying connection...

[REDACTED SENSITIVE LINE]

W (9690771) WIFI: Disconnected from AP, reason=201 (NO_AP_FOUND). Retrying connection...

[REDACTED SENSITIVE LINE]

W (9693191) WIFI: Disconnected from AP, reason=201 (NO_AP_FOUND). Retrying connection...

[REDACTED SENSITIVE LINE]

W (9695611) WIFI: Disconnected from AP, reason=201 (NO_AP_FOUND). Retrying connection...

[REDACTED SENSITIVE LINE]

W (9698031) WIFI: Disconnected from AP, reason=201 (NO_AP_FOUND). Retrying connection...

[REDACTED SENSITIVE LINE]

W (9700461) WIFI: Disconnected from AP, reason=201 (NO_AP_FOUND). Retrying connection...

[REDACTED SENSITIVE LINE]

W (9702881) WIFI: Disconnected from AP, reason=201 (NO_AP_FOUND). Retrying connection...

[REDACTED SENSITIVE LINE]

W (9705301) WIFI: Disconnected from AP, reason=201 (NO_AP_FOUND). Retrying connection...

[REDACTED SENSITIVE LINE]

W (9707721) WIFI: Disconnected from AP, reason=201 (NO_AP_FOUND). Retrying connection...

[REDACTED SENSITIVE LINE]

W (9710141) WIFI: Disconnected from AP, reason=201 (NO_AP_FOUND). Retrying connection...

[REDACTED SENSITIVE LINE]

W (9712561) WIFI: Disconnected from AP, reason=201 (NO_AP_FOUND). Retrying connection...

[REDACTED SENSITIVE LINE]

W (9714981) WIFI: Disconnected from AP, reason=201 (NO_AP_FOUND). Retrying connection...

[REDACTED SENSITIVE LINE]

W (9717401) WIFI: Disconnected from AP, reason=201 (NO_AP_FOUND). Retrying connection...

[REDACTED SENSITIVE LINE]

W (9719821) WIFI: Disconnected from AP, reason=201 (NO_AP_FOUND). Retrying connection...

[REDACTED SENSITIVE LINE]

W (9722241) WIFI: Disconnected from AP, reason=201 (NO_AP_FOUND). Retrying connection...

[REDACTED SENSITIVE LINE]

W (9724671) WIFI: Disconnected from AP, reason=201 (NO_AP_FOUND). Retrying connection...

[REDACTED SENSITIVE LINE]

W (9727091) WIFI: Disconnected from AP, reason=201 (NO_AP_FOUND). Retrying connection...

[REDACTED SENSITIVE LINE]

W (9729511) WIFI: Disconnected from AP, reason=201 (NO_AP_FOUND). Retrying connection...

[REDACTED SENSITIVE LINE]

W (9731931) WIFI: Disconnected from AP, reason=201 (NO_AP_FOUND). Retrying connection...

[REDACTED SENSITIVE LINE]

W (9734351) WIFI: Disconnected from AP, reason=201 (NO_AP_FOUND). Retrying connection...

[REDACTED SENSITIVE LINE]

W (9736771) WIFI: Disconnected from AP, reason=201 (NO_AP_FOUND). Retrying connection...

[REDACTED SENSITIVE LINE]

W (9739191) WIFI: Disconnected from AP, reason=201 (NO_AP_FOUND). Retrying connection...

[REDACTED SENSITIVE LINE]

W (9741611) WIFI: Disconnected from AP, reason=201 (NO_AP_FOUND). Retrying connection...

[REDACTED SENSITIVE LINE]

W (9744031) WIFI: Disconnected from AP, reason=201 (NO_AP_FOUND). Retrying connection...

[REDACTED SENSITIVE LINE]

W (9746451) WIFI: Disconnected from AP, reason=201 (NO_AP_FOUND). Retrying connection...

[REDACTED SENSITIVE LINE]

W (9748881) WIFI: Disconnected from AP, reason=201 (NO_AP_FOUND). Retrying connection...

[REDACTED SENSITIVE LINE]

W (9751301) WIFI: Disconnected from AP, reason=201 (NO_AP_FOUND). Retrying connection...

[REDACTED SENSITIVE LINE]

W (9753721) WIFI: Disconnected from AP, reason=201 (NO_AP_FOUND). Retrying connection...

[REDACTED SENSITIVE LINE]

W (9756141) WIFI: Disconnected from AP, reason=201 (NO_AP_FOUND). Retrying connection...

[REDACTED SENSITIVE LINE]

W (9758561) WIFI: Disconnected from AP, reason=201 (NO_AP_FOUND). Retrying connection...

[REDACTED SENSITIVE LINE]

W (9760981) WIFI: Disconnected from AP, reason=201 (NO_AP_FOUND). Retrying connection...

[REDACTED SENSITIVE LINE]

W (9763401) WIFI: Disconnected from AP, reason=201 (NO_AP_FOUND). Retrying connection...

[REDACTED SENSITIVE LINE]

W (9765821) WIFI: Disconnected from AP, reason=201 (NO_AP_FOUND). Retrying connection...

[REDACTED SENSITIVE LINE]

W (9768241) WIFI: Disconnected from AP, reason=201 (NO_AP_FOUND). Retrying connection...

[REDACTED SENSITIVE LINE]

W (9770661) WIFI: Disconnected from AP, reason=201 (NO_AP_FOUND). Retrying connection...

[REDACTED SENSITIVE LINE]

W (9773091) WIFI: Disconnected from AP, reason=201 (NO_AP_FOUND). Retrying connection...

[REDACTED SENSITIVE LINE]

W (9775511) WIFI: Disconnected from AP, reason=201 (NO_AP_FOUND). Retrying connection...

[REDACTED SENSITIVE LINE]

W (9777931) WIFI: Disconnected from AP, reason=201 (NO_AP_FOUND). Retrying connection...

[REDACTED SENSITIVE LINE]

W (9780351) WIFI: Disconnected from AP, reason=201 (NO_AP_FOUND). Retrying connection...

[REDACTED SENSITIVE LINE]

W (9782771) WIFI: Disconnected from AP, reason=201 (NO_AP_FOUND). Retrying connection...

[REDACTED SENSITIVE LINE]

W (9785191) WIFI: Disconnected from AP, reason=201 (NO_AP_FOUND). Retrying connection...

[REDACTED SENSITIVE LINE]

W (9787611) WIFI: Disconnected from AP, reason=201 (NO_AP_FOUND). Retrying connection...

[REDACTED SENSITIVE LINE]

W (9790031) WIFI: Disconnected from AP, reason=201 (NO_AP_FOUND). Retrying connection...

[REDACTED SENSITIVE LINE]

W (9792451) WIFI: Disconnected from AP, reason=201 (NO_AP_FOUND). Retrying connection...

[REDACTED SENSITIVE LINE]

W (9794871) WIFI: Disconnected from AP, reason=201 (NO_AP_FOUND). Retrying connection...

[REDACTED SENSITIVE LINE]

W (9797301) WIFI: Disconnected from AP, reason=201 (NO_AP_FOUND). Retrying connection...

[REDACTED SENSITIVE LINE]

W (9799721) WIFI: Disconnected from AP, reason=201 (NO_AP_FOUND). Retrying connection...

[REDACTED SENSITIVE LINE]

W (9802141) WIFI: Disconnected from AP, reason=201 (NO_AP_FOUND). Retrying connection...

[REDACTED SENSITIVE LINE]

W (9804561) WIFI: Disconnected from AP, reason=201 (NO_AP_FOUND). Retrying connection...

[REDACTED SENSITIVE LINE]

W (9806981) WIFI: Disconnected from AP, reason=201 (NO_AP_FOUND). Retrying connection...

[REDACTED SENSITIVE LINE]

I (9808351) NETWORK: NETWORK_TIME_SYNCED_BIT cleared before=0x0 after=0x0

W (9808351) WIFI: Lost IP address

W (9809401) WIFI: Disconnected from AP, reason=201 (NO_AP_FOUND). Retrying connection...

[REDACTED SENSITIVE LINE]

W (9811821) WIFI: Disconnected from AP, reason=201 (NO_AP_FOUND). Retrying connection...

[REDACTED SENSITIVE LINE]

W (9814241) WIFI: Disconnected from AP, reason=201 (NO_AP_FOUND). Retrying connection...

[REDACTED SENSITIVE LINE]

W (9816661) WIFI: Disconnected from AP, reason=201 (NO_AP_FOUND). Retrying connection...

[REDACTED SENSITIVE LINE]

W (9819081) WIFI: Disconnected from AP, reason=201 (NO_AP_FOUND). Retrying connection...

[REDACTED SENSITIVE LINE]

W (9821511) WIFI: Disconnected from AP, reason=201 (NO_AP_FOUND). Retrying connection...

[REDACTED SENSITIVE LINE]

W (9823931) WIFI: Disconnected from AP, reason=201 (NO_AP_FOUND). Retrying connection...

[REDACTED SENSITIVE LINE]

W (9826351) WIFI: Disconnected from AP, reason=201 (NO_AP_FOUND). Retrying connection...

[REDACTED SENSITIVE LINE]

W (9828771) WIFI: Disconnected from AP, reason=201 (NO_AP_FOUND). Retrying connection...

[REDACTED SENSITIVE LINE]

W (9831191) WIFI: Disconnected from AP, reason=201 (NO_AP_FOUND). Retrying connection...

[REDACTED SENSITIVE LINE]

W (9833611) WIFI: Disconnected from AP, reason=201 (NO_AP_FOUND). Retrying connection...

[REDACTED SENSITIVE LINE]

W (9836031) WIFI: Disconnected from AP, reason=201 (NO_AP_FOUND). Retrying connection...

[REDACTED SENSITIVE LINE]

W (9838451) WIFI: Disconnected from AP, reason=201 (NO_AP_FOUND). Retrying connection...

[REDACTED SENSITIVE LINE]

W (9840871) WIFI: Disconnected from AP, reason=201 (NO_AP_FOUND). Retrying connection...

[REDACTED SENSITIVE LINE]

W (9843291) WIFI: Disconnected from AP, reason=201 (NO_AP_FOUND). Retrying connection...

[REDACTED SENSITIVE LINE]

W (9845721) WIFI: Disconnected from AP, reason=201 (NO_AP_FOUND). Retrying connection...

[REDACTED SENSITIVE LINE]

W (9848141) WIFI: Disconnected from AP, reason=201 (NO_AP_FOUND). Retrying connection...

[REDACTED SENSITIVE LINE]

W (9850561) WIFI: Disconnected from AP, reason=201 (NO_AP_FOUND). Retrying connection...

[REDACTED SENSITIVE LINE]

W (9852981) WIFI: Disconnected from AP, reason=201 (NO_AP_FOUND). Retrying connection...

[REDACTED SENSITIVE LINE]

W (9855401) WIFI: Disconnected from AP, reason=201 (NO_AP_FOUND). Retrying connection...

[REDACTED SENSITIVE LINE]

W (9857821) WIFI: Disconnected from AP, reason=201 (NO_AP_FOUND). Retrying connection...

[REDACTED SENSITIVE LINE]

W (9860241) WIFI: Disconnected from AP, reason=201 (NO_AP_FOUND). Retrying connection...

[REDACTED SENSITIVE LINE]

W (9862661) WIFI: Disconnected from AP, reason=201 (NO_AP_FOUND). Retrying connection...

[REDACTED SENSITIVE LINE]

W (9865081) WIFI: Disconnected from AP, reason=201 (NO_AP_FOUND). Retrying connection...

[REDACTED SENSITIVE LINE]

W (9867501) WIFI: Disconnected from AP, reason=201 (NO_AP_FOUND). Retrying connection...

[REDACTED SENSITIVE LINE]

W (9869931) WIFI: Disconnected from AP, reason=201 (NO_AP_FOUND). Retrying connection...

[REDACTED SENSITIVE LINE]

W (9872351) WIFI: Disconnected from AP, reason=201 (NO_AP_FOUND). Retrying connection...

[REDACTED SENSITIVE LINE]

W (9874771) WIFI: Disconnected from AP, reason=201 (NO_AP_FOUND). Retrying connection...

[REDACTED SENSITIVE LINE]

W (9877191) WIFI: Disconnected from AP, reason=201 (NO_AP_FOUND). Retrying connection...

[REDACTED SENSITIVE LINE]

W (9879611) WIFI: Disconnected from AP, reason=201 (NO_AP_FOUND). Retrying connection...

[REDACTED SENSITIVE LINE]

W (9882031) WIFI: Disconnected from AP, reason=201 (NO_AP_FOUND). Retrying connection...

[REDACTED SENSITIVE LINE]

W (9884451) WIFI: Disconnected from AP, reason=201 (NO_AP_FOUND). Retrying connection...

[REDACTED SENSITIVE LINE]

W (9886871) WIFI: Disconnected from AP, reason=201 (NO_AP_FOUND). Retrying connection...

[REDACTED SENSITIVE LINE]

W (9889291) WIFI: Disconnected from AP, reason=201 (NO_AP_FOUND). Retrying connection...

[REDACTED SENSITIVE LINE]

W (9891711) WIFI: Disconnected from AP, reason=201 (NO_AP_FOUND). Retrying connection...

[REDACTED SENSITIVE LINE]

W (9894131) WIFI: Disconnected from AP, reason=201 (NO_AP_FOUND). Retrying connection...

[REDACTED SENSITIVE LINE]

W (9896561) WIFI: Disconnected from AP, reason=201 (NO_AP_FOUND). Retrying connection...

[REDACTED SENSITIVE LINE]

W (9898981) WIFI: Disconnected from AP, reason=201 (NO_AP_FOUND). Retrying connection...

[REDACTED SENSITIVE LINE]

W (9901401) WIFI: Disconnected from AP, reason=201 (NO_AP_FOUND). Retrying connection...

[REDACTED SENSITIVE LINE]

W (9903821) WIFI: Disconnected from AP, reason=201 (NO_AP_FOUND). Retrying connection...

[REDACTED SENSITIVE LINE]

W (9906241) WIFI: Disconnected from AP, reason=201 (NO_AP_FOUND). Retrying connection...

[REDACTED SENSITIVE LINE]

W (9908661) WIFI: Disconnected from AP, reason=201 (NO_AP_FOUND). Retrying connection...

[REDACTED SENSITIVE LINE]

W (9911081) WIFI: Disconnected from AP, reason=201 (NO_AP_FOUND). Retrying connection...

[REDACTED SENSITIVE LINE]

W (9913501) WIFI: Disconnected from AP, reason=201 (NO_AP_FOUND). Retrying connection...

[REDACTED SENSITIVE LINE]

W (9915921) WIFI: Disconnected from AP, reason=201 (NO_AP_FOUND). Retrying connection...

[REDACTED SENSITIVE LINE]

W (9918341) WIFI: Disconnected from AP, reason=201 (NO_AP_FOUND). Retrying connection...

[REDACTED SENSITIVE LINE]

W (9920771) WIFI: Disconnected from AP, reason=201 (NO_AP_FOUND). Retrying connection...

[REDACTED SENSITIVE LINE]

W (9923191) WIFI: Disconnected from AP, reason=201 (NO_AP_FOUND). Retrying connection...

[REDACTED SENSITIVE LINE]

W (9925611) WIFI: Disconnected from AP, reason=201 (NO_AP_FOUND). Retrying connection...

[REDACTED SENSITIVE LINE]

W (9928031) WIFI: Disconnected from AP, reason=201 (NO_AP_FOUND). Retrying connection...

[REDACTED SENSITIVE LINE]

I (9929401) NETWORK: NETWORK_TIME_SYNCED_BIT cleared before=0x0 after=0x0

W (9929401) WIFI: Lost IP address

W (9930451) WIFI: Disconnected from AP, reason=201 (NO_AP_FOUND). Retrying connection...

[REDACTED SENSITIVE LINE]

W (9932871) WIFI: Disconnected from AP, reason=201 (NO_AP_FOUND). Retrying connection...

[REDACTED SENSITIVE LINE]

W (9935291) WIFI: Disconnected from AP, reason=201 (NO_AP_FOUND). Retrying connection...

[REDACTED SENSITIVE LINE]

W (9937711) WIFI: Disconnected from AP, reason=201 (NO_AP_FOUND). Retrying connection...

[REDACTED SENSITIVE LINE]

W (9940131) WIFI: Disconnected from AP, reason=201 (NO_AP_FOUND). Retrying connection...

[REDACTED SENSITIVE LINE]

W (9942551) WIFI: Disconnected from AP, reason=201 (NO_AP_FOUND). Retrying connection...

[REDACTED SENSITIVE LINE]

W (9944981) WIFI: Disconnected from AP, reason=201 (NO_AP_FOUND). Retrying connection...

[REDACTED SENSITIVE LINE]

W (9947401) WIFI: Disconnected from AP, reason=201 (NO_AP_FOUND). Retrying connection...

[REDACTED SENSITIVE LINE]

W (9949821) WIFI: Disconnected from AP, reason=201 (NO_AP_FOUND). Retrying connection...

[REDACTED SENSITIVE LINE]

W (9952241) WIFI: Disconnected from AP, reason=201 (NO_AP_FOUND). Retrying connection...

[REDACTED SENSITIVE LINE]

W (9954661) WIFI: Disconnected from AP, reason=201 (NO_AP_FOUND). Retrying connection...

[REDACTED SENSITIVE LINE]

W (9957081) WIFI: Disconnected from AP, reason=201 (NO_AP_FOUND). Retrying connection...

[REDACTED SENSITIVE LINE]

W (9959501) WIFI: Disconnected from AP, reason=201 (NO_AP_FOUND). Retrying connection...

[REDACTED SENSITIVE LINE]

W (9961921) WIFI: Disconnected from AP, reason=201 (NO_AP_FOUND). Retrying connection...

[REDACTED SENSITIVE LINE]

W (9964341) WIFI: Disconnected from AP, reason=201 (NO_AP_FOUND). Retrying connection...

[REDACTED SENSITIVE LINE]

W (9966761) WIFI: Disconnected from AP, reason=201 (NO_AP_FOUND). Retrying connection...

[REDACTED SENSITIVE LINE]

W (9969191) WIFI: Disconnected from AP, reason=201 (NO_AP_FOUND). Retrying connection...

[REDACTED SENSITIVE LINE]

W (9971611) WIFI: Disconnected from AP, reason=201 (NO_AP_FOUND). Retrying connection...

[REDACTED SENSITIVE LINE]

W (9974031) WIFI: Disconnected from AP, reason=201 (NO_AP_FOUND). Retrying connection...

[REDACTED SENSITIVE LINE]

W (9976451) WIFI: Disconnected from AP, reason=201 (NO_AP_FOUND). Retrying connection...

[REDACTED SENSITIVE LINE]

W (9978871) WIFI: Disconnected from AP, reason=201 (NO_AP_FOUND). Retrying connection...

[REDACTED SENSITIVE LINE]

W (9981291) WIFI: Disconnected from AP, reason=201 (NO_AP_FOUND). Retrying connection...

[REDACTED SENSITIVE LINE]

W (9983711) WIFI: Disconnected from AP, reason=201 (NO_AP_FOUND). Retrying connection...

[REDACTED SENSITIVE LINE]

W (9986131) WIFI: Disconnected from AP, reason=201 (NO_AP_FOUND). Retrying connection...

[REDACTED SENSITIVE LINE]

W (9988551) WIFI: Disconnected from AP, reason=201 (NO_AP_FOUND). Retrying connection...

[REDACTED SENSITIVE LINE]

W (9990971) WIFI: Disconnected from AP, reason=201 (NO_AP_FOUND). Retrying connection...

[REDACTED SENSITIVE LINE]

W (9993401) WIFI: Disconnected from AP, reason=201 (NO_AP_FOUND). Retrying connection...

[REDACTED SENSITIVE LINE]

W (9995821) WIFI: Disconnected from AP, reason=201 (NO_AP_FOUND). Retrying connection...

[REDACTED SENSITIVE LINE]

W (9998241) WIFI: Disconnected from AP, reason=201 (NO_AP_FOUND). Retrying connection...

[REDACTED SENSITIVE LINE]

W (10000661) WIFI: Disconnected from AP, reason=201 (NO_AP_FOUND). Retrying connection...

[REDACTED SENSITIVE LINE]

W (10003081) WIFI: Disconnected from AP, reason=201 (NO_AP_FOUND). Retrying connection...

[REDACTED SENSITIVE LINE]

W (10005501) WIFI: Disconnected from AP, reason=201 (NO_AP_FOUND). Retrying connection...

[REDACTED SENSITIVE LINE]

W (10007921) WIFI: Disconnected from AP, reason=201 (NO_AP_FOUND). Retrying connection...

[REDACTED SENSITIVE LINE]

W (10010341) WIFI: Disconnected from AP, reason=201 (NO_AP_FOUND). Retrying connection...

[REDACTED SENSITIVE LINE]

W (10012761) WIFI: Disconnected from AP, reason=201 (NO_AP_FOUND). Retrying connection...

[REDACTED SENSITIVE LINE]

W (10015191) WIFI: Disconnected from AP, reason=201 (NO_AP_FOUND). Retrying connection...

[REDACTED SENSITIVE LINE]

W (10017611) WIFI: Disconnected from AP, reason=201 (NO_AP_FOUND). Retrying connection...

[REDACTED SENSITIVE LINE]

W (10020031) WIFI: Disconnected from AP, reason=201 (NO_AP_FOUND). Retrying connection...

[REDACTED SENSITIVE LINE]

W (10022451) WIFI: Disconnected from AP, reason=201 (NO_AP_FOUND). Retrying connection...

[REDACTED SENSITIVE LINE]

W (10024871) WIFI: Disconnected from AP, reason=201 (NO_AP_FOUND). Retrying connection...

[REDACTED SENSITIVE LINE]

W (10027291) WIFI: Disconnected from AP, reason=201 (NO_AP_FOUND). Retrying connection...

[REDACTED SENSITIVE LINE]

W (10029711) WIFI: Disconnected from AP, reason=201 (NO_AP_FOUND). Retrying connection...

[REDACTED SENSITIVE LINE]

W (10032131) WIFI: Disconnected from AP, reason=201 (NO_AP_FOUND). Retrying connection...

[REDACTED SENSITIVE LINE]

W (10034561) WIFI: Disconnected from AP, reason=201 (NO_AP_FOUND). Retrying connection...

[REDACTED SENSITIVE LINE]

W (10036981) WIFI: Disconnected from AP, reason=201 (NO_AP_FOUND). Retrying connection...

[REDACTED SENSITIVE LINE]

W (10039401) WIFI: Disconnected from AP, reason=201 (NO_AP_FOUND). Retrying connection...

[REDACTED SENSITIVE LINE]

W (10041821) WIFI: Disconnected from AP, reason=201 (NO_AP_FOUND). Retrying connection...

[REDACTED SENSITIVE LINE]

W (10044241) WIFI: Disconnected from AP, reason=201 (NO_AP_FOUND). Retrying connection...

[REDACTED SENSITIVE LINE]

W (10046661) WIFI: Disconnected from AP, reason=201 (NO_AP_FOUND). Retrying connection...

[REDACTED SENSITIVE LINE]

W (10049081) WIFI: Disconnected from AP, reason=201 (NO_AP_FOUND). Retrying connection...

[REDACTED SENSITIVE LINE]

I (10050451) NETWORK: NETWORK_TIME_SYNCED_BIT cleared before=0x0 after=0x0

W (10050451) WIFI: Lost IP address

W (10051501) WIFI: Disconnected from AP, reason=201 (NO_AP_FOUND). Retrying connection...

[REDACTED SENSITIVE LINE]

W (10053931) WIFI: Disconnected from AP, reason=201 (NO_AP_FOUND). Retrying connection...

[REDACTED SENSITIVE LINE]

W (10056351) WIFI: Disconnected from AP, reason=201 (NO_AP_FOUND). Retrying connection...

[REDACTED SENSITIVE LINE]

W (10058771) WIFI: Disconnected from AP, reason=201 (NO_AP_FOUND). Retrying connection...

[REDACTED SENSITIVE LINE]

W (10061191) WIFI: Disconnected from AP, reason=201 (NO_AP_FOUND). Retrying connection...

[REDACTED SENSITIVE LINE]

W (10063611) WIFI: Disconnected from AP, reason=201 (NO_AP_FOUND). Retrying connection...

[REDACTED SENSITIVE LINE]

W (10066031) WIFI: Disconnected from AP, reason=201 (NO_AP_FOUND). Retrying connection...

[REDACTED SENSITIVE LINE]

W (10068451) WIFI: Disconnected from AP, reason=201 (NO_AP_FOUND). Retrying connection...

[REDACTED SENSITIVE LINE]

W (10070871) WIFI: Disconnected from AP, reason=201 (NO_AP_FOUND). Retrying connection...

[REDACTED SENSITIVE LINE]

W (10073291) WIFI: Disconnected from AP, reason=201 (NO_AP_FOUND). Retrying connection...

[REDACTED SENSITIVE LINE]

W (10075721) WIFI: Disconnected from AP, reason=201 (NO_AP_FOUND). Retrying connection...

[REDACTED SENSITIVE LINE]

W (10078141) WIFI: Disconnected from AP, reason=201 (NO_AP_FOUND). Retrying connection...

[REDACTED SENSITIVE LINE]

W (10080561) WIFI: Disconnected from AP, reason=201 (NO_AP_FOUND). Retrying connection...

[REDACTED SENSITIVE LINE]

W (10082981) WIFI: Disconnected from AP, reason=201 (NO_AP_FOUND). Retrying connection...

[REDACTED SENSITIVE LINE]

W (10085401) WIFI: Disconnected from AP, reason=201 (NO_AP_FOUND). Retrying connection...

[REDACTED SENSITIVE LINE]

W (10087821) WIFI: Disconnected from AP, reason=201 (NO_AP_FOUND). Retrying connection...

[REDACTED SENSITIVE LINE]

W (10090241) WIFI: Disconnected from AP, reason=201 (NO_AP_FOUND). Retrying connection...

[REDACTED SENSITIVE LINE]

W (10092661) WIFI: Disconnected from AP, reason=201 (NO_AP_FOUND). Retrying connection...

[REDACTED SENSITIVE LINE]

W (10095091) WIFI: Disconnected from AP, reason=201 (NO_AP_FOUND). Retrying connection...

[REDACTED SENSITIVE LINE]

W (10097511) WIFI: Disconnected from AP, reason=201 (NO_AP_FOUND). Retrying connection...

[REDACTED SENSITIVE LINE]

W (10099931) WIFI: Disconnected from AP, reason=201 (NO_AP_FOUND). Retrying connection...

[REDACTED SENSITIVE LINE]

W (10102351) WIFI: Disconnected from AP, reason=201 (NO_AP_FOUND). Retrying connection...

[REDACTED SENSITIVE LINE]

W (10104771) WIFI: Disconnected from AP, reason=201 (NO_AP_FOUND). Retrying connection...

[REDACTED SENSITIVE LINE]

W (10107191) WIFI: Disconnected from AP, reason=201 (NO_AP_FOUND). Retrying connection...

[REDACTED SENSITIVE LINE]

W (10109611) WIFI: Disconnected from AP, reason=201 (NO_AP_FOUND). Retrying connection...

[REDACTED SENSITIVE LINE]

W (10112031) WIFI: Disconnected from AP, reason=201 (NO_AP_FOUND). Retrying connection...

[REDACTED SENSITIVE LINE]

W (10114451) WIFI: Disconnected from AP, reason=201 (NO_AP_FOUND). Retrying connection...

[REDACTED SENSITIVE LINE]

W (10116881) WIFI: Disconnected from AP, reason=201 (NO_AP_FOUND). Retrying connection...

[REDACTED SENSITIVE LINE]

W (10119301) WIFI: Disconnected from AP, reason=201 (NO_AP_FOUND). Retrying connection...

[REDACTED SENSITIVE LINE]

W (10121721) WIFI: Disconnected from AP, reason=201 (NO_AP_FOUND). Retrying connection...

[REDACTED SENSITIVE LINE]

W (10124141) WIFI: Disconnected from AP, reason=201 (NO_AP_FOUND). Retrying connection...

[REDACTED SENSITIVE LINE]

W (10126561) WIFI: Disconnected from AP, reason=201 (NO_AP_FOUND). Retrying connection...

[REDACTED SENSITIVE LINE]

W (10128981) WIFI: Disconnected from AP, reason=201 (NO_AP_FOUND). Retrying connection...

[REDACTED SENSITIVE LINE]

W (10131401) WIFI: Disconnected from AP, reason=201 (NO_AP_FOUND). Retrying connection...

[REDACTED SENSITIVE LINE]

W (10133821) WIFI: Disconnected from AP, reason=201 (NO_AP_FOUND). Retrying connection...

[REDACTED SENSITIVE LINE]

W (10136251) WIFI: Disconnected from AP, reason=201 (NO_AP_FOUND). Retrying connection...

[REDACTED SENSITIVE LINE]

W (10138671) WIFI: Disconnected from AP, reason=201 (NO_AP_FOUND). Retrying connection...

[REDACTED SENSITIVE LINE]

W (10141091) WIFI: Disconnected from AP, reason=201 (NO_AP_FOUND). Retrying connection...

[REDACTED SENSITIVE LINE]

W (10143511) WIFI: Disconnected from AP, reason=201 (NO_AP_FOUND). Retrying connection...

[REDACTED SENSITIVE LINE]

W (10145931) WIFI: Disconnected from AP, reason=201 (NO_AP_FOUND). Retrying connection...

[REDACTED SENSITIVE LINE]

W (10148351) WIFI: Disconnected from AP, reason=201 (NO_AP_FOUND). Retrying connection...

[REDACTED SENSITIVE LINE]

W (10150771) WIFI: Disconnected from AP, reason=201 (NO_AP_FOUND). Retrying connection...

[REDACTED SENSITIVE LINE]

W (10153191) WIFI: Disconnected from AP, reason=201 (NO_AP_FOUND). Retrying connection...

[REDACTED SENSITIVE LINE]

W (10155611) WIFI: Disconnected from AP, reason=201 (NO_AP_FOUND). Retrying connection...

[REDACTED SENSITIVE LINE]

W (10158041) WIFI: Disconnected from AP, reason=201 (NO_AP_FOUND). Retrying connection...

[REDACTED SENSITIVE LINE]

W (10160461) WIFI: Disconnected from AP, reason=201 (NO_AP_FOUND). Retrying connection...

[REDACTED SENSITIVE LINE]

W (10162881) WIFI: Disconnected from AP, reason=201 (NO_AP_FOUND). Retrying connection...

[REDACTED SENSITIVE LINE]

W (10165301) WIFI: Disconnected from AP, reason=201 (NO_AP_FOUND). Retrying connection...

[REDACTED SENSITIVE LINE]

W (10167721) WIFI: Disconnected from AP, reason=201 (NO_AP_FOUND). Retrying connection...

[REDACTED SENSITIVE LINE]

W (10170141) WIFI: Disconnected from AP, reason=201 (NO_AP_FOUND). Retrying connection...

[REDACTED SENSITIVE LINE]

I (10171501) NETWORK: NETWORK_TIME_SYNCED_BIT cleared before=0x0 after=0x0

W (10171501) WIFI: Lost IP address

W (10172561) WIFI: Disconnected from AP, reason=201 (NO_AP_FOUND). Retrying connection...

[REDACTED SENSITIVE LINE]

W (10174981) WIFI: Disconnected from AP, reason=201 (NO_AP_FOUND). Retrying connection...

[REDACTED SENSITIVE LINE]

W (10177411) WIFI: Disconnected from AP, reason=201 (NO_AP_FOUND). Retrying connection...

[REDACTED SENSITIVE LINE]

W (10179831) WIFI: Disconnected from AP, reason=201 (NO_AP_FOUND). Retrying connection...

[REDACTED SENSITIVE LINE]

W (10182251) WIFI: Disconnected from AP, reason=201 (NO_AP_FOUND). Retrying connection...

[REDACTED SENSITIVE LINE]

W (10184671) WIFI: Disconnected from AP, reason=201 (NO_AP_FOUND). Retrying connection...

[REDACTED SENSITIVE LINE]

W (10187091) WIFI: Disconnected from AP, reason=201 (NO_AP_FOUND). Retrying connection...

[REDACTED SENSITIVE LINE]

W (10189511) WIFI: Disconnected from AP, reason=201 (NO_AP_FOUND). Retrying connection...

[REDACTED SENSITIVE LINE]

W (10191931) WIFI: Disconnected from AP, reason=201 (NO_AP_FOUND). Retrying connection...

[REDACTED SENSITIVE LINE]

W (10194351) WIFI: Disconnected from AP, reason=201 (NO_AP_FOUND). Retrying connection...

[REDACTED SENSITIVE LINE]

W (10196771) WIFI: Disconnected from AP, reason=201 (NO_AP_FOUND). Retrying connection...

[REDACTED SENSITIVE LINE]

W (10199201) WIFI: Disconnected from AP, reason=201 (NO_AP_FOUND). Retrying connection...

[REDACTED SENSITIVE LINE]

W (10201621) WIFI: Disconnected from AP, reason=201 (NO_AP_FOUND). Retrying connection...

[REDACTED SENSITIVE LINE]

W (10204041) WIFI: Disconnected from AP, reason=201 (NO_AP_FOUND). Retrying connection...

[REDACTED SENSITIVE LINE]

W (10206461) WIFI: Disconnected from AP, reason=201 (NO_AP_FOUND). Retrying connection...

[REDACTED SENSITIVE LINE]

W (10208881) WIFI: Disconnected from AP, reason=201 (NO_AP_FOUND). Retrying connection...

[REDACTED SENSITIVE LINE]

W (10211301) WIFI: Disconnected from AP, reason=201 (NO_AP_FOUND). Retrying connection...

[REDACTED SENSITIVE LINE]

W (10213721) WIFI: Disconnected from AP, reason=201 (NO_AP_FOUND). Retrying connection...

[REDACTED SENSITIVE LINE]

W (10216141) WIFI: Disconnected from AP, reason=201 (NO_AP_FOUND). Retrying connection...

[REDACTED SENSITIVE LINE]

W (10218561) WIFI: Disconnected from AP, reason=201 (NO_AP_FOUND). Retrying connection...

[REDACTED SENSITIVE LINE]

W (10220991) WIFI: Disconnected from AP, reason=201 (NO_AP_FOUND). Retrying connection...

[REDACTED SENSITIVE LINE]

W (10223411) WIFI: Disconnected from AP, reason=201 (NO_AP_FOUND). Retrying connection...

[REDACTED SENSITIVE LINE]

W (10225831) WIFI: Disconnected from AP, reason=201 (NO_AP_FOUND). Retrying connection...

[REDACTED SENSITIVE LINE]

W (10228251) WIFI: Disconnected from AP, reason=201 (NO_AP_FOUND). Retrying connection...

[REDACTED SENSITIVE LINE]

W (10230671) WIFI: Disconnected from AP, reason=201 (NO_AP_FOUND). Retrying connection...

[REDACTED SENSITIVE LINE]

W (10233091) WIFI: Disconnected from AP, reason=201 (NO_AP_FOUND). Retrying connection...

[REDACTED SENSITIVE LINE]

W (10235511) WIFI: Disconnected from AP, reason=201 (NO_AP_FOUND). Retrying connection...

[REDACTED SENSITIVE LINE]

W (10237931) WIFI: Disconnected from AP, reason=201 (NO_AP_FOUND). Retrying connection...

[REDACTED SENSITIVE LINE]

W (10240361) WIFI: Disconnected from AP, reason=201 (NO_AP_FOUND). Retrying connection...

[REDACTED SENSITIVE LINE]

W (10242781) WIFI: Disconnected from AP, reason=201 (NO_AP_FOUND). Retrying connection...

[REDACTED SENSITIVE LINE]

W (10245201) WIFI: Disconnected from AP, reason=201 (NO_AP_FOUND). Retrying connection...

[REDACTED SENSITIVE LINE]

W (10247621) WIFI: Disconnected from AP, reason=201 (NO_AP_FOUND). Retrying connection...

[REDACTED SENSITIVE LINE]

W (10250041) WIFI: Disconnected from AP, reason=201 (NO_AP_FOUND). Retrying connection...

[REDACTED SENSITIVE LINE]

W (10252461) WIFI: Disconnected from AP, reason=201 (NO_AP_FOUND). Retrying connection...

[REDACTED SENSITIVE LINE]

W (10254881) WIFI: Disconnected from AP, reason=201 (NO_AP_FOUND). Retrying connection...

[REDACTED SENSITIVE LINE]

W (10257301) WIFI: Disconnected from AP, reason=201 (NO_AP_FOUND). Retrying connection...

[REDACTED SENSITIVE LINE]

W (10259721) WIFI: Disconnected from AP, reason=201 (NO_AP_FOUND). Retrying connection...

[REDACTED SENSITIVE LINE]

W (10262151) WIFI: Disconnected from AP, reason=201 (NO_AP_FOUND). Retrying connection...

[REDACTED SENSITIVE LINE]

W (10264571) WIFI: Disconnected from AP, reason=201 (NO_AP_FOUND). Retrying connection...

[REDACTED SENSITIVE LINE]

W (10266991) WIFI: Disconnected from AP, reason=201 (NO_AP_FOUND). Retrying connection...

[REDACTED SENSITIVE LINE]

W (10269411) WIFI: Disconnected from AP, reason=201 (NO_AP_FOUND). Retrying connection...

[REDACTED SENSITIVE LINE]

W (10271831) WIFI: Disconnected from AP, reason=201 (NO_AP_FOUND). Retrying connection...

[REDACTED SENSITIVE LINE]

W (10274251) WIFI: Disconnected from AP, reason=201 (NO_AP_FOUND). Retrying connection...

[REDACTED SENSITIVE LINE]

W (10276671) WIFI: Disconnected from AP, reason=201 (NO_AP_FOUND). Retrying connection...

[REDACTED SENSITIVE LINE]

W (10279091) WIFI: Disconnected from AP, reason=201 (NO_AP_FOUND). Retrying connection...

[REDACTED SENSITIVE LINE]

W (10281511) WIFI: Disconnected from AP, reason=201 (NO_AP_FOUND). Retrying connection...

[REDACTED SENSITIVE LINE]

W (10283941) WIFI: Disconnected from AP, reason=201 (NO_AP_FOUND). Retrying connection...

[REDACTED SENSITIVE LINE]

W (10286361) WIFI: Disconnected from AP, reason=201 (NO_AP_FOUND). Retrying connection...

[REDACTED SENSITIVE LINE]

W (10288781) WIFI: Disconnected from AP, reason=201 (NO_AP_FOUND). Retrying connection...

[REDACTED SENSITIVE LINE]

W (10291201) WIFI: Disconnected from AP, reason=201 (NO_AP_FOUND). Retrying connection...

[REDACTED SENSITIVE LINE]

I (10292561) NETWORK: NETWORK_TIME_SYNCED_BIT cleared before=0x0 after=0x0

W (10292561) WIFI: Lost IP address

W (10293621) WIFI: Disconnected from AP, reason=201 (NO_AP_FOUND). Retrying connection...

[REDACTED SENSITIVE LINE]

W (10296041) WIFI: Disconnected from AP, reason=201 (NO_AP_FOUND). Retrying connection...

[REDACTED SENSITIVE LINE]

W (10298461) WIFI: Disconnected from AP, reason=201 (NO_AP_FOUND). Retrying connection...

[REDACTED SENSITIVE LINE]

W (10300881) WIFI: Disconnected from AP, reason=201 (NO_AP_FOUND). Retrying connection...

[REDACTED SENSITIVE LINE]

W (10303311) WIFI: Disconnected from AP, reason=201 (NO_AP_FOUND). Retrying connection...

[REDACTED SENSITIVE LINE]

W (10305731) WIFI: Disconnected from AP, reason=201 (NO_AP_FOUND). Retrying connection...

[REDACTED SENSITIVE LINE]

W (10308151) WIFI: Disconnected from AP, reason=201 (NO_AP_FOUND). Retrying connection...

[REDACTED SENSITIVE LINE]

W (10310571) WIFI: Disconnected from AP, reason=201 (NO_AP_FOUND). Retrying connection...

[REDACTED SENSITIVE LINE]

W (10312991) WIFI: Disconnected from AP, reason=201 (NO_AP_FOUND). Retrying connection...

[REDACTED SENSITIVE LINE]

W (10315411) WIFI: Disconnected from AP, reason=201 (NO_AP_FOUND). Retrying connection...

[REDACTED SENSITIVE LINE]

W (10317831) WIFI: Disconnected from AP, reason=201 (NO_AP_FOUND). Retrying connection...

[REDACTED SENSITIVE LINE]

W (10320251) WIFI: Disconnected from AP, reason=201 (NO_AP_FOUND). Retrying connection...

[REDACTED SENSITIVE LINE]

W (10322671) WIFI: Disconnected from AP, reason=201 (NO_AP_FOUND). Retrying connection...

[REDACTED SENSITIVE LINE]

W (10325101) WIFI: Disconnected from AP, reason=201 (NO_AP_FOUND). Retrying connection...

[REDACTED SENSITIVE LINE]

W (10327521) WIFI: Disconnected from AP, reason=201 (NO_AP_FOUND). Retrying connection...

[REDACTED SENSITIVE LINE]

W (10329941) WIFI: Disconnected from AP, reason=201 (NO_AP_FOUND). Retrying connection...

[REDACTED SENSITIVE LINE]

W (10332361) WIFI: Disconnected from AP, reason=201 (NO_AP_FOUND). Retrying connection...

[REDACTED SENSITIVE LINE]

W (10334781) WIFI: Disconnected from AP, reason=201 (NO_AP_FOUND). Retrying connection...

[REDACTED SENSITIVE LINE]

W (10337201) WIFI: Disconnected from AP, reason=201 (NO_AP_FOUND). Retrying connection...

[REDACTED SENSITIVE LINE]

W (10339621) WIFI: Disconnected from AP, reason=201 (NO_AP_FOUND). Retrying connection...

[REDACTED SENSITIVE LINE]

W (10342041) WIFI: Disconnected from AP, reason=201 (NO_AP_FOUND). Retrying connection...

[REDACTED SENSITIVE LINE]

W (10344461) WIFI: Disconnected from AP, reason=201 (NO_AP_FOUND). Retrying connection...

[REDACTED SENSITIVE LINE]

W (10346891) WIFI: Disconnected from AP, reason=201 (NO_AP_FOUND). Retrying connection...

[REDACTED SENSITIVE LINE]

W (10349311) WIFI: Disconnected from AP, reason=201 (NO_AP_FOUND). Retrying connection...

[REDACTED SENSITIVE LINE]

W (10351731) WIFI: Disconnected from AP, reason=201 (NO_AP_FOUND). Retrying connection...

[REDACTED SENSITIVE LINE]

W (10354151) WIFI: Disconnected from AP, reason=201 (NO_AP_FOUND). Retrying connection...

[REDACTED SENSITIVE LINE]

W (10356571) WIFI: Disconnected from AP, reason=201 (NO_AP_FOUND). Retrying connection...

[REDACTED SENSITIVE LINE]

W (10358991) WIFI: Disconnected from AP, reason=201 (NO_AP_FOUND). Retrying connection...

[REDACTED SENSITIVE LINE]

W (10361411) WIFI: Disconnected from AP, reason=201 (NO_AP_FOUND). Retrying connection...

[REDACTED SENSITIVE LINE]

W (10363831) WIFI: Disconnected from AP, reason=201 (NO_AP_FOUND). Retrying connection...

[REDACTED SENSITIVE LINE]

W (10366261) WIFI: Disconnected from AP, reason=201 (NO_AP_FOUND). Retrying connection...

[REDACTED SENSITIVE LINE]

W (10368681) WIFI: Disconnected from AP, reason=201 (NO_AP_FOUND). Retrying connection...

[REDACTED SENSITIVE LINE]

W (10371101) WIFI: Disconnected from AP, reason=201 (NO_AP_FOUND). Retrying connection...

[REDACTED SENSITIVE LINE]

W (10373521) WIFI: Disconnected from AP, reason=201 (NO_AP_FOUND). Retrying connection...

[REDACTED SENSITIVE LINE]

W (10375941) WIFI: Disconnected from AP, reason=201 (NO_AP_FOUND). Retrying connection...

[REDACTED SENSITIVE LINE]

W (10378361) WIFI: Disconnected from AP, reason=201 (NO_AP_FOUND). Retrying connection...

[REDACTED SENSITIVE LINE]

W (10380781) WIFI: Disconnected from AP, reason=201 (NO_AP_FOUND). Retrying connection...

[REDACTED SENSITIVE LINE]

W (10383201) WIFI: Disconnected from AP, reason=201 (NO_AP_FOUND). Retrying connection...

[REDACTED SENSITIVE LINE]

W (10385621) WIFI: Disconnected from AP, reason=201 (NO_AP_FOUND). Retrying connection...

[REDACTED SENSITIVE LINE]

W (10388051) WIFI: Disconnected from AP, reason=201 (NO_AP_FOUND). Retrying connection...

[REDACTED SENSITIVE LINE]

W (10390471) WIFI: Disconnected from AP, reason=201 (NO_AP_FOUND). Retrying connection...

[REDACTED SENSITIVE LINE]

W (10392891) WIFI: Disconnected from AP, reason=201 (NO_AP_FOUND). Retrying connection...

[REDACTED SENSITIVE LINE]

W (10395311) WIFI: Disconnected from AP, reason=201 (NO_AP_FOUND). Retrying connection...

[REDACTED SENSITIVE LINE]

W (10397731) WIFI: Disconnected from AP, reason=201 (NO_AP_FOUND). Retrying connection...

[REDACTED SENSITIVE LINE]

W (10400151) WIFI: Disconnected from AP, reason=201 (NO_AP_FOUND). Retrying connection...

[REDACTED SENSITIVE LINE]

W (10402571) WIFI: Disconnected from AP, reason=201 (NO_AP_FOUND). Retrying connection...

[REDACTED SENSITIVE LINE]

W (10404991) WIFI: Disconnected from AP, reason=201 (NO_AP_FOUND). Retrying connection...

[REDACTED SENSITIVE LINE]

W (10407421) WIFI: Disconnected from AP, reason=201 (NO_AP_FOUND). Retrying connection...

[REDACTED SENSITIVE LINE]

W (10409841) WIFI: Disconnected from AP, reason=201 (NO_AP_FOUND). Retrying connection...

[REDACTED SENSITIVE LINE]

W (10412261) WIFI: Disconnected from AP, reason=201 (NO_AP_FOUND). Retrying connection...

[REDACTED SENSITIVE LINE]

I (10413621) NETWORK: NETWORK_TIME_SYNCED_BIT cleared before=0x0 after=0x0

W (10413621) WIFI: Lost IP address

W (10414681) WIFI: Disconnected from AP, reason=201 (NO_AP_FOUND). Retrying connection...

[REDACTED SENSITIVE LINE]

W (10417101) WIFI: Disconnected from AP, reason=201 (NO_AP_FOUND). Retrying connection...

[REDACTED SENSITIVE LINE]

W (10419521) WIFI: Disconnected from AP, reason=201 (NO_AP_FOUND). Retrying connection...

[REDACTED SENSITIVE LINE]

W (10421941) WIFI: Disconnected from AP, reason=201 (NO_AP_FOUND). Retrying connection...

[REDACTED SENSITIVE LINE]

W (10424361) WIFI: Disconnected from AP, reason=201 (NO_AP_FOUND). Retrying connection...

[REDACTED SENSITIVE LINE]

W (10426791) WIFI: Disconnected from AP, reason=201 (NO_AP_FOUND). Retrying connection...

[REDACTED SENSITIVE LINE]

W (10429211) WIFI: Disconnected from AP, reason=201 (NO_AP_FOUND). Retrying connection...

[REDACTED SENSITIVE LINE]

W (10431631) WIFI: Disconnected from AP, reason=201 (NO_AP_FOUND). Retrying connection...

[REDACTED SENSITIVE LINE]

W (10434051) WIFI: Disconnected from AP, reason=201 (NO_AP_FOUND). Retrying connection...

[REDACTED SENSITIVE LINE]

W (10436471) WIFI: Disconnected from AP, reason=201 (NO_AP_FOUND). Retrying connection...

[REDACTED SENSITIVE LINE]

W (10438891) WIFI: Disconnected from AP, reason=201 (NO_AP_FOUND). Retrying connection...

[REDACTED SENSITIVE LINE]

W (10441311) WIFI: Disconnected from AP, reason=201 (NO_AP_FOUND). Retrying connection...

[REDACTED SENSITIVE LINE]

W (10443731) WIFI: Disconnected from AP, reason=201 (NO_AP_FOUND). Retrying connection...

[REDACTED SENSITIVE LINE]

W (10446151) WIFI: Disconnected from AP, reason=201 (NO_AP_FOUND). Retrying connection...

[REDACTED SENSITIVE LINE]

W (10448581) WIFI: Disconnected from AP, reason=201 (NO_AP_FOUND). Retrying connection...

[REDACTED SENSITIVE LINE]

W (10451001) WIFI: Disconnected from AP, reason=201 (NO_AP_FOUND). Retrying connection...

[REDACTED SENSITIVE LINE]

W (10453421) WIFI: Disconnected from AP, reason=201 (NO_AP_FOUND). Retrying connection...

[REDACTED SENSITIVE LINE]

W (10455841) WIFI: Disconnected from AP, reason=201 (NO_AP_FOUND). Retrying connection...

[REDACTED SENSITIVE LINE]

W (10458261) WIFI: Disconnected from AP, reason=201 (NO_AP_FOUND). Retrying connection...

[REDACTED SENSITIVE LINE]

W (10460681) WIFI: Disconnected from AP, reason=201 (NO_AP_FOUND). Retrying connection...

[REDACTED SENSITIVE LINE]

W (10463101) WIFI: Disconnected from AP, reason=201 (NO_AP_FOUND). Retrying connection...

[REDACTED SENSITIVE LINE]

W (10465521) WIFI: Disconnected from AP, reason=201 (NO_AP_FOUND). Retrying connection...

[REDACTED SENSITIVE LINE]

W (10467951) WIFI: Disconnected from AP, reason=201 (NO_AP_FOUND). Retrying connection...

[REDACTED SENSITIVE LINE]

W (10470371) WIFI: Disconnected from AP, reason=201 (NO_AP_FOUND). Retrying connection...

[REDACTED SENSITIVE LINE]

W (10472791) WIFI: Disconnected from AP, reason=201 (NO_AP_FOUND). Retrying connection...

[REDACTED SENSITIVE LINE]

W (10475211) WIFI: Disconnected from AP, reason=201 (NO_AP_FOUND). Retrying connection...

[REDACTED SENSITIVE LINE]

W (10477631) WIFI: Disconnected from AP, reason=201 (NO_AP_FOUND). Retrying connection...

[REDACTED SENSITIVE LINE]

W (10480051) WIFI: Disconnected from AP, reason=201 (NO_AP_FOUND). Retrying connection...

[REDACTED SENSITIVE LINE]

W (10482471) WIFI: Disconnected from AP, reason=201 (NO_AP_FOUND). Retrying connection...

[REDACTED SENSITIVE LINE]

W (10484891) WIFI: Disconnected from AP, reason=201 (NO_AP_FOUND). Retrying connection...

[REDACTED SENSITIVE LINE]

W (10487311) WIFI: Disconnected from AP, reason=201 (NO_AP_FOUND). Retrying connection...

[REDACTED SENSITIVE LINE]

W (10489741) WIFI: Disconnected from AP, reason=201 (NO_AP_FOUND). Retrying connection...

[REDACTED SENSITIVE LINE]

W (10492161) WIFI: Disconnected from AP, reason=201 (NO_AP_FOUND). Retrying connection...

[REDACTED SENSITIVE LINE]

W (10494581) WIFI: Disconnected from AP, reason=201 (NO_AP_FOUND). Retrying connection...

[REDACTED SENSITIVE LINE]

W (10497001) WIFI: Disconnected from AP, reason=201 (NO_AP_FOUND). Retrying connection...

[REDACTED SENSITIVE LINE]

W (10499421) WIFI: Disconnected from AP, reason=201 (NO_AP_FOUND). Retrying connection...

[REDACTED SENSITIVE LINE]

W (10501841) WIFI: Disconnected from AP, reason=201 (NO_AP_FOUND). Retrying connection...

[REDACTED SENSITIVE LINE]

W (10504261) WIFI: Disconnected from AP, reason=201 (NO_AP_FOUND). Retrying connection...

[REDACTED SENSITIVE LINE]

W (10506681) WIFI: Disconnected from AP, reason=201 (NO_AP_FOUND). Retrying connection...

[REDACTED SENSITIVE LINE]

W (10509111) WIFI: Disconnected from AP, reason=201 (NO_AP_FOUND). Retrying connection...

[REDACTED SENSITIVE LINE]

W (10511531) WIFI: Disconnected from AP, reason=201 (NO_AP_FOUND). Retrying connection...

[REDACTED SENSITIVE LINE]

W (10513951) WIFI: Disconnected from AP, reason=201 (NO_AP_FOUND). Retrying connection...

[REDACTED SENSITIVE LINE]

W (10516371) WIFI: Disconnected from AP, reason=201 (NO_AP_FOUND). Retrying connection...

[REDACTED SENSITIVE LINE]

W (10518791) WIFI: Disconnected from AP, reason=201 (NO_AP_FOUND). Retrying connection...

[REDACTED SENSITIVE LINE]

W (10521211) WIFI: Disconnected from AP, reason=201 (NO_AP_FOUND). Retrying connection...

[REDACTED SENSITIVE LINE]

W (10523631) WIFI: Disconnected from AP, reason=201 (NO_AP_FOUND). Retrying connection...

[REDACTED SENSITIVE LINE]

W (10526051) WIFI: Disconnected from AP, reason=201 (NO_AP_FOUND). Retrying connection...

[REDACTED SENSITIVE LINE]

W (10528481) WIFI: Disconnected from AP, reason=201 (NO_AP_FOUND). Retrying connection...

[REDACTED SENSITIVE LINE]

W (10530901) WIFI: Disconnected from AP, reason=201 (NO_AP_FOUND). Retrying connection...

[REDACTED SENSITIVE LINE]

W (10533321) WIFI: Disconnected from AP, reason=201 (NO_AP_FOUND). Retrying connection...

[REDACTED SENSITIVE LINE]

I (10534681) NETWORK: NETWORK_TIME_SYNCED_BIT cleared before=0x0 after=0x0

W (10534681) WIFI: Lost IP address

W (10535741) WIFI: Disconnected from AP, reason=201 (NO_AP_FOUND). Retrying connection...

[REDACTED SENSITIVE LINE]

W (10538161) WIFI: Disconnected from AP, reason=201 (NO_AP_FOUND). Retrying connection...

[REDACTED SENSITIVE LINE]

W (10540581) WIFI: Disconnected from AP, reason=201 (NO_AP_FOUND). Retrying connection...

[REDACTED SENSITIVE LINE]

W (10543001) WIFI: Disconnected from AP, reason=201 (NO_AP_FOUND). Retrying connection...

[REDACTED SENSITIVE LINE]

W (10545421) WIFI: Disconnected from AP, reason=201 (NO_AP_FOUND). Retrying connection...

[REDACTED SENSITIVE LINE]

W (10547841) WIFI: Disconnected from AP, reason=201 (NO_AP_FOUND). Retrying connection...

[REDACTED SENSITIVE LINE]

W (10550271) WIFI: Disconnected from AP, reason=201 (NO_AP_FOUND). Retrying connection...

[REDACTED SENSITIVE LINE]

W (10552691) WIFI: Disconnected from AP, reason=201 (NO_AP_FOUND). Retrying connection...

[REDACTED SENSITIVE LINE]

W (10555111) WIFI: Disconnected from AP, reason=201 (NO_AP_FOUND). Retrying connection...

[REDACTED SENSITIVE LINE]

W (10557531) WIFI: Disconnected from AP, reason=201 (NO_AP_FOUND). Retrying connection...

[REDACTED SENSITIVE LINE]

W (10559951) WIFI: Disconnected from AP, reason=201 (NO_AP_FOUND). Retrying connection...

[REDACTED SENSITIVE LINE]

W (10562371) WIFI: Disconnected from AP, reason=201 (NO_AP_FOUND). Retrying connection...

[REDACTED SENSITIVE LINE]

W (10564791) WIFI: Disconnected from AP, reason=201 (NO_AP_FOUND). Retrying connection...

[REDACTED SENSITIVE LINE]

W (10567211) WIFI: Disconnected from AP, reason=201 (NO_AP_FOUND). Retrying connection...

[REDACTED SENSITIVE LINE]

W (10569641) WIFI: Disconnected from AP, reason=201 (NO_AP_FOUND). Retrying connection...

[REDACTED SENSITIVE LINE]

W (10572061) WIFI: Disconnected from AP, reason=201 (NO_AP_FOUND). Retrying connection...

[REDACTED SENSITIVE LINE]

W (10574481) WIFI: Disconnected from AP, reason=201 (NO_AP_FOUND). Retrying connection...

[REDACTED SENSITIVE LINE]

W (10576901) WIFI: Disconnected from AP, reason=201 (NO_AP_FOUND). Retrying connection...

[REDACTED SENSITIVE LINE]

W (10579321) WIFI: Disconnected from AP, reason=201 (NO_AP_FOUND). Retrying connection...

[REDACTED SENSITIVE LINE]

W (10581741) WIFI: Disconnected from AP, reason=201 (NO_AP_FOUND). Retrying connection...

[REDACTED SENSITIVE LINE]

W (10584161) WIFI: Disconnected from AP, reason=201 (NO_AP_FOUND). Retrying connection...

[REDACTED SENSITIVE LINE]

W (10586581) WIFI: Disconnected from AP, reason=201 (NO_AP_FOUND). Retrying connection...

[REDACTED SENSITIVE LINE]

W (10589011) WIFI: Disconnected from AP, reason=201 (NO_AP_FOUND). Retrying connection...

[REDACTED SENSITIVE LINE]

W (10591431) WIFI: Disconnected from AP, reason=201 (NO_AP_FOUND). Retrying connection...

[REDACTED SENSITIVE LINE]

W (10593851) WIFI: Disconnected from AP, reason=201 (NO_AP_FOUND). Retrying connection...

[REDACTED SENSITIVE LINE]

W (10596271) WIFI: Disconnected from AP, reason=201 (NO_AP_FOUND). Retrying connection...

[REDACTED SENSITIVE LINE]

W (10598691) WIFI: Disconnected from AP, reason=201 (NO_AP_FOUND). Retrying connection...

[REDACTED SENSITIVE LINE]

W (10601111) WIFI: Disconnected from AP, reason=201 (NO_AP_FOUND). Retrying connection...

[REDACTED SENSITIVE LINE]

W (10603531) WIFI: Disconnected from AP, reason=201 (NO_AP_FOUND). Retrying connection...

[REDACTED SENSITIVE LINE]

W (10605951) WIFI: Disconnected from AP, reason=201 (NO_AP_FOUND). Retrying connection...

[REDACTED SENSITIVE LINE]

W (10608371) WIFI: Disconnected from AP, reason=201 (NO_AP_FOUND). Retrying connection...

[REDACTED SENSITIVE LINE]

W (10610801) WIFI: Disconnected from AP, reason=201 (NO_AP_FOUND). Retrying connection...

[REDACTED SENSITIVE LINE]

W (10613221) WIFI: Disconnected from AP, reason=201 (NO_AP_FOUND). Retrying connection...

[REDACTED SENSITIVE LINE]

W (10615641) WIFI: Disconnected from AP, reason=201 (NO_AP_FOUND). Retrying connection...

[REDACTED SENSITIVE LINE]

W (10618061) WIFI: Disconnected from AP, reason=201 (NO_AP_FOUND). Retrying connection...

[REDACTED SENSITIVE LINE]

W (10620481) WIFI: Disconnected from AP, reason=201 (NO_AP_FOUND). Retrying connection...

[REDACTED SENSITIVE LINE]

W (10622901) WIFI: Disconnected from AP, reason=201 (NO_AP_FOUND). Retrying connection...

[REDACTED SENSITIVE LINE]

W (10625321) WIFI: Disconnected from AP, reason=201 (NO_AP_FOUND). Retrying connection...

[REDACTED SENSITIVE LINE]

W (10627741) WIFI: Disconnected from AP, reason=201 (NO_AP_FOUND). Retrying connection...

[REDACTED SENSITIVE LINE]

W (10630171) WIFI: Disconnected from AP, reason=201 (NO_AP_FOUND). Retrying connection...

[REDACTED SENSITIVE LINE]

W (10632591) WIFI: Disconnected from AP, reason=201 (NO_AP_FOUND). Retrying connection...

[REDACTED SENSITIVE LINE]

W (10635011) WIFI: Disconnected from AP, reason=201 (NO_AP_FOUND). Retrying connection...

[REDACTED SENSITIVE LINE]

W (10637431) WIFI: Disconnected from AP, reason=201 (NO_AP_FOUND). Retrying connection...

[REDACTED SENSITIVE LINE]

W (10639851) WIFI: Disconnected from AP, reason=201 (NO_AP_FOUND). Retrying connection...

[REDACTED SENSITIVE LINE]

W (10642271) WIFI: Disconnected from AP, reason=201 (NO_AP_FOUND). Retrying connection...

[REDACTED SENSITIVE LINE]

W (10644691) WIFI: Disconnected from AP, reason=201 (NO_AP_FOUND). Retrying connection...

[REDACTED SENSITIVE LINE]

W (10647111) WIFI: Disconnected from AP, reason=201 (NO_AP_FOUND). Retrying connection...

[REDACTED SENSITIVE LINE]

W (10649541) WIFI: Disconnected from AP, reason=201 (NO_AP_FOUND). Retrying connection...

[REDACTED SENSITIVE LINE]

W (10651961) WIFI: Disconnected from AP, reason=201 (NO_AP_FOUND). Retrying connection...

[REDACTED SENSITIVE LINE]

W (10654381) WIFI: Disconnected from AP, reason=201 (NO_AP_FOUND). Retrying connection...

[REDACTED SENSITIVE LINE]

I (10655741) NETWORK: NETWORK_TIME_SYNCED_BIT cleared before=0x0 after=0x0

W (10655741) WIFI: Lost IP address

W (10656801) WIFI: Disconnected from AP, reason=201 (NO_AP_FOUND). Retrying connection...

[REDACTED SENSITIVE LINE]

W (10659221) WIFI: Disconnected from AP, reason=201 (NO_AP_FOUND). Retrying connection...

[REDACTED SENSITIVE LINE]

W (10661641) WIFI: Disconnected from AP, reason=201 (NO_AP_FOUND). Retrying connection...

[REDACTED SENSITIVE LINE]

W (10664061) WIFI: Disconnected from AP, reason=201 (NO_AP_FOUND). Retrying connection...

[REDACTED SENSITIVE LINE]

W (10666481) WIFI: Disconnected from AP, reason=201 (NO_AP_FOUND). Retrying connection...

[REDACTED SENSITIVE LINE]

W (10668911) WIFI: Disconnected from AP, reason=201 (NO_AP_FOUND). Retrying connection...

[REDACTED SENSITIVE LINE]

W (10671331) WIFI: Disconnected from AP, reason=201 (NO_AP_FOUND). Retrying connection...

[REDACTED SENSITIVE LINE]

W (10673751) WIFI: Disconnected from AP, reason=201 (NO_AP_FOUND). Retrying connection...

[REDACTED SENSITIVE LINE]

W (10676171) WIFI: Disconnected from AP, reason=201 (NO_AP_FOUND). Retrying connection...

[REDACTED SENSITIVE LINE]

W (10678591) WIFI: Disconnected from AP, reason=201 (NO_AP_FOUND). Retrying connection...

[REDACTED SENSITIVE LINE]

W (10681011) WIFI: Disconnected from AP, reason=201 (NO_AP_FOUND). Retrying connection...

[REDACTED SENSITIVE LINE]

W (10683431) WIFI: Disconnected from AP, reason=201 (NO_AP_FOUND). Retrying connection...

[REDACTED SENSITIVE LINE]

W (10685851) WIFI: Disconnected from AP, reason=201 (NO_AP_FOUND). Retrying connection...

[REDACTED SENSITIVE LINE]

W (10688271) WIFI: Disconnected from AP, reason=201 (NO_AP_FOUND). Retrying connection...

[REDACTED SENSITIVE LINE]

W (10690701) WIFI: Disconnected from AP, reason=201 (NO_AP_FOUND). Retrying connection...

[REDACTED SENSITIVE LINE]

W (10693121) WIFI: Disconnected from AP, reason=201 (NO_AP_FOUND). Retrying connection...

[REDACTED SENSITIVE LINE]

W (10695541) WIFI: Disconnected from AP, reason=201 (NO_AP_FOUND). Retrying connection...

[REDACTED SENSITIVE LINE]

W (10697961) WIFI: Disconnected from AP, reason=201 (NO_AP_FOUND). Retrying connection...

[REDACTED SENSITIVE LINE]

W (10700381) WIFI: Disconnected from AP, reason=201 (NO_AP_FOUND). Retrying connection...

[REDACTED SENSITIVE LINE]

W (10702801) WIFI: Disconnected from AP, reason=201 (NO_AP_FOUND). Retrying connection...

[REDACTED SENSITIVE LINE]

W (10705221) WIFI: Disconnected from AP, reason=201 (NO_AP_FOUND). Retrying connection...

[REDACTED SENSITIVE LINE]

W (10707641) WIFI: Disconnected from AP, reason=201 (NO_AP_FOUND). Retrying connection...

[REDACTED SENSITIVE LINE]

W (10710071) WIFI: Disconnected from AP, reason=201 (NO_AP_FOUND). Retrying connection...

[REDACTED SENSITIVE LINE]

W (10712491) WIFI: Disconnected from AP, reason=201 (NO_AP_FOUND). Retrying connection...

[REDACTED SENSITIVE LINE]

W (10714911) WIFI: Disconnected from AP, reason=201 (NO_AP_FOUND). Retrying connection...

[REDACTED SENSITIVE LINE]

W (10717331) WIFI: Disconnected from AP, reason=201 (NO_AP_FOUND). Retrying connection...

[REDACTED SENSITIVE LINE]

W (10719751) WIFI: Disconnected from AP, reason=201 (NO_AP_FOUND). Retrying connection...

[REDACTED SENSITIVE LINE]

W (10722171) WIFI: Disconnected from AP, reason=201 (NO_AP_FOUND). Retrying connection...

[REDACTED SENSITIVE LINE]

W (10724591) WIFI: Disconnected from AP, reason=201 (NO_AP_FOUND). Retrying connection...

[REDACTED SENSITIVE LINE]

W (10727011) WIFI: Disconnected from AP, reason=201 (NO_AP_FOUND). Retrying connection...

[REDACTED SENSITIVE LINE]

W (10729431) WIFI: Disconnected from AP, reason=201 (NO_AP_FOUND). Retrying connection...

[REDACTED SENSITIVE LINE]

W (10731861) WIFI: Disconnected from AP, reason=201 (NO_AP_FOUND). Retrying connection...

[REDACTED SENSITIVE LINE]

W (10734281) WIFI: Disconnected from AP, reason=201 (NO_AP_FOUND). Retrying connection...

[REDACTED SENSITIVE LINE]

W (10736701) WIFI: Disconnected from AP, reason=201 (NO_AP_FOUND). Retrying connection...

[REDACTED SENSITIVE LINE]

W (10739121) WIFI: Disconnected from AP, reason=201 (NO_AP_FOUND). Retrying connection...

[REDACTED SENSITIVE LINE]

W (10741541) WIFI: Disconnected from AP, reason=201 (NO_AP_FOUND). Retrying connection...

[REDACTED SENSITIVE LINE]

W (10743961) WIFI: Disconnected from AP, reason=201 (NO_AP_FOUND). Retrying connection...

[REDACTED SENSITIVE LINE]

W (10746381) WIFI: Disconnected from AP, reason=201 (NO_AP_FOUND). Retrying connection...

[REDACTED SENSITIVE LINE]

W (10748801) WIFI: Disconnected from AP, reason=201 (NO_AP_FOUND). Retrying connection...

[REDACTED SENSITIVE LINE]

W (10751231) WIFI: Disconnected from AP, reason=201 (NO_AP_FOUND). Retrying connection...

[REDACTED SENSITIVE LINE]

W (10753651) WIFI: Disconnected from AP, reason=201 (NO_AP_FOUND). Retrying connection...

[REDACTED SENSITIVE LINE]

W (10756071) WIFI: Disconnected from AP, reason=201 (NO_AP_FOUND). Retrying connection...

[REDACTED SENSITIVE LINE]

W (10758491) WIFI: Disconnected from AP, reason=201 (NO_AP_FOUND). Retrying connection...

[REDACTED SENSITIVE LINE]

W (10760911) WIFI: Disconnected from AP, reason=201 (NO_AP_FOUND). Retrying connection...

[REDACTED SENSITIVE LINE]

W (10763331) WIFI: Disconnected from AP, reason=201 (NO_AP_FOUND). Retrying connection...

[REDACTED SENSITIVE LINE]

W (10765751) WIFI: Disconnected from AP, reason=201 (NO_AP_FOUND). Retrying connection...

[REDACTED SENSITIVE LINE]

W (10768171) WIFI: Disconnected from AP, reason=201 (NO_AP_FOUND). Retrying connection...

[REDACTED SENSITIVE LINE]

W (10770601) WIFI: Disconnected from AP, reason=201 (NO_AP_FOUND). Retrying connection...

[REDACTED SENSITIVE LINE]

W (10773021) WIFI: Disconnected from AP, reason=201 (NO_AP_FOUND). Retrying connection...

[REDACTED SENSITIVE LINE]

W (10775441) WIFI: Disconnected from AP, reason=201 (NO_AP_FOUND). Retrying connection...

[REDACTED SENSITIVE LINE]

I (10776801) NETWORK: NETWORK_TIME_SYNCED_BIT cleared before=0x0 after=0x0

W (10776801) WIFI: Lost IP address

W (10777861) WIFI: Disconnected from AP, reason=201 (NO_AP_FOUND). Retrying connection...

[REDACTED SENSITIVE LINE]

W (10780281) WIFI: Disconnected from AP, reason=201 (NO_AP_FOUND). Retrying connection...

[REDACTED SENSITIVE LINE]

W (10782701) WIFI: Disconnected from AP, reason=201 (NO_AP_FOUND). Retrying connection...

[REDACTED SENSITIVE LINE]

W (10785121) WIFI: Disconnected from AP, reason=201 (NO_AP_FOUND). Retrying connection...

[REDACTED SENSITIVE LINE]

W (10787541) WIFI: Disconnected from AP, reason=201 (NO_AP_FOUND). Retrying connection...

[REDACTED SENSITIVE LINE]

W (10789971) WIFI: Disconnected from AP, reason=201 (NO_AP_FOUND). Retrying connection...

[REDACTED SENSITIVE LINE]

W (10792391) WIFI: Disconnected from AP, reason=201 (NO_AP_FOUND). Retrying connection...

[REDACTED SENSITIVE LINE]

W (10794811) WIFI: Disconnected from AP, reason=201 (NO_AP_FOUND). Retrying connection...

[REDACTED SENSITIVE LINE]

W (10797231) WIFI: Disconnected from AP, reason=201 (NO_AP_FOUND). Retrying connection...

[REDACTED SENSITIVE LINE]

W (10799651) WIFI: Disconnected from AP, reason=201 (NO_AP_FOUND). Retrying connection...

[REDACTED SENSITIVE LINE]

W (10802071) WIFI: Disconnected from AP, reason=201 (NO_AP_FOUND). Retrying connection...

[REDACTED SENSITIVE LINE]

W (10804491) WIFI: Disconnected from AP, reason=201 (NO_AP_FOUND). Retrying connection...

[REDACTED SENSITIVE LINE]

W (10806911) WIFI: Disconnected from AP, reason=201 (NO_AP_FOUND). Retrying connection...

[REDACTED SENSITIVE LINE]

W (10809341) WIFI: Disconnected from AP, reason=201 (NO_AP_FOUND). Retrying connection...

[REDACTED SENSITIVE LINE]

W (10811761) WIFI: Disconnected from AP, reason=201 (NO_AP_FOUND). Retrying connection...

[REDACTED SENSITIVE LINE]

W (10814181) WIFI: Disconnected from AP, reason=201 (NO_AP_FOUND). Retrying connection...

[REDACTED SENSITIVE LINE]

W (10816601) WIFI: Disconnected from AP, reason=201 (NO_AP_FOUND). Retrying connection...

[REDACTED SENSITIVE LINE]

W (10819021) WIFI: Disconnected from AP, reason=201 (NO_AP_FOUND). Retrying connection...

[REDACTED SENSITIVE LINE]

W (10821441) WIFI: Disconnected from AP, reason=201 (NO_AP_FOUND). Retrying connection...

[REDACTED SENSITIVE LINE]

W (10823861) WIFI: Disconnected from AP, reason=201 (NO_AP_FOUND). Retrying connection...

[REDACTED SENSITIVE LINE]

W (10826281) WIFI: Disconnected from AP, reason=201 (NO_AP_FOUND). Retrying connection...

[REDACTED SENSITIVE LINE]

W (10828711) WIFI: Disconnected from AP, reason=201 (NO_AP_FOUND). Retrying connection...

[REDACTED SENSITIVE LINE]

W (10831131) WIFI: Disconnected from AP, reason=201 (NO_AP_FOUND). Retrying connection...

[REDACTED SENSITIVE LINE]

W (10833551) WIFI: Disconnected from AP, reason=201 (NO_AP_FOUND). Retrying connection...

[REDACTED SENSITIVE LINE]

W (10835971) WIFI: Disconnected from AP, reason=201 (NO_AP_FOUND). Retrying connection...

[REDACTED SENSITIVE LINE]

W (10838391) WIFI: Disconnected from AP, reason=201 (NO_AP_FOUND). Retrying connection...

[REDACTED SENSITIVE LINE]

W (10840811) WIFI: Disconnected from AP, reason=201 (NO_AP_FOUND). Retrying connection...

[REDACTED SENSITIVE LINE]

W (10843231) WIFI: Disconnected from AP, reason=201 (NO_AP_FOUND). Retrying connection...

[REDACTED SENSITIVE LINE]

W (10845651) WIFI: Disconnected from AP, reason=201 (NO_AP_FOUND). Retrying connection...

[REDACTED SENSITIVE LINE]

W (10848081) WIFI: Disconnected from AP, reason=201 (NO_AP_FOUND). Retrying connection...

[REDACTED SENSITIVE LINE]

W (10850501) WIFI: Disconnected from AP, reason=201 (NO_AP_FOUND). Retrying connection...

[REDACTED SENSITIVE LINE]

W (10852921) WIFI: Disconnected from AP, reason=201 (NO_AP_FOUND). Retrying connection...

[REDACTED SENSITIVE LINE]

W (10855341) WIFI: Disconnected from AP, reason=201 (NO_AP_FOUND). Retrying connection...

[REDACTED SENSITIVE LINE]

W (10857761) WIFI: Disconnected from AP, reason=201 (NO_AP_FOUND). Retrying connection...

[REDACTED SENSITIVE LINE]

W (10860181) WIFI: Disconnected from AP, reason=201 (NO_AP_FOUND). Retrying connection...

[REDACTED SENSITIVE LINE]

W (10862601) WIFI: Disconnected from AP, reason=201 (NO_AP_FOUND). Retrying connection...

[REDACTED SENSITIVE LINE]

W (10865021) WIFI: Disconnected from AP, reason=201 (NO_AP_FOUND). Retrying connection...

[REDACTED SENSITIVE LINE]

W (10867451) WIFI: Disconnected from AP, reason=201 (NO_AP_FOUND). Retrying connection...

[REDACTED SENSITIVE LINE]

W (10869871) WIFI: Disconnected from AP, reason=201 (NO_AP_FOUND). Retrying connection...

[REDACTED SENSITIVE LINE]

W (10872291) WIFI: Disconnected from AP, reason=201 (NO_AP_FOUND). Retrying connection...

[REDACTED SENSITIVE LINE]

W (10874711) WIFI: Disconnected from AP, reason=201 (NO_AP_FOUND). Retrying connection...

[REDACTED SENSITIVE LINE]

W (10877131) WIFI: Disconnected from AP, reason=201 (NO_AP_FOUND). Retrying connection...

[REDACTED SENSITIVE LINE]

W (10879551) WIFI: Disconnected from AP, reason=201 (NO_AP_FOUND). Retrying connection...

[REDACTED SENSITIVE LINE]

W (10881971) WIFI: Disconnected from AP, reason=201 (NO_AP_FOUND). Retrying connection...

[REDACTED SENSITIVE LINE]

W (10884391) WIFI: Disconnected from AP, reason=201 (NO_AP_FOUND). Retrying connection...

[REDACTED SENSITIVE LINE]

W (10886811) WIFI: Disconnected from AP, reason=201 (NO_AP_FOUND). Retrying connection...

[REDACTED SENSITIVE LINE]

W (10889241) WIFI: Disconnected from AP, reason=201 (NO_AP_FOUND). Retrying connection...

[REDACTED SENSITIVE LINE]

W (10891661) WIFI: Disconnected from AP, reason=201 (NO_AP_FOUND). Retrying connection...

[REDACTED SENSITIVE LINE]

W (10894081) WIFI: Disconnected from AP, reason=201 (NO_AP_FOUND). Retrying connection...

[REDACTED SENSITIVE LINE]

W (10896501) WIFI: Disconnected from AP, reason=201 (NO_AP_FOUND). Retrying connection...

[REDACTED SENSITIVE LINE]

I (10897861) NETWORK: NETWORK_TIME_SYNCED_BIT cleared before=0x0 after=0x0

W (10897861) WIFI: Lost IP address

W (10898921) WIFI: Disconnected from AP, reason=201 (NO_AP_FOUND). Retrying connection...

[REDACTED SENSITIVE LINE]

W (10901341) WIFI: Disconnected from AP, reason=201 (NO_AP_FOUND). Retrying connection...

[REDACTED SENSITIVE LINE]

W (10903761) WIFI: Disconnected from AP, reason=201 (NO_AP_FOUND). Retrying connection...

[REDACTED SENSITIVE LINE]

W (10906181) WIFI: Disconnected from AP, reason=201 (NO_AP_FOUND). Retrying connection...

[REDACTED SENSITIVE LINE]

W (10908611) WIFI: Disconnected from AP, reason=201 (NO_AP_FOUND). Retrying connection...

[REDACTED SENSITIVE LINE]

W (10911031) WIFI: Disconnected from AP, reason=201 (NO_AP_FOUND). Retrying connection...

[REDACTED SENSITIVE LINE]

W (10913451) WIFI: Disconnected from AP, reason=201 (NO_AP_FOUND). Retrying connection...

[REDACTED SENSITIVE LINE]

W (10915871) WIFI: Disconnected from AP, reason=201 (NO_AP_FOUND). Retrying connection...

[REDACTED SENSITIVE LINE]

W (10918291) WIFI: Disconnected from AP, reason=201 (NO_AP_FOUND). Retrying connection...

[REDACTED SENSITIVE LINE]

W (10920711) WIFI: Disconnected from AP, reason=201 (NO_AP_FOUND). Retrying connection...

[REDACTED SENSITIVE LINE]

W (10923131) WIFI: Disconnected from AP, reason=201 (NO_AP_FOUND). Retrying connection...

[REDACTED SENSITIVE LINE]

W (10925551) WIFI: Disconnected from AP, reason=201 (NO_AP_FOUND). Retrying connection...

[REDACTED SENSITIVE LINE]

W (10927981) WIFI: Disconnected from AP, reason=201 (NO_AP_FOUND). Retrying connection...

[REDACTED SENSITIVE LINE]

W (10930401) WIFI: Disconnected from AP, reason=201 (NO_AP_FOUND). Retrying connection...

[REDACTED SENSITIVE LINE]

W (10932821) WIFI: Disconnected from AP, reason=201 (NO_AP_FOUND). Retrying connection...

[REDACTED SENSITIVE LINE]

W (10935241) WIFI: Disconnected from AP, reason=201 (NO_AP_FOUND). Retrying connection...

[REDACTED SENSITIVE LINE]

W (10937661) WIFI: Disconnected from AP, reason=201 (NO_AP_FOUND). Retrying connection...

[REDACTED SENSITIVE LINE]

W (10940081) WIFI: Disconnected from AP, reason=201 (NO_AP_FOUND). Retrying connection...

[REDACTED SENSITIVE LINE]

W (10942501) WIFI: Disconnected from AP, reason=201 (NO_AP_FOUND). Retrying connection...

[REDACTED SENSITIVE LINE]

W (10944921) WIFI: Disconnected from AP, reason=201 (NO_AP_FOUND). Retrying connection...

[REDACTED SENSITIVE LINE]

W (10947351) WIFI: Disconnected from AP, reason=201 (NO_AP_FOUND). Retrying connection...

[REDACTED SENSITIVE LINE]

W (10949771) WIFI: Disconnected from AP, reason=201 (NO_AP_FOUND). Retrying connection...

[REDACTED SENSITIVE LINE]

W (10952191) WIFI: Disconnected from AP, reason=201 (NO_AP_FOUND). Retrying connection...

[REDACTED SENSITIVE LINE]

W (10954611) WIFI: Disconnected from AP, reason=201 (NO_AP_FOUND). Retrying connection...

[REDACTED SENSITIVE LINE]

W (10957031) WIFI: Disconnected from AP, reason=201 (NO_AP_FOUND). Retrying connection...

[REDACTED SENSITIVE LINE]

W (10959451) WIFI: Disconnected from AP, reason=201 (NO_AP_FOUND). Retrying connection...

[REDACTED SENSITIVE LINE]

W (10961871) WIFI: Disconnected from AP, reason=201 (NO_AP_FOUND). Retrying connection...

[REDACTED SENSITIVE LINE]

W (10964291) WIFI: Disconnected from AP, reason=201 (NO_AP_FOUND). Retrying connection...

[REDACTED SENSITIVE LINE]

W (10966721) WIFI: Disconnected from AP, reason=201 (NO_AP_FOUND). Retrying connection...

[REDACTED SENSITIVE LINE]

W (10969141) WIFI: Disconnected from AP, reason=201 (NO_AP_FOUND). Retrying connection...

[REDACTED SENSITIVE LINE]

W (10971561) WIFI: Disconnected from AP, reason=201 (NO_AP_FOUND). Retrying connection...

[REDACTED SENSITIVE LINE]

W (10973981) WIFI: Disconnected from AP, reason=201 (NO_AP_FOUND). Retrying connection...

[REDACTED SENSITIVE LINE]

W (10976401) WIFI: Disconnected from AP, reason=201 (NO_AP_FOUND). Retrying connection...

[REDACTED SENSITIVE LINE]

W (10978821) WIFI: Disconnected from AP, reason=201 (NO_AP_FOUND). Retrying connection...

[REDACTED SENSITIVE LINE]

W (10981241) WIFI: Disconnected from AP, reason=201 (NO_AP_FOUND). Retrying connection...

[REDACTED SENSITIVE LINE]

W (10983661) WIFI: Disconnected from AP, reason=201 (NO_AP_FOUND). Retrying connection...

[REDACTED SENSITIVE LINE]

W (10986091) WIFI: Disconnected from AP, reason=201 (NO_AP_FOUND). Retrying connection...

[REDACTED SENSITIVE LINE]

W (10988511) WIFI: Disconnected from AP, reason=201 (NO_AP_FOUND). Retrying connection...

[REDACTED SENSITIVE LINE]

W (10990931) WIFI: Disconnected from AP, reason=201 (NO_AP_FOUND). Retrying connection...

[REDACTED SENSITIVE LINE]

W (10993351) WIFI: Disconnected from AP, reason=201 (NO_AP_FOUND). Retrying connection...

[REDACTED SENSITIVE LINE]

W (10995771) WIFI: Disconnected from AP, reason=201 (NO_AP_FOUND). Retrying connection...

[REDACTED SENSITIVE LINE]

W (10998191) WIFI: Disconnected from AP, reason=201 (NO_AP_FOUND). Retrying connection...

[REDACTED SENSITIVE LINE]

W (11000611) WIFI: Disconnected from AP, reason=201 (NO_AP_FOUND). Retrying connection...

[REDACTED SENSITIVE LINE]

W (11003031) WIFI: Disconnected from AP, reason=201 (NO_AP_FOUND). Retrying connection...

[REDACTED SENSITIVE LINE]

W (11005451) WIFI: Disconnected from AP, reason=201 (NO_AP_FOUND). Retrying connection...

[REDACTED SENSITIVE LINE]

W (11007881) WIFI: Disconnected from AP, reason=201 (NO_AP_FOUND). Retrying connection...

[REDACTED SENSITIVE LINE]

W (11010301) WIFI: Disconnected from AP, reason=201 (NO_AP_FOUND). Retrying connection...

[REDACTED SENSITIVE LINE]

W (11012721) WIFI: Disconnected from AP, reason=201 (NO_AP_FOUND). Retrying connection...

[REDACTED SENSITIVE LINE]

W (11015141) WIFI: Disconnected from AP, reason=201 (NO_AP_FOUND). Retrying connection...

[REDACTED SENSITIVE LINE]

W (11017561) WIFI: Disconnected from AP, reason=201 (NO_AP_FOUND). Retrying connection...

[REDACTED SENSITIVE LINE]

I (11018921) NETWORK: NETWORK_TIME_SYNCED_BIT cleared before=0x0 after=0x0

W (11018921) WIFI: Lost IP address

W (11019981) WIFI: Disconnected from AP, reason=201 (NO_AP_FOUND). Retrying connection...

[REDACTED SENSITIVE LINE]

W (11022401) WIFI: Disconnected from AP, reason=201 (NO_AP_FOUND). Retrying connection...

[REDACTED SENSITIVE LINE]

W (11024821) WIFI: Disconnected from AP, reason=201 (NO_AP_FOUND). Retrying connection...

[REDACTED SENSITIVE LINE]

W (11027251) WIFI: Disconnected from AP, reason=201 (NO_AP_FOUND). Retrying connection...

[REDACTED SENSITIVE LINE]

W (11029671) WIFI: Disconnected from AP, reason=201 (NO_AP_FOUND). Retrying connection...

[REDACTED SENSITIVE LINE]

W (11032091) WIFI: Disconnected from AP, reason=201 (NO_AP_FOUND). Retrying connection...

[REDACTED SENSITIVE LINE]

W (11034511) WIFI: Disconnected from AP, reason=201 (NO_AP_FOUND). Retrying connection...

[REDACTED SENSITIVE LINE]

W (11036931) WIFI: Disconnected from AP, reason=201 (NO_AP_FOUND). Retrying connection...

[REDACTED SENSITIVE LINE]

W (11039351) WIFI: Disconnected from AP, reason=201 (NO_AP_FOUND). Retrying connection...

[REDACTED SENSITIVE LINE]

W (11041771) WIFI: Disconnected from AP, reason=201 (NO_AP_FOUND). Retrying connection...

[REDACTED SENSITIVE LINE]

W (11044191) WIFI: Disconnected from AP, reason=201 (NO_AP_FOUND). Retrying connection...

[REDACTED SENSITIVE LINE]

W (11046621) WIFI: Disconnected from AP, reason=201 (NO_AP_FOUND). Retrying connection...

[REDACTED SENSITIVE LINE]

W (11049041) WIFI: Disconnected from AP, reason=201 (NO_AP_FOUND). Retrying connection...

[REDACTED SENSITIVE LINE]

W (11051461) WIFI: Disconnected from AP, reason=201 (NO_AP_FOUND). Retrying connection...

[REDACTED SENSITIVE LINE]

W (11053881) WIFI: Disconnected from AP, reason=201 (NO_AP_FOUND). Retrying connection...

[REDACTED SENSITIVE LINE]

W (11056301) WIFI: Disconnected from AP, reason=201 (NO_AP_FOUND). Retrying connection...

[REDACTED SENSITIVE LINE]

W (11058721) WIFI: Disconnected from AP, reason=201 (NO_AP_FOUND). Retrying connection...

[REDACTED SENSITIVE LINE]

W (11061141) WIFI: Disconnected from AP, reason=201 (NO_AP_FOUND). Retrying connection...

[REDACTED SENSITIVE LINE]

W (11063561) WIFI: Disconnected from AP, reason=201 (NO_AP_FOUND). Retrying connection...

[REDACTED SENSITIVE LINE]

W (11065991) WIFI: Disconnected from AP, reason=201 (NO_AP_FOUND). Retrying connection...

[REDACTED SENSITIVE LINE]

W (11068411) WIFI: Disconnected from AP, reason=201 (NO_AP_FOUND). Retrying connection...

[REDACTED SENSITIVE LINE]

W (11070831) WIFI: Disconnected from AP, reason=201 (NO_AP_FOUND). Retrying connection...

[REDACTED SENSITIVE LINE]

W (11073251) WIFI: Disconnected from AP, reason=201 (NO_AP_FOUND). Retrying connection...

[REDACTED SENSITIVE LINE]

W (11075671) WIFI: Disconnected from AP, reason=201 (NO_AP_FOUND). Retrying connection...

[REDACTED SENSITIVE LINE]

W (11078091) WIFI: Disconnected from AP, reason=201 (NO_AP_FOUND). Retrying connection...

[REDACTED SENSITIVE LINE]

W (11080511) WIFI: Disconnected from AP, reason=201 (NO_AP_FOUND). Retrying connection...

[REDACTED SENSITIVE LINE]

W (11082931) WIFI: Disconnected from AP, reason=201 (NO_AP_FOUND). Retrying connection...

[REDACTED SENSITIVE LINE]

W (11085361) WIFI: Disconnected from AP, reason=201 (NO_AP_FOUND). Retrying connection...

[REDACTED SENSITIVE LINE]

W (11087781) WIFI: Disconnected from AP, reason=201 (NO_AP_FOUND). Retrying connection...

[REDACTED SENSITIVE LINE]

W (11090201) WIFI: Disconnected from AP, reason=201 (NO_AP_FOUND). Retrying connection...

[REDACTED SENSITIVE LINE]

W (11092621) WIFI: Disconnected from AP, reason=201 (NO_AP_FOUND). Retrying connection...

[REDACTED SENSITIVE LINE]

W (11095041) WIFI: Disconnected from AP, reason=201 (NO_AP_FOUND). Retrying connection...

[REDACTED SENSITIVE LINE]

W (11097461) WIFI: Disconnected from AP, reason=201 (NO_AP_FOUND). Retrying connection...

[REDACTED SENSITIVE LINE]

W (11099881) WIFI: Disconnected from AP, reason=201 (NO_AP_FOUND). Retrying connection...

[REDACTED SENSITIVE LINE]

W (11102301) WIFI: Disconnected from AP, reason=201 (NO_AP_FOUND). Retrying connection...

[REDACTED SENSITIVE LINE]

W (11104731) WIFI: Disconnected from AP, reason=201 (NO_AP_FOUND). Retrying connection...

[REDACTED SENSITIVE LINE]

W (11107151) WIFI: Disconnected from AP, reason=201 (NO_AP_FOUND). Retrying connection...

[REDACTED SENSITIVE LINE]

W (11109571) WIFI: Disconnected from AP, reason=201 (NO_AP_FOUND). Retrying connection...

[REDACTED SENSITIVE LINE]

W (11111991) WIFI: Disconnected from AP, reason=201 (NO_AP_FOUND). Retrying connection...

[REDACTED SENSITIVE LINE]

W (11114411) WIFI: Disconnected from AP, reason=201 (NO_AP_FOUND). Retrying connection...

[REDACTED SENSITIVE LINE]

W (11116831) WIFI: Disconnected from AP, reason=201 (NO_AP_FOUND). Retrying connection...

[REDACTED SENSITIVE LINE]

W (11119251) WIFI: Disconnected from AP, reason=201 (NO_AP_FOUND). Retrying connection...

[REDACTED SENSITIVE LINE]

W (11121671) WIFI: Disconnected from AP, reason=201 (NO_AP_FOUND). Retrying connection...

[REDACTED SENSITIVE LINE]

W (11124091) WIFI: Disconnected from AP, reason=201 (NO_AP_FOUND). Retrying connection...

[REDACTED SENSITIVE LINE]

W (11126521) WIFI: Disconnected from AP, reason=201 (NO_AP_FOUND). Retrying connection...

[REDACTED SENSITIVE LINE]

W (11128941) WIFI: Disconnected from AP, reason=201 (NO_AP_FOUND). Retrying connection...

[REDACTED SENSITIVE LINE]

W (11131361) WIFI: Disconnected from AP, reason=201 (NO_AP_FOUND). Retrying connection...

[REDACTED SENSITIVE LINE]

W (11133781) WIFI: Disconnected from AP, reason=201 (NO_AP_FOUND). Retrying connection...

[REDACTED SENSITIVE LINE]

W (11136201) WIFI: Disconnected from AP, reason=201 (NO_AP_FOUND). Retrying connection...

[REDACTED SENSITIVE LINE]

W (11138621) WIFI: Disconnected from AP, reason=201 (NO_AP_FOUND). Retrying connection...

[REDACTED SENSITIVE LINE]

I (11139981) NETWORK: NETWORK_TIME_SYNCED_BIT cleared before=0x0 after=0x0

W (11139981) WIFI: Lost IP address

W (11141041) WIFI: Disconnected from AP, reason=201 (NO_AP_FOUND). Retrying connection...

[REDACTED SENSITIVE LINE]

W (11143471) WIFI: Disconnected from AP, reason=201 (NO_AP_FOUND). Retrying connection...

[REDACTED SENSITIVE LINE]

W (11145891) WIFI: Disconnected from AP, reason=201 (NO_AP_FOUND). Retrying connection...

[REDACTED SENSITIVE LINE]

W (11148311) WIFI: Disconnected from AP, reason=201 (NO_AP_FOUND). Retrying connection...

[REDACTED SENSITIVE LINE]

W (11150731) WIFI: Disconnected from AP, reason=201 (NO_AP_FOUND). Retrying connection...

[REDACTED SENSITIVE LINE]

W (11153151) WIFI: Disconnected from AP, reason=201 (NO_AP_FOUND). Retrying connection...

[REDACTED SENSITIVE LINE]

W (11155571) WIFI: Disconnected from AP, reason=201 (NO_AP_FOUND). Retrying connection...

[REDACTED SENSITIVE LINE]

W (11157991) WIFI: Disconnected from AP, reason=201 (NO_AP_FOUND). Retrying connection...

[REDACTED SENSITIVE LINE]

W (11160411) WIFI: Disconnected from AP, reason=201 (NO_AP_FOUND). Retrying connection...

[REDACTED SENSITIVE LINE]

W (11162831) WIFI: Disconnected from AP, reason=201 (NO_AP_FOUND). Retrying connection...

[REDACTED SENSITIVE LINE]

W (11165261) WIFI: Disconnected from AP, reason=201 (NO_AP_FOUND). Retrying connection...

[REDACTED SENSITIVE LINE]

W (11167681) WIFI: Disconnected from AP, reason=201 (NO_AP_FOUND). Retrying connection...

[REDACTED SENSITIVE LINE]

W (11170101) WIFI: Disconnected from AP, reason=201 (NO_AP_FOUND). Retrying connection...

[REDACTED SENSITIVE LINE]

W (11172521) WIFI: Disconnected from AP, reason=201 (NO_AP_FOUND). Retrying connection...

[REDACTED SENSITIVE LINE]

W (11174941) WIFI: Disconnected from AP, reason=201 (NO_AP_FOUND). Retrying connection...

[REDACTED SENSITIVE LINE]

W (11177361) WIFI: Disconnected from AP, reason=201 (NO_AP_FOUND). Retrying connection...

[REDACTED SENSITIVE LINE]

W (11179781) WIFI: Disconnected from AP, reason=201 (NO_AP_FOUND). Retrying connection...

[REDACTED SENSITIVE LINE]

W (11182201) WIFI: Disconnected from AP, reason=201 (NO_AP_FOUND). Retrying connection...

[REDACTED SENSITIVE LINE]

W (11184631) WIFI: Disconnected from AP, reason=201 (NO_AP_FOUND). Retrying connection...

[REDACTED SENSITIVE LINE]

W (11187051) WIFI: Disconnected from AP, reason=201 (NO_AP_FOUND). Retrying connection...

[REDACTED SENSITIVE LINE]

W (11189471) WIFI: Disconnected from AP, reason=201 (NO_AP_FOUND). Retrying connection...

[REDACTED SENSITIVE LINE]

W (11191891) WIFI: Disconnected from AP, reason=201 (NO_AP_FOUND). Retrying connection...

[REDACTED SENSITIVE LINE]

W (11194311) WIFI: Disconnected from AP, reason=201 (NO_AP_FOUND). Retrying connection...

[REDACTED SENSITIVE LINE]

W (11196731) WIFI: Disconnected from AP, reason=201 (NO_AP_FOUND). Retrying connection...

[REDACTED SENSITIVE LINE]

W (11199151) WIFI: Disconnected from AP, reason=201 (NO_AP_FOUND). Retrying connection...

[REDACTED SENSITIVE LINE]

W (11201571) WIFI: Disconnected from AP, reason=201 (NO_AP_FOUND). Retrying connection...

[REDACTED SENSITIVE LINE]

W (11203991) WIFI: Disconnected from AP, reason=201 (NO_AP_FOUND). Retrying connection...

[REDACTED SENSITIVE LINE]

W (11206421) WIFI: Disconnected from AP, reason=201 (NO_AP_FOUND). Retrying connection...

[REDACTED SENSITIVE LINE]

W (11208841) WIFI: Disconnected from AP, reason=201 (NO_AP_FOUND). Retrying connection...

[REDACTED SENSITIVE LINE]

W (11211261) WIFI: Disconnected from AP, reason=201 (NO_AP_FOUND). Retrying connection...

[REDACTED SENSITIVE LINE]

W (11213681) WIFI: Disconnected from AP, reason=201 (NO_AP_FOUND). Retrying connection...

[REDACTED SENSITIVE LINE]

W (11216101) WIFI: Disconnected from AP, reason=201 (NO_AP_FOUND). Retrying connection...

[REDACTED SENSITIVE LINE]

W (11218521) WIFI: Disconnected from AP, reason=201 (NO_AP_FOUND). Retrying connection...

[REDACTED SENSITIVE LINE]

W (11220941) WIFI: Disconnected from AP, reason=201 (NO_AP_FOUND). Retrying connection...

[REDACTED SENSITIVE LINE]

W (11223361) WIFI: Disconnected from AP, reason=201 (NO_AP_FOUND). Retrying connection...

[REDACTED SENSITIVE LINE]

W (11225791) WIFI: Disconnected from AP, reason=201 (NO_AP_FOUND). Retrying connection...

[REDACTED SENSITIVE LINE]

W (11228211) WIFI: Disconnected from AP, reason=201 (NO_AP_FOUND). Retrying connection...

[REDACTED SENSITIVE LINE]

W (11230631) WIFI: Disconnected from AP, reason=201 (NO_AP_FOUND). Retrying connection...

[REDACTED SENSITIVE LINE]

W (11233051) WIFI: Disconnected from AP, reason=201 (NO_AP_FOUND). Retrying connection...

[REDACTED SENSITIVE LINE]

W (11235471) WIFI: Disconnected from AP, reason=201 (NO_AP_FOUND). Retrying connection...

[REDACTED SENSITIVE LINE]

W (11237891) WIFI: Disconnected from AP, reason=201 (NO_AP_FOUND). Retrying connection...

[REDACTED SENSITIVE LINE]

W (11240311) WIFI: Disconnected from AP, reason=201 (NO_AP_FOUND). Retrying connection...

[REDACTED SENSITIVE LINE]

W (11242731) WIFI: Disconnected from AP, reason=201 (NO_AP_FOUND). Retrying connection...

[REDACTED SENSITIVE LINE]

W (11245161) WIFI: Disconnected from AP, reason=201 (NO_AP_FOUND). Retrying connection...

[REDACTED SENSITIVE LINE]

W (11247581) WIFI: Disconnected from AP, reason=201 (NO_AP_FOUND). Retrying connection...

[REDACTED SENSITIVE LINE]

W (11250001) WIFI: Disconnected from AP, reason=201 (NO_AP_FOUND). Retrying connection...

[REDACTED SENSITIVE LINE]

W (11252421) WIFI: Disconnected from AP, reason=201 (NO_AP_FOUND). Retrying connection...

[REDACTED SENSITIVE LINE]

W (11254841) WIFI: Disconnected from AP, reason=201 (NO_AP_FOUND). Retrying connection...

[REDACTED SENSITIVE LINE]

W (11257261) WIFI: Disconnected from AP, reason=201 (NO_AP_FOUND). Retrying connection...

[REDACTED SENSITIVE LINE]

W (11259681) WIFI: Disconnected from AP, reason=201 (NO_AP_FOUND). Retrying connection...

[REDACTED SENSITIVE LINE]

I (11261041) NETWORK: NETWORK_TIME_SYNCED_BIT cleared before=0x0 after=0x0

W (11261041) WIFI: Lost IP address

W (11262101) WIFI: Disconnected from AP, reason=201 (NO_AP_FOUND). Retrying connection...

[REDACTED SENSITIVE LINE]

W (11264531) WIFI: Disconnected from AP, reason=201 (NO_AP_FOUND). Retrying connection...

[REDACTED SENSITIVE LINE]

W (11266951) WIFI: Disconnected from AP, reason=201 (NO_AP_FOUND). Retrying connection...

[REDACTED SENSITIVE LINE]

W (11269371) WIFI: Disconnected from AP, reason=201 (NO_AP_FOUND). Retrying connection...

[REDACTED SENSITIVE LINE]

W (11271791) WIFI: Disconnected from AP, reason=201 (NO_AP_FOUND). Retrying connection...

[REDACTED SENSITIVE LINE]

W (11274211) WIFI: Disconnected from AP, reason=201 (NO_AP_FOUND). Retrying connection...

[REDACTED SENSITIVE LINE]

W (11276631) WIFI: Disconnected from AP, reason=201 (NO_AP_FOUND). Retrying connection...

[REDACTED SENSITIVE LINE]

W (11279051) WIFI: Disconnected from AP, reason=201 (NO_AP_FOUND). Retrying connection...

[REDACTED SENSITIVE LINE]

W (11281471) WIFI: Disconnected from AP, reason=201 (NO_AP_FOUND). Retrying connection...

[REDACTED SENSITIVE LINE]

W (11283901) WIFI: Disconnected from AP, reason=201 (NO_AP_FOUND). Retrying connection...

[REDACTED SENSITIVE LINE]

W (11286321) WIFI: Disconnected from AP, reason=201 (NO_AP_FOUND). Retrying connection...

[REDACTED SENSITIVE LINE]

W (11288741) WIFI: Disconnected from AP, reason=201 (NO_AP_FOUND). Retrying connection...

[REDACTED SENSITIVE LINE]

W (11291161) WIFI: Disconnected from AP, reason=201 (NO_AP_FOUND). Retrying connection...

[REDACTED SENSITIVE LINE]

W (11293581) WIFI: Disconnected from AP, reason=201 (NO_AP_FOUND). Retrying connection...

[REDACTED SENSITIVE LINE]

W (11296001) WIFI: Disconnected from AP, reason=201 (NO_AP_FOUND). Retrying connection...

[REDACTED SENSITIVE LINE]

W (11298421) WIFI: Disconnected from AP, reason=201 (NO_AP_FOUND). Retrying connection...

[REDACTED SENSITIVE LINE]

W (11300841) WIFI: Disconnected from AP, reason=201 (NO_AP_FOUND). Retrying connection...

[REDACTED SENSITIVE LINE]

W (11303261) WIFI: Disconnected from AP, reason=201 (NO_AP_FOUND). Retrying connection...

[REDACTED SENSITIVE LINE]

W (11305691) WIFI: Disconnected from AP, reason=201 (NO_AP_FOUND). Retrying connection...

[REDACTED SENSITIVE LINE]

W (11308111) WIFI: Disconnected from AP, reason=201 (NO_AP_FOUND). Retrying connection...

[REDACTED SENSITIVE LINE]

W (11310531) WIFI: Disconnected from AP, reason=201 (NO_AP_FOUND). Retrying connection...

[REDACTED SENSITIVE LINE]

W (11312951) WIFI: Disconnected from AP, reason=201 (NO_AP_FOUND). Retrying connection...

[REDACTED SENSITIVE LINE]

W (11315371) WIFI: Disconnected from AP, reason=201 (NO_AP_FOUND). Retrying connection...

[REDACTED SENSITIVE LINE]

W (11317791) WIFI: Disconnected from AP, reason=201 (NO_AP_FOUND). Retrying connection...

[REDACTED SENSITIVE LINE]

W (11320211) WIFI: Disconnected from AP, reason=201 (NO_AP_FOUND). Retrying connection...

[REDACTED SENSITIVE LINE]

W (11322631) WIFI: Disconnected from AP, reason=201 (NO_AP_FOUND). Retrying connection...

[REDACTED SENSITIVE LINE]

W (11325061) WIFI: Disconnected from AP, reason=201 (NO_AP_FOUND). Retrying connection...

[REDACTED SENSITIVE LINE]

W (11327481) WIFI: Disconnected from AP, reason=201 (NO_AP_FOUND). Retrying connection...

[REDACTED SENSITIVE LINE]

W (11329901) WIFI: Disconnected from AP, reason=201 (NO_AP_FOUND). Retrying connection...

[REDACTED SENSITIVE LINE]

W (11332321) WIFI: Disconnected from AP, reason=201 (NO_AP_FOUND). Retrying connection...

[REDACTED SENSITIVE LINE]

W (11334741) WIFI: Disconnected from AP, reason=201 (NO_AP_FOUND). Retrying connection...

[REDACTED SENSITIVE LINE]

W (11337161) WIFI: Disconnected from AP, reason=201 (NO_AP_FOUND). Retrying connection...

[REDACTED SENSITIVE LINE]

W (11339581) WIFI: Disconnected from AP, reason=201 (NO_AP_FOUND). Retrying connection...

[REDACTED SENSITIVE LINE]

W (11342001) WIFI: Disconnected from AP, reason=201 (NO_AP_FOUND). Retrying connection...

[REDACTED SENSITIVE LINE]

W (11344431) WIFI: Disconnected from AP, reason=201 (NO_AP_FOUND). Retrying connection...

[REDACTED SENSITIVE LINE]

W (11346851) WIFI: Disconnected from AP, reason=201 (NO_AP_FOUND). Retrying connection...

[REDACTED SENSITIVE LINE]

W (11349271) WIFI: Disconnected from AP, reason=201 (NO_AP_FOUND). Retrying connection...

[REDACTED SENSITIVE LINE]

W (11351691) WIFI: Disconnected from AP, reason=201 (NO_AP_FOUND). Retrying connection...

[REDACTED SENSITIVE LINE]

W (11354111) WIFI: Disconnected from AP, reason=201 (NO_AP_FOUND). Retrying connection...

[REDACTED SENSITIVE LINE]

W (11356531) WIFI: Disconnected from AP, reason=201 (NO_AP_FOUND). Retrying connection...

[REDACTED SENSITIVE LINE]

W (11358951) WIFI: Disconnected from AP, reason=201 (NO_AP_FOUND). Retrying connection...

[REDACTED SENSITIVE LINE]

W (11361371) WIFI: Disconnected from AP, reason=201 (NO_AP_FOUND). Retrying connection...

[REDACTED SENSITIVE LINE]

W (11363801) WIFI: Disconnected from AP, reason=201 (NO_AP_FOUND). Retrying connection...

[REDACTED SENSITIVE LINE]

W (11366221) WIFI: Disconnected from AP, reason=201 (NO_AP_FOUND). Retrying connection...

[REDACTED SENSITIVE LINE]

W (11368641) WIFI: Disconnected from AP, reason=201 (NO_AP_FOUND). Retrying connection...

[REDACTED SENSITIVE LINE]

W (11371061) WIFI: Disconnected from AP, reason=201 (NO_AP_FOUND). Retrying connection...

[REDACTED SENSITIVE LINE]

W (11373481) WIFI: Disconnected from AP, reason=201 (NO_AP_FOUND). Retrying connection...

[REDACTED SENSITIVE LINE]

W (11375901) WIFI: Disconnected from AP, reason=201 (NO_AP_FOUND). Retrying connection...

[REDACTED SENSITIVE LINE]

W (11378321) WIFI: Disconnected from AP, reason=201 (NO_AP_FOUND). Retrying connection...

[REDACTED SENSITIVE LINE]

W (11380741) WIFI: Disconnected from AP, reason=201 (NO_AP_FOUND). Retrying connection...

[REDACTED SENSITIVE LINE]

I (11382101) NETWORK: NETWORK_TIME_SYNCED_BIT cleared before=0x0 after=0x0

W (11382101) WIFI: Lost IP address

W (11383171) WIFI: Disconnected from AP, reason=201 (NO_AP_FOUND). Retrying connection...

[REDACTED SENSITIVE LINE]

W (11385591) WIFI: Disconnected from AP, reason=201 (NO_AP_FOUND). Retrying connection...

[REDACTED SENSITIVE LINE]

W (11388011) WIFI: Disconnected from AP, reason=201 (NO_AP_FOUND). Retrying connection...

[REDACTED SENSITIVE LINE]

W (11390431) WIFI: Disconnected from AP, reason=201 (NO_AP_FOUND). Retrying connection...

[REDACTED SENSITIVE LINE]

W (11392851) WIFI: Disconnected from AP, reason=201 (NO_AP_FOUND). Retrying connection...

[REDACTED SENSITIVE LINE]

W (11395271) WIFI: Disconnected from AP, reason=201 (NO_AP_FOUND). Retrying connection...

[REDACTED SENSITIVE LINE]

W (11397691) WIFI: Disconnected from AP, reason=201 (NO_AP_FOUND). Retrying connection...

[REDACTED SENSITIVE LINE]

W (11400111) WIFI: Disconnected from AP, reason=201 (NO_AP_FOUND). Retrying connection...

[REDACTED SENSITIVE LINE]

W (11402531) WIFI: Disconnected from AP, reason=201 (NO_AP_FOUND). Retrying connection...

[REDACTED SENSITIVE LINE]

W (11404961) WIFI: Disconnected from AP, reason=201 (NO_AP_FOUND). Retrying connection...

[REDACTED SENSITIVE LINE]

W (11407381) WIFI: Disconnected from AP, reason=201 (NO_AP_FOUND). Retrying connection...

[REDACTED SENSITIVE LINE]

W (11409801) WIFI: Disconnected from AP, reason=201 (NO_AP_FOUND). Retrying connection...

[REDACTED SENSITIVE LINE]

W (11412221) WIFI: Disconnected from AP, reason=201 (NO_AP_FOUND). Retrying connection...

[REDACTED SENSITIVE LINE]

W (11414641) WIFI: Disconnected from AP, reason=201 (NO_AP_FOUND). Retrying connection...

[REDACTED SENSITIVE LINE]

W (11417061) WIFI: Disconnected from AP, reason=201 (NO_AP_FOUND). Retrying connection...

[REDACTED SENSITIVE LINE]

W (11419481) WIFI: Disconnected from AP, reason=201 (NO_AP_FOUND). Retrying connection...

[REDACTED SENSITIVE LINE]

W (11421901) WIFI: Disconnected from AP, reason=201 (NO_AP_FOUND). Retrying connection...

[REDACTED SENSITIVE LINE]

W (11424331) WIFI: Disconnected from AP, reason=201 (NO_AP_FOUND). Retrying connection...

[REDACTED SENSITIVE LINE]

W (11426751) WIFI: Disconnected from AP, reason=201 (NO_AP_FOUND). Retrying connection...

[REDACTED SENSITIVE LINE]

W (11429171) WIFI: Disconnected from AP, reason=201 (NO_AP_FOUND). Retrying connection...

[REDACTED SENSITIVE LINE]

W (11431591) WIFI: Disconnected from AP, reason=201 (NO_AP_FOUND). Retrying connection...

[REDACTED SENSITIVE LINE]

W (11434011) WIFI: Disconnected from AP, reason=201 (NO_AP_FOUND). Retrying connection...

[REDACTED SENSITIVE LINE]

W (11436431) WIFI: Disconnected from AP, reason=201 (NO_AP_FOUND). Retrying connection...

[REDACTED SENSITIVE LINE]

W (11438851) WIFI: Disconnected from AP, reason=201 (NO_AP_FOUND). Retrying connection...

[REDACTED SENSITIVE LINE]

W (11441271) WIFI: Disconnected from AP, reason=201 (NO_AP_FOUND). Retrying connection...

[REDACTED SENSITIVE LINE]

W (11443701) WIFI: Disconnected from AP, reason=201 (NO_AP_FOUND). Retrying connection...

[REDACTED SENSITIVE LINE]

W (11446121) WIFI: Disconnected from AP, reason=201 (NO_AP_FOUND). Retrying connection...

[REDACTED SENSITIVE LINE]

W (11448541) WIFI: Disconnected from AP, reason=201 (NO_AP_FOUND). Retrying connection...

[REDACTED SENSITIVE LINE]

W (11450961) WIFI: Disconnected from AP, reason=201 (NO_AP_FOUND). Retrying connection...

[REDACTED SENSITIVE LINE]

W (11453381) WIFI: Disconnected from AP, reason=201 (NO_AP_FOUND). Retrying connection...

[REDACTED SENSITIVE LINE]

W (11455801) WIFI: Disconnected from AP, reason=201 (NO_AP_FOUND). Retrying connection...

[REDACTED SENSITIVE LINE]

W (11458221) WIFI: Disconnected from AP, reason=201 (NO_AP_FOUND). Retrying connection...

[REDACTED SENSITIVE LINE]

W (11460641) WIFI: Disconnected from AP, reason=201 (NO_AP_FOUND). Retrying connection...

[REDACTED SENSITIVE LINE]

W (11463071) WIFI: Disconnected from AP, reason=201 (NO_AP_FOUND). Retrying connection...

[REDACTED SENSITIVE LINE]

W (11465491) WIFI: Disconnected from AP, reason=201 (NO_AP_FOUND). Retrying connection...

[REDACTED SENSITIVE LINE]

W (11467911) WIFI: Disconnected from AP, reason=201 (NO_AP_FOUND). Retrying connection...

[REDACTED SENSITIVE LINE]

W (11470331) WIFI: Disconnected from AP, reason=201 (NO_AP_FOUND). Retrying connection...

[REDACTED SENSITIVE LINE]

W (11472751) WIFI: Disconnected from AP, reason=201 (NO_AP_FOUND). Retrying connection...

[REDACTED SENSITIVE LINE]

W (11475171) WIFI: Disconnected from AP, reason=201 (NO_AP_FOUND). Retrying connection...

[REDACTED SENSITIVE LINE]

W (11477591) WIFI: Disconnected from AP, reason=201 (NO_AP_FOUND). Retrying connection...

[REDACTED SENSITIVE LINE]

W (11480011) WIFI: Disconnected from AP, reason=201 (NO_AP_FOUND). Retrying connection...

[REDACTED SENSITIVE LINE]

W (11482441) WIFI: Disconnected from AP, reason=201 (NO_AP_FOUND). Retrying connection...

[REDACTED SENSITIVE LINE]

W (11484861) WIFI: Disconnected from AP, reason=201 (NO_AP_FOUND). Retrying connection...

[REDACTED SENSITIVE LINE]

W (11487281) WIFI: Disconnected from AP, reason=201 (NO_AP_FOUND). Retrying connection...

[REDACTED SENSITIVE LINE]

W (11489701) WIFI: Disconnected from AP, reason=201 (NO_AP_FOUND). Retrying connection...

[REDACTED SENSITIVE LINE]

W (11492121) WIFI: Disconnected from AP, reason=201 (NO_AP_FOUND). Retrying connection...

[REDACTED SENSITIVE LINE]

W (11494541) WIFI: Disconnected from AP, reason=201 (NO_AP_FOUND). Retrying connection...

[REDACTED SENSITIVE LINE]

W (11496961) WIFI: Disconnected from AP, reason=201 (NO_AP_FOUND). Retrying connection...

[REDACTED SENSITIVE LINE]

W (11499381) WIFI: Disconnected from AP, reason=201 (NO_AP_FOUND). Retrying connection...

[REDACTED SENSITIVE LINE]

W (11501811) WIFI: Disconnected from AP, reason=201 (NO_AP_FOUND). Retrying connection...

[REDACTED SENSITIVE LINE]

I (11503161) NETWORK: NETWORK_TIME_SYNCED_BIT cleared before=0x0 after=0x0

W (11503161) WIFI: Lost IP address

W (11504231) WIFI: Disconnected from AP, reason=201 (NO_AP_FOUND). Retrying connection...

[REDACTED SENSITIVE LINE]

W (11506651) WIFI: Disconnected from AP, reason=201 (NO_AP_FOUND). Retrying connection...

[REDACTED SENSITIVE LINE]

W (11509071) WIFI: Disconnected from AP, reason=201 (NO_AP_FOUND). Retrying connection...

[REDACTED SENSITIVE LINE]

W (11511491) WIFI: Disconnected from AP, reason=201 (NO_AP_FOUND). Retrying connection...

[REDACTED SENSITIVE LINE]

W (11513911) WIFI: Disconnected from AP, reason=201 (NO_AP_FOUND). Retrying connection...

[REDACTED SENSITIVE LINE]

W (11516331) WIFI: Disconnected from AP, reason=201 (NO_AP_FOUND). Retrying connection...

[REDACTED SENSITIVE LINE]

W (11518751) WIFI: Disconnected from AP, reason=201 (NO_AP_FOUND). Retrying connection...

[REDACTED SENSITIVE LINE]

W (11521171) WIFI: Disconnected from AP, reason=201 (NO_AP_FOUND). Retrying connection...

[REDACTED SENSITIVE LINE]

W (11523601) WIFI: Disconnected from AP, reason=201 (NO_AP_FOUND). Retrying connection...

[REDACTED SENSITIVE LINE]

W (11526021) WIFI: Disconnected from AP, reason=201 (NO_AP_FOUND). Retrying connection...

[REDACTED SENSITIVE LINE]

W (11528441) WIFI: Disconnected from AP, reason=201 (NO_AP_FOUND). Retrying connection...

[REDACTED SENSITIVE LINE]

W (11530861) WIFI: Disconnected from AP, reason=201 (NO_AP_FOUND). Retrying connection...

[REDACTED SENSITIVE LINE]

W (11533281) WIFI: Disconnected from AP, reason=201 (NO_AP_FOUND). Retrying connection...

[REDACTED SENSITIVE LINE]

W (11535701) WIFI: Disconnected from AP, reason=201 (NO_AP_FOUND). Retrying connection...

[REDACTED SENSITIVE LINE]

W (11538121) WIFI: Disconnected from AP, reason=201 (NO_AP_FOUND). Retrying connection...

[REDACTED SENSITIVE LINE]

W (11540541) WIFI: Disconnected from AP, reason=201 (NO_AP_FOUND). Retrying connection...

[REDACTED SENSITIVE LINE]

W (11542971) WIFI: Disconnected from AP, reason=201 (NO_AP_FOUND). Retrying connection...

[REDACTED SENSITIVE LINE]

W (11545391) WIFI: Disconnected from AP, reason=201 (NO_AP_FOUND). Retrying connection...

[REDACTED SENSITIVE LINE]

W (11547811) WIFI: Disconnected from AP, reason=201 (NO_AP_FOUND). Retrying connection...

[REDACTED SENSITIVE LINE]

W (11550231) WIFI: Disconnected from AP, reason=201 (NO_AP_FOUND). Retrying connection...

[REDACTED SENSITIVE LINE]

W (11552651) WIFI: Disconnected from AP, reason=201 (NO_AP_FOUND). Retrying connection...

[REDACTED SENSITIVE LINE]

W (11555071) WIFI: Disconnected from AP, reason=201 (NO_AP_FOUND). Retrying connection...

[REDACTED SENSITIVE LINE]

W (11557491) WIFI: Disconnected from AP, reason=201 (NO_AP_FOUND). Retrying connection...

[REDACTED SENSITIVE LINE]

W (11559911) WIFI: Disconnected from AP, reason=201 (NO_AP_FOUND). Retrying connection...

[REDACTED SENSITIVE LINE]

W (11562341) WIFI: Disconnected from AP, reason=201 (NO_AP_FOUND). Retrying connection...

[REDACTED SENSITIVE LINE]

W (11564761) WIFI: Disconnected from AP, reason=201 (NO_AP_FOUND). Retrying connection...

[REDACTED SENSITIVE LINE]

W (11567181) WIFI: Disconnected from AP, reason=201 (NO_AP_FOUND). Retrying connection...

[REDACTED SENSITIVE LINE]

W (11569601) WIFI: Disconnected from AP, reason=201 (NO_AP_FOUND). Retrying connection...

[REDACTED SENSITIVE LINE]

W (11572021) WIFI: Disconnected from AP, reason=201 (NO_AP_FOUND). Retrying connection...

[REDACTED SENSITIVE LINE]

W (11574441) WIFI: Disconnected from AP, reason=201 (NO_AP_FOUND). Retrying connection...

[REDACTED SENSITIVE LINE]

W (11576861) WIFI: Disconnected from AP, reason=201 (NO_AP_FOUND). Retrying connection...

[REDACTED SENSITIVE LINE]

W (11579281) WIFI: Disconnected from AP, reason=201 (NO_AP_FOUND). Retrying connection...

[REDACTED SENSITIVE LINE]

W (11581711) WIFI: Disconnected from AP, reason=201 (NO_AP_FOUND). Retrying connection...

[REDACTED SENSITIVE LINE]

W (11584131) WIFI: Disconnected from AP, reason=201 (NO_AP_FOUND). Retrying connection...

[REDACTED SENSITIVE LINE]

W (11586551) WIFI: Disconnected from AP, reason=201 (NO_AP_FOUND). Retrying connection...

[REDACTED SENSITIVE LINE]

W (11588971) WIFI: Disconnected from AP, reason=201 (NO_AP_FOUND). Retrying connection...

[REDACTED SENSITIVE LINE]

W (11591391) WIFI: Disconnected from AP, reason=201 (NO_AP_FOUND). Retrying connection...

[REDACTED SENSITIVE LINE]

W (11593811) WIFI: Disconnected from AP, reason=201 (NO_AP_FOUND). Retrying connection...

[REDACTED SENSITIVE LINE]

W (11596231) WIFI: Disconnected from AP, reason=201 (NO_AP_FOUND). Retrying connection...

[REDACTED SENSITIVE LINE]

W (11598651) WIFI: Disconnected from AP, reason=201 (NO_AP_FOUND). Retrying connection...

[REDACTED SENSITIVE LINE]

W (11601081) WIFI: Disconnected from AP, reason=201 (NO_AP_FOUND). Retrying connection...

[REDACTED SENSITIVE LINE]

W (11603501) WIFI: Disconnected from AP, reason=201 (NO_AP_FOUND). Retrying connection...

[REDACTED SENSITIVE LINE]

W (11605921) WIFI: Disconnected from AP, reason=201 (NO_AP_FOUND). Retrying connection...

[REDACTED SENSITIVE LINE]

W (11608341) WIFI: Disconnected from AP, reason=201 (NO_AP_FOUND). Retrying connection...

[REDACTED SENSITIVE LINE]

W (11610761) WIFI: Disconnected from AP, reason=201 (NO_AP_FOUND). Retrying connection...

[REDACTED SENSITIVE LINE]

W (11613181) WIFI: Disconnected from AP, reason=201 (NO_AP_FOUND). Retrying connection...

[REDACTED SENSITIVE LINE]

W (11615601) WIFI: Disconnected from AP, reason=201 (NO_AP_FOUND). Retrying connection...

[REDACTED SENSITIVE LINE]

W (11618021) WIFI: Disconnected from AP, reason=201 (NO_AP_FOUND). Retrying connection...

[REDACTED SENSITIVE LINE]

W (11620441) WIFI: Disconnected from AP, reason=201 (NO_AP_FOUND). Retrying connection...

[REDACTED SENSITIVE LINE]

W (11622871) WIFI: Disconnected from AP, reason=201 (NO_AP_FOUND). Retrying connection...

[REDACTED SENSITIVE LINE]

I (11624231) NETWORK: NETWORK_TIME_SYNCED_BIT cleared before=0x0 after=0x0

W (11624231) WIFI: Lost IP address

W (11625291) WIFI: Disconnected from AP, reason=201 (NO_AP_FOUND). Retrying connection...

[REDACTED SENSITIVE LINE]

W (11627711) WIFI: Disconnected from AP, reason=201 (NO_AP_FOUND). Retrying connection...

[REDACTED SENSITIVE LINE]

W (11630131) WIFI: Disconnected from AP, reason=201 (NO_AP_FOUND). Retrying connection...

[REDACTED SENSITIVE LINE]

W (11632551) WIFI: Disconnected from AP, reason=201 (NO_AP_FOUND). Retrying connection...

[REDACTED SENSITIVE LINE]

W (11634971) WIFI: Disconnected from AP, reason=201 (NO_AP_FOUND). Retrying connection...

[REDACTED SENSITIVE LINE]

W (11637391) WIFI: Disconnected from AP, reason=201 (NO_AP_FOUND). Retrying connection...

[REDACTED SENSITIVE LINE]

W (11639811) WIFI: Disconnected from AP, reason=201 (NO_AP_FOUND). Retrying connection...

[REDACTED SENSITIVE LINE]

W (11642241) WIFI: Disconnected from AP, reason=201 (NO_AP_FOUND). Retrying connection...

[REDACTED SENSITIVE LINE]

W (11644661) WIFI: Disconnected from AP, reason=201 (NO_AP_FOUND). Retrying connection...

[REDACTED SENSITIVE LINE]

W (11647081) WIFI: Disconnected from AP, reason=201 (NO_AP_FOUND). Retrying connection...

[REDACTED SENSITIVE LINE]

W (11649501) WIFI: Disconnected from AP, reason=201 (NO_AP_FOUND). Retrying connection...

[REDACTED SENSITIVE LINE]

W (11651921) WIFI: Disconnected from AP, reason=201 (NO_AP_FOUND). Retrying connection...

[REDACTED SENSITIVE LINE]

W (11654341) WIFI: Disconnected from AP, reason=201 (NO_AP_FOUND). Retrying connection...

[REDACTED SENSITIVE LINE]

W (11656761) WIFI: Disconnected from AP, reason=201 (NO_AP_FOUND). Retrying connection...

[REDACTED SENSITIVE LINE]

W (11659181) WIFI: Disconnected from AP, reason=201 (NO_AP_FOUND). Retrying connection...

[REDACTED SENSITIVE LINE]

W (11661611) WIFI: Disconnected from AP, reason=201 (NO_AP_FOUND). Retrying connection...

[REDACTED SENSITIVE LINE]

W (11664031) WIFI: Disconnected from AP, reason=201 (NO_AP_FOUND). Retrying connection...

[REDACTED SENSITIVE LINE]

W (11666451) WIFI: Disconnected from AP, reason=201 (NO_AP_FOUND). Retrying connection...

[REDACTED SENSITIVE LINE]

W (11668871) WIFI: Disconnected from AP, reason=201 (NO_AP_FOUND). Retrying connection...

[REDACTED SENSITIVE LINE]

W (11671291) WIFI: Disconnected from AP, reason=201 (NO_AP_FOUND). Retrying connection...

[REDACTED SENSITIVE LINE]

W (11673711) WIFI: Disconnected from AP, reason=201 (NO_AP_FOUND). Retrying connection...

[REDACTED SENSITIVE LINE]

W (11676131) WIFI: Disconnected from AP, reason=201 (NO_AP_FOUND). Retrying connection...

[REDACTED SENSITIVE LINE]

W (11678551) WIFI: Disconnected from AP, reason=201 (NO_AP_FOUND). Retrying connection...

[REDACTED SENSITIVE LINE]

W (11680981) WIFI: Disconnected from AP, reason=201 (NO_AP_FOUND). Retrying connection...

[REDACTED SENSITIVE LINE]

W (11683401) WIFI: Disconnected from AP, reason=201 (NO_AP_FOUND). Retrying connection...

[REDACTED SENSITIVE LINE]

W (11685821) WIFI: Disconnected from AP, reason=201 (NO_AP_FOUND). Retrying connection...

[REDACTED SENSITIVE LINE]

W (11688241) WIFI: Disconnected from AP, reason=201 (NO_AP_FOUND). Retrying connection...

[REDACTED SENSITIVE LINE]

W (11690661) WIFI: Disconnected from AP, reason=201 (NO_AP_FOUND). Retrying connection...

[REDACTED SENSITIVE LINE]

W (11693081) WIFI: Disconnected from AP, reason=201 (NO_AP_FOUND). Retrying connection...

[REDACTED SENSITIVE LINE]

W (11695501) WIFI: Disconnected from AP, reason=201 (NO_AP_FOUND). Retrying connection...

[REDACTED SENSITIVE LINE]

W (11697921) WIFI: Disconnected from AP, reason=201 (NO_AP_FOUND). Retrying connection...

[REDACTED SENSITIVE LINE]

W (11700351) WIFI: Disconnected from AP, reason=201 (NO_AP_FOUND). Retrying connection...

[REDACTED SENSITIVE LINE]

W (11702771) WIFI: Disconnected from AP, reason=201 (NO_AP_FOUND). Retrying connection...

[REDACTED SENSITIVE LINE]

W (11705191) WIFI: Disconnected from AP, reason=201 (NO_AP_FOUND). Retrying connection...

[REDACTED SENSITIVE LINE]

W (11707611) WIFI: Disconnected from AP, reason=201 (NO_AP_FOUND). Retrying connection...

[REDACTED SENSITIVE LINE]

W (11710031) WIFI: Disconnected from AP, reason=201 (NO_AP_FOUND). Retrying connection...

[REDACTED SENSITIVE LINE]

W (11712451) WIFI: Disconnected from AP, reason=201 (NO_AP_FOUND). Retrying connection...

[REDACTED SENSITIVE LINE]

W (11714871) WIFI: Disconnected from AP, reason=201 (NO_AP_FOUND). Retrying connection...

[REDACTED SENSITIVE LINE]

W (11717291) WIFI: Disconnected from AP, reason=201 (NO_AP_FOUND). Retrying connection...

[REDACTED SENSITIVE LINE]

W (11719711) WIFI: Disconnected from AP, reason=201 (NO_AP_FOUND). Retrying connection...

[REDACTED SENSITIVE LINE]

W (11722141) WIFI: Disconnected from AP, reason=201 (NO_AP_FOUND). Retrying connection...

[REDACTED SENSITIVE LINE]

W (11724561) WIFI: Disconnected from AP, reason=201 (NO_AP_FOUND). Retrying connection...

[REDACTED SENSITIVE LINE]

W (11726981) WIFI: Disconnected from AP, reason=201 (NO_AP_FOUND). Retrying connection...

[REDACTED SENSITIVE LINE]

W (11729401) WIFI: Disconnected from AP, reason=201 (NO_AP_FOUND). Retrying connection...

[REDACTED SENSITIVE LINE]

W (11731821) WIFI: Disconnected from AP, reason=201 (NO_AP_FOUND). Retrying connection...

[REDACTED SENSITIVE LINE]

W (11734241) WIFI: Disconnected from AP, reason=201 (NO_AP_FOUND). Retrying connection...

[REDACTED SENSITIVE LINE]

W (11736661) WIFI: Disconnected from AP, reason=201 (NO_AP_FOUND). Retrying connection...

[REDACTED SENSITIVE LINE]

W (11739081) WIFI: Disconnected from AP, reason=201 (NO_AP_FOUND). Retrying connection...

[REDACTED SENSITIVE LINE]

W (11741511) WIFI: Disconnected from AP, reason=201 (NO_AP_FOUND). Retrying connection...

[REDACTED SENSITIVE LINE]

W (11743931) WIFI: Disconnected from AP, reason=201 (NO_AP_FOUND). Retrying connection...

[REDACTED SENSITIVE LINE]

I (11745291) NETWORK: NETWORK_TIME_SYNCED_BIT cleared before=0x0 after=0x0

W (11745291) WIFI: Lost IP address

W (11746351) WIFI: Disconnected from AP, reason=201 (NO_AP_FOUND). Retrying connection...

[REDACTED SENSITIVE LINE]

W (11748771) WIFI: Disconnected from AP, reason=201 (NO_AP_FOUND). Retrying connection...

[REDACTED SENSITIVE LINE]

W (11751191) WIFI: Disconnected from AP, reason=201 (NO_AP_FOUND). Retrying connection...

[REDACTED SENSITIVE LINE]

W (11753611) WIFI: Disconnected from AP, reason=201 (NO_AP_FOUND). Retrying connection...

[REDACTED SENSITIVE LINE]

W (11756031) WIFI: Disconnected from AP, reason=201 (NO_AP_FOUND). Retrying connection...

[REDACTED SENSITIVE LINE]

W (11758451) WIFI: Disconnected from AP, reason=201 (NO_AP_FOUND). Retrying connection...

[REDACTED SENSITIVE LINE]

W (11760881) WIFI: Disconnected from AP, reason=201 (NO_AP_FOUND). Retrying connection...

[REDACTED SENSITIVE LINE]

W (11763301) WIFI: Disconnected from AP, reason=201 (NO_AP_FOUND). Retrying connection...

[REDACTED SENSITIVE LINE]

W (11765721) WIFI: Disconnected from AP, reason=201 (NO_AP_FOUND). Retrying connection...

[REDACTED SENSITIVE LINE]

W (11768141) WIFI: Disconnected from AP, reason=201 (NO_AP_FOUND). Retrying connection...

[REDACTED SENSITIVE LINE]

W (11770561) WIFI: Disconnected from AP, reason=201 (NO_AP_FOUND). Retrying connection...

[REDACTED SENSITIVE LINE]

W (11772981) WIFI: Disconnected from AP, reason=201 (NO_AP_FOUND). Retrying connection...

[REDACTED SENSITIVE LINE]

W (11775401) WIFI: Disconnected from AP, reason=201 (NO_AP_FOUND). Retrying connection...

[REDACTED SENSITIVE LINE]

W (11777821) WIFI: Disconnected from AP, reason=201 (NO_AP_FOUND). Retrying connection...

[REDACTED SENSITIVE LINE]

W (11780251) WIFI: Disconnected from AP, reason=201 (NO_AP_FOUND). Retrying connection...

[REDACTED SENSITIVE LINE]

W (11782671) WIFI: Disconnected from AP, reason=201 (NO_AP_FOUND). Retrying connection...

[REDACTED SENSITIVE LINE]

W (11785091) WIFI: Disconnected from AP, reason=201 (NO_AP_FOUND). Retrying connection...

[REDACTED SENSITIVE LINE]

W (11787511) WIFI: Disconnected from AP, reason=201 (NO_AP_FOUND). Retrying connection...

[REDACTED SENSITIVE LINE]

W (11789931) WIFI: Disconnected from AP, reason=201 (NO_AP_FOUND). Retrying connection...

[REDACTED SENSITIVE LINE]

W (11792351) WIFI: Disconnected from AP, reason=201 (NO_AP_FOUND). Retrying connection...

[REDACTED SENSITIVE LINE]

W (11794771) WIFI: Disconnected from AP, reason=201 (NO_AP_FOUND). Retrying connection...

[REDACTED SENSITIVE LINE]

W (11797191) WIFI: Disconnected from AP, reason=201 (NO_AP_FOUND). Retrying connection...

[REDACTED SENSITIVE LINE]

W (11799621) WIFI: Disconnected from AP, reason=201 (NO_AP_FOUND). Retrying connection...

[REDACTED SENSITIVE LINE]

W (11802041) WIFI: Disconnected from AP, reason=201 (NO_AP_FOUND). Retrying connection...

[REDACTED SENSITIVE LINE]

W (11804461) WIFI: Disconnected from AP, reason=201 (NO_AP_FOUND). Retrying connection...

[REDACTED SENSITIVE LINE]

W (11806881) WIFI: Disconnected from AP, reason=201 (NO_AP_FOUND). Retrying connection...

[REDACTED SENSITIVE LINE]

W (11809301) WIFI: Disconnected from AP, reason=201 (NO_AP_FOUND). Retrying connection...

[REDACTED SENSITIVE LINE]

W (11811721) WIFI: Disconnected from AP, reason=201 (NO_AP_FOUND). Retrying connection...

[REDACTED SENSITIVE LINE]

W (11814141) WIFI: Disconnected from AP, reason=201 (NO_AP_FOUND). Retrying connection...

[REDACTED SENSITIVE LINE]

W (11816561) WIFI: Disconnected from AP, reason=201 (NO_AP_FOUND). Retrying connection...

[REDACTED SENSITIVE LINE]

W (11818991) WIFI: Disconnected from AP, reason=201 (NO_AP_FOUND). Retrying connection...

[REDACTED SENSITIVE LINE]

W (11821411) WIFI: Disconnected from AP, reason=201 (NO_AP_FOUND). Retrying connection...

[REDACTED SENSITIVE LINE]

W (11823831) WIFI: Disconnected from AP, reason=201 (NO_AP_FOUND). Retrying connection...

[REDACTED SENSITIVE LINE]

W (11826251) WIFI: Disconnected from AP, reason=201 (NO_AP_FOUND). Retrying connection...

[REDACTED SENSITIVE LINE]

W (11828671) WIFI: Disconnected from AP, reason=201 (NO_AP_FOUND). Retrying connection...

[REDACTED SENSITIVE LINE]

W (11831091) WIFI: Disconnected from AP, reason=201 (NO_AP_FOUND). Retrying connection...

[REDACTED SENSITIVE LINE]

W (11833511) WIFI: Disconnected from AP, reason=201 (NO_AP_FOUND). Retrying connection...

[REDACTED SENSITIVE LINE]

W (11835931) WIFI: Disconnected from AP, reason=201 (NO_AP_FOUND). Retrying connection...

[REDACTED SENSITIVE LINE]

W (11838351) WIFI: Disconnected from AP, reason=201 (NO_AP_FOUND). Retrying connection...

[REDACTED SENSITIVE LINE]

W (11840781) WIFI: Disconnected from AP, reason=201 (NO_AP_FOUND). Retrying connection...

[REDACTED SENSITIVE LINE]

W (11843201) WIFI: Disconnected from AP, reason=201 (NO_AP_FOUND). Retrying connection...

[REDACTED SENSITIVE LINE]

W (11845621) WIFI: Disconnected from AP, reason=201 (NO_AP_FOUND). Retrying connection...

[REDACTED SENSITIVE LINE]

W (11848041) WIFI: Disconnected from AP, reason=201 (NO_AP_FOUND). Retrying connection...

[REDACTED SENSITIVE LINE]

W (11850461) WIFI: Disconnected from AP, reason=201 (NO_AP_FOUND). Retrying connection...

[REDACTED SENSITIVE LINE]

W (11852881) WIFI: Disconnected from AP, reason=201 (NO_AP_FOUND). Retrying connection...

[REDACTED SENSITIVE LINE]

W (11855301) WIFI: Disconnected from AP, reason=201 (NO_AP_FOUND). Retrying connection...

[REDACTED SENSITIVE LINE]

W (11857731) WIFI: Disconnected from AP, reason=201 (NO_AP_FOUND). Retrying connection...

[REDACTED SENSITIVE LINE]

W (11860151) WIFI: Disconnected from AP, reason=201 (NO_AP_FOUND). Retrying connection...

[REDACTED SENSITIVE LINE]

W (11862571) WIFI: Disconnected from AP, reason=201 (NO_AP_FOUND). Retrying connection...

[REDACTED SENSITIVE LINE]

W (11864991) WIFI: Disconnected from AP, reason=201 (NO_AP_FOUND). Retrying connection...

[REDACTED SENSITIVE LINE]

I (11866351) NETWORK: NETWORK_TIME_SYNCED_BIT cleared before=0x0 after=0x0

W (11866351) WIFI: Lost IP address

W (11867411) WIFI: Disconnected from AP, reason=201 (NO_AP_FOUND). Retrying connection...

[REDACTED SENSITIVE LINE]

W (11869831) WIFI: Disconnected from AP, reason=201 (NO_AP_FOUND). Retrying connection...

[REDACTED SENSITIVE LINE]

W (11872251) WIFI: Disconnected from AP, reason=201 (NO_AP_FOUND). Retrying connection...

[REDACTED SENSITIVE LINE]

W (11874671) WIFI: Disconnected from AP, reason=201 (NO_AP_FOUND). Retrying connection...

[REDACTED SENSITIVE LINE]

W (11877101) WIFI: Disconnected from AP, reason=201 (NO_AP_FOUND). Retrying connection...

[REDACTED SENSITIVE LINE]

W (11879521) WIFI: Disconnected from AP, reason=201 (NO_AP_FOUND). Retrying connection...

[REDACTED SENSITIVE LINE]

W (11881941) WIFI: Disconnected from AP, reason=201 (NO_AP_FOUND). Retrying connection...

[REDACTED SENSITIVE LINE]

W (11884361) WIFI: Disconnected from AP, reason=201 (NO_AP_FOUND). Retrying connection...

[REDACTED SENSITIVE LINE]

W (11886781) WIFI: Disconnected from AP, reason=201 (NO_AP_FOUND). Retrying connection...

[REDACTED SENSITIVE LINE]

W (11889201) WIFI: Disconnected from AP, reason=201 (NO_AP_FOUND). Retrying connection...

[REDACTED SENSITIVE LINE]

W (11891621) WIFI: Disconnected from AP, reason=201 (NO_AP_FOUND). Retrying connection...

[REDACTED SENSITIVE LINE]

W (11894041) WIFI: Disconnected from AP, reason=201 (NO_AP_FOUND). Retrying connection...

[REDACTED SENSITIVE LINE]

W (11896471) WIFI: Disconnected from AP, reason=201 (NO_AP_FOUND). Retrying connection...

[REDACTED SENSITIVE LINE]

W (11898891) WIFI: Disconnected from AP, reason=201 (NO_AP_FOUND). Retrying connection...

[REDACTED SENSITIVE LINE]

W (11901311) WIFI: Disconnected from AP, reason=201 (NO_AP_FOUND). Retrying connection...

[REDACTED SENSITIVE LINE]

W (11903731) WIFI: Disconnected from AP, reason=201 (NO_AP_FOUND). Retrying connection...

[REDACTED SENSITIVE LINE]

W (11906151) WIFI: Disconnected from AP, reason=201 (NO_AP_FOUND). Retrying connection...

[REDACTED SENSITIVE LINE]

W (11908571) WIFI: Disconnected from AP, reason=201 (NO_AP_FOUND). Retrying connection...

[REDACTED SENSITIVE LINE]

W (11910991) WIFI: Disconnected from AP, reason=201 (NO_AP_FOUND). Retrying connection...

[REDACTED SENSITIVE LINE]

W (11913411) WIFI: Disconnected from AP, reason=201 (NO_AP_FOUND). Retrying connection...

[REDACTED SENSITIVE LINE]

W (11915831) WIFI: Disconnected from AP, reason=201 (NO_AP_FOUND). Retrying connection...

[REDACTED SENSITIVE LINE]

W (11918261) WIFI: Disconnected from AP, reason=201 (NO_AP_FOUND). Retrying connection...

[REDACTED SENSITIVE LINE]

W (11920681) WIFI: Disconnected from AP, reason=201 (NO_AP_FOUND). Retrying connection...

[REDACTED SENSITIVE LINE]

W (11923101) WIFI: Disconnected from AP, reason=201 (NO_AP_FOUND). Retrying connection...

[REDACTED SENSITIVE LINE]

W (11925521) WIFI: Disconnected from AP, reason=201 (NO_AP_FOUND). Retrying connection...

[REDACTED SENSITIVE LINE]

W (11927941) WIFI: Disconnected from AP, reason=201 (NO_AP_FOUND). Retrying connection...

[REDACTED SENSITIVE LINE]

W (11930361) WIFI: Disconnected from AP, reason=201 (NO_AP_FOUND). Retrying connection...

[REDACTED SENSITIVE LINE]

W (11932781) WIFI: Disconnected from AP, reason=201 (NO_AP_FOUND). Retrying connection...

[REDACTED SENSITIVE LINE]

W (11935201) WIFI: Disconnected from AP, reason=201 (NO_AP_FOUND). Retrying connection...

[REDACTED SENSITIVE LINE]

W (11937631) WIFI: Disconnected from AP, reason=201 (NO_AP_FOUND). Retrying connection...

[REDACTED SENSITIVE LINE]

W (11940051) WIFI: Disconnected from AP, reason=201 (NO_AP_FOUND). Retrying connection...

[REDACTED SENSITIVE LINE]

W (11942471) WIFI: Disconnected from AP, reason=201 (NO_AP_FOUND). Retrying connection...

[REDACTED SENSITIVE LINE]

W (11944891) WIFI: Disconnected from AP, reason=201 (NO_AP_FOUND). Retrying connection...

[REDACTED SENSITIVE LINE]

W (11947311) WIFI: Disconnected from AP, reason=201 (NO_AP_FOUND). Retrying connection...

[REDACTED SENSITIVE LINE]

W (11949731) WIFI: Disconnected from AP, reason=201 (NO_AP_FOUND). Retrying connection...

[REDACTED SENSITIVE LINE]

W (11952151) WIFI: Disconnected from AP, reason=201 (NO_AP_FOUND). Retrying connection...

[REDACTED SENSITIVE LINE]

W (11954571) WIFI: Disconnected from AP, reason=201 (NO_AP_FOUND). Retrying connection...

[REDACTED SENSITIVE LINE]

W (11957001) WIFI: Disconnected from AP, reason=201 (NO_AP_FOUND). Retrying connection...

[REDACTED SENSITIVE LINE]

W (11959421) WIFI: Disconnected from AP, reason=201 (NO_AP_FOUND). Retrying connection...

[REDACTED SENSITIVE LINE]

W (11961841) WIFI: Disconnected from AP, reason=201 (NO_AP_FOUND). Retrying connection...

[REDACTED SENSITIVE LINE]

W (11964261) WIFI: Disconnected from AP, reason=201 (NO_AP_FOUND). Retrying connection...

[REDACTED SENSITIVE LINE]

W (11966681) WIFI: Disconnected from AP, reason=201 (NO_AP_FOUND). Retrying connection...

[REDACTED SENSITIVE LINE]

W (11969101) WIFI: Disconnected from AP, reason=201 (NO_AP_FOUND). Retrying connection...

[REDACTED SENSITIVE LINE]

W (11971521) WIFI: Disconnected from AP, reason=201 (NO_AP_FOUND). Retrying connection...

[REDACTED SENSITIVE LINE]

W (11973941) WIFI: Disconnected from AP, reason=201 (NO_AP_FOUND). Retrying connection...

[REDACTED SENSITIVE LINE]

W (11976371) WIFI: Disconnected from AP, reason=201 (NO_AP_FOUND). Retrying connection...

[REDACTED SENSITIVE LINE]

W (11978791) WIFI: Disconnected from AP, reason=201 (NO_AP_FOUND). Retrying connection...

[REDACTED SENSITIVE LINE]

W (11981211) WIFI: Disconnected from AP, reason=201 (NO_AP_FOUND). Retrying connection...

[REDACTED SENSITIVE LINE]

W (11983631) WIFI: Disconnected from AP, reason=201 (NO_AP_FOUND). Retrying connection...

[REDACTED SENSITIVE LINE]

W (11986051) WIFI: Disconnected from AP, reason=201 (NO_AP_FOUND). Retrying connection...

[REDACTED SENSITIVE LINE]

I (11987411) NETWORK: NETWORK_TIME_SYNCED_BIT cleared before=0x0 after=0x0

W (11987411) WIFI: Lost IP address

W (11988471) WIFI: Disconnected from AP, reason=201 (NO_AP_FOUND). Retrying connection...

[REDACTED SENSITIVE LINE]

W (11990891) WIFI: Disconnected from AP, reason=201 (NO_AP_FOUND). Retrying connection...

[REDACTED SENSITIVE LINE]

W (11993311) WIFI: Disconnected from AP, reason=201 (NO_AP_FOUND). Retrying connection...

[REDACTED SENSITIVE LINE]

W (11995741) WIFI: Disconnected from AP, reason=201 (NO_AP_FOUND). Retrying connection...

[REDACTED SENSITIVE LINE]

W (11998161) WIFI: Disconnected from AP, reason=201 (NO_AP_FOUND). Retrying connection...

[REDACTED SENSITIVE LINE]

W (12000581) WIFI: Disconnected from AP, reason=201 (NO_AP_FOUND). Retrying connection...

[REDACTED SENSITIVE LINE]

W (12003001) WIFI: Disconnected from AP, reason=201 (NO_AP_FOUND). Retrying connection...

[REDACTED SENSITIVE LINE]

W (12005421) WIFI: Disconnected from AP, reason=201 (NO_AP_FOUND). Retrying connection...

[REDACTED SENSITIVE LINE]

W (12007841) WIFI: Disconnected from AP, reason=201 (NO_AP_FOUND). Retrying connection...

[REDACTED SENSITIVE LINE]

W (12010261) WIFI: Disconnected from AP, reason=201 (NO_AP_FOUND). Retrying connection...

[REDACTED SENSITIVE LINE]

W (12012681) WIFI: Disconnected from AP, reason=201 (NO_AP_FOUND). Retrying connection...

[REDACTED SENSITIVE LINE]

W (12015111) WIFI: Disconnected from AP, reason=201 (NO_AP_FOUND). Retrying connection...

[REDACTED SENSITIVE LINE]

W (12017531) WIFI: Disconnected from AP, reason=201 (NO_AP_FOUND). Retrying connection...

[REDACTED SENSITIVE LINE]

W (12019951) WIFI: Disconnected from AP, reason=201 (NO_AP_FOUND). Retrying connection...

[REDACTED SENSITIVE LINE]

W (12022371) WIFI: Disconnected from AP, reason=201 (NO_AP_FOUND). Retrying connection...

[REDACTED SENSITIVE LINE]

W (12024791) WIFI: Disconnected from AP, reason=201 (NO_AP_FOUND). Retrying connection...

[REDACTED SENSITIVE LINE]

W (12027211) WIFI: Disconnected from AP, reason=201 (NO_AP_FOUND). Retrying connection...

[REDACTED SENSITIVE LINE]

W (12029631) WIFI: Disconnected from AP, reason=201 (NO_AP_FOUND). Retrying connection...

[REDACTED SENSITIVE LINE]

W (12032051) WIFI: Disconnected from AP, reason=201 (NO_AP_FOUND). Retrying connection...

[REDACTED SENSITIVE LINE]

W (12034481) WIFI: Disconnected from AP, reason=201 (NO_AP_FOUND). Retrying connection...

[REDACTED SENSITIVE LINE]

W (12036901) WIFI: Disconnected from AP, reason=201 (NO_AP_FOUND). Retrying connection...

[REDACTED SENSITIVE LINE]

W (12039321) WIFI: Disconnected from AP, reason=201 (NO_AP_FOUND). Retrying connection...

[REDACTED SENSITIVE LINE]

W (12041741) WIFI: Disconnected from AP, reason=201 (NO_AP_FOUND). Retrying connection...

[REDACTED SENSITIVE LINE]

W (12044161) WIFI: Disconnected from AP, reason=201 (NO_AP_FOUND). Retrying connection...

[REDACTED SENSITIVE LINE]

W (12046581) WIFI: Disconnected from AP, reason=201 (NO_AP_FOUND). Retrying connection...

[REDACTED SENSITIVE LINE]

W (12049001) WIFI: Disconnected from AP, reason=201 (NO_AP_FOUND). Retrying connection...

[REDACTED SENSITIVE LINE]

W (12051421) WIFI: Disconnected from AP, reason=201 (NO_AP_FOUND). Retrying connection...

[REDACTED SENSITIVE LINE]

W (12053851) WIFI: Disconnected from AP, reason=201 (NO_AP_FOUND). Retrying connection...

[REDACTED SENSITIVE LINE]

W (12056271) WIFI: Disconnected from AP, reason=201 (NO_AP_FOUND). Retrying connection...

[REDACTED SENSITIVE LINE]

W (12058691) WIFI: Disconnected from AP, reason=201 (NO_AP_FOUND). Retrying connection...

[REDACTED SENSITIVE LINE]

W (12061111) WIFI: Disconnected from AP, reason=201 (NO_AP_FOUND). Retrying connection...

[REDACTED SENSITIVE LINE]

W (12063531) WIFI: Disconnected from AP, reason=201 (NO_AP_FOUND). Retrying connection...

[REDACTED SENSITIVE LINE]

W (12065951) WIFI: Disconnected from AP, reason=201 (NO_AP_FOUND). Retrying connection...

[REDACTED SENSITIVE LINE]

W (12068371) WIFI: Disconnected from AP, reason=201 (NO_AP_FOUND). Retrying connection...

[REDACTED SENSITIVE LINE]

W (12070791) WIFI: Disconnected from AP, reason=201 (NO_AP_FOUND). Retrying connection...

[REDACTED SENSITIVE LINE]

W (12073211) WIFI: Disconnected from AP, reason=201 (NO_AP_FOUND). Retrying connection...

[REDACTED SENSITIVE LINE]

W (12075641) WIFI: Disconnected from AP, reason=201 (NO_AP_FOUND). Retrying connection...

[REDACTED SENSITIVE LINE]

W (12078061) WIFI: Disconnected from AP, reason=201 (NO_AP_FOUND). Retrying connection...

[REDACTED SENSITIVE LINE]

W (12080481) WIFI: Disconnected from AP, reason=201 (NO_AP_FOUND). Retrying connection...

[REDACTED SENSITIVE LINE]

W (12082901) WIFI: Disconnected from AP, reason=201 (NO_AP_FOUND). Retrying connection...

[REDACTED SENSITIVE LINE]

W (12085321) WIFI: Disconnected from AP, reason=201 (NO_AP_FOUND). Retrying connection...

[REDACTED SENSITIVE LINE]

W (12087741) WIFI: Disconnected from AP, reason=201 (NO_AP_FOUND). Retrying connection...

[REDACTED SENSITIVE LINE]

W (12090161) WIFI: Disconnected from AP, reason=201 (NO_AP_FOUND). Retrying connection...

[REDACTED SENSITIVE LINE]

W (12092591) WIFI: Disconnected from AP, reason=201 (NO_AP_FOUND). Retrying connection...

[REDACTED SENSITIVE LINE]

W (12095011) WIFI: Disconnected from AP, reason=201 (NO_AP_FOUND). Retrying connection...

[REDACTED SENSITIVE LINE]

W (12097431) WIFI: Disconnected from AP, reason=201 (NO_AP_FOUND). Retrying connection...

[REDACTED SENSITIVE LINE]

W (12099851) WIFI: Disconnected from AP, reason=201 (NO_AP_FOUND). Retrying connection...

[REDACTED SENSITIVE LINE]

W (12102271) WIFI: Disconnected from AP, reason=201 (NO_AP_FOUND). Retrying connection...

[REDACTED SENSITIVE LINE]

W (12104691) WIFI: Disconnected from AP, reason=201 (NO_AP_FOUND). Retrying connection...

[REDACTED SENSITIVE LINE]

W (12107111) WIFI: Disconnected from AP, reason=201 (NO_AP_FOUND). Retrying connection...

[REDACTED SENSITIVE LINE]

I (12108471) NETWORK: NETWORK_TIME_SYNCED_BIT cleared before=0x0 after=0x0

W (12108471) WIFI: Lost IP address

W (12109531) WIFI: Disconnected from AP, reason=201 (NO_AP_FOUND). Retrying connection...

[REDACTED SENSITIVE LINE]

W (12111961) WIFI: Disconnected from AP, reason=201 (NO_AP_FOUND). Retrying connection...

[REDACTED SENSITIVE LINE]

W (12114381) WIFI: Disconnected from AP, reason=201 (NO_AP_FOUND). Retrying connection...

[REDACTED SENSITIVE LINE]

W (12116801) WIFI: Disconnected from AP, reason=201 (NO_AP_FOUND). Retrying connection...

[REDACTED SENSITIVE LINE]

W (12119221) WIFI: Disconnected from AP, reason=201 (NO_AP_FOUND). Retrying connection...

[REDACTED SENSITIVE LINE]

W (12121641) WIFI: Disconnected from AP, reason=201 (NO_AP_FOUND). Retrying connection...

[REDACTED SENSITIVE LINE]

W (12124061) WIFI: Disconnected from AP, reason=201 (NO_AP_FOUND). Retrying connection...

[REDACTED SENSITIVE LINE]

W (12126481) WIFI: Disconnected from AP, reason=201 (NO_AP_FOUND). Retrying connection...

[REDACTED SENSITIVE LINE]

W (12128901) WIFI: Disconnected from AP, reason=201 (NO_AP_FOUND). Retrying connection...

[REDACTED SENSITIVE LINE]

W (12131321) WIFI: Disconnected from AP, reason=201 (NO_AP_FOUND). Retrying connection...

[REDACTED SENSITIVE LINE]

W (12133751) WIFI: Disconnected from AP, reason=201 (NO_AP_FOUND). Retrying connection...

[REDACTED SENSITIVE LINE]

W (12136171) WIFI: Disconnected from AP, reason=201 (NO_AP_FOUND). Retrying connection...

[REDACTED SENSITIVE LINE]

W (12138591) WIFI: Disconnected from AP, reason=201 (NO_AP_FOUND). Retrying connection...

[REDACTED SENSITIVE LINE]

W (12141011) WIFI: Disconnected from AP, reason=201 (NO_AP_FOUND). Retrying connection...

[REDACTED SENSITIVE LINE]

W (12143431) WIFI: Disconnected from AP, reason=201 (NO_AP_FOUND). Retrying connection...

[REDACTED SENSITIVE LINE]

W (12145851) WIFI: Disconnected from AP, reason=201 (NO_AP_FOUND). Retrying connection...

[REDACTED SENSITIVE LINE]

W (12148271) WIFI: Disconnected from AP, reason=201 (NO_AP_FOUND). Retrying connection...

[REDACTED SENSITIVE LINE]

W (12150701) WIFI: Disconnected from AP, reason=201 (NO_AP_FOUND). Retrying connection...

[REDACTED SENSITIVE LINE]

W (12153121) WIFI: Disconnected from AP, reason=201 (NO_AP_FOUND). Retrying connection...

[REDACTED SENSITIVE LINE]

W (12155541) WIFI: Disconnected from AP, reason=201 (NO_AP_FOUND). Retrying connection...

[REDACTED SENSITIVE LINE]

W (12157961) WIFI: Disconnected from AP, reason=201 (NO_AP_FOUND). Retrying connection...

[REDACTED SENSITIVE LINE]

W (12160381) WIFI: Disconnected from AP, reason=201 (NO_AP_FOUND). Retrying connection...

[REDACTED SENSITIVE LINE]

W (12162801) WIFI: Disconnected from AP, reason=201 (NO_AP_FOUND). Retrying connection...

[REDACTED SENSITIVE LINE]

W (12165221) WIFI: Disconnected from AP, reason=201 (NO_AP_FOUND). Retrying connection...

[REDACTED SENSITIVE LINE]

W (12167641) WIFI: Disconnected from AP, reason=201 (NO_AP_FOUND). Retrying connection...

[REDACTED SENSITIVE LINE]

W (12170071) WIFI: Disconnected from AP, reason=201 (NO_AP_FOUND). Retrying connection...

[REDACTED SENSITIVE LINE]

W (12172491) WIFI: Disconnected from AP, reason=201 (NO_AP_FOUND). Retrying connection...

[REDACTED SENSITIVE LINE]

W (12174911) WIFI: Disconnected from AP, reason=201 (NO_AP_FOUND). Retrying connection...

[REDACTED SENSITIVE LINE]

W (12177331) WIFI: Disconnected from AP, reason=201 (NO_AP_FOUND). Retrying connection...

[REDACTED SENSITIVE LINE]

W (12179751) WIFI: Disconnected from AP, reason=201 (NO_AP_FOUND). Retrying connection...

[REDACTED SENSITIVE LINE]

W (12182171) WIFI: Disconnected from AP, reason=201 (NO_AP_FOUND). Retrying connection...

[REDACTED SENSITIVE LINE]

W (12184591) WIFI: Disconnected from AP, reason=201 (NO_AP_FOUND). Retrying connection...

[REDACTED SENSITIVE LINE]

W (12187011) WIFI: Disconnected from AP, reason=201 (NO_AP_FOUND). Retrying connection...

[REDACTED SENSITIVE LINE]

W (12189441) WIFI: Disconnected from AP, reason=201 (NO_AP_FOUND). Retrying connection...

[REDACTED SENSITIVE LINE]

W (12191861) WIFI: Disconnected from AP, reason=201 (NO_AP_FOUND). Retrying connection...

[REDACTED SENSITIVE LINE]

W (12194281) WIFI: Disconnected from AP, reason=201 (NO_AP_FOUND). Retrying connection...

[REDACTED SENSITIVE LINE]

W (12196701) WIFI: Disconnected from AP, reason=201 (NO_AP_FOUND). Retrying connection...

[REDACTED SENSITIVE LINE]

W (12199121) WIFI: Disconnected from AP, reason=201 (NO_AP_FOUND). Retrying connection...

[REDACTED SENSITIVE LINE]

W (12201541) WIFI: Disconnected from AP, reason=201 (NO_AP_FOUND). Retrying connection...

[REDACTED SENSITIVE LINE]

W (12203961) WIFI: Disconnected from AP, reason=201 (NO_AP_FOUND). Retrying connection...

[REDACTED SENSITIVE LINE]

W (12206381) WIFI: Disconnected from AP, reason=201 (NO_AP_FOUND). Retrying connection...

[REDACTED SENSITIVE LINE]

W (12208811) WIFI: Disconnected from AP, reason=201 (NO_AP_FOUND). Retrying connection...

[REDACTED SENSITIVE LINE]

W (12211231) WIFI: Disconnected from AP, reason=201 (NO_AP_FOUND). Retrying connection...

[REDACTED SENSITIVE LINE]

W (12213651) WIFI: Disconnected from AP, reason=201 (NO_AP_FOUND). Retrying connection...

[REDACTED SENSITIVE LINE]

W (12216071) WIFI: Disconnected from AP, reason=201 (NO_AP_FOUND). Retrying connection...

[REDACTED SENSITIVE LINE]

W (12218491) WIFI: Disconnected from AP, reason=201 (NO_AP_FOUND). Retrying connection...

[REDACTED SENSITIVE LINE]

W (12220911) WIFI: Disconnected from AP, reason=201 (NO_AP_FOUND). Retrying connection...

[REDACTED SENSITIVE LINE]

W (12223331) WIFI: Disconnected from AP, reason=201 (NO_AP_FOUND). Retrying connection...

[REDACTED SENSITIVE LINE]

W (12225751) WIFI: Disconnected from AP, reason=201 (NO_AP_FOUND). Retrying connection...

[REDACTED SENSITIVE LINE]

W (12228171) WIFI: Disconnected from AP, reason=201 (NO_AP_FOUND). Retrying connection...

[REDACTED SENSITIVE LINE]

I (12229531) NETWORK: NETWORK_TIME_SYNCED_BIT cleared before=0x0 after=0x0

W (12229531) WIFI: Lost IP address

W (12230601) WIFI: Disconnected from AP, reason=201 (NO_AP_FOUND). Retrying connection...

[REDACTED SENSITIVE LINE]

W (12233021) WIFI: Disconnected from AP, reason=201 (NO_AP_FOUND). Retrying connection...

[REDACTED SENSITIVE LINE]

W (12235441) WIFI: Disconnected from AP, reason=201 (NO_AP_FOUND). Retrying connection...

[REDACTED SENSITIVE LINE]

W (12237861) WIFI: Disconnected from AP, reason=201 (NO_AP_FOUND). Retrying connection...

[REDACTED SENSITIVE LINE]

W (12240281) WIFI: Disconnected from AP, reason=201 (NO_AP_FOUND). Retrying connection...

[REDACTED SENSITIVE LINE]

W (12242701) WIFI: Disconnected from AP, reason=201 (NO_AP_FOUND). Retrying connection...

[REDACTED SENSITIVE LINE]

W (12245121) WIFI: Disconnected from AP, reason=201 (NO_AP_FOUND). Retrying connection...

[REDACTED SENSITIVE LINE]

W (12247541) WIFI: Disconnected from AP, reason=201 (NO_AP_FOUND). Retrying connection...

[REDACTED SENSITIVE LINE]

W (12249971) WIFI: Disconnected from AP, reason=201 (NO_AP_FOUND). Retrying connection...

[REDACTED SENSITIVE LINE]

W (12252391) WIFI: Disconnected from AP, reason=201 (NO_AP_FOUND). Retrying connection...

[REDACTED SENSITIVE LINE]

W (12254811) WIFI: Disconnected from AP, reason=201 (NO_AP_FOUND). Retrying connection...

[REDACTED SENSITIVE LINE]

W (12257231) WIFI: Disconnected from AP, reason=201 (NO_AP_FOUND). Retrying connection...

[REDACTED SENSITIVE LINE]

W (12259651) WIFI: Disconnected from AP, reason=201 (NO_AP_FOUND). Retrying connection...

[REDACTED SENSITIVE LINE]

W (12262071) WIFI: Disconnected from AP, reason=201 (NO_AP_FOUND). Retrying connection...

[REDACTED SENSITIVE LINE]

W (12264491) WIFI: Disconnected from AP, reason=201 (NO_AP_FOUND). Retrying connection...

[REDACTED SENSITIVE LINE]

W (12266911) WIFI: Disconnected from AP, reason=201 (NO_AP_FOUND). Retrying connection...

[REDACTED SENSITIVE LINE]

W (12269341) WIFI: Disconnected from AP, reason=201 (NO_AP_FOUND). Retrying connection...

[REDACTED SENSITIVE LINE]

W (12271761) WIFI: Disconnected from AP, reason=201 (NO_AP_FOUND). Retrying connection...

[REDACTED SENSITIVE LINE]

W (12274181) WIFI: Disconnected from AP, reason=201 (NO_AP_FOUND). Retrying connection...

[REDACTED SENSITIVE LINE]

W (12276601) WIFI: Disconnected from AP, reason=201 (NO_AP_FOUND). Retrying connection...

[REDACTED SENSITIVE LINE]

W (12279021) WIFI: Disconnected from AP, reason=201 (NO_AP_FOUND). Retrying connection...

[REDACTED SENSITIVE LINE]

W (12281441) WIFI: Disconnected from AP, reason=201 (NO_AP_FOUND). Retrying connection...

[REDACTED SENSITIVE LINE]

W (12283861) WIFI: Disconnected from AP, reason=201 (NO_AP_FOUND). Retrying connection...

[REDACTED SENSITIVE LINE]

W (12286281) WIFI: Disconnected from AP, reason=201 (NO_AP_FOUND). Retrying connection...

[REDACTED SENSITIVE LINE]

W (12288711) WIFI: Disconnected from AP, reason=201 (NO_AP_FOUND). Retrying connection...

[REDACTED SENSITIVE LINE]

W (12291131) WIFI: Disconnected from AP, reason=201 (NO_AP_FOUND). Retrying connection...

[REDACTED SENSITIVE LINE]

W (12293551) WIFI: Disconnected from AP, reason=201 (NO_AP_FOUND). Retrying connection...

[REDACTED SENSITIVE LINE]

W (12295971) WIFI: Disconnected from AP, reason=201 (NO_AP_FOUND). Retrying connection...

[REDACTED SENSITIVE LINE]

W (12298391) WIFI: Disconnected from AP, reason=201 (NO_AP_FOUND). Retrying connection...

[REDACTED SENSITIVE LINE]

W (12300811) WIFI: Disconnected from AP, reason=201 (NO_AP_FOUND). Retrying connection...

[REDACTED SENSITIVE LINE]

W (12303231) WIFI: Disconnected from AP, reason=201 (NO_AP_FOUND). Retrying connection...

[REDACTED SENSITIVE LINE]

W (12305651) WIFI: Disconnected from AP, reason=201 (NO_AP_FOUND). Retrying connection...

[REDACTED SENSITIVE LINE]

W (12308081) WIFI: Disconnected from AP, reason=201 (NO_AP_FOUND). Retrying connection...

[REDACTED SENSITIVE LINE]

W (12310501) WIFI: Disconnected from AP, reason=201 (NO_AP_FOUND). Retrying connection...

[REDACTED SENSITIVE LINE]

W (12312921) WIFI: Disconnected from AP, reason=201 (NO_AP_FOUND). Retrying connection...

[REDACTED SENSITIVE LINE]

W (12315341) WIFI: Disconnected from AP, reason=201 (NO_AP_FOUND). Retrying connection...

[REDACTED SENSITIVE LINE]

W (12317761) WIFI: Disconnected from AP, reason=201 (NO_AP_FOUND). Retrying connection...

[REDACTED SENSITIVE LINE]

W (12320181) WIFI: Disconnected from AP, reason=201 (NO_AP_FOUND). Retrying connection...

[REDACTED SENSITIVE LINE]

W (12322601) WIFI: Disconnected from AP, reason=201 (NO_AP_FOUND). Retrying connection...

[REDACTED SENSITIVE LINE]

W (12325021) WIFI: Disconnected from AP, reason=201 (NO_AP_FOUND). Retrying connection...

[REDACTED SENSITIVE LINE]

W (12327451) WIFI: Disconnected from AP, reason=201 (NO_AP_FOUND). Retrying connection...

[REDACTED SENSITIVE LINE]

W (12329871) WIFI: Disconnected from AP, reason=201 (NO_AP_FOUND). Retrying connection...

[REDACTED SENSITIVE LINE]

W (12332291) WIFI: Disconnected from AP, reason=201 (NO_AP_FOUND). Retrying connection...

[REDACTED SENSITIVE LINE]

W (12334711) WIFI: Disconnected from AP, reason=201 (NO_AP_FOUND). Retrying connection...

[REDACTED SENSITIVE LINE]

W (12337131) WIFI: Disconnected from AP, reason=201 (NO_AP_FOUND). Retrying connection...

[REDACTED SENSITIVE LINE]

W (12339551) WIFI: Disconnected from AP, reason=201 (NO_AP_FOUND). Retrying connection...

[REDACTED SENSITIVE LINE]

W (12341971) WIFI: Disconnected from AP, reason=201 (NO_AP_FOUND). Retrying connection...

[REDACTED SENSITIVE LINE]

W (12344391) WIFI: Disconnected from AP, reason=201 (NO_AP_FOUND). Retrying connection...

[REDACTED SENSITIVE LINE]

W (12346821) WIFI: Disconnected from AP, reason=201 (NO_AP_FOUND). Retrying connection...

[REDACTED SENSITIVE LINE]

W (12349241) WIFI: Disconnected from AP, reason=201 (NO_AP_FOUND). Retrying connection...

[REDACTED SENSITIVE LINE]

I (12350601) NETWORK: NETWORK_TIME_SYNCED_BIT cleared before=0x0 after=0x0

W (12350601) WIFI: Lost IP address

W (12351661) WIFI: Disconnected from AP, reason=201 (NO_AP_FOUND). Retrying connection...

[REDACTED SENSITIVE LINE]

W (12354081) WIFI: Disconnected from AP, reason=201 (NO_AP_FOUND). Retrying connection...

[REDACTED SENSITIVE LINE]

W (12356501) WIFI: Disconnected from AP, reason=201 (NO_AP_FOUND). Retrying connection...

[REDACTED SENSITIVE LINE]

W (12358921) WIFI: Disconnected from AP, reason=201 (NO_AP_FOUND). Retrying connection...

[REDACTED SENSITIVE LINE]

W (12361341) WIFI: Disconnected from AP, reason=201 (NO_AP_FOUND). Retrying connection...

[REDACTED SENSITIVE LINE]

W (12363761) WIFI: Disconnected from AP, reason=201 (NO_AP_FOUND). Retrying connection...

[REDACTED SENSITIVE LINE]

W (12366191) WIFI: Disconnected from AP, reason=201 (NO_AP_FOUND). Retrying connection...

[REDACTED SENSITIVE LINE]

W (12368611) WIFI: Disconnected from AP, reason=201 (NO_AP_FOUND). Retrying connection...

[REDACTED SENSITIVE LINE]

W (12371031) WIFI: Disconnected from AP, reason=201 (NO_AP_FOUND). Retrying connection...

[REDACTED SENSITIVE LINE]

W (12373451) WIFI: Disconnected from AP, reason=201 (NO_AP_FOUND). Retrying connection...

[REDACTED SENSITIVE LINE]

W (12375871) WIFI: Disconnected from AP, reason=201 (NO_AP_FOUND). Retrying connection...

[REDACTED SENSITIVE LINE]

W (12378291) WIFI: Disconnected from AP, reason=201 (NO_AP_FOUND). Retrying connection...

[REDACTED SENSITIVE LINE]

W (12380711) WIFI: Disconnected from AP, reason=201 (NO_AP_FOUND). Retrying connection...

[REDACTED SENSITIVE LINE]

W (12383131) WIFI: Disconnected from AP, reason=201 (NO_AP_FOUND). Retrying connection...

[REDACTED SENSITIVE LINE]

W (12385561) WIFI: Disconnected from AP, reason=201 (NO_AP_FOUND). Retrying connection...

[REDACTED SENSITIVE LINE]

W (12387981) WIFI: Disconnected from AP, reason=201 (NO_AP_FOUND). Retrying connection...

[REDACTED SENSITIVE LINE]

W (12390401) WIFI: Disconnected from AP, reason=201 (NO_AP_FOUND). Retrying connection...

[REDACTED SENSITIVE LINE]

W (12392821) WIFI: Disconnected from AP, reason=201 (NO_AP_FOUND). Retrying connection...

[REDACTED SENSITIVE LINE]

W (12395241) WIFI: Disconnected from AP, reason=201 (NO_AP_FOUND). Retrying connection...

[REDACTED SENSITIVE LINE]

W (12397661) WIFI: Disconnected from AP, reason=201 (NO_AP_FOUND). Retrying connection...

[REDACTED SENSITIVE LINE]

W (12400081) WIFI: Disconnected from AP, reason=201 (NO_AP_FOUND). Retrying connection...

[REDACTED SENSITIVE LINE]

W (12402501) WIFI: Disconnected from AP, reason=201 (NO_AP_FOUND). Retrying connection...

[REDACTED SENSITIVE LINE]

W (12404931) WIFI: Disconnected from AP, reason=201 (NO_AP_FOUND). Retrying connection...

[REDACTED SENSITIVE LINE]

W (12407351) WIFI: Disconnected from AP, reason=201 (NO_AP_FOUND). Retrying connection...

[REDACTED SENSITIVE LINE]

W (12409771) WIFI: Disconnected from AP, reason=201 (NO_AP_FOUND). Retrying connection...

[REDACTED SENSITIVE LINE]

W (12412191) WIFI: Disconnected from AP, reason=201 (NO_AP_FOUND). Retrying connection...

[REDACTED SENSITIVE LINE]

W (12414611) WIFI: Disconnected from AP, reason=201 (NO_AP_FOUND). Retrying connection...

[REDACTED SENSITIVE LINE]

W (12417031) WIFI: Disconnected from AP, reason=201 (NO_AP_FOUND). Retrying connection...

[REDACTED SENSITIVE LINE]

W (12419451) WIFI: Disconnected from AP, reason=201 (NO_AP_FOUND). Retrying connection...

[REDACTED SENSITIVE LINE]

W (12421871) WIFI: Disconnected from AP, reason=201 (NO_AP_FOUND). Retrying connection...

[REDACTED SENSITIVE LINE]

W (12424301) WIFI: Disconnected from AP, reason=201 (NO_AP_FOUND). Retrying connection...

[REDACTED SENSITIVE LINE]

W (12426721) WIFI: Disconnected from AP, reason=201 (NO_AP_FOUND). Retrying connection...

[REDACTED SENSITIVE LINE]

W (12429141) WIFI: Disconnected from AP, reason=201 (NO_AP_FOUND). Retrying connection...

[REDACTED SENSITIVE LINE]

W (12431561) WIFI: Disconnected from AP, reason=201 (NO_AP_FOUND). Retrying connection...

[REDACTED SENSITIVE LINE]

W (12433981) WIFI: Disconnected from AP, reason=201 (NO_AP_FOUND). Retrying connection...

[REDACTED SENSITIVE LINE]

W (12436401) WIFI: Disconnected from AP, reason=201 (NO_AP_FOUND). Retrying connection...

[REDACTED SENSITIVE LINE]

W (12438821) WIFI: Disconnected from AP, reason=201 (NO_AP_FOUND). Retrying connection...

[REDACTED SENSITIVE LINE]

W (12441241) WIFI: Disconnected from AP, reason=201 (NO_AP_FOUND). Retrying connection...

[REDACTED SENSITIVE LINE]

W (12443671) WIFI: Disconnected from AP, reason=201 (NO_AP_FOUND). Retrying connection...

[REDACTED SENSITIVE LINE]

W (12446091) WIFI: Disconnected from AP, reason=201 (NO_AP_FOUND). Retrying connection...

[REDACTED SENSITIVE LINE]

W (12448511) WIFI: Disconnected from AP, reason=201 (NO_AP_FOUND). Retrying connection...

[REDACTED SENSITIVE LINE]

W (12450931) WIFI: Disconnected from AP, reason=201 (NO_AP_FOUND). Retrying connection...

[REDACTED SENSITIVE LINE]

W (12453351) WIFI: Disconnected from AP, reason=201 (NO_AP_FOUND). Retrying connection...

[REDACTED SENSITIVE LINE]

W (12455771) WIFI: Disconnected from AP, reason=201 (NO_AP_FOUND). Retrying connection...

[REDACTED SENSITIVE LINE]

W (12458191) WIFI: Disconnected from AP, reason=201 (NO_AP_FOUND). Retrying connection...

[REDACTED SENSITIVE LINE]

W (12460611) WIFI: Disconnected from AP, reason=201 (NO_AP_FOUND). Retrying connection...

[REDACTED SENSITIVE LINE]

W (12463041) WIFI: Disconnected from AP, reason=201 (NO_AP_FOUND). Retrying connection...

[REDACTED SENSITIVE LINE]

W (12465461) WIFI: Disconnected from AP, reason=201 (NO_AP_FOUND). Retrying connection...

[REDACTED SENSITIVE LINE]

W (12467881) WIFI: Disconnected from AP, reason=201 (NO_AP_FOUND). Retrying connection...

[REDACTED SENSITIVE LINE]

W (12470301) WIFI: Disconnected from AP, reason=201 (NO_AP_FOUND). Retrying connection...

[REDACTED SENSITIVE LINE]

I (12471661) NETWORK: NETWORK_TIME_SYNCED_BIT cleared before=0x0 after=0x0

W (12471661) WIFI: Lost IP address

W (12472721) WIFI: Disconnected from AP, reason=201 (NO_AP_FOUND). Retrying connection...

[REDACTED SENSITIVE LINE]

W (12475141) WIFI: Disconnected from AP, reason=201 (NO_AP_FOUND). Retrying connection...

[REDACTED SENSITIVE LINE]

W (12477561) WIFI: Disconnected from AP, reason=201 (NO_AP_FOUND). Retrying connection...

[REDACTED SENSITIVE LINE]

W (12479981) WIFI: Disconnected from AP, reason=201 (NO_AP_FOUND). Retrying connection...

[REDACTED SENSITIVE LINE]

W (12482411) WIFI: Disconnected from AP, reason=201 (NO_AP_FOUND). Retrying connection...

[REDACTED SENSITIVE LINE]

W (12484831) WIFI: Disconnected from AP, reason=201 (NO_AP_FOUND). Retrying connection...

[REDACTED SENSITIVE LINE]

W (12487251) WIFI: Disconnected from AP, reason=201 (NO_AP_FOUND). Retrying connection...

[REDACTED SENSITIVE LINE]

W (12489671) WIFI: Disconnected from AP, reason=201 (NO_AP_FOUND). Retrying connection...

[REDACTED SENSITIVE LINE]

W (12492091) WIFI: Disconnected from AP, reason=201 (NO_AP_FOUND). Retrying connection...

[REDACTED SENSITIVE LINE]

W (12494511) WIFI: Disconnected from AP, reason=201 (NO_AP_FOUND). Retrying connection...

[REDACTED SENSITIVE LINE]

W (12496931) WIFI: Disconnected from AP, reason=201 (NO_AP_FOUND). Retrying connection...

[REDACTED SENSITIVE LINE]

W (12499351) WIFI: Disconnected from AP, reason=201 (NO_AP_FOUND). Retrying connection...

[REDACTED SENSITIVE LINE]

W (12501781) WIFI: Disconnected from AP, reason=201 (NO_AP_FOUND). Retrying connection...

[REDACTED SENSITIVE LINE]

W (12504201) WIFI: Disconnected from AP, reason=201 (NO_AP_FOUND). Retrying connection...

[REDACTED SENSITIVE LINE]

W (12506621) WIFI: Disconnected from AP, reason=201 (NO_AP_FOUND). Retrying connection...

[REDACTED SENSITIVE LINE]

W (12509041) WIFI: Disconnected from AP, reason=201 (NO_AP_FOUND). Retrying connection...

[REDACTED SENSITIVE LINE]

W (12511461) WIFI: Disconnected from AP, reason=201 (NO_AP_FOUND). Retrying connection...

[REDACTED SENSITIVE LINE]

W (12513881) WIFI: Disconnected from AP, reason=201 (NO_AP_FOUND). Retrying connection...

[REDACTED SENSITIVE LINE]

W (12516301) WIFI: Disconnected from AP, reason=201 (NO_AP_FOUND). Retrying connection...

[REDACTED SENSITIVE LINE]

W (12518721) WIFI: Disconnected from AP, reason=201 (NO_AP_FOUND). Retrying connection...

[REDACTED SENSITIVE LINE]

W (12521151) WIFI: Disconnected from AP, reason=201 (NO_AP_FOUND). Retrying connection...

[REDACTED SENSITIVE LINE]

W (12523571) WIFI: Disconnected from AP, reason=201 (NO_AP_FOUND). Retrying connection...

[REDACTED SENSITIVE LINE]

W (12525991) WIFI: Disconnected from AP, reason=201 (NO_AP_FOUND). Retrying connection...

[REDACTED SENSITIVE LINE]

W (12528411) WIFI: Disconnected from AP, reason=201 (NO_AP_FOUND). Retrying connection...

[REDACTED SENSITIVE LINE]

W (12530831) WIFI: Disconnected from AP, reason=201 (NO_AP_FOUND). Retrying connection...

[REDACTED SENSITIVE LINE]

W (12533251) WIFI: Disconnected from AP, reason=201 (NO_AP_FOUND). Retrying connection...

[REDACTED SENSITIVE LINE]

W (12535671) WIFI: Disconnected from AP, reason=201 (NO_AP_FOUND). Retrying connection...

[REDACTED SENSITIVE LINE]

W (12538091) WIFI: Disconnected from AP, reason=201 (NO_AP_FOUND). Retrying connection...

[REDACTED SENSITIVE LINE]

W (12540521) WIFI: Disconnected from AP, reason=201 (NO_AP_FOUND). Retrying connection...

[REDACTED SENSITIVE LINE]

W (12542941) WIFI: Disconnected from AP, reason=201 (NO_AP_FOUND). Retrying connection...

[REDACTED SENSITIVE LINE]

W (12545361) WIFI: Disconnected from AP, reason=201 (NO_AP_FOUND). Retrying connection...

[REDACTED SENSITIVE LINE]

W (12547781) WIFI: Disconnected from AP, reason=201 (NO_AP_FOUND). Retrying connection...

[REDACTED SENSITIVE LINE]

W (12550201) WIFI: Disconnected from AP, reason=201 (NO_AP_FOUND). Retrying connection...

[REDACTED SENSITIVE LINE]

W (12552621) WIFI: Disconnected from AP, reason=201 (NO_AP_FOUND). Retrying connection...

[REDACTED SENSITIVE LINE]

W (12555041) WIFI: Disconnected from AP, reason=201 (NO_AP_FOUND). Retrying connection...

[REDACTED SENSITIVE LINE]

W (12557461) WIFI: Disconnected from AP, reason=201 (NO_AP_FOUND). Retrying connection...

[REDACTED SENSITIVE LINE]

W (12559891) WIFI: Disconnected from AP, reason=201 (NO_AP_FOUND). Retrying connection...

[REDACTED SENSITIVE LINE]

W (12562311) WIFI: Disconnected from AP, reason=201 (NO_AP_FOUND). Retrying connection...

[REDACTED SENSITIVE LINE]

W (12564731) WIFI: Disconnected from AP, reason=201 (NO_AP_FOUND). Retrying connection...

[REDACTED SENSITIVE LINE]

W (12567151) WIFI: Disconnected from AP, reason=201 (NO_AP_FOUND). Retrying connection...

[REDACTED SENSITIVE LINE]

W (12569571) WIFI: Disconnected from AP, reason=201 (NO_AP_FOUND). Retrying connection...

[REDACTED SENSITIVE LINE]

W (12571991) WIFI: Disconnected from AP, reason=201 (NO_AP_FOUND). Retrying connection...

[REDACTED SENSITIVE LINE]

W (12574411) WIFI: Disconnected from AP, reason=201 (NO_AP_FOUND). Retrying connection...

[REDACTED SENSITIVE LINE]

W (12576831) WIFI: Disconnected from AP, reason=201 (NO_AP_FOUND). Retrying connection...

[REDACTED SENSITIVE LINE]

W (12579261) WIFI: Disconnected from AP, reason=201 (NO_AP_FOUND). Retrying connection...

[REDACTED SENSITIVE LINE]

W (12581681) WIFI: Disconnected from AP, reason=201 (NO_AP_FOUND). Retrying connection...

[REDACTED SENSITIVE LINE]

W (12584101) WIFI: Disconnected from AP, reason=201 (NO_AP_FOUND). Retrying connection...

[REDACTED SENSITIVE LINE]

W (12586521) WIFI: Disconnected from AP, reason=201 (NO_AP_FOUND). Retrying connection...

[REDACTED SENSITIVE LINE]

W (12588941) WIFI: Disconnected from AP, reason=201 (NO_AP_FOUND). Retrying connection...

[REDACTED SENSITIVE LINE]

W (12591361) WIFI: Disconnected from AP, reason=201 (NO_AP_FOUND). Retrying connection...

[REDACTED SENSITIVE LINE]

I (12592721) NETWORK: NETWORK_TIME_SYNCED_BIT cleared before=0x0 after=0x0

W (12592721) WIFI: Lost IP address

W (12593781) WIFI: Disconnected from AP, reason=201 (NO_AP_FOUND). Retrying connection...

[REDACTED SENSITIVE LINE]

W (12596201) WIFI: Disconnected from AP, reason=201 (NO_AP_FOUND). Retrying connection...

[REDACTED SENSITIVE LINE]

W (12598631) WIFI: Disconnected from AP, reason=201 (NO_AP_FOUND). Retrying connection...

[REDACTED SENSITIVE LINE]

W (12601051) WIFI: Disconnected from AP, reason=201 (NO_AP_FOUND). Retrying connection...

[REDACTED SENSITIVE LINE]

W (12603471) WIFI: Disconnected from AP, reason=201 (NO_AP_FOUND). Retrying connection...

[REDACTED SENSITIVE LINE]

W (12605891) WIFI: Disconnected from AP, reason=201 (NO_AP_FOUND). Retrying connection...

[REDACTED SENSITIVE LINE]

W (12608311) WIFI: Disconnected from AP, reason=201 (NO_AP_FOUND). Retrying connection...

[REDACTED SENSITIVE LINE]

W (12610731) WIFI: Disconnected from AP, reason=201 (NO_AP_FOUND). Retrying connection...

[REDACTED SENSITIVE LINE]

W (12613151) WIFI: Disconnected from AP, reason=201 (NO_AP_FOUND). Retrying connection...

[REDACTED SENSITIVE LINE]

W (12615571) WIFI: Disconnected from AP, reason=201 (NO_AP_FOUND). Retrying connection...

[REDACTED SENSITIVE LINE]

W (12618001) WIFI: Disconnected from AP, reason=201 (NO_AP_FOUND). Retrying connection...

[REDACTED SENSITIVE LINE]

W (12620421) WIFI: Disconnected from AP, reason=201 (NO_AP_FOUND). Retrying connection...

[REDACTED SENSITIVE LINE]

W (12622841) WIFI: Disconnected from AP, reason=201 (NO_AP_FOUND). Retrying connection...

[REDACTED SENSITIVE LINE]

W (12625261) WIFI: Disconnected from AP, reason=201 (NO_AP_FOUND). Retrying connection...

[REDACTED SENSITIVE LINE]

W (12627681) WIFI: Disconnected from AP, reason=201 (NO_AP_FOUND). Retrying connection...

[REDACTED SENSITIVE LINE]

W (12630101) WIFI: Disconnected from AP, reason=201 (NO_AP_FOUND). Retrying connection...

[REDACTED SENSITIVE LINE]

W (12632521) WIFI: Disconnected from AP, reason=201 (NO_AP_FOUND). Retrying connection...

[REDACTED SENSITIVE LINE]

W (12634941) WIFI: Disconnected from AP, reason=201 (NO_AP_FOUND). Retrying connection...

[REDACTED SENSITIVE LINE]

W (12637361) WIFI: Disconnected from AP, reason=201 (NO_AP_FOUND). Retrying connection...

[REDACTED SENSITIVE LINE]

W (12639791) WIFI: Disconnected from AP, reason=201 (NO_AP_FOUND). Retrying connection...

[REDACTED SENSITIVE LINE]

W (12642211) WIFI: Disconnected from AP, reason=201 (NO_AP_FOUND). Retrying connection...

[REDACTED SENSITIVE LINE]

W (12644631) WIFI: Disconnected from AP, reason=201 (NO_AP_FOUND). Retrying connection...

[REDACTED SENSITIVE LINE]

W (12647051) WIFI: Disconnected from AP, reason=201 (NO_AP_FOUND). Retrying connection...

[REDACTED SENSITIVE LINE]

W (12649471) WIFI: Disconnected from AP, reason=201 (NO_AP_FOUND). Retrying connection...

[REDACTED SENSITIVE LINE]

W (12651891) WIFI: Disconnected from AP, reason=201 (NO_AP_FOUND). Retrying connection...

[REDACTED SENSITIVE LINE]

W (12654311) WIFI: Disconnected from AP, reason=201 (NO_AP_FOUND). Retrying connection...

[REDACTED SENSITIVE LINE]

W (12656731) WIFI: Disconnected from AP, reason=201 (NO_AP_FOUND). Retrying connection...

[REDACTED SENSITIVE LINE]

W (12659161) WIFI: Disconnected from AP, reason=201 (NO_AP_FOUND). Retrying connection...

[REDACTED SENSITIVE LINE]

W (12661581) WIFI: Disconnected from AP, reason=201 (NO_AP_FOUND). Retrying connection...

[REDACTED SENSITIVE LINE]

W (12664001) WIFI: Disconnected from AP, reason=201 (NO_AP_FOUND). Retrying connection...

[REDACTED SENSITIVE LINE]

W (12666421) WIFI: Disconnected from AP, reason=201 (NO_AP_FOUND). Retrying connection...

[REDACTED SENSITIVE LINE]

W (12668841) WIFI: Disconnected from AP, reason=201 (NO_AP_FOUND). Retrying connection...

[REDACTED SENSITIVE LINE]

W (12671261) WIFI: Disconnected from AP, reason=201 (NO_AP_FOUND). Retrying connection...

[REDACTED SENSITIVE LINE]

W (12673681) WIFI: Disconnected from AP, reason=201 (NO_AP_FOUND). Retrying connection...

[REDACTED SENSITIVE LINE]

W (12676101) WIFI: Disconnected from AP, reason=201 (NO_AP_FOUND). Retrying connection...

[REDACTED SENSITIVE LINE]

W (12678531) WIFI: Disconnected from AP, reason=201 (NO_AP_FOUND). Retrying connection...

[REDACTED SENSITIVE LINE]

W (12680951) WIFI: Disconnected from AP, reason=201 (NO_AP_FOUND). Retrying connection...

[REDACTED SENSITIVE LINE]

W (12683371) WIFI: Disconnected from AP, reason=201 (NO_AP_FOUND). Retrying connection...

[REDACTED SENSITIVE LINE]

W (12685791) WIFI: Disconnected from AP, reason=201 (NO_AP_FOUND). Retrying connection...

[REDACTED SENSITIVE LINE]

W (12688211) WIFI: Disconnected from AP, reason=201 (NO_AP_FOUND). Retrying connection...

[REDACTED SENSITIVE LINE]

W (12690631) WIFI: Disconnected from AP, reason=201 (NO_AP_FOUND). Retrying connection...

[REDACTED SENSITIVE LINE]

W (12693051) WIFI: Disconnected from AP, reason=201 (NO_AP_FOUND). Retrying connection...

[REDACTED SENSITIVE LINE]

W (12695471) WIFI: Disconnected from AP, reason=201 (NO_AP_FOUND). Retrying connection...

[REDACTED SENSITIVE LINE]

W (12697901) WIFI: Disconnected from AP, reason=201 (NO_AP_FOUND). Retrying connection...

[REDACTED SENSITIVE LINE]

W (12700321) WIFI: Disconnected from AP, reason=201 (NO_AP_FOUND). Retrying connection...

[REDACTED SENSITIVE LINE]

W (12702741) WIFI: Disconnected from AP, reason=201 (NO_AP_FOUND). Retrying connection...

[REDACTED SENSITIVE LINE]

W (12705161) WIFI: Disconnected from AP, reason=201 (NO_AP_FOUND). Retrying connection...

[REDACTED SENSITIVE LINE]

W (12707581) WIFI: Disconnected from AP, reason=201 (NO_AP_FOUND). Retrying connection...

[REDACTED SENSITIVE LINE]

W (12710001) WIFI: Disconnected from AP, reason=201 (NO_AP_FOUND). Retrying connection...

[REDACTED SENSITIVE LINE]

W (12712421) WIFI: Disconnected from AP, reason=201 (NO_AP_FOUND). Retrying connection...

[REDACTED SENSITIVE LINE]

I (12713781) NETWORK: NETWORK_TIME_SYNCED_BIT cleared before=0x0 after=0x0

W (12713781) WIFI: Lost IP address

W (12714841) WIFI: Disconnected from AP, reason=201 (NO_AP_FOUND). Retrying connection...

[REDACTED SENSITIVE LINE]

W (12717271) WIFI: Disconnected from AP, reason=201 (NO_AP_FOUND). Retrying connection...

[REDACTED SENSITIVE LINE]

W (12719691) WIFI: Disconnected from AP, reason=201 (NO_AP_FOUND). Retrying connection...

[REDACTED SENSITIVE LINE]

W (12722111) WIFI: Disconnected from AP, reason=201 (NO_AP_FOUND). Retrying connection...

[REDACTED SENSITIVE LINE]

W (12724531) WIFI: Disconnected from AP, reason=201 (NO_AP_FOUND). Retrying connection...

[REDACTED SENSITIVE LINE]

W (12726951) WIFI: Disconnected from AP, reason=201 (NO_AP_FOUND). Retrying connection...

[REDACTED SENSITIVE LINE]

W (12729371) WIFI: Disconnected from AP, reason=201 (NO_AP_FOUND). Retrying connection...

[REDACTED SENSITIVE LINE]

W (12731791) WIFI: Disconnected from AP, reason=201 (NO_AP_FOUND). Retrying connection...

[REDACTED SENSITIVE LINE]

W (12734211) WIFI: Disconnected from AP, reason=201 (NO_AP_FOUND). Retrying connection...

[REDACTED SENSITIVE LINE]

W (12736631) WIFI: Disconnected from AP, reason=201 (NO_AP_FOUND). Retrying connection...

[REDACTED SENSITIVE LINE]

W (12739061) WIFI: Disconnected from AP, reason=201 (NO_AP_FOUND). Retrying connection...

[REDACTED SENSITIVE LINE]

W (12741481) WIFI: Disconnected from AP, reason=201 (NO_AP_FOUND). Retrying connection...

[REDACTED SENSITIVE LINE]

W (12743901) WIFI: Disconnected from AP, reason=201 (NO_AP_FOUND). Retrying connection...

[REDACTED SENSITIVE LINE]

W (12746321) WIFI: Disconnected from AP, reason=201 (NO_AP_FOUND). Retrying connection...

[REDACTED SENSITIVE LINE]

W (12748741) WIFI: Disconnected from AP, reason=201 (NO_AP_FOUND). Retrying connection...

[REDACTED SENSITIVE LINE]

W (12751161) WIFI: Disconnected from AP, reason=201 (NO_AP_FOUND). Retrying connection...

[REDACTED SENSITIVE LINE]

W (12753581) WIFI: Disconnected from AP, reason=201 (NO_AP_FOUND). Retrying connection...

[REDACTED SENSITIVE LINE]

W (12756001) WIFI: Disconnected from AP, reason=201 (NO_AP_FOUND). Retrying connection...

[REDACTED SENSITIVE LINE]

W (12758431) WIFI: Disconnected from AP, reason=201 (NO_AP_FOUND). Retrying connection...

[REDACTED SENSITIVE LINE]

W (12760851) WIFI: Disconnected from AP, reason=201 (NO_AP_FOUND). Retrying connection...

[REDACTED SENSITIVE LINE]

W (12763271) WIFI: Disconnected from AP, reason=201 (NO_AP_FOUND). Retrying connection...

[REDACTED SENSITIVE LINE]

W (12765691) WIFI: Disconnected from AP, reason=201 (NO_AP_FOUND). Retrying connection...

[REDACTED SENSITIVE LINE]

W (12768111) WIFI: Disconnected from AP, reason=201 (NO_AP_FOUND). Retrying connection...

[REDACTED SENSITIVE LINE]

W (12770531) WIFI: Disconnected from AP, reason=201 (NO_AP_FOUND). Retrying connection...

[REDACTED SENSITIVE LINE]

W (12772951) WIFI: Disconnected from AP, reason=201 (NO_AP_FOUND). Retrying connection...

[REDACTED SENSITIVE LINE]

W (12775371) WIFI: Disconnected from AP, reason=201 (NO_AP_FOUND). Retrying connection...

[REDACTED SENSITIVE LINE]

W (12777801) WIFI: Disconnected from AP, reason=201 (NO_AP_FOUND). Retrying connection...

[REDACTED SENSITIVE LINE]

W (12780221) WIFI: Disconnected from AP, reason=201 (NO_AP_FOUND). Retrying connection...

[REDACTED SENSITIVE LINE]

W (12782641) WIFI: Disconnected from AP, reason=201 (NO_AP_FOUND). Retrying connection...

[REDACTED SENSITIVE LINE]

W (12785061) WIFI: Disconnected from AP, reason=201 (NO_AP_FOUND). Retrying connection...

[REDACTED SENSITIVE LINE]

W (12787481) WIFI: Disconnected from AP, reason=201 (NO_AP_FOUND). Retrying connection...

[REDACTED SENSITIVE LINE]

W (12789901) WIFI: Disconnected from AP, reason=201 (NO_AP_FOUND). Retrying connection...

[REDACTED SENSITIVE LINE]

W (12792321) WIFI: Disconnected from AP, reason=201 (NO_AP_FOUND). Retrying connection...

[REDACTED SENSITIVE LINE]

W (12794741) WIFI: Disconnected from AP, reason=201 (NO_AP_FOUND). Retrying connection...

[REDACTED SENSITIVE LINE]

W (12797161) WIFI: Disconnected from AP, reason=201 (NO_AP_FOUND). Retrying connection...

[REDACTED SENSITIVE LINE]

W (12799591) WIFI: Disconnected from AP, reason=201 (NO_AP_FOUND). Retrying connection...

[REDACTED SENSITIVE LINE]

W (12802011) WIFI: Disconnected from AP, reason=201 (NO_AP_FOUND). Retrying connection...

[REDACTED SENSITIVE LINE]

W (12804431) WIFI: Disconnected from AP, reason=201 (NO_AP_FOUND). Retrying connection...

[REDACTED SENSITIVE LINE]

W (12806851) WIFI: Disconnected from AP, reason=201 (NO_AP_FOUND). Retrying connection...

[REDACTED SENSITIVE LINE]

W (12809271) WIFI: Disconnected from AP, reason=201 (NO_AP_FOUND). Retrying connection...

[REDACTED SENSITIVE LINE]

W (12811691) WIFI: Disconnected from AP, reason=201 (NO_AP_FOUND). Retrying connection...

[REDACTED SENSITIVE LINE]

W (12814111) WIFI: Disconnected from AP, reason=201 (NO_AP_FOUND). Retrying connection...

[REDACTED SENSITIVE LINE]

W (12816531) WIFI: Disconnected from AP, reason=201 (NO_AP_FOUND). Retrying connection...

[REDACTED SENSITIVE LINE]

W (12818961) WIFI: Disconnected from AP, reason=201 (NO_AP_FOUND). Retrying connection...

[REDACTED SENSITIVE LINE]

W (12821381) WIFI: Disconnected from AP, reason=201 (NO_AP_FOUND). Retrying connection...

[REDACTED SENSITIVE LINE]

W (12823801) WIFI: Disconnected from AP, reason=201 (NO_AP_FOUND). Retrying connection...

[REDACTED SENSITIVE LINE]

W (12826221) WIFI: Disconnected from AP, reason=201 (NO_AP_FOUND). Retrying connection...

[REDACTED SENSITIVE LINE]

W (12828641) WIFI: Disconnected from AP, reason=201 (NO_AP_FOUND). Retrying connection...

[REDACTED SENSITIVE LINE]

W (12831061) WIFI: Disconnected from AP, reason=201 (NO_AP_FOUND). Retrying connection...

[REDACTED SENSITIVE LINE]

W (12833481) WIFI: Disconnected from AP, reason=201 (NO_AP_FOUND). Retrying connection...

[REDACTED SENSITIVE LINE]

I (12834841) NETWORK: NETWORK_TIME_SYNCED_BIT cleared before=0x0 after=0x0

W (12834841) WIFI: Lost IP address

W (12835901) WIFI: Disconnected from AP, reason=201 (NO_AP_FOUND). Retrying connection...

[REDACTED SENSITIVE LINE]

W (12838331) WIFI: Disconnected from AP, reason=201 (NO_AP_FOUND). Retrying connection...

[REDACTED SENSITIVE LINE]

W (12840751) WIFI: Disconnected from AP, reason=201 (NO_AP_FOUND). Retrying connection...

[REDACTED SENSITIVE LINE]

W (12843171) WIFI: Disconnected from AP, reason=201 (NO_AP_FOUND). Retrying connection...

[REDACTED SENSITIVE LINE]

W (12845591) WIFI: Disconnected from AP, reason=201 (NO_AP_FOUND). Retrying connection...

[REDACTED SENSITIVE LINE]

W (12848011) WIFI: Disconnected from AP, reason=201 (NO_AP_FOUND). Retrying connection...

[REDACTED SENSITIVE LINE]

W (12850431) WIFI: Disconnected from AP, reason=201 (NO_AP_FOUND). Retrying connection...

[REDACTED SENSITIVE LINE]

W (12852851) WIFI: Disconnected from AP, reason=201 (NO_AP_FOUND). Retrying connection...

[REDACTED SENSITIVE LINE]

W (12855271) WIFI: Disconnected from AP, reason=201 (NO_AP_FOUND). Retrying connection...

[REDACTED SENSITIVE LINE]

W (12857701) WIFI: Disconnected from AP, reason=201 (NO_AP_FOUND). Retrying connection...

[REDACTED SENSITIVE LINE]

W (12860121) WIFI: Disconnected from AP, reason=201 (NO_AP_FOUND). Retrying connection...

[REDACTED SENSITIVE LINE]

W (12862541) WIFI: Disconnected from AP, reason=201 (NO_AP_FOUND). Retrying connection...

[REDACTED SENSITIVE LINE]

W (12864961) WIFI: Disconnected from AP, reason=201 (NO_AP_FOUND). Retrying connection...

[REDACTED SENSITIVE LINE]

W (12867381) WIFI: Disconnected from AP, reason=201 (NO_AP_FOUND). Retrying connection...

[REDACTED SENSITIVE LINE]

W (12869801) WIFI: Disconnected from AP, reason=201 (NO_AP_FOUND). Retrying connection...

[REDACTED SENSITIVE LINE]

W (12872221) WIFI: Disconnected from AP, reason=201 (NO_AP_FOUND). Retrying connection...

[REDACTED SENSITIVE LINE]

W (12874641) WIFI: Disconnected from AP, reason=201 (NO_AP_FOUND). Retrying connection...

[REDACTED SENSITIVE LINE]

W (12877071) WIFI: Disconnected from AP, reason=201 (NO_AP_FOUND). Retrying connection...

[REDACTED SENSITIVE LINE]

W (12879491) WIFI: Disconnected from AP, reason=201 (NO_AP_FOUND). Retrying connection...

[REDACTED SENSITIVE LINE]

W (12881911) WIFI: Disconnected from AP, reason=201 (NO_AP_FOUND). Retrying connection...

[REDACTED SENSITIVE LINE]

W (12884331) WIFI: Disconnected from AP, reason=201 (NO_AP_FOUND). Retrying connection...

[REDACTED SENSITIVE LINE]


