#include "face_assets.h"

// Asset 1: 2346 runs, 9384 bytes
static const uint16_t s_asset_1_data[4692] = {
    0x0140, 0xcf17, 0x0140, 0xcf17, 0x0140, 0xcf17, 0x0140, 0xcf17, 0x0140, 0xcf17, 0x0140, 0xcf17, 0x0140, 0xcf17, 0x0140, 0xcf17,
    0x0140, 0xcf17, 0x0140, 0xcf17, 0x0140, 0xcf17, 0x0140, 0xcf17, 0x0140, 0xcf17, 0x0140, 0xcf17, 0x0140, 0xcf17, 0x0140, 0xcf17,
    0x0140, 0xcf17, 0x0140, 0xcf17, 0x0140, 0xcf17, 0x0140, 0xcf17, 0x0140, 0xcf17, 0x0140, 0xcf17, 0x0140, 0xcf17, 0x0140, 0xcf17,
    0x0140, 0xcf17, 0x0140, 0xcf17, 0x0140, 0xcf17, 0x0140, 0xcf17, 0x0140, 0xcf17, 0x0140, 0xcf17, 0x0140, 0xcf17, 0x0140, 0xcf17,
    0x0140, 0xcf17, 0x0140, 0xcf17, 0x0140, 0xcf17, 0x0140, 0xcf17, 0x0140, 0xcf17, 0x0140, 0xcf17, 0x0140, 0xcf17, 0x0140, 0xcf17,
    0x0140, 0xcf17, 0x0140, 0xcf17, 0x0140, 0xcf17, 0x0140, 0xcf17, 0x0140, 0xcf17, 0x0140, 0xcf17, 0x0140, 0xcf17, 0x0140, 0xcf17,
    0x0140, 0xcf17, 0x0140, 0xcf17, 0x0093, 0xcf17, 0x0001, 0xa592, 0x0017, 0x4247, 0x0001, 0x4a88, 0x0094, 0xcf17, 0x0093, 0xcf17,
    0x0001, 0x8ccf, 0x0017, 0x0000, 0x0001, 0x0841, 0x0094, 0xcf17, 0x0093, 0xcf17, 0x0001, 0x8ccf, 0x0017, 0x0000, 0x0001, 0x0841,
    0x0094, 0xcf17, 0x0093, 0xcf17, 0x0001, 0x8ccf, 0x0017, 0x0000, 0x0001, 0x0841, 0x0094, 0xcf17, 0x0093, 0xcf17, 0x0001, 0x8ccf,
    0x0017, 0x0000, 0x0001, 0x0841, 0x0094, 0xcf17, 0x0093, 0xcf17, 0x0001, 0x8ccf, 0x0017, 0x0000, 0x0001, 0x0841, 0x0094, 0xcf17,
    0x0087, 0xcf17, 0x0001, 0x9511, 0x000b, 0x52c9, 0x0001, 0x39e6, 0x0017, 0x0000, 0x0001, 0x0020, 0x000c, 0x52c9, 0x0001, 0x9531,
    0x0087, 0xcf17, 0x0087, 0xcf17, 0x0001, 0x73cc, 0x0030, 0x0000, 0x0001, 0x73ed, 0x0087, 0xcf17, 0x0087, 0xcf17, 0x0001, 0x73cc,
    0x0030, 0x0000, 0x0001, 0x73ed, 0x0087, 0xcf17, 0x0087, 0xcf17, 0x0001, 0x73cc, 0x0030, 0x0000, 0x0001, 0x73ed, 0x0087, 0xcf17,
    0x0087, 0xcf17, 0x0001, 0x73cc, 0x0030, 0x0000, 0x0001, 0x73ed, 0x0087, 0xcf17, 0x0087, 0xcf17, 0x0001, 0x73cc, 0x0030, 0x0000,
    0x0001, 0x73ed, 0x0087, 0xcf17, 0x0081, 0xcf17, 0x0001, 0x9510, 0x0005, 0x634a, 0x0001, 0x31c5, 0x0030, 0x0000, 0x0001, 0x31c6,
    0x0005, 0x634a, 0x0001, 0x9531, 0x0081, 0xcf17, 0x0081, 0xcf17, 0x0001, 0x636b, 0x003c, 0x0000, 0x0001, 0x638b, 0x0081, 0xcf17,
    0x0081, 0xcf17, 0x0001, 0x636b, 0x003c, 0x0000, 0x0001, 0x638b, 0x0081, 0xcf17, 0x0081, 0xcf17, 0x0001, 0x636b, 0x003c, 0x0000,
    0x0001, 0x638b, 0x0081, 0xcf17, 0x0081, 0xcf17, 0x0001, 0x636b, 0x003c, 0x0000, 0x0001, 0x638b, 0x0081, 0xcf17, 0x0081, 0xcf17,
    0x0001, 0x636b, 0x003c, 0x0000, 0x0001, 0x638b, 0x0081, 0xcf17, 0x0081, 0xcf17, 0x0001, 0x636b, 0x0018, 0x0000, 0x0001, 0x10c2,
    0x0005, 0x31e6, 0x0001, 0x2123, 0x001d, 0x0000, 0x0001, 0x638b, 0x0081, 0xcf17, 0x0081, 0xcf17, 0x0001, 0x636b, 0x0018, 0x0000,
    0x0001, 0x52c9, 0x0005, 0xcf17, 0x0001, 0x846e, 0x001d, 0x0000, 0x0001, 0x638b, 0x0081, 0xcf17, 0x0081, 0xcf17, 0x0001, 0x636b,
    0x0018, 0x0000, 0x0001, 0x52c9, 0x0005, 0xcf17, 0x0001, 0x846e, 0x001d, 0x0000, 0x0001, 0x638b, 0x0081, 0xcf17, 0x0081, 0xcf17,
    0x0001, 0x636b, 0x0018, 0x0000, 0x0001, 0x52c9, 0x0005, 0xcf17, 0x0001, 0x846e, 0x001d, 0x0000, 0x0001, 0x638b, 0x0081, 0xcf17,
    0x0081, 0xcf17, 0x0001, 0x636b, 0x0018, 0x0000, 0x0001, 0x52c9, 0x0005, 0xcf17, 0x0001, 0x846e, 0x001d, 0x0000, 0x0001, 0x638b,
    0x0081, 0xcf17, 0x0081, 0xcf17, 0x0001, 0x636b, 0x0018, 0x0000, 0x0001, 0x52c9, 0x0005, 0xcf17, 0x0001, 0x846e, 0x001d, 0x0000,
    0x0001, 0x638b, 0x0081, 0xcf17, 0x007b, 0xcf17, 0x0001, 0xa5b2, 0x0005, 0x8caf, 0x0001, 0x4247, 0x0018, 0x0000, 0x0001, 0x52c9,
    0x0005, 0xcf17, 0x0001, 0x9511, 0x0005, 0x31e6, 0x0001, 0x2124, 0x0017, 0x0000, 0x0001, 0x4247, 0x0005, 0x8caf, 0x0001, 0xa5b2,
    0x007b, 0xcf17, 0x007b, 0xcf17, 0x0001, 0x5b0a, 0x001e, 0x0000, 0x0001, 0x52c9, 0x000b, 0xcf17, 0x0001, 0x848f, 0x001d, 0x0000,
    0x0001, 0x5b0a, 0x007b, 0xcf17, 0x007b, 0xcf17, 0x0001, 0x5b0a, 0x001e, 0x0000, 0x0001, 0x52c9, 0x000b, 0xcf17, 0x0001, 0x848f,
    0x001d, 0x0000, 0x0001, 0x5b0a, 0x007b, 0xcf17, 0x007b, 0xcf17, 0x0001, 0x5b0a, 0x001e, 0x0000, 0x0001, 0x52c9, 0x000b, 0xcf17,
    0x0001, 0x848f, 0x001d, 0x0000, 0x0001, 0x5b0a, 0x007b, 0xcf17, 0x007b, 0xcf17, 0x0001, 0x5b0a, 0x001e, 0x0000, 0x0001, 0x52c9,
    0x000b, 0xcf17, 0x0001, 0x848f, 0x001d, 0x0000, 0x0001, 0x5b0a, 0x007b, 0xcf17, 0x007b, 0xcf17, 0x0001, 0x5b0a, 0x001e, 0x0000,
    0x0001, 0x52c9, 0x000b, 0xcf17, 0x0001, 0x848f, 0x001d, 0x0000, 0x0001, 0x5b0a, 0x007b, 0xcf17, 0x007b, 0xcf17, 0x0001, 0x5b0a,
    0x001e, 0x0000, 0x0001, 0x52c9, 0x0005, 0xcf17, 0x0001, 0xbe75, 0x0005, 0x9d71, 0x0001, 0x846e, 0x0005, 0x31e6, 0x0001, 0x2144,
    0x0017, 0x0000, 0x0001, 0x5b0a, 0x007b, 0xcf17, 0x007b, 0xcf17, 0x0001, 0x5b0a, 0x001e, 0x0000, 0x0001, 0x52c9, 0x0005, 0xcf17,
    0x0001, 0x7c4e, 0x0005, 0x0000, 0x0001, 0x4a88, 0x0005, 0xcf17, 0x0001, 0x8caf, 0x0017, 0x0000, 0x0001, 0x5b0a, 0x007b, 0xcf17,
    0x007b, 0xcf17, 0x0001, 0x5b0a, 0x001e, 0x0000, 0x0001, 0x52c9, 0x0005, 0xcf17, 0x0001, 0x7c4e, 0x0005, 0x0000, 0x0001, 0x4a88,
    0x0005, 0xcf17, 0x0001, 0x8caf, 0x0017, 0x0000, 0x0001, 0x5b0a, 0x007b, 0xcf17, 0x007b, 0xcf17, 0x0001, 0x5b0a, 0x001e, 0x0000,
    0x0001, 0x52c9, 0x0005, 0xcf17, 0x0001, 0x7c4e, 0x0005, 0x0000, 0x0001, 0x4a88, 0x0005, 0xcf17, 0x0001, 0x8caf, 0x0017, 0x0000,
    0x0001, 0x5b0a, 0x007b, 0xcf17, 0x007b, 0xcf17, 0x0001, 0x5b0a, 0x001e, 0x0000, 0x0001, 0x52c9, 0x0005, 0xcf17, 0x0001, 0x7c4e,
    0x0005, 0x0000, 0x0001, 0x4a88, 0x0005, 0xcf17, 0x0001, 0x8caf, 0x0017, 0x0000, 0x0001, 0x5b0a, 0x007b, 0xcf17, 0x007b, 0xcf17,
    0x0001, 0x5b0a, 0x001e, 0x0000, 0x0001, 0x52c9, 0x0005, 0xcf17, 0x0001, 0x7c4e, 0x0005, 0x0000, 0x0001, 0x4a88, 0x0005, 0xcf17,
    0x0001, 0x8caf, 0x0017, 0x0000, 0x0001, 0x5b0a, 0x007b, 0xcf17, 0x007b, 0xcf17, 0x0001, 0x5b0a, 0x0012, 0x0000, 0x0001, 0x0020,
    0x0005, 0x0861, 0x0001, 0x0840, 0x0005, 0x0000, 0x0001, 0x52c9, 0x0005, 0xcf17, 0x0001, 0x7c4e, 0x0005, 0x0000, 0x0001, 0x39e6,
    0x0005, 0xa592, 0x0001, 0x846e, 0x0005, 0x2964, 0x0001, 0x1903, 0x0011, 0x0000, 0x0001, 0x5b0a, 0x007b, 0xcf17, 0x007b, 0xcf17,
    0x0001, 0x5b0a, 0x0012, 0x0000, 0x0001, 0x5b2a, 0x0005, 0xcf17, 0x0001, 0x740d, 0x0005, 0x0000, 0x0001, 0x52c9, 0x0005, 0xcf17,
    0x0001, 0x7c4e, 0x000b, 0x0000, 0x0001, 0x4267, 0x0005, 0xcf17, 0x0001, 0x94f0, 0x0011, 0x0000, 0x0001, 0x5b0a, 0x007b, 0xcf17,
    0x007b, 0xcf17, 0x0001, 0x5b0a, 0x0012, 0x0000, 0x0001, 0x5b2a, 0x0005, 0xcf17, 0x0001, 0x740d, 0x0005, 0x0000, 0x0001, 0x52c9,
    0x0005, 0xcf17, 0x0001, 0x7c4e, 0x000b, 0x0000, 0x0001, 0x4267, 0x0005, 0xcf17, 0x0001, 0x94f0, 0x0011, 0x0000, 0x0001, 0x5b0a,
    0x007b, 0xcf17, 0x007b, 0xcf17, 0x0001, 0x5b0a, 0x0012, 0x0000, 0x0001, 0x5b2a, 0x0005, 0xcf17, 0x0001, 0x740d, 0x0005, 0x0000,
    0x0001, 0x52c9, 0x0005, 0xcf17, 0x0001, 0x7c4e, 0x000b, 0x0000, 0x0001, 0x4267, 0x0005, 0xcf17, 0x0001, 0x8cd0, 0x0011, 0x0000,
    0x0001, 0x5b0a, 0x007b, 0xcf17, 0x007b, 0xcf17, 0x0001, 0x5b0a, 0x0012, 0x0000, 0x0001, 0x5b2a, 0x0005, 0xcf17, 0x0001, 0x740d,
    0x0005, 0x0000, 0x0001, 0x52c9, 0x0005, 0xcf17, 0x0001, 0x7c4e, 0x000b, 0x0000, 0x0001, 0x4267, 0x0005, 0xcf17, 0x0001, 0x8cd0,
    0x0011, 0x0000, 0x0001, 0x5b0a, 0x007b, 0xcf17, 0x007b, 0xcf17, 0x0001, 0x5b0a, 0x0012, 0x0000, 0x0001, 0x5b2a, 0x0005, 0xcf17,
    0x0001, 0x740d, 0x0005, 0x0000, 0x0001, 0x52c9, 0x0005, 0xcf17, 0x0001, 0x7c4e, 0x000b, 0x0000, 0x0001, 0x4267, 0x0005, 0xcf17,
    0x0001, 0x8cd0, 0x0011, 0x0000, 0x0001, 0x5b0a, 0x007b, 0xcf17, 0x007b, 0xcf17, 0x0001, 0x5b0a, 0x0012, 0x0000, 0x0001, 0x5b2a,
    0x0005, 0xcf17, 0x0001, 0x740d, 0x0005, 0x0000, 0x0001, 0x52c9, 0x0005, 0xcf17, 0x0001, 0x7c4e, 0x0005, 0x0000, 0x0001, 0x0861,
    0x0005, 0x2144, 0x0001, 0x5b0a, 0x0005, 0xa592, 0x0001, 0x73ec, 0x0011, 0x0000, 0x0001, 0x5b0a, 0x007b, 0xcf17, 0x007b, 0xcf17,
    0x0001, 0x5b0a, 0x0018, 0x0000, 0x0001, 0x52e9, 0x000b, 0xcf17, 0x0001, 0x7c4e, 0x0005, 0x0000, 0x0001, 0x4a88, 0x0005, 0xcf17,
    0x0001, 0x8caf, 0x0017, 0x0000, 0x0001, 0x5b0a, 0x007b, 0xcf17, 0x007b, 0xcf17, 0x0001, 0x5b0a, 0x0018, 0x0000, 0x0001, 0x52e9,
    0x000b, 0xcf17, 0x0001, 0x7c4e, 0x0005, 0x0000, 0x0001, 0x4a88, 0x0005, 0xcf17, 0x0001, 0x8caf, 0x0017, 0x0000, 0x0001, 0x5b0a,
    0x007b, 0xcf17, 0x007b, 0xcf17, 0x0001, 0x5b0a, 0x0018, 0x0000, 0x0001, 0x52e9, 0x000b, 0xcf17, 0x0001, 0x7c4e, 0x0005, 0x0000,
    0x0001, 0x4a88, 0x0005, 0xcf17, 0x0001, 0x8caf, 0x0017, 0x0000, 0x0001, 0x5b0a, 0x007b, 0xcf17, 0x007b, 0xcf17, 0x0001, 0x5b0a,
    0x0018, 0x0000, 0x0001, 0x52e9, 0x000b, 0xcf17, 0x0001, 0x7c4e, 0x0005, 0x0000, 0x0001, 0x4a88, 0x0005, 0xcf17, 0x0001, 0x8caf,
    0x0017, 0x0000, 0x0001, 0x5b0a, 0x007b, 0xcf17, 0x007b, 0xcf17, 0x0001, 0x5b0a, 0x0018, 0x0000, 0x0001, 0x52e9, 0x000b, 0xcf17,
    0x0001, 0x7c4e, 0x0005, 0x0000, 0x0001, 0x4a88, 0x0005, 0xcf17, 0x0001, 0x8caf, 0x0017, 0x0000, 0x0001, 0x5b0a, 0x007b, 0xcf17,
    0x007b, 0xcf17, 0x0001, 0x5b0a, 0x0018, 0x0000, 0x0001, 0x52e9, 0x000b, 0xcf17, 0x0001, 0x8ccf, 0x0005, 0x2123, 0x0001, 0x5b0a,
    0x0005, 0xb614, 0x0001, 0x7c0d, 0x0017, 0x0000, 0x0001, 0x5b0a, 0x007b, 0xcf17, 0x007b, 0xcf17, 0x0001, 0x5b0a, 0x001e, 0x0000,
    0x0001, 0x52c9, 0x000b, 0xcf17, 0x0001, 0x846e, 0x001d, 0x0000, 0x0001, 0x5b0a, 0x007b, 0xcf17, 0x007b, 0xcf17, 0x0001, 0x5b0a,
    0x001e, 0x0000, 0x0001, 0x52c9, 0x000b, 0xcf17, 0x0001, 0x846e, 0x001d, 0x0000, 0x0001, 0x5b0a, 0x007b, 0xcf17, 0x007b, 0xcf17,
    0x0001, 0x5b0a, 0x001e, 0x0000, 0x0001, 0x52c9, 0x000b, 0xcf17, 0x0001, 0x846e, 0x001d, 0x0000, 0x0001, 0x5b0a, 0x007b, 0xcf17,
    0x007b, 0xcf17, 0x0001, 0x5b0a, 0x001e, 0x0000, 0x0001, 0x52c9, 0x000b, 0xcf17, 0x0001, 0x846e, 0x001d, 0x0000, 0x0001, 0x5b0a,
    0x007b, 0xcf17, 0x007b, 0xcf17, 0x0001, 0x5b0a, 0x001e, 0x0000, 0x0001, 0x52c9, 0x000b, 0xcf17, 0x0001, 0x846e, 0x001d, 0x0000,
    0x0001, 0x5b0a, 0x007b, 0xcf17, 0x007b, 0xcf17, 0x0001, 0x5b0a, 0x0018, 0x0000, 0x0001, 0x0861, 0x0005, 0x18e3, 0x0001, 0x634b,
    0x0005, 0xcf17, 0x0001, 0xc6b6, 0x0005, 0xb614, 0x0001, 0x846e, 0x0005, 0x18e3, 0x0001, 0x10a2, 0x0017, 0x0000, 0x0001, 0x5b0a,
    0x007b, 0xcf17, 0x007b, 0xcf17, 0x0001, 0x5b0a, 0x0018, 0x0000, 0x0001, 0x52e9, 0x000b, 0xcf17, 0x0001, 0x7c4e, 0x0005, 0x0000,
    0x0001, 0x4a88, 0x0005, 0xcf17, 0x0001, 0x8caf, 0x0017, 0x0000, 0x0001, 0x5b0a, 0x007b, 0xcf17, 0x007b, 0xcf17, 0x0001, 0x5b0a,
    0x0018, 0x0000, 0x0001, 0x52e9, 0x000b, 0xcf17, 0x0001, 0x7c4e, 0x0005, 0x0000, 0x0001, 0x4a88, 0x0005, 0xcf17, 0x0001, 0x8caf,
    0x0017, 0x0000, 0x0001, 0x5b0a, 0x007b, 0xcf17, 0x007b, 0xcf17, 0x0001, 0x5b0a, 0x0018, 0x0000, 0x0001, 0x52e9, 0x000b, 0xcf17,
    0x0001, 0x7c4e, 0x0005, 0x0000, 0x0001, 0x4a88, 0x0005, 0xcf17, 0x0001, 0x8caf, 0x0017, 0x0000, 0x0001, 0x5b0a, 0x007b, 0xcf17,
    0x007b, 0xcf17, 0x0001, 0x5b0a, 0x0018, 0x0000, 0x0001, 0x52e9, 0x000b, 0xcf17, 0x0001, 0x7c4e, 0x0005, 0x0000, 0x0001, 0x4a88,
    0x0005, 0xcf17, 0x0001, 0x8caf, 0x0017, 0x0000, 0x0001, 0x5b0a, 0x007b, 0xcf17, 0x007b, 0xcf17, 0x0001, 0x5b0a, 0x0018, 0x0000,
    0x0001, 0x52e9, 0x000b, 0xcf17, 0x0001, 0x7c4e, 0x0005, 0x0000, 0x0001, 0x4a88, 0x0005, 0xcf17, 0x0001, 0x8caf, 0x0017, 0x0000,
    0x0001, 0x5b0a, 0x007b, 0xcf17, 0x007b, 0xcf17, 0x0001, 0x5b0a, 0x0012, 0x0000, 0x0001, 0x0861, 0x0005, 0x18e3, 0x0001, 0x5b0a,
    0x0005, 0xb614, 0x0001, 0xbe75, 0x0005, 0xcf17, 0x0001, 0x7c4e, 0x0005, 0x0000, 0x0001, 0x4227, 0x0005, 0xb634, 0x0001, 0x8caf,
    0x0005, 0x18e3, 0x0001, 0x10a2, 0x0011, 0x0000, 0x0001, 0x5b0a, 0x007b, 0xcf17, 0x007b, 0xcf17, 0x0001, 0x5b0a, 0x0012, 0x0000,
    0x0001, 0x5b2a, 0x0005, 0xcf17, 0x0001, 0x740d, 0x0005, 0x0000, 0x0001, 0x52c9, 0x0005, 0xcf17, 0x0001, 0x7c4e, 0x000b, 0x0000,
    0x0001, 0x4247, 0x0005, 0xcf17, 0x0001, 0x8cd0, 0x0011, 0x0000, 0x0001, 0x5b0a, 0x007b, 0xcf17, 0x007b, 0xcf17, 0x0001, 0x5b0a,
    0x0012, 0x0000, 0x0001, 0x5b2a, 0x0005, 0xcf17, 0x0001, 0x740d, 0x0005, 0x0000, 0x0001, 0x52c9, 0x0005, 0xcf17, 0x0001, 0x7c4e,
    0x000b, 0x0000, 0x0001, 0x4247, 0x0005, 0xcf17, 0x0001, 0x8cd0, 0x0011, 0x0000, 0x0001, 0x5b0a, 0x007b, 0xcf17, 0x007b, 0xcf17,
    0x0001, 0x5b0a, 0x0012, 0x0000, 0x0001, 0x5b2a, 0x0005, 0xcf17, 0x0001, 0x740d, 0x0005, 0x0000, 0x0001, 0x52c9, 0x0005, 0xcf17,
    0x0001, 0x7c4e, 0x000b, 0x0000, 0x0001, 0x4247, 0x0005, 0xcf17, 0x0001, 0x8cd0, 0x0011, 0x0000, 0x0001, 0x5b0a, 0x007b, 0xcf17,
    0x007b, 0xcf17, 0x0001, 0x5b0a, 0x0012, 0x0000, 0x0001, 0x5b2a, 0x0005, 0xcf17, 0x0001, 0x740d, 0x0005, 0x0000, 0x0001, 0x52c9,
    0x0005, 0xcf17, 0x0001, 0x7c4e, 0x000b, 0x0000, 0x0001, 0x4247, 0x0005, 0xcf17, 0x0001, 0x8cd0, 0x0011, 0x0000, 0x0001, 0x5b0a,
    0x007b, 0xcf17, 0x007b, 0xcf17, 0x0001, 0x5b0a, 0x0012, 0x0000, 0x0001, 0x5b2a, 0x0005, 0xcf17, 0x0001, 0x740d, 0x0005, 0x0000,
    0x0001, 0x52c9, 0x0005, 0xcf17, 0x0001, 0x7c4e, 0x000b, 0x0000, 0x0001, 0x4247, 0x0005, 0xcf17, 0x0001, 0x8cd0, 0x0011, 0x0000,
    0x0001, 0x5b0a, 0x007b, 0xcf17, 0x007b, 0xcf17, 0x0001, 0x5b0a, 0x0012, 0x0000, 0x0001, 0x52e9, 0x0005, 0xc695, 0x0001, 0x6bcc,
    0x0005, 0x0000, 0x0001, 0x52c9, 0x0005, 0xcf17, 0x0001, 0x7c4e, 0x0005, 0x0000, 0x0001, 0x0020, 0x0005, 0x1082, 0x0001, 0x4aa8,
    0x0005, 0xc695, 0x0001, 0x848f, 0x0011, 0x0000, 0x0001, 0x5b0a, 0x007b, 0xcf17, 0x007b, 0xcf17, 0x0001, 0x5b0a, 0x001e, 0x0000,
    0x0001, 0x52c9, 0x0005, 0xcf17, 0x0001, 0x7c4e, 0x0005, 0x0000, 0x0001, 0x4a88, 0x0005, 0xcf17, 0x0001, 0x8caf, 0x0017, 0x0000,
    0x0001, 0x5b0a, 0x007b, 0xcf17, 0x007b, 0xcf17, 0x0001, 0x5b0a, 0x001e, 0x0000, 0x0001, 0x52c9, 0x0005, 0xcf17, 0x0001, 0x7c4e,
    0x0005, 0x0000, 0x0001, 0x4a88, 0x0005, 0xcf17, 0x0001, 0x8caf, 0x0017, 0x0000, 0x0001, 0x5b0a, 0x007b, 0xcf17, 0x007b, 0xcf17,
    0x0001, 0x5b0a, 0x001e, 0x0000, 0x0001, 0x52c9, 0x0005, 0xcf17, 0x0001, 0x7c4e, 0x0005, 0x0000, 0x0001, 0x4a88, 0x0005, 0xcf17,
    0x0001, 0x8caf, 0x0017, 0x0000, 0x0001, 0x5b0a, 0x007b, 0xcf17, 0x007b, 0xcf17, 0x0001, 0x5b0a, 0x001e, 0x0000, 0x0001, 0x52c9,
    0x0005, 0xcf17, 0x0001, 0x7c4e, 0x0005, 0x0000, 0x0001, 0x4a88, 0x0005, 0xcf17, 0x0001, 0x8caf, 0x0017, 0x0000, 0x0001, 0x5b0a,
    0x007b, 0xcf17, 0x007b, 0xcf17, 0x0001, 0x5b0a, 0x001e, 0x0000, 0x0001, 0x52c9, 0x0005, 0xcf17, 0x0001, 0x7c4e, 0x0005, 0x0000,
    0x0001, 0x4a88, 0x0005, 0xcf17, 0x0001, 0x8caf, 0x0017, 0x0000, 0x0001, 0x5b0a, 0x007b, 0xcf17, 0x007b, 0xcf17, 0x0001, 0x5b0a,
    0x001e, 0x0000, 0x0001, 0x52c9, 0x0005, 0xcf17, 0x0001, 0x848f, 0x0005, 0x0881, 0x0001, 0x52c9, 0x0005, 0xc695, 0x0001, 0x846e,
    0x0017, 0x0000, 0x0001, 0x5b0a, 0x007b, 0xcf17, 0x007b, 0xcf17, 0x0001, 0x5b0a, 0x001e, 0x0000, 0x0001, 0x52c9, 0x000b, 0xcf17,
    0x0001, 0x846e, 0x001d, 0x0000, 0x0001, 0x5b0a, 0x007b, 0xcf17, 0x007b, 0xcf17, 0x0001, 0x5b0a, 0x001e, 0x0000, 0x0001, 0x52c9,
    0x000b, 0xcf17, 0x0001, 0x846e, 0x001d, 0x0000, 0x0001, 0x5b0a, 0x007b, 0xcf17, 0x007b, 0xcf17, 0x0001, 0x5b0a, 0x001e, 0x0000,
    0x0001, 0x52c9, 0x000b, 0xcf17, 0x0001, 0x846e, 0x001d, 0x0000, 0x0001, 0x5b0a, 0x007b, 0xcf17, 0x007b, 0xcf17, 0x0001, 0x5b0a,
    0x001e, 0x0000, 0x0001, 0x52c9, 0x000b, 0xcf17, 0x0001, 0x846e, 0x001d, 0x0000, 0x0001, 0x5b0a, 0x007b, 0xcf17, 0x007b, 0xcf17,
    0x0001, 0x5b0a, 0x001e, 0x0000, 0x0001, 0x52c9, 0x000b, 0xcf17, 0x0001, 0x846e, 0x001d, 0x0000, 0x0001, 0x5b0a, 0x007b, 0xcf17,
    0x007b, 0xcf17, 0x0001, 0x5b0a, 0x001e, 0x0000, 0x0001, 0x52c9, 0x0005, 0xcf17, 0x0001, 0xced6, 0x0005, 0xc695, 0x0001, 0x7c2d,
    0x001d, 0x0000, 0x0001, 0x5b0a, 0x007b, 0xcf17, 0x007b, 0xcf17, 0x0001, 0x94f0, 0x0005, 0x634a, 0x0001, 0x2985, 0x0018, 0x0000,
    0x0001, 0x52c9, 0x0005, 0xcf17, 0x0001, 0x846e, 0x001d, 0x0000, 0x0001, 0x31c5, 0x0005, 0x634a, 0x0001, 0x94f0, 0x007b, 0xcf17,
    0x0081, 0xcf17, 0x0001, 0x636b, 0x0018, 0x0000, 0x0001, 0x52c9, 0x0005, 0xcf17, 0x0001, 0x846e, 0x001d, 0x0000, 0x0001, 0x6bcc,
    0x0081, 0xcf17, 0x0081, 0xcf17, 0x0001, 0x636b, 0x0018, 0x0000, 0x0001, 0x52c9, 0x0005, 0xcf17, 0x0001, 0x846e, 0x001d, 0x0000,
    0x0001, 0x6bcc, 0x0081, 0xcf17, 0x0081, 0xcf17, 0x0001, 0x636b, 0x0018, 0x0000, 0x0001, 0x52c9, 0x0005, 0xcf17, 0x0001, 0x846e,
    0x001d, 0x0000, 0x0001, 0x6bcc, 0x0081, 0xcf17, 0x0081, 0xcf17, 0x0001, 0x636b, 0x0018, 0x0000, 0x0001, 0x52c9, 0x0005, 0xcf17,
    0x0001, 0x846e, 0x001d, 0x0000, 0x0001, 0x6bcc, 0x0081, 0xcf17, 0x0081, 0xcf17, 0x0001, 0x636b, 0x0018, 0x0000, 0x0001, 0x4227,
    0x0005, 0xa592, 0x0001, 0x638b, 0x001d, 0x0000, 0x0001, 0x6bcc, 0x0081, 0xcf17, 0x0081, 0xcf17, 0x0001, 0x636b, 0x003c, 0x0000,
    0x0001, 0x6bcc, 0x0081, 0xcf17, 0x0081, 0xcf17, 0x0001, 0x636b, 0x003c, 0x0000, 0x0001, 0x6bcc, 0x0081, 0xcf17, 0x0081, 0xcf17,
    0x0001, 0x636b, 0x003c, 0x0000, 0x0001, 0x6bcc, 0x0081, 0xcf17, 0x0081, 0xcf17, 0x0001, 0x636b, 0x003c, 0x0000, 0x0001, 0x6bcc,
    0x0081, 0xcf17, 0x0081, 0xcf17, 0x0001, 0x636b, 0x003c, 0x0000, 0x0001, 0x6bcc, 0x0081, 0xcf17, 0x0081, 0xcf17, 0x0001, 0x636b,
    0x003c, 0x0000, 0x0001, 0x6bcc, 0x0081, 0xcf17, 0x0081, 0xcf17, 0x0001, 0x8cd0, 0x0005, 0x52c9, 0x0001, 0x2985, 0x0030, 0x0000,
    0x0001, 0x2985, 0x0005, 0x52c9, 0x0001, 0x9510, 0x0081, 0xcf17, 0x0087, 0xcf17, 0x0001, 0x73cc, 0x0030, 0x0000, 0x0001, 0x73ed,
    0x0087, 0xcf17, 0x0087, 0xcf17, 0x0001, 0x73cc, 0x0030, 0x0000, 0x0001, 0x73ed, 0x0087, 0xcf17, 0x0087, 0xcf17, 0x0001, 0x73cc,
    0x0030, 0x0000, 0x0001, 0x73ed, 0x0087, 0xcf17, 0x0087, 0xcf17, 0x0001, 0x73cc, 0x0030, 0x0000, 0x0001, 0x73ed, 0x0087, 0xcf17,
    0x0087, 0xcf17, 0x0001, 0x73cc, 0x0030, 0x0000, 0x0001, 0x73ed, 0x0087, 0xcf17, 0x0087, 0xcf17, 0x0001, 0x8caf, 0x000b, 0x31e6,
    0x0001, 0x31a5, 0x0018, 0x2964, 0x0001, 0x31c5, 0x000b, 0x31e6, 0x0001, 0x8caf, 0x0087, 0xcf17, 0x0093, 0xcf17, 0x0001, 0x8caf,
    0x0018, 0x0000, 0x0001, 0x9d51, 0x0093, 0xcf17, 0x0093, 0xcf17, 0x0001, 0x8caf, 0x0018, 0x0000, 0x0001, 0x9d51, 0x0093, 0xcf17,
    0x0093, 0xcf17, 0x0001, 0x8caf, 0x0018, 0x0000, 0x0001, 0x9d51, 0x0093, 0xcf17, 0x0093, 0xcf17, 0x0001, 0x8caf, 0x0018, 0x0000,
    0x0001, 0x9d51, 0x0093, 0xcf17, 0x0093, 0xcf17, 0x0001, 0x8caf, 0x0018, 0x0000, 0x0001, 0x9d51, 0x0093, 0xcf17, 0x0093, 0xcf17,
    0x0001, 0x9d51, 0x0018, 0x31a5, 0x0001, 0xadb3, 0x0093, 0xcf17, 0x0140, 0xcf17, 0x0140, 0xcf17, 0x0140, 0xcf17, 0x0140, 0xcf17,
    0x0140, 0xcf17, 0x0140, 0xcf17, 0x0140, 0xcf17, 0x0140, 0xcf17, 0x0140, 0xcf17, 0x0140, 0xcf17, 0x0140, 0xcf17, 0x0140, 0xcf17,
    0x0140, 0xcf17, 0x0140, 0xcf17, 0x0140, 0xcf17, 0x0140, 0xcf17, 0x0140, 0xcf17, 0x0140, 0xcf17, 0x0140, 0xcf17, 0x0140, 0xcf17,
    0x0140, 0xcf17, 0x0040, 0xcf17, 0x0001, 0x7c4e, 0x0009, 0x0000, 0x0001, 0xbe54, 0x0064, 0xcf17, 0x0001, 0x52e9, 0x0003, 0x0020,
    0x0001, 0x846e, 0x000e, 0xcf17, 0x0001, 0x52c9, 0x0003, 0x0000, 0x0001, 0x846e, 0x0079, 0xcf17, 0x0040, 0xcf17, 0x0001, 0x7c4e,
    0x0009, 0x0000, 0x0001, 0xbe54, 0x0064, 0xcf17, 0x0001, 0x52c9, 0x0003, 0x0000, 0x0001, 0x844e, 0x000e, 0xcf17, 0x0001, 0x52a9,
    0x0003, 0x0000, 0x0001, 0x846e, 0x0079, 0xcf17, 0x003d, 0xcf17, 0x0001, 0xc6b6, 0x0002, 0x8caf, 0x0001, 0x52c9, 0x0009, 0x0000,
    0x0001, 0x7c2d, 0x0001, 0x8caf, 0x0001, 0x94f0, 0x0062, 0xcf17, 0x0001, 0x52c9, 0x0003, 0x0000, 0x0001, 0x844e, 0x000e, 0xcf17,
    0x0001, 0x52a9, 0x0003, 0x0000, 0x0001, 0x846e, 0x0079, 0xcf17, 0x003d, 0xcf17, 0x0001, 0xadd3, 0x000e, 0x0000, 0x0001, 0x10c2,
    0x0062, 0xcf17, 0x0001, 0x52c9, 0x0003, 0x0000, 0x0001, 0x844e, 0x000e, 0xcf17, 0x0001, 0x52a9, 0x0003, 0x0000, 0x0001, 0x846e,
    0x0079, 0xcf17, 0x003d, 0xcf17, 0x0001, 0xadd3, 0x0003, 0x0000, 0x0001, 0x18e2, 0x0006, 0x8caf, 0x0001, 0x7c2d, 0x0003, 0x0000,
    0x0001, 0x10c2, 0x0062, 0xcf17, 0x0001, 0x52c9, 0x0003, 0x0000, 0x0001, 0x844e, 0x000e, 0xcf17, 0x0001, 0xadd3, 0x0003, 0x94f0,
    0x0001, 0xb634, 0x0079, 0xcf17, 0x003d, 0xcf17, 0x0001, 0xadd3, 0x0003, 0x0000, 0x0001, 0x2144, 0x0006, 0xcf17, 0x0001, 0xb634,
    0x0003, 0x0000, 0x0001, 0x10c2, 0x0006, 0xcf17, 0x0001, 0x8ccf, 0x0008, 0x52c9, 0x0001, 0x52e9, 0x0006, 0xcf17, 0x0001, 0x9d31,
    0x000b, 0x4a88, 0x0001, 0x5b2a, 0x0006, 0xcf17, 0x0001, 0x8caf, 0x000b, 0x4a88, 0x0001, 0x6bac, 0x0008, 0xcf17, 0x0001, 0x6bac,
    0x0008, 0x52c9, 0x0001, 0x740d, 0x0009, 0xcf17, 0x0001, 0x5b4a, 0x0008, 0x52c9, 0x0001, 0x846e, 0x0004, 0xcf17, 0x0001, 0xa592,
    0x0002, 0x52c9, 0x0001, 0x2103, 0x0003, 0x0000, 0x0001, 0x31a5, 0x0007, 0x52c9, 0x0001, 0x73ed, 0x0006, 0xcf17, 0x0001, 0x7c4e,
    0x0003, 0x4a88, 0x0001, 0x9d51, 0x0002, 0xcf17, 0x0001, 0x9510, 0x000b, 0x4a88, 0x0001, 0x634b, 0x0008, 0xcf17, 0x0001, 0x9d31,
    0x0009, 0x52c9, 0x0001, 0xc695, 0x0057, 0xcf17, 0x003d, 0xcf17, 0x0001, 0xadd3, 0x0003, 0x0000, 0x0001, 0x2144, 0x0006, 0xcf17,
    0x0001, 0xb634, 0x0003, 0x0000, 0x0001, 0x10c2, 0x0006, 0xcf17, 0x0001, 0x634a, 0x0008, 0x0000, 0x0001, 0x0840, 0x0006, 0xcf17,
    0x0001, 0x7c2d, 0x000b, 0x0000, 0x0001, 0x18e2, 0x0006, 0xcf17, 0x0001, 0x634b, 0x000b, 0x0000, 0x0001, 0x31a5, 0x0008, 0xcf17,
    0x0001, 0x2964, 0x0008, 0x0000, 0x0001, 0x3a06, 0x0009, 0xcf17, 0x0001, 0x10c2, 0x0008, 0x0000, 0x0001, 0x52c9, 0x0004, 0xcf17,
    0x0001, 0x848f, 0x000e, 0x0000, 0x0001, 0x39e6, 0x0006, 0xcf17, 0x0001, 0x52a9, 0x0003, 0x0000, 0x0001, 0x846e, 0x0002, 0xcf17,
    0x0001, 0x73cc, 0x000b, 0x0000, 0x0001, 0x2123, 0x0008, 0xcf17, 0x0001, 0x73ed, 0x0009, 0x0000, 0x0001, 0xb634, 0x0057, 0xcf17,
    0x003d, 0xcf17, 0x0001, 0xadd3, 0x0003, 0x0000, 0x0001, 0x2144, 0x0006, 0xcf17, 0x0001, 0xb634, 0x0003, 0x0000, 0x0001, 0x10c2,
    0x0006, 0xcf17, 0x0001, 0x634a, 0x0008, 0x0000, 0x0001, 0x0840, 0x0006, 0xcf17, 0x0001, 0x7c2d, 0x000b, 0x0000, 0x0001, 0x18e2,
    0x0006, 0xcf17, 0x0001, 0x634b, 0x000b, 0x0000, 0x0001, 0x31a5, 0x0008, 0xcf17, 0x0001, 0x2964, 0x0008, 0x0000, 0x0001, 0x3a06,
    0x0009, 0xcf17, 0x0001, 0x10c2, 0x0008, 0x0000, 0x0001, 0x52c9, 0x0004, 0xcf17, 0x0001, 0x848f, 0x000e, 0x0000, 0x0001, 0x39e6,
    0x0006, 0xcf17, 0x0001, 0x52a9, 0x0003, 0x0000, 0x0001, 0x846e, 0x0002, 0xcf17, 0x0001, 0x73cc, 0x000b, 0x0000, 0x0001, 0x2123,
    0x0008, 0xcf17, 0x0001, 0x73ed, 0x0009, 0x0000, 0x0001, 0xb634, 0x0057, 0xcf17, 0x003d, 0xcf17, 0x0001, 0xadd3, 0x0003, 0x0000,
    0x0001, 0x2144, 0x0006, 0xcf17, 0x0001, 0xb634, 0x0003, 0x0000, 0x0001, 0x10c2, 0x0003, 0xcf17, 0x0001, 0x9511, 0x0002, 0x0861,
    0x0001, 0x0020, 0x0009, 0x0000, 0x0002, 0x0861, 0x0001, 0x3a27, 0x0003, 0xcf17, 0x0001, 0x7c2d, 0x000c, 0x0000, 0x0002, 0x0841,
    0x0001, 0x4aa8, 0x0003, 0xcf17, 0x0001, 0x634b, 0x000c, 0x0000, 0x0002, 0x0841, 0x0001, 0x636b, 0x0002, 0xcf17, 0x0001, 0x636b,
    0x0002, 0x0861, 0x0001, 0x0020, 0x0008, 0x0000, 0x0001, 0x0020, 0x0002, 0x0861, 0x0001, 0x6bcc, 0x0003, 0xcf17, 0x0001, 0x52c9,
    0x0002, 0x0861, 0x0009, 0x0000, 0x0001, 0x0020, 0x0002, 0x0861, 0x0001, 0x846e, 0x0001, 0xcf17, 0x0001, 0x848f, 0x000e, 0x0000,
    0x0001, 0x39e6, 0x0006, 0xcf17, 0x0001, 0x52a9, 0x0003, 0x0000, 0x0001, 0x846e, 0x0002, 0xcf17, 0x0001, 0x73cc, 0x000c, 0x0000,
    0x0002, 0x0841, 0x0001, 0x52e9, 0x0002, 0xcf17, 0x0001, 0xadd3, 0x0002, 0x0861, 0x0001, 0x0840, 0x0009, 0x0000, 0x0002, 0x0861,
    0x0001, 0x2944, 0x0055, 0xcf17, 0x003d, 0xcf17, 0x0001, 0xadd3, 0x0003, 0x0000, 0x0001, 0x2144, 0x0006, 0xcf17, 0x0001, 0xbe95,
    0x0003, 0x52c9, 0x0001, 0x634a, 0x0003, 0xcf17, 0x0001, 0x94f0, 0x0003, 0x0000, 0x0001, 0x10c2, 0x0006, 0x4247, 0x0001, 0x31c5,
    0x0003, 0x0000, 0x0001, 0x31c5, 0x0003, 0xcf17, 0x0001, 0x7c2d, 0x0003, 0x0000, 0x0001, 0x2123, 0x0006, 0x4aa8, 0x0001, 0x31a5,
    0x0003, 0x0000, 0x0001, 0x4267, 0x0003, 0xcf17, 0x0001, 0x634b, 0x0003, 0x0000, 0x0001, 0x2964, 0x0006, 0x4aa8, 0x0001, 0x2964,
    0x0003, 0x0000, 0x0001, 0x5b2a, 0x0002, 0xcf17, 0x0001, 0x5b2a, 0x0003, 0x0000, 0x0001, 0x31a5, 0x0006, 0x52c9, 0x0001, 0x2944,
    0x0003, 0x0000, 0x0001, 0x6b8b, 0x0003, 0xcf17, 0x0001, 0x4a68, 0x0003, 0x0000, 0x0001, 0x39e6, 0x0006, 0x52c9, 0x0001, 0x2103,
    0x0003, 0x0000, 0x0001, 0x7c2e, 0x0001, 0xcf17, 0x0001, 0xa572, 0x0002, 0x4aa8, 0x0001, 0x2103, 0x0003, 0x0000, 0x0001, 0x31a5,
    0x0007, 0x4aa8, 0x0001, 0x73ed, 0x0006, 0xcf17, 0x0001, 0x52a9, 0x0003, 0x0000, 0x0001, 0x846e, 0x0002, 0xcf17, 0x0001, 0x73cc,
    0x0003, 0x0000, 0x0001, 0x2144, 0x0006, 0x4aa8, 0x0001, 0x31a5, 0x0003, 0x0000, 0x0001, 0x4aa8, 0x0002, 0xcf17, 0x0001, 0xa5b2,
    0x0003, 0x0000, 0x0001, 0x10a2, 0x0006, 0x52c9, 0x0001, 0x4a88, 0x0003, 0x0000, 0x0001, 0x18e3, 0x0055, 0xcf17, 0x003d, 0xcf17,
    0x0001, 0xadd3, 0x0003, 0x0000, 0x0001, 0x2144, 0x0006, 0xcf17, 0x0001, 0xced6, 0x0003, 0x9531, 0x0001, 0x9d51, 0x0003, 0xcf17,
    0x0001, 0x94f0, 0x0003, 0x0000, 0x0001, 0x4267, 0x0006, 0xcf17, 0x0001, 0x9d71, 0x0003, 0x0000, 0x0001, 0x31c5, 0x0003, 0xcf17,
    0x0001, 0x7c2d, 0x0003, 0x0000, 0x0001, 0x52e9, 0x0006, 0xcf17, 0x0001, 0x848f, 0x0003, 0x0000, 0x0001, 0x4267, 0x0003, 0xcf17,
    0x0001, 0x634b, 0x0003, 0x0000, 0x0001, 0x73cc, 0x0006, 0xcf17, 0x0001, 0x6bac, 0x0003, 0x0000, 0x0001, 0x5b2a, 0x0002, 0xcf17,
    0x0001, 0x5b2a, 0x0003, 0x0000, 0x0001, 0x52c9, 0x0004, 0x8caf, 0x0001, 0x8ccf, 0x0001, 0xcf17, 0x0001, 0x636b, 0x0003, 0x0000,
    0x0001, 0x6b8b, 0x0003, 0xcf17, 0x0001, 0x4a68, 0x0003, 0x0000, 0x0001, 0x8cd0, 0x0006, 0xcf17, 0x0001, 0x52c9, 0x0003, 0x0000,
    0x0001, 0x7c2e, 0x0004, 0xcf17, 0x0001, 0x52c9, 0x0003, 0x0000, 0x0001, 0x844e, 0x000e, 0xcf17, 0x0001, 0x52a9, 0x0003, 0x0000,
    0x0001, 0x846e, 0x0002, 0xcf17, 0x0001, 0x73cc, 0x0003, 0x0000, 0x0001, 0x634b, 0x0006, 0xcf17, 0x0001, 0x7c2e, 0x0003, 0x0000,
    0x0001, 0x4aa8, 0x0002, 0xcf17, 0x0001, 0xa5b2, 0x0003, 0x0000, 0x0001, 0x2985, 0x0006, 0xcf17, 0x0001, 0xb634, 0x0003, 0x0000,
    0x0001, 0x18e3, 0x0055, 0xcf17, 0x003d, 0xcf17, 0x0001, 0xadd3, 0x0003, 0x0000, 0x0001, 0x2144, 0x0006, 0xcf17, 0x0001, 0xb634,
    0x0003, 0x0000, 0x0001, 0x10c2, 0x0003, 0xcf17, 0x0001, 0x94f0, 0x0003, 0x0000, 0x0001, 0x4267, 0x0006, 0xcf17, 0x0001, 0x9d71,
    0x0003, 0x0000, 0x0001, 0x31c5, 0x0003, 0xcf17, 0x0001, 0x7c2d, 0x0003, 0x0000, 0x0001, 0x52e9, 0x0006, 0xcf17, 0x0001, 0x848f,
    0x0003, 0x0000, 0x0001, 0x4267, 0x0003, 0xcf17, 0x0001, 0x634b, 0x0003, 0x0000, 0x0001, 0x73cc, 0x0006, 0xcf17, 0x0001, 0x6bac,
    0x0003, 0x0000, 0x0001, 0x5b2a, 0x0002, 0xcf17, 0x0001, 0x5b2a, 0x0008, 0x0000, 0x0001, 0x0841, 0x0001, 0xcf17, 0x0001, 0x636b,
    0x0003, 0x0000, 0x0001, 0x6b8b, 0x0003, 0xcf17, 0x0001, 0x4a68, 0x0003, 0x0000, 0x0001, 0x8cd0, 0x0006, 0xcf17, 0x0001, 0x52c9,
    0x0003, 0x0000, 0x0001, 0x7c2e, 0x0004, 0xcf17, 0x0001, 0x52c9, 0x0003, 0x0000, 0x0001, 0x844e, 0x000e, 0xcf17, 0x0001, 0x52a9,
    0x0003, 0x0000, 0x0001, 0x846e, 0x0002, 0xcf17, 0x0001, 0x73cc, 0x0003, 0x0000, 0x0001, 0x634b, 0x0006, 0xcf17, 0x0001, 0x7c2e,
    0x0003, 0x0000, 0x0001, 0x4aa8, 0x0002, 0xcf17, 0x0001, 0xa5b2, 0x0003, 0x0000, 0x0001, 0x2985, 0x0006, 0xcf17, 0x0001, 0xb634,
    0x0003, 0x0000, 0x0001, 0x18e3, 0x0055, 0xcf17, 0x003d, 0xcf17, 0x0001, 0xadd3, 0x0003, 0x0000, 0x0001, 0x2144, 0x0006, 0xcf17,
    0x0001, 0xb634, 0x0003, 0x0000, 0x0001, 0x10c2, 0x0003, 0xcf17, 0x0001, 0x94f0, 0x0003, 0x0000, 0x0001, 0x4247, 0x0006, 0xcf17,
    0x0001, 0x9d71, 0x0003, 0x0000, 0x0001, 0x31c5, 0x0003, 0xcf17, 0x0001, 0x7c2d, 0x0003, 0x0000, 0x0001, 0x52e9, 0x0006, 0xcf17,
    0x0001, 0x848f, 0x0003, 0x0000, 0x0001, 0x4267, 0x0003, 0xcf17, 0x0001, 0x634b, 0x0003, 0x0000, 0x0001, 0x73cc, 0x0006, 0xcf17,
    0x0001, 0x6bac, 0x0003, 0x0000, 0x0001, 0x5b2a, 0x0002, 0xcf17, 0x0001, 0x5b2a, 0x0008, 0x0000, 0x0001, 0x0841, 0x0001, 0xcf17,
    0x0001, 0xb614, 0x0003, 0x9531, 0x0001, 0xb614, 0x0003, 0xcf17, 0x0001, 0x4a68, 0x0003, 0x0000, 0x0001, 0x8cd0, 0x0006, 0xcf17,
    0x0001, 0xadf3, 0x0003, 0x9531, 0x0001, 0xbe54, 0x0004, 0xcf17, 0x0001, 0x52c9, 0x0003, 0x0000, 0x0001, 0x844e, 0x000e, 0xcf17,
    0x0001, 0x52a9, 0x0003, 0x0000, 0x0001, 0x846e, 0x0002, 0xcf17, 0x0001, 0x73cc, 0x0003, 0x0000, 0x0001, 0x634b, 0x0006, 0xcf17,
    0x0001, 0x7c2e, 0x0003, 0x0000, 0x0001, 0x4aa8, 0x0002, 0xcf17, 0x0001, 0xa5b2, 0x0003, 0x0000, 0x0001, 0x2985, 0x0006, 0xcf17,
    0x0001, 0xb634, 0x0003, 0x0000, 0x0001, 0x18e3, 0x0055, 0xcf17, 0x003d, 0xcf17, 0x0001, 0xadd3, 0x0003, 0x0000, 0x0001, 0x2144,
    0x0006, 0xcf17, 0x0001, 0xb634, 0x0003, 0x0000, 0x0001, 0x10c2, 0x0003, 0xcf17, 0x0001, 0x94f0, 0x0003, 0x0000, 0x0001, 0x4247,
    0x0006, 0xcf17, 0x0001, 0x9d71, 0x0003, 0x0000, 0x0001, 0x31c5, 0x0003, 0xcf17, 0x0001, 0x7c2d, 0x0003, 0x0000, 0x0001, 0x52e9,
    0x0006, 0xcf17, 0x0001, 0x848f, 0x0003, 0x0000, 0x0001, 0x4267, 0x0003, 0xcf17, 0x0001, 0x634b, 0x0003, 0x0000, 0x0001, 0x73cc,
    0x0006, 0xcf17, 0x0001, 0x6bac, 0x0003, 0x0000, 0x0001, 0x5b2a, 0x0002, 0xcf17, 0x0001, 0x5b2a, 0x0008, 0x0000, 0x0001, 0x0841,
    0x0001, 0xcf17, 0x0001, 0x844e, 0x0003, 0x31e6, 0x0001, 0x846e, 0x0003, 0xcf17, 0x0001, 0x4a68, 0x0003, 0x0000, 0x0001, 0x8cd0,
    0x0006, 0xcf17, 0x0001, 0x7c2d, 0x0003, 0x4247, 0x0001, 0x9531, 0x0004, 0xcf17, 0x0001, 0x52c9, 0x0003, 0x0000, 0x0001, 0x844e,
    0x0006, 0xcf17, 0x0001, 0x8ccf, 0x0003, 0x4a88, 0x0001, 0x8cd0, 0x0003, 0xcf17, 0x0001, 0x52a9, 0x0003, 0x0000, 0x0001, 0x846e,
    0x0002, 0xcf17, 0x0001, 0x73cc, 0x0003, 0x0000, 0x0001, 0x634b, 0x0006, 0xcf17, 0x0001, 0x7c2e, 0x0003, 0x0000, 0x0001, 0x4aa8,
    0x0002, 0xcf17, 0x0001, 0xa5b2, 0x0003, 0x0000, 0x0001, 0x10a2, 0x0006, 0x52c9, 0x0001, 0x4a88, 0x0003, 0x0000, 0x0001, 0x18e3,
    0x0055, 0xcf17, 0x003d, 0xcf17, 0x0001, 0xadd3, 0x0003, 0x0000, 0x0001, 0x2144, 0x0006, 0xcf17, 0x0001, 0xb634, 0x0003, 0x0000,
    0x0001, 0x10c2, 0x0003, 0xcf17, 0x0001, 0x94f0, 0x0003, 0x0000, 0x0001, 0x4227, 0x0006, 0xcf17, 0x0001, 0x9d71, 0x0003, 0x0000,
    0x0001, 0x31c5, 0x0003, 0xcf17, 0x0001, 0x7c2d, 0x0003, 0x0000, 0x0001, 0x52e9, 0x0006, 0xcf17, 0x0001, 0x848f, 0x0003, 0x0000,
    0x0001, 0x4267, 0x0003, 0xcf17, 0x0001, 0x634b, 0x0003, 0x0000, 0x0001, 0x73cc, 0x0006, 0xcf17, 0x0001, 0x6bac, 0x0003, 0x0000,
    0x0001, 0x5b2a, 0x0002, 0xcf17, 0x0001, 0x5b2a, 0x0003, 0x0000, 0x0001, 0x0840, 0x0004, 0x0861, 0x0001, 0x10c2, 0x0001, 0xcf17,
    0x0001, 0x636b, 0x0003, 0x0000, 0x0001, 0x6b8b, 0x0003, 0xcf17, 0x0001, 0x4a68, 0x0003, 0x0000, 0x0001, 0x8cd0, 0x0006, 0xcf17,
    0x0001, 0x52c9, 0x0003, 0x0000, 0x0001, 0x7c2e, 0x0004, 0xcf17, 0x0001, 0x52c9, 0x0003, 0x0000, 0x0001, 0x844e, 0x0006, 0xcf17,
    0x0001, 0x636b, 0x0003, 0x0000, 0x0001, 0x638b, 0x0003, 0xcf17, 0x0001, 0x52a9, 0x0003, 0x0000, 0x0001, 0x846e, 0x0002, 0xcf17,
    0x0001, 0x73cc, 0x0003, 0x0000, 0x0001, 0x634b, 0x0006, 0xcf17, 0x0001, 0x7c2e, 0x0003, 0x0000, 0x0001, 0x4aa8, 0x0002, 0xcf17,
    0x0001, 0xa5b2, 0x000e, 0x0000, 0x0001, 0x18e3, 0x0055, 0xcf17, 0x003d, 0xcf17, 0x0001, 0xadd3, 0x0003, 0x0000, 0x0001, 0x2144,
    0x0006, 0xcf17, 0x0001, 0xb634, 0x0003, 0x0000, 0x0001, 0x10c2, 0x0003, 0xcf17, 0x0001, 0x94f0, 0x0003, 0x0000, 0x0001, 0x4227,
    0x0006, 0xcf17, 0x0001, 0x9d71, 0x0003, 0x0000, 0x0001, 0x31c5, 0x0003, 0xcf17, 0x0001, 0x7c2d, 0x0003, 0x0000, 0x0001, 0x52e9,
    0x0006, 0xcf17, 0x0001, 0x848f, 0x0003, 0x0000, 0x0001, 0x4267, 0x0003, 0xcf17, 0x0001, 0x634b, 0x0003, 0x0000, 0x0001, 0x73cc,
    0x0006, 0xcf17, 0x0001, 0x6bac, 0x0003, 0x0000, 0x0001, 0x5b2a, 0x0002, 0xcf17, 0x0001, 0x5b2a, 0x0003, 0x0000, 0x0001, 0x7c2d,
    0x0006, 0xcf17, 0x0001, 0x636b, 0x0003, 0x0000, 0x0001, 0x6b8b, 0x0003, 0xcf17, 0x0001, 0x4a68, 0x0003, 0x0000, 0x0001, 0x8cd0,
    0x0006, 0xcf17, 0x0001, 0x52c9, 0x0003, 0x0000, 0x0001, 0x7c2e, 0x0004, 0xcf17, 0x0001, 0x52c9, 0x0003, 0x0000, 0x0001, 0x844e,
    0x0006, 0xcf17, 0x0001, 0x636b, 0x0003, 0x0000, 0x0001, 0x638b, 0x0003, 0xcf17, 0x0001, 0x52a9, 0x0003, 0x0000, 0x0001, 0x846e,
    0x0002, 0xcf17, 0x0001, 0x73cc, 0x0003, 0x0000, 0x0001, 0x634b, 0x0006, 0xcf17, 0x0001, 0x7c2e, 0x0003, 0x0000, 0x0001, 0x4aa8,
    0x0005, 0xcf17, 0x0001, 0x73ed, 0x000b, 0x0000, 0x0001, 0x18e3, 0x0003, 0xcf17, 0x0001, 0xbe75, 0x0003, 0x8cd0, 0x0001, 0xa592,
    0x0003, 0xcf17, 0x0001, 0xadf3, 0x0003, 0x8cd0, 0x0001, 0xb614, 0x0003, 0xcf17, 0x0001, 0xa572, 0x0003, 0x8cd0, 0x0001, 0xbe75,
    0x003d, 0xcf17, 0x003d, 0xcf17, 0x0001, 0xadd3, 0x0003, 0x0000, 0x0001, 0x0020, 0x0006, 0x18e3, 0x0001, 0x18c2, 0x0003, 0x0000,
    0x0001, 0x10c2, 0x0003, 0xcf17, 0x0001, 0x94f0, 0x0003, 0x0000, 0x0001, 0x0840, 0x0006, 0x18e3, 0x0001, 0x10a2, 0x0003, 0x0000,
    0x0001, 0x31c5, 0x0003, 0xcf17, 0x0001, 0x7c2d, 0x0003, 0x0000, 0x0001, 0x52e9, 0x0006, 0xcf17, 0x0001, 0x848f, 0x0003, 0x0000,
    0x0001, 0x4267, 0x0003, 0xcf17, 0x0001, 0x634b, 0x0003, 0x0000, 0x0001, 0x73cc, 0x0006, 0xcf17, 0x0001, 0x6bac, 0x0003, 0x0000,
    0x0001, 0x5b2a, 0x0002, 0xcf17, 0x0001, 0x5b2a, 0x000e, 0x0000, 0x0001, 0x6b8b, 0x0003, 0xcf17, 0x0001, 0x4a68, 0x0003, 0x0000,
    0x0001, 0x0841, 0x0006, 0x0861, 0x0001, 0x0020, 0x0003, 0x0000, 0x0001, 0x7c2e, 0x0004, 0xcf17, 0x0001, 0x52c9, 0x0003, 0x0000,
    0x0001, 0x0841, 0x0006, 0x0881, 0x0001, 0x0040, 0x0003, 0x0000, 0x0001, 0x638b, 0x0003, 0xcf17, 0x0001, 0x52a9, 0x0003, 0x0000,
    0x0001, 0x846e, 0x0002, 0xcf17, 0x0001, 0x73cc, 0x0003, 0x0000, 0x0001, 0x634b, 0x0006, 0xcf17, 0x0001, 0x7c2e, 0x0003, 0x0000,
    0x0001, 0x4aa8, 0x0005, 0xcf17, 0x0001, 0x73ed, 0x000b, 0x0000, 0x0001, 0x18e3, 0x0003, 0xcf17, 0x0001, 0x94f0, 0x0003, 0x0000,
    0x0001, 0x4227, 0x0003, 0xcf17, 0x0001, 0x636b, 0x0003, 0x0000, 0x0001, 0x6bcc, 0x0003, 0xcf17, 0x0001, 0x39e6, 0x0003, 0x0000,
    0x0001, 0x9d31, 0x003d, 0xcf17, 0x003d, 0xcf17, 0x0001, 0xb634, 0x0002, 0x4247, 0x0001, 0x2964, 0x0009, 0x0000, 0x0001, 0x31a5,
    0x0001, 0x31e6, 0x0001, 0x4268, 0x0003, 0xcf17, 0x0001, 0xa5b2, 0x0002, 0x4247, 0x0001, 0x2103, 0x0009, 0x0000, 0x0002, 0x4247,
    0x0001, 0x638b, 0x0003, 0xcf17, 0x0001, 0x7c2d, 0x0003, 0x0000, 0x0001, 0x52e9, 0x0006, 0xcf17, 0x0001, 0x848f, 0x0003, 0x0000,
    0x0001, 0x4267, 0x0003, 0xcf17, 0x0001, 0x634b, 0x0003, 0x0000, 0x0001, 0x73cc, 0x0006, 0xcf17, 0x0001, 0x6bac, 0x0003, 0x0000,
    0x0001, 0x5b2a, 0x0002, 0xcf17, 0x0001, 0x846e, 0x0002, 0x4247, 0x0001, 0x0881, 0x0008, 0x0000, 0x0001, 0x18c2, 0x0002, 0x52c9,
    0x0001, 0x94f0, 0x0003, 0xcf17, 0x0001, 0x73ed, 0x0002, 0x4247, 0x0001, 0x0020, 0x0008, 0x0000, 0x0001, 0x18e3, 0x0002, 0x4247,
    0x0001, 0x9531, 0x0004, 0xcf17, 0x0001, 0x7c2e, 0x0002, 0x4247, 0x0001, 0x0861, 0x0008, 0x0000, 0x0001, 0x1081, 0x0002, 0x4247,
    0x0001, 0x8caf, 0x0003, 0xcf17, 0x0001, 0x52a9, 0x0003, 0x0000, 0x0001, 0x846e, 0x0002, 0xcf17, 0x0001, 0x73cc, 0x0003, 0x0000,
    0x0001, 0x634b, 0x0006, 0xcf17, 0x0001, 0x7c2e, 0x0003, 0x0000, 0x0001, 0x4aa8, 0x0005, 0xcf17, 0x0001, 0x8ccf, 0x0007, 0x31e6,
    0x0001, 0x31a5, 0x0003, 0x0000, 0x0001, 0x18e3, 0x0003, 0xcf17, 0x0001, 0x94f0, 0x0003, 0x0000, 0x0001, 0x4227, 0x0003, 0xcf17,
    0x0001, 0x636b, 0x0003, 0x0000, 0x0001, 0x6bcc, 0x0003, 0xcf17, 0x0001, 0x39e6, 0x0003, 0x0000, 0x0001, 0x9d31, 0x003d, 0xcf17,
    0x0040, 0xcf17, 0x0001, 0x7c4e, 0x0009, 0x0000, 0x0001, 0xbe54, 0x0008, 0xcf17, 0x0001, 0x634a, 0x0009, 0x0000, 0x0006, 0xcf17,
    0x0001, 0x7c2d, 0x0003, 0x0000, 0x0001, 0x52e9, 0x0006, 0xcf17, 0x0001, 0x848f, 0x0003, 0x0000, 0x0001, 0x4267, 0x0003, 0xcf17,
    0x0001, 0x634b, 0x0003, 0x0000, 0x0001, 0x73cc, 0x0006, 0xcf17, 0x0001, 0x6bac, 0x0003, 0x0000, 0x0001, 0x5b2a, 0x0005, 0xcf17,
    0x0001, 0x2964, 0x0008, 0x0000, 0x0001, 0x3a06, 0x0009, 0xcf17, 0x0001, 0x1082, 0x0008, 0x0000, 0x0001, 0x52c9, 0x000a, 0xcf17,
    0x0001, 0x2944, 0x0008, 0x0000, 0x0001, 0x31c5, 0x0006, 0xcf17, 0x0001, 0x52a9, 0x0003, 0x0000, 0x0001, 0x846e, 0x0002, 0xcf17,
    0x0001, 0x73cc, 0x0003, 0x0000, 0x0001, 0x634b, 0x0006, 0xcf17, 0x0001, 0x7c2e, 0x0003, 0x0000, 0x0001, 0x4aa8, 0x0002, 0xcf17,
    0x0001, 0xc6b6, 0x0003, 0xa592, 0x0001, 0xadf3, 0x0006, 0xcf17, 0x0001, 0xb634, 0x0003, 0x0000, 0x0001, 0x18e3, 0x0003, 0xcf17,
    0x0001, 0x94f0, 0x0003, 0x0000, 0x0001, 0x4227, 0x0003, 0xcf17, 0x0001, 0x636b, 0x0003, 0x0000, 0x0001, 0x6bcc, 0x0003, 0xcf17,
    0x0001, 0x39e6, 0x0003, 0x0000, 0x0001, 0x9d31, 0x003d, 0xcf17, 0x0040, 0xcf17, 0x0001, 0x7c4e, 0x0009, 0x0000, 0x0001, 0xbe54,
    0x0008, 0xcf17, 0x0001, 0x634a, 0x0009, 0x0000, 0x0006, 0xcf17, 0x0001, 0x7c2d, 0x0003, 0x0000, 0x0001, 0x52e9, 0x0006, 0xcf17,
    0x0001, 0x848f, 0x0003, 0x0000, 0x0001, 0x4267, 0x0003, 0xcf17, 0x0001, 0x634b, 0x0003, 0x0000, 0x0001, 0x73cc, 0x0006, 0xcf17,
    0x0001, 0x6bac, 0x0003, 0x0000, 0x0001, 0x5b2a, 0x0005, 0xcf17, 0x0001, 0x2964, 0x0008, 0x0000, 0x0001, 0x3a06, 0x0009, 0xcf17,
    0x0001, 0x1082, 0x0008, 0x0000, 0x0001, 0x52c9, 0x000a, 0xcf17, 0x0001, 0x2944, 0x0008, 0x0000, 0x0001, 0x31c5, 0x0006, 0xcf17,
    0x0001, 0x52a9, 0x0003, 0x0000, 0x0001, 0x846e, 0x0002, 0xcf17, 0x0001, 0x73cc, 0x0003, 0x0000, 0x0001, 0x634b, 0x0006, 0xcf17,
    0x0001, 0x7c2e, 0x0003, 0x0000, 0x0001, 0x4aa8, 0x0002, 0xcf17, 0x0001, 0xa5b2, 0x0003, 0x0000, 0x0001, 0x2985, 0x0006, 0xcf17,
    0x0001, 0xb634, 0x0003, 0x0000, 0x0001, 0x18e3, 0x0003, 0xcf17, 0x0001, 0x94f0, 0x0003, 0x0000, 0x0001, 0x4247, 0x0003, 0xcf17,
    0x0001, 0x636b, 0x0003, 0x0000, 0x0001, 0x73cc, 0x0003, 0xcf17, 0x0001, 0x3a06, 0x0003, 0x0000, 0x0001, 0x9d31, 0x003d, 0xcf17,
    0x0040, 0xcf17, 0x0001, 0xb614, 0x0008, 0x8caf, 0x0001, 0x7c4e, 0x0001, 0xc6b6, 0x0008, 0xcf17, 0x0001, 0xadd3, 0x0009, 0x8caf,
    0x0006, 0xcf17, 0x0001, 0xb614, 0x0003, 0x8caf, 0x0001, 0xa5b2, 0x0006, 0xcf17, 0x0001, 0xb634, 0x0003, 0x8caf, 0x0001, 0xa592,
    0x0003, 0xcf17, 0x0001, 0xadd3, 0x0003, 0x8caf, 0x0001, 0xadf3, 0x0006, 0xcf17, 0x0001, 0xadf3, 0x0003, 0x8caf, 0x0001, 0xadd3,
    0x0005, 0xcf17, 0x0001, 0x9d31, 0x0003, 0x8caf, 0x0001, 0x94f0, 0x0004, 0x9531, 0x0001, 0xa5b2, 0x0009, 0xcf17, 0x0001, 0x8cd0,
    0x0008, 0x8caf, 0x0001, 0xa592, 0x000a, 0xcf17, 0x0001, 0x9d31, 0x0008, 0x8caf, 0x0001, 0x9d51, 0x0006, 0xcf17, 0x0001, 0xa592,
    0x0003, 0x8caf, 0x0001, 0xb634, 0x0002, 0xcf17, 0x0001, 0xadf3, 0x0003, 0x8caf, 0x0001, 0xadd3, 0x0006, 0xcf17, 0x0001, 0xb614,
    0x0003, 0x8caf, 0x0001, 0xa592, 0x0002, 0xcf17, 0x0001, 0xa5b2, 0x0003, 0x0000, 0x0001, 0x2985, 0x0006, 0xcf17, 0x0001, 0xb634,
    0x0003, 0x0000, 0x0001, 0x18e3, 0x0055, 0xcf17, 0x00db, 0xcf17, 0x0001, 0xa5b2, 0x0003, 0x0000, 0x0001, 0x10a2, 0x0006, 0x634a,
    0x0001, 0x52e9, 0x0003, 0x0000, 0x0001, 0x18e3, 0x0055, 0xcf17, 0x00db, 0xcf17, 0x0001, 0xa5b2, 0x000e, 0x0000, 0x0001, 0x18e3,
    0x0055, 0xcf17, 0x00de, 0xcf17, 0x0001, 0x73ed, 0x0009, 0x0000, 0x0001, 0xadd3, 0x0002, 0xc695, 0x0055, 0xcf17, 0x00de, 0xcf17,
    0x0001, 0x73ed, 0x0009, 0x0000, 0x0001, 0xb634, 0x0057, 0xcf17, 0x00de, 0xcf17, 0x0001, 0x94f0, 0x0002, 0x4247, 0x0001, 0x3a06,
    0x0006, 0x31e6, 0x0001, 0xbe75, 0x0057, 0xcf17, 0x0140, 0xcf17, 0x0140, 0xcf17, 0x0140, 0xcf17, 0x0140, 0xcf17, 0x0140, 0xcf17,
    0x0140, 0xcf17, 0x0140, 0xcf17, 0x0140, 0xcf17, 0x0140, 0xcf17, 0x0140, 0xcf17, 0x0140, 0xcf17, 0x0140, 0xcf17, 0x0140, 0xcf17,
    0x0140, 0xcf17, 0x0140, 0xcf17, 0x0140, 0xcf17, 0x0140, 0xcf17, 0x0140, 0xcf17, 0x0140, 0xcf17, 0x0140, 0xcf17, 0x0140, 0xcf17,
    0x0140, 0xcf17, 0x0140, 0xcf17, 0x0140, 0xcf17, 0x0140, 0xcf17, 0x0140, 0xcf17, 0x0140, 0xcf17, 0x0140, 0xcf17, 0x0140, 0xcf17,
    0x0140, 0xcf17, 0x0140, 0xcf17, 0x0140, 0xcf17, 0x0140, 0xcf17, 0x0140, 0xcf17, 0x0140, 0xcf17, 0x0140, 0xcf17, 0x0140, 0xcf17,
    0x0140, 0xcf17, 0x0140, 0xcf17,
};

// Asset 2: 1560 runs, 6240 bytes
static const uint16_t s_asset_2_data[3120] = {
    0x0140, 0xcf17, 0x0140, 0xcf17, 0x0140, 0xcf17, 0x0140, 0xcf17, 0x0140, 0xcf17, 0x0140, 0xcf17, 0x0140, 0xcf17, 0x0140, 0xcf17,
    0x0140, 0xcf17, 0x0140, 0xcf17, 0x0140, 0xcf17, 0x0140, 0xcf17, 0x0140, 0xcf17, 0x0140, 0xcf17, 0x0140, 0xcf17, 0x0140, 0xcf17,
    0x0140, 0xcf17, 0x0140, 0xcf17, 0x0140, 0xcf17, 0x0140, 0xcf17, 0x0140, 0xcf17, 0x0140, 0xcf17, 0x0140, 0xcf17, 0x0140, 0xcf17,
    0x0140, 0xcf17, 0x0140, 0xcf17, 0x0140, 0xcf17, 0x0140, 0xcf17, 0x0140, 0xcf17, 0x0140, 0xcf17, 0x0140, 0xcf17, 0x0140, 0xcf17,
    0x0140, 0xcf17, 0x0140, 0xcf17, 0x0140, 0xcf17, 0x0140, 0xcf17, 0x0140, 0xcf17, 0x0140, 0xcf17, 0x0140, 0xcf17, 0x0140, 0xcf17,
    0x0140, 0xcf17, 0x0140, 0xcf17, 0x0140, 0xcf17, 0x0140, 0xcf17, 0x0140, 0xcf17, 0x0140, 0xcf17, 0x0140, 0xcf17, 0x0140, 0xcf17,
    0x0140, 0xcf17, 0x0140, 0xcf17, 0x0140, 0xcf17, 0x0140, 0xcf17, 0x0140, 0xcf17, 0x0140, 0xcf17, 0x0140, 0xcf17, 0x0140, 0xcf17,
    0x0140, 0xcf17, 0x0140, 0xcf17, 0x0140, 0xcf17, 0x0140, 0xcf17, 0x0140, 0xcf17, 0x0140, 0xcf17, 0x0140, 0xcf17, 0x0140, 0xcf17,
    0x0140, 0xcf17, 0x0140, 0xcf17, 0x0140, 0xcf17, 0x0140, 0xcf17, 0x0140, 0xcf17, 0x0140, 0xcf17, 0x0140, 0xcf17, 0x0140, 0xcf17,
    0x0053, 0xcf17, 0x0001, 0xbe75, 0x0001, 0x9d51, 0x0001, 0xadd3, 0x0001, 0xcef6, 0x0092, 0xcf17, 0x0001, 0xced6, 0x0001, 0xadd3,
    0x0001, 0x9d51, 0x0001, 0xbe75, 0x0053, 0xcf17, 0x0051, 0xcf17, 0x0001, 0xb634, 0x0001, 0x4a68, 0x0003, 0x0000, 0x0001, 0x10c2,
    0x0001, 0x846e, 0x008f, 0xcf17, 0x0001, 0xcef7, 0x0001, 0x7c2d, 0x0001, 0x10a2, 0x0003, 0x0000, 0x0001, 0x4aa8, 0x0001, 0xbe75,
    0x0051, 0xcf17, 0x0050, 0xcf17, 0x0001, 0xadf3, 0x0001, 0x10c2, 0x0006, 0x0000, 0x0001, 0x52e9, 0x0001, 0xcef7, 0x008c, 0xcf17,
    0x0001, 0xcef7, 0x0001, 0x5b0a, 0x0006, 0x0000, 0x0001, 0x18e2, 0x0001, 0xb614, 0x0050, 0xcf17, 0x004f, 0xcf17, 0x0001, 0xc6b6,
    0x0001, 0x1903, 0x0008, 0x0000, 0x0001, 0x740d, 0x008c, 0xcf17, 0x0001, 0x6bac, 0x0008, 0x0000, 0x0001, 0x2123, 0x0001, 0xc6d6,
    0x004f, 0xcf17, 0x004f, 0xcf17, 0x0001, 0x52e9, 0x0009, 0x0000, 0x0001, 0x0040, 0x0001, 0xb5f3, 0x008a, 0xcf17, 0x0001, 0xadd3,
    0x0001, 0x0020, 0x0009, 0x0000, 0x0001, 0x5b2a, 0x004f, 0xcf17, 0x004e, 0xcf17, 0x0001, 0xb614, 0x0001, 0x0020, 0x000a, 0x0000,
    0x0001, 0x4aa8, 0x008a, 0xcf17, 0x0001, 0x4247, 0x000a, 0x0000, 0x0001, 0x0020, 0x0001, 0xbe55, 0x004e, 0xcf17, 0x004e, 0xcf17,
    0x0001, 0x52e9, 0x000b, 0x0000, 0x0001, 0x0020, 0x0001, 0xb634, 0x0088, 0xcf17, 0x0001, 0xb5f3, 0x000c, 0x0000, 0x0001, 0x634b,
    0x004e, 0xcf17, 0x004d, 0xcf17, 0x0001, 0xcef7, 0x0001, 0x10a2, 0x000c, 0x0000, 0x0001, 0x73ed, 0x0088, 0xcf17, 0x0001, 0x6b8c,
    0x000c, 0x0000, 0x0001, 0x18e2, 0x004e, 0xcf17, 0x004d, 0xcf17, 0x0001, 0x9d71, 0x000d, 0x0000, 0x0001, 0x31c5, 0x0088, 0xcf17,
    0x0001, 0x2964, 0x000d, 0x0000, 0x0001, 0xadd3, 0x004d, 0xcf17, 0x004d, 0xcf17, 0x0001, 0x6bac, 0x000d, 0x0000, 0x0001, 0x0020,
    0x0001, 0xcef6, 0x0086, 0xcf17, 0x0001, 0xc6b6, 0x000e, 0x0000, 0x0001, 0x7c0d, 0x004d, 0xcf17, 0x004d, 0xcf17, 0x0001, 0x4a68,
    0x000e, 0x0000, 0x0001, 0xadf3, 0x0086, 0xcf17, 0x0001, 0xa592, 0x000e, 0x0000, 0x0001, 0x52c9, 0x004d, 0xcf17, 0x004d, 0xcf17,
    0x0001, 0x2144, 0x000e, 0x0000, 0x0001, 0x8ccf, 0x0086, 0xcf17, 0x0001, 0x846e, 0x000e, 0x0000, 0x0001, 0x31a5, 0x004d, 0xcf17,
    0x004d, 0xcf17, 0x0001, 0x10c2, 0x000e, 0x0000, 0x0001, 0x7c4e, 0x0086, 0xcf17, 0x0001, 0x73ec, 0x000e, 0x0000, 0x0001, 0x2124,
    0x004d, 0xcf17, 0x004d, 0xcf17, 0x0001, 0x0861, 0x000e, 0x0000, 0x0001, 0x73cc, 0x0086, 0xcf17, 0x0001, 0x638b, 0x000e, 0x0000,
    0x0001, 0x10c2, 0x004d, 0xcf17, 0x004d, 0xcf17, 0x0001, 0x0840, 0x000e, 0x0000, 0x0001, 0x6bac, 0x0086, 0xcf17, 0x0001, 0x634b,
    0x000e, 0x0000, 0x0001, 0x10a2, 0x004d, 0xcf17, 0x004d, 0xcf17, 0x0001, 0x1082, 0x000e, 0x0000, 0x0001, 0x7c0d, 0x0086, 0xcf17,
    0x0001, 0x6bac, 0x000e, 0x0000, 0x0001, 0x1903, 0x004d, 0xcf17, 0x004d, 0xcf17, 0x0001, 0x1903, 0x000e, 0x0000, 0x0001, 0x846e,
    0x0086, 0xcf17, 0x0001, 0x7c2d, 0x000e, 0x0000, 0x0001, 0x2964, 0x004d, 0xcf17, 0x004d, 0xcf17, 0x0001, 0x31e6, 0x000e, 0x0000,
    0x0001, 0x9d51, 0x0086, 0xcf17, 0x0001, 0x94f0, 0x000e, 0x0000, 0x0001, 0x4247, 0x004d, 0xcf17, 0x004d, 0xcf17, 0x0001, 0x5b2a,
    0x000e, 0x0000, 0x0001, 0xc695, 0x0086, 0xcf17, 0x0001, 0xb634, 0x000e, 0x0000, 0x0001, 0x6b8b, 0x004d, 0xcf17, 0x004d, 0xcf17,
    0x0001, 0x848f, 0x000d, 0x0000, 0x0001, 0x18e3, 0x0088, 0xcf17, 0x0001, 0x1082, 0x000d, 0x0000, 0x0001, 0x94f0, 0x004d, 0xcf17,
    0x004d, 0xcf17, 0x0001, 0xbe75, 0x0001, 0x0020, 0x000c, 0x0000, 0x0001, 0x5b0a, 0x0088, 0xcf17, 0x0001, 0x4aa8, 0x000c, 0x0000,
    0x0001, 0x0040, 0x0001, 0xc6b6, 0x004d, 0xcf17, 0x004e, 0xcf17, 0x0001, 0x31a5, 0x000c, 0x0000, 0x0001, 0x9d31, 0x0088, 0xcf17,
    0x0001, 0x8cd0, 0x000c, 0x0000, 0x0001, 0x3a27, 0x004e, 0xcf17, 0x004e, 0xcf17, 0x0001, 0x8caf, 0x000b, 0x0000, 0x0001, 0x2123,
    0x0001, 0xcef7, 0x0088, 0xcf17, 0x0001, 0xcef6, 0x0001, 0x18e2, 0x000b, 0x0000, 0x0001, 0x9510, 0x004e, 0xcf17, 0x004e, 0xcf17,
    0x0001, 0xcef7, 0x0001, 0x2103, 0x000a, 0x0000, 0x0001, 0x846e, 0x008a, 0xcf17, 0x0001, 0x7c0d, 0x000a, 0x0000, 0x0001, 0x2964,
    0x004f, 0xcf17, 0x004f, 0xcf17, 0x0001, 0x9d71, 0x0009, 0x0000, 0x0001, 0x31c6, 0x0001, 0xcef7, 0x008a, 0xcf17, 0x0001, 0xcef6,
    0x0001, 0x2985, 0x0008, 0x0000, 0x0001, 0x0020, 0x0001, 0xa592, 0x004f, 0xcf17, 0x0050, 0xcf17, 0x0001, 0x6bac, 0x0007, 0x0000,
    0x0001, 0x18c2, 0x0001, 0xb634, 0x008c, 0xcf17, 0x0001, 0xb614, 0x0001, 0x10a2, 0x0007, 0x0000, 0x0001, 0x73ed, 0x0050, 0xcf17,
    0x0051, 0xcf17, 0x0001, 0x73cc, 0x0001, 0x0020, 0x0004, 0x0000, 0x0001, 0x2144, 0x0001, 0xb634, 0x008e, 0xcf17, 0x0001, 0xadf3,
    0x0001, 0x1903, 0x0004, 0x0000, 0x0001, 0x0020, 0x0001, 0x7c0d, 0x0051, 0xcf17, 0x0052, 0xcf17, 0x0001, 0xb614, 0x0001, 0x5b4a,
    0x0001, 0x3a06, 0x0001, 0x4a88, 0x0001, 0x846e, 0x0001, 0xcef7, 0x0090, 0xcf17, 0x0001, 0xcef6, 0x0001, 0x7c2e, 0x0001, 0x4a68,
    0x0001, 0x3a06, 0x0001, 0x634b, 0x0001, 0xb634, 0x0052, 0xcf17, 0x0140, 0xcf17, 0x0140, 0xcf17, 0x0140, 0xcf17, 0x0140, 0xcf17,
    0x0140, 0xcf17, 0x0140, 0xcf17, 0x0140, 0xcf17, 0x0140, 0xcf17, 0x0140, 0xcf17, 0x0140, 0xcf17, 0x0140, 0xcf17, 0x0140, 0xcf17,
    0x0140, 0xcf17, 0x0140, 0xcf17, 0x0140, 0xcf17, 0x0140, 0xcf17, 0x0140, 0xcf17, 0x0140, 0xcf17, 0x0140, 0xcf17, 0x0140, 0xcf17,
    0x0140, 0xcf17, 0x0140, 0xcf17, 0x0140, 0xcf17, 0x0140, 0xcf17, 0x0140, 0xcf17, 0x00b2, 0xcf17, 0x0001, 0xadd3, 0x0001, 0x6bac,
    0x0001, 0x4a48, 0x0001, 0x2966, 0x0001, 0x2124, 0x0001, 0x2104, 0x0002, 0x20e4, 0x0002, 0x2104, 0x0001, 0x2124, 0x0001, 0x2966,
    0x0001, 0x3a07, 0x0001, 0x5aea, 0x0001, 0xa572, 0x007f, 0xcf17, 0x00ae, 0xcf17, 0x0001, 0xcef7, 0x0001, 0x94d0, 0x0001, 0x4a89,
    0x0001, 0x2125, 0x000f, 0x20e4, 0x0001, 0x2124, 0x0001, 0x4a68, 0x0001, 0xadf3, 0x007c, 0xcf17, 0x00ab, 0xcf17, 0x0001, 0xb634,
    0x0001, 0x6b8c, 0x0001, 0x39c7, 0x0001, 0x2104, 0x0006, 0x20e4, 0x0001, 0x2125, 0x0001, 0x4208, 0x0001, 0x528a, 0x0001, 0x630c,
    0x0001, 0x632c, 0x0001, 0x5aec, 0x0001, 0x52ab, 0x0001, 0x4208, 0x0001, 0x2925, 0x0006, 0x20e4, 0x0001, 0x4227, 0x0001, 0xadd3,
    0x007a, 0xcf17, 0x00a7, 0xcf17, 0x0001, 0xc695, 0x0001, 0x846f, 0x0001, 0x4a68, 0x0001, 0x2945, 0x0006, 0x20e4, 0x0001, 0x2945,
    0x0001, 0x630c, 0x0001, 0x9d14, 0x0001, 0xce59, 0x0001, 0xe75d, 0x0008, 0xef7d, 0x0001, 0xdefb, 0x0001, 0xad55, 0x0001, 0x6b6d,
    0x0001, 0x3166, 0x0003, 0x20e4, 0x0001, 0x2104, 0x0001, 0x634b, 0x0079, 0xcf17, 0x00a3, 0xcf17, 0x0001, 0xa572, 0x0001, 0x636c,
    0x0001, 0x3a07, 0x0001, 0x2125, 0x0007, 0x20e4, 0x0001, 0x39e8, 0x0001, 0x73af, 0x0001, 0xad96, 0x0001, 0xe75d, 0x000f, 0xef7d,
    0x0001, 0xe75d, 0x0001, 0x9cf3, 0x0001, 0x39c7, 0x0003, 0x20e4, 0x0001, 0x39c7, 0x0001, 0xbe75, 0x0077, 0xcf17, 0x009d, 0xcf17,
    0x0001, 0xbe54, 0x0001, 0x8caf, 0x0001, 0x634b, 0x0001, 0x4248, 0x0001, 0x2986, 0x0001, 0x2104, 0x0007, 0x20e4, 0x0001, 0x2945,
    0x0001, 0x5aec, 0x0001, 0x94d3, 0x0001, 0xce9a, 0x0015, 0xef7d, 0x0001, 0xe75d, 0x0001, 0x9492, 0x0001, 0x2104, 0x0002, 0x20e4,
    0x0001, 0x2125, 0x0001, 0xadd3, 0x0076, 0xcf17, 0x0095, 0xcf17, 0x0001, 0xb614, 0x0001, 0x9511, 0x0001, 0x7c2e, 0x0001, 0x634b,
    0x0001, 0x52a9, 0x0001, 0x39e7, 0x0001, 0x2945, 0x0001, 0x2104, 0x0009, 0x20e4, 0x0001, 0x2986, 0x0001, 0x5aeb, 0x0001, 0x8c51,
    0x0001, 0xb5d7, 0x0001, 0xe75d, 0x0017, 0xef7d, 0x0001, 0xe75d, 0x0001, 0xa514, 0x0001, 0x41e8, 0x0004, 0x20e4, 0x0001, 0x2966,
    0x0001, 0xced6, 0x0075, 0xcf17, 0x0080, 0xcf17, 0x0001, 0xc6b6, 0x0001, 0x9511, 0x0001, 0x6bac, 0x0001, 0x52ca, 0x0001, 0x4248,
    0x0001, 0x39e7, 0x0001, 0x31c7, 0x0002, 0x31a6, 0x0001, 0x3186, 0x0001, 0x2986, 0x0004, 0x31a6, 0x0001, 0x3186, 0x0002, 0x2965,
    0x0001, 0x2125, 0x0001, 0x2104, 0x000d, 0x20e4, 0x0001, 0x2125, 0x0001, 0x4a49, 0x0001, 0x73ae, 0x0001, 0xa514, 0x0001, 0xce9a,
    0x001a, 0xef7d, 0x0001, 0xdf1c, 0x0001, 0x8c71, 0x0001, 0x31a7, 0x0003, 0x20e4, 0x0001, 0x2104, 0x0001, 0x2144, 0x0002, 0x20e4,
    0x0001, 0x6bac, 0x0075, 0xcf17, 0x007d, 0xcf17, 0x0001, 0xb614, 0x0001, 0x7c0e, 0x0001, 0x4228, 0x001b, 0x20e4, 0x0001, 0x2945,
    0x0001, 0x4a49, 0x0001, 0x6b6d, 0x0001, 0x8c71, 0x0001, 0xad75, 0x0001, 0xce9a, 0x0001, 0xe75d, 0x001c, 0xef7d, 0x0001, 0xce59,
    0x0001, 0x73ae, 0x0001, 0x2945, 0x0003, 0x20e4, 0x0001, 0x2104, 0x0001, 0x3a42, 0x0001, 0x5400, 0x0001, 0x5c40, 0x0001, 0x2144,
    0x0001, 0x20e4, 0x0001, 0x2104, 0x0001, 0xb634, 0x0074, 0xcf17, 0x007b, 0xcf17, 0x0001, 0xa572, 0x0001, 0x4a89, 0x000c, 0x20e4,
    0x0001, 0x2945, 0x0002, 0x2966, 0x0001, 0x2125, 0x0002, 0x20e4, 0x0002, 0x2966, 0x0001, 0x3186, 0x0001, 0x39c7, 0x0001, 0x4a49,
    0x0001, 0x5aec, 0x0001, 0x738e, 0x0001, 0x8431, 0x0001, 0x9cd3, 0x0001, 0xad96, 0x0001, 0xc618, 0x0001, 0xd6db, 0x0020, 0xef7d,
    0x0001, 0xe73c, 0x0001, 0x9cf4, 0x0001, 0x4a69, 0x0004, 0x20e4, 0x0001, 0x2124, 0x0001, 0x3a82, 0x0001, 0x5400, 0x0003, 0x5c80,
    0x0001, 0x4341, 0x0002, 0x20e4, 0x0001, 0x6b6c, 0x0074, 0xcf17, 0x0079, 0xcf17, 0x0001, 0xc695, 0x0001, 0x5b0a, 0x0004, 0x20e4,
    0x0001, 0x2104, 0x0002, 0x20e4, 0x0001, 0x738e, 0x0001, 0xbe18, 0x0001, 0xd6ba, 0x0001, 0xdf1c, 0x0033, 0xef7d, 0x0001, 0xb5d7,
    0x0001, 0x6b6e, 0x0001, 0x2945, 0x0004, 0x20e4, 0x0001, 0x2963, 0x0001, 0x42e1, 0x0001, 0x5c60, 0x0006, 0x5c80, 0x0001, 0x2963,
    0x0001, 0x20e4, 0x0001, 0x2965, 0x0001, 0xcef6, 0x0073, 0xcf17, 0x0078, 0xcf17, 0x0001, 0xb5f4, 0x0001, 0x31c6, 0x0003, 0x20e4,
    0x0001, 0x31e3, 0x0002, 0x4b61, 0x0002, 0x20e4, 0x0001, 0xa534, 0x0033, 0xef7d, 0x0001, 0xc618, 0x0001, 0x7bf0, 0x0001, 0x31a7,
    0x0004, 0x20e4, 0x0001, 0x2104, 0x0001, 0x3203, 0x0001, 0x4b81, 0x0009, 0x5c80, 0x0001, 0x3aa2, 0x0002, 0x20e4, 0x0001, 0xadd3,
    0x0073, 0xcf17, 0x0077, 0xcf17, 0x0001, 0xb634, 0x0001, 0x2965, 0x0002, 0x20e4, 0x0001, 0x2983, 0x0001, 0x4ba1, 0x0002, 0x5c80,
    0x0001, 0x4341, 0x0002, 0x20e4, 0x0001, 0xad76, 0x002f, 0xef7d, 0x0001, 0xe75d, 0x0001, 0xb5d7, 0x0001, 0x73af, 0x0001, 0x31a7,
    0x0005, 0x20e4, 0x0001, 0x2983, 0x0001, 0x3ac2, 0x0001, 0x5420, 0x000b, 0x5c80, 0x0001, 0x4b61, 0x0002, 0x20e4, 0x0001, 0x8c8f,
    0x0073, 0xcf17, 0x0076, 0xcf17, 0x0001, 0xc6b6, 0x0001, 0x31c6, 0x0002, 0x20e4, 0x0001, 0x3222, 0x0001, 0x5c60, 0x0003, 0x5c80,
    0x0001, 0x4321, 0x0002, 0x20e4, 0x0001, 0xad96, 0x002c, 0xef7d, 0x0001, 0xdefb, 0x0001, 0xa514, 0x0001, 0x632c, 0x0001, 0x2966,
    0x0005, 0x20e4, 0x0001, 0x2124, 0x0001, 0x3a62, 0x0001, 0x4ba1, 0x000e, 0x5c80, 0x0001, 0x5420, 0x0002, 0x20e4, 0x0001, 0x636c,
    0x0073, 0xcf17, 0x0076, 0xcf17, 0x0001, 0x636b, 0x0002, 0x20e4, 0x0001, 0x3203, 0x0001, 0x5c60, 0x0004, 0x5c80, 0x0001, 0x4341,
    0x0002, 0x20e4, 0x0001, 0xad96, 0x0028, 0xef7d, 0x0001, 0xc659, 0x0001, 0x94d3, 0x0001, 0x6b4d, 0x0001, 0x39e7, 0x0006, 0x20e4,
    0x0001, 0x2163, 0x0001, 0x3a62, 0x0001, 0x4b81, 0x0001, 0x5c60, 0x0011, 0x5c80, 0x0001, 0x2104, 0x0001, 0x20e4, 0x0001, 0x5aea,
    0x0073, 0xcf17, 0x0075, 0xcf17, 0x0001, 0xadf3, 0x0001, 0x2104, 0x0001, 0x20e4, 0x0001, 0x2963, 0x0001, 0x5c60, 0x0005, 0x5c80,
    0x0001, 0x4341, 0x0002, 0x20e4, 0x0001, 0xad96, 0x0023, 0xef7d, 0x0001, 0xe73c, 0x0001, 0xb5b6, 0x0001, 0x8431, 0x0001, 0x5acb,
    0x0001, 0x2945, 0x0006, 0x20e4, 0x0001, 0x2104, 0x0001, 0x29a3, 0x0001, 0x3aa2, 0x0001, 0x53c0, 0x0015, 0x5c80, 0x0001, 0x2124,
    0x0001, 0x20e4, 0x0001, 0x52ca, 0x0073, 0xcf17, 0x0075, 0xcf17, 0x0001, 0x5b0a, 0x0002, 0x20e4, 0x0001, 0x4b81, 0x0006, 0x5c80,
    0x0001, 0x4b81, 0x0002, 0x20e4, 0x0001, 0x9cd3, 0x001d, 0xef7d, 0x0001, 0xd6db, 0x0001, 0xb5d7, 0x0001, 0x94d3, 0x0001, 0x73af,
    0x0001, 0x52cb, 0x0001, 0x31a7, 0x0008, 0x20e4, 0x0001, 0x2963, 0x0001, 0x3242, 0x0001, 0x4341, 0x0001, 0x5440, 0x0018, 0x5c80,
    0x0001, 0x2144, 0x0001, 0x20e4, 0x0001, 0x4a89, 0x0073, 0xcf17, 0x0074, 0xcf17, 0x0001, 0xbe75, 0x0001, 0x2104, 0x0001, 0x20e4,
    0x0001, 0x29a3, 0x0007, 0x5c80, 0x0001, 0x5c40, 0x0001, 0x2104, 0x0001, 0x20e4, 0x0001, 0x39c7, 0x0001, 0xce79, 0x0012, 0xef7d,
    0x0001, 0xe75d, 0x0001, 0xd6db, 0x0001, 0xc639, 0x0001, 0xb596, 0x0001, 0x9d14, 0x0001, 0x8c71, 0x0001, 0x73cf, 0x0001, 0x632d,
    0x0001, 0x4a49, 0x0001, 0x2945, 0x0009, 0x20e4, 0x0001, 0x2104, 0x0001, 0x29c3, 0x0001, 0x3a82, 0x0001, 0x4b61, 0x0001, 0x5420,
    0x001c, 0x5c80, 0x0001, 0x2104, 0x0001, 0x20e4, 0x0001, 0x52ca, 0x0073, 0xcf17, 0x0074, 0xcf17, 0x0001, 0x844e, 0x0002, 0x20e4,
    0x0001, 0x4321, 0x0008, 0x5c80, 0x0001, 0x3a82, 0x0003, 0x20e4, 0x0001, 0x2966, 0x0002, 0x39c7, 0x0002, 0x4a49, 0x0002, 0x52ab,
    0x0001, 0x630c, 0x0002, 0x632c, 0x0001, 0x5aec, 0x0001, 0x52ab, 0x0001, 0x528a, 0x0002, 0x4a49, 0x0002, 0x39c7, 0x0001, 0x3166,
    0x0001, 0x2104, 0x000d, 0x20e4, 0x0001, 0x2124, 0x0001, 0x29a3, 0x0001, 0x3242, 0x0001, 0x42e2, 0x0001, 0x4ba1, 0x0001, 0x5c60,
    0x001f, 0x5c80, 0x0001, 0x5420, 0x0002, 0x20e4, 0x0001, 0x6b8c, 0x0073, 0xcf17, 0x0074, 0xcf17, 0x0001, 0x4228, 0x0001, 0x20e4,
    0x0001, 0x2124, 0x0001, 0x5c60, 0x0008, 0x5c80, 0x0001, 0x5c60, 0x0001, 0x3223, 0x001b, 0x20e4, 0x0001, 0x2104, 0x0001, 0x2144,
    0x0001, 0x29c3, 0x0001, 0x3a62, 0x0001, 0x42e1, 0x0001, 0x4b81, 0x0001, 0x5400, 0x0025, 0x5c80, 0x0001, 0x53c0, 0x0002, 0x20e4,
    0x0001, 0x7c0e, 0x0073, 0xcf17, 0x0073, 0xcf17, 0x0001, 0xc696, 0x0001, 0x2104, 0x0001, 0x20e4, 0x0001, 0x3223, 0x000b, 0x5c80,
    0x0001, 0x4b61, 0x0001, 0x3a62, 0x0001, 0x31e3, 0x0002, 0x29a3, 0x0001, 0x2983, 0x0001, 0x2963, 0x0001, 0x2144, 0x0001, 0x2124,
    0x0001, 0x2104, 0x0002, 0x20e4, 0x0002, 0x2124, 0x0001, 0x2143, 0x0001, 0x2963, 0x0001, 0x2983, 0x0002, 0x29a3, 0x0001, 0x31e3,
    0x0001, 0x3222, 0x0001, 0x3a82, 0x0001, 0x3ac2, 0x0001, 0x4321, 0x0001, 0x4b61, 0x0001, 0x53c0, 0x0001, 0x5420, 0x0001, 0x5c60,
    0x002b, 0x5c80, 0x0001, 0x4301, 0x0002, 0x20e4, 0x0001, 0x9531, 0x0073, 0xcf17, 0x0073, 0xcf17, 0x0001, 0x9d51, 0x0002, 0x20e4,
    0x0001, 0x42e1, 0x0052, 0x5c80, 0x0001, 0x3242, 0x0002, 0x20e4, 0x0001, 0xbe75, 0x0073, 0xcf17, 0x0073, 0xcf17, 0x0001, 0x73ed,
    0x0002, 0x20e4, 0x0001, 0x53c0, 0x0052, 0x5c80, 0x0001, 0x2963, 0x0001, 0x20e4, 0x0001, 0x31a6, 0x0074, 0xcf17, 0x0073, 0xcf17,
    0x0001, 0x634b, 0x0002, 0x20e4, 0x0001, 0x5c40, 0x0051, 0x5c80, 0x0001, 0x53c0, 0x0002, 0x20e4, 0x0001, 0x636c, 0x0074, 0xcf17,
    0x0073, 0xcf17, 0x0001, 0x52a9, 0x0001, 0x20e4, 0x0001, 0x2124, 0x0036, 0x5c80, 0x0001, 0x5c60, 0x0001, 0x5c40, 0x0001, 0x5400,
    0x0001, 0x53e0, 0x0001, 0x53c0, 0x0001, 0x53e0, 0x0001, 0x5400, 0x0001, 0x5420, 0x0001, 0x5c40, 0x0001, 0x5c60, 0x0012, 0x5c80,
    0x0001, 0x3aa2, 0x0002, 0x20e4, 0x0001, 0x9d52, 0x0074, 0xcf17, 0x0073, 0xcf17, 0x0001, 0x4248, 0x0001, 0x20e4, 0x0001, 0x2963,
    0x002f, 0x5c80, 0x0001, 0x5c60, 0x0001, 0x4ba1, 0x0001, 0x42e1, 0x0001, 0x3a82, 0x0001, 0x3203, 0x0001, 0x2983, 0x0001, 0x2124,
    0x0009, 0x20e4, 0x0001, 0x2104, 0x0001, 0x2163, 0x0001, 0x29c3, 0x0001, 0x3222, 0x0001, 0x3aa2, 0x0001, 0x4341, 0x0001, 0x53e0,
    0x0001, 0x5c60, 0x000a, 0x5c80, 0x0001, 0x5c60, 0x0001, 0x2144, 0x0001, 0x20e4, 0x0001, 0x2965, 0x0001, 0xcef7, 0x0074, 0xcf17,
    0x0073, 0xcf17, 0x0001, 0x4a68, 0x0001, 0x20e4, 0x0001, 0x2143, 0x002b, 0x5c80, 0x0001, 0x5420, 0x0001, 0x4321, 0x0001, 0x3242,
    0x0001, 0x2983, 0x0001, 0x2104, 0x0016, 0x20e4, 0x0001, 0x2124, 0x0001, 0x29c3, 0x0001, 0x3a82, 0x0001, 0x4b81, 0x0001, 0x5c60,
    0x0006, 0x5c80, 0x0001, 0x4301, 0x0002, 0x20e4, 0x0001, 0x73cd, 0x0075, 0xcf17, 0x0073, 0xcf17, 0x0001, 0x5289, 0x0001, 0x20e4,
    0x0001, 0x2124, 0x0028, 0x5c80, 0x0001, 0x53c0, 0x0001, 0x3ac2, 0x0001, 0x29a3, 0x0001, 0x2104, 0x0007, 0x20e4, 0x0001, 0x2104,
    0x0001, 0x31a5, 0x0001, 0x3a45, 0x0001, 0x4ac6, 0x0001, 0x4ae6, 0x0001, 0x5347, 0x0001, 0x5387, 0x0002, 0x5b87, 0x0002, 0x5347,
    0x0001, 0x4ae6, 0x0001, 0x42a6, 0x0001, 0x3a05, 0x0001, 0x2964, 0x0001, 0x2104, 0x0007, 0x20e4, 0x0001, 0x2124, 0x0001, 0x3203,
    0x0001, 0x4301, 0x0001, 0x5440, 0x0002, 0x5c80, 0x0001, 0x5c60, 0x0001, 0x2124, 0x0001, 0x20e4, 0x0001, 0x2104, 0x0001, 0xbe55,
    0x0075, 0xcf17, 0x0073, 0xcf17, 0x0001, 0x5b0b, 0x0001, 0x20e4, 0x0001, 0x2104, 0x0001, 0x5c60, 0x0024, 0x5c80, 0x0001, 0x5420,
    0x0001, 0x42e2, 0x0001, 0x2983, 0x0006, 0x20e4, 0x0001, 0x2985, 0x0001, 0x4286, 0x0001, 0x5b87, 0x0001, 0x7488, 0x0001, 0x8549,
    0x0001, 0x8dc9, 0x000e, 0x8dea, 0x0001, 0x8dc9, 0x0001, 0x7d29, 0x0001, 0x6428, 0x0001, 0x5326, 0x0001, 0x3a25, 0x0001, 0x2144,
    0x0005, 0x20e4, 0x0001, 0x2104, 0x0001, 0x3203, 0x0001, 0x4b61, 0x0001, 0x3222, 0x0002, 0x20e4, 0x0001, 0x5b2b, 0x0076, 0xcf17,
    0x0073, 0xcf17, 0x0001, 0x7c2e, 0x0002, 0x20e4, 0x0001, 0x4bc1, 0x0022, 0x5c80, 0x0001, 0x4ba1, 0x0001, 0x3203, 0x0001, 0x2104,
    0x0004, 0x20e4, 0x0001, 0x2124, 0x0001, 0x4286, 0x0001, 0x6407, 0x0001, 0x8569, 0x0019, 0x8dea, 0x0001, 0x8dc9, 0x0001, 0x74c8,
    0x0001, 0x5367, 0x0001, 0x3205, 0x0001, 0x2104, 0x0006, 0x20e4, 0x0001, 0x2125, 0x0001, 0xbe55, 0x0076, 0xcf17, 0x0073, 0xcf17,
    0x0001, 0x9d31, 0x0002, 0x20e4, 0x0001, 0x4301, 0x0020, 0x5c80, 0x0001, 0x4b61, 0x0001, 0x29c3, 0x0004, 0x20e4, 0x0001, 0x2124,
    0x0001, 0x4ac6, 0x0001, 0x6c88, 0x0001, 0x8dc9, 0x0020, 0x8dea, 0x0001, 0x8589, 0x0001, 0x5be7, 0x0001, 0x31e5, 0x0004, 0x20e4,
    0x0001, 0x6b6c, 0x0077, 0xcf17, 0x0073, 0xcf17, 0x0001, 0xc695, 0x0001, 0x2104, 0x0001, 0x20e4, 0x0001, 0x31e3, 0x001e, 0x5c80,
    0x0001, 0x4b61, 0x0001, 0x29a3, 0x0004, 0x20e4, 0x0001, 0x3a05, 0x0001, 0x63e7, 0x0001, 0x85a9, 0x0026, 0x8dea, 0x0001, 0x42a6,
    0x0003, 0x20e4, 0x0001, 0xa5b2, 0x0077, 0xcf17, 0x0074, 0xcf17, 0x0001, 0x4a89, 0x0001, 0x20e4, 0x0001, 0x2104, 0x0001, 0x5c40,
    0x001b, 0x5c80, 0x0001, 0x5400, 0x0001, 0x3203, 0x0003, 0x20e4, 0x0001, 0x2104, 0x0001, 0x4266, 0x0001, 0x74c8, 0x0028, 0x8dea,
    0x0001, 0x6c88, 0x0001, 0x2104, 0x0002, 0x20e4, 0x0001, 0x73cd, 0x0001, 0xbe54, 0x0077, 0xcf17, 0x0074, 0xcf17, 0x0001, 0x848f,
    0x0002, 0x20e4, 0x0001, 0x3ac2, 0x0019, 0x5c80, 0x0001, 0x5c60, 0x0001, 0x3a82, 0x0001, 0x2104, 0x0002, 0x20e4, 0x0001, 0x2104,
    0x0001, 0x42a6, 0x0001, 0x7d09, 0x0029, 0x8dea, 0x0001, 0x7d29, 0x0001, 0x2964, 0x0002, 0x20e4, 0x0001, 0x6b8c, 0x0079, 0xcf17,
    0x0074, 0xcf17, 0x0001, 0xc6b6, 0x0001, 0x2965, 0x0001, 0x20e4, 0x0001, 0x2144, 0x0001, 0x5c60, 0x0017, 0x5c80, 0x0001, 0x4ba1,
    0x0001, 0x2963, 0x0003, 0x20e4, 0x0001, 0x3a05, 0x0001, 0x74e8, 0x002a, 0x8dea, 0x0001, 0x7d49, 0x0001, 0x2985, 0x0002, 0x20e4,
    0x0001, 0x3a07, 0x007a, 0xcf17, 0x0075, 0xcf17, 0x0001, 0x73ed, 0x0002, 0x20e4, 0x0001, 0x3ac2, 0x0015, 0x5c80, 0x0001, 0x5c60,
    0x0001, 0x3ac2, 0x0001, 0x2104, 0x0002, 0x20e4, 0x0001, 0x2965, 0x0001, 0x63e7, 0x0001, 0x8dc9, 0x002a, 0x8dea, 0x0001, 0x8569,
    0x0001, 0x31a5, 0x0002, 0x20e4, 0x0001, 0x3186, 0x0001, 0xced6, 0x007a, 0xcf17, 0x0075, 0xcf17, 0x0001, 0xc695, 0x0001, 0x2965,
    0x0001, 0x20e4, 0x0001, 0x2104, 0x0001, 0x53e0, 0x0013, 0x5c80, 0x0001, 0x5400, 0x0001, 0x29a3, 0x0003, 0x20e4, 0x0001, 0x4ac6,
    0x0001, 0x85a9, 0x002b, 0x8dea, 0x0001, 0x7d29, 0x0001, 0x31a5, 0x0002, 0x20e4, 0x0001, 0x2965, 0x0001, 0xc6b6, 0x007b, 0xcf17,
    0x0076, 0xcf17, 0x0001, 0x94d0, 0x0002, 0x20e4, 0x0001, 0x29a3, 0x0001, 0x5c60, 0x0011, 0x5c80, 0x0001, 0x4ba1, 0x0001, 0x2144,
    0x0002, 0x20e4, 0x0001, 0x2944, 0x0001, 0x6c48, 0x002c, 0x8dea, 0x0001, 0x74c8, 0x0001, 0x2964, 0x0002, 0x20e4, 0x0001, 0x2945,
    0x0001, 0xc675, 0x007c, 0xcf17, 0x0077, 0xcf17, 0x0001, 0x52ca, 0x0002, 0x20e4, 0x0001, 0x31e3, 0x0001, 0x5c60, 0x000f, 0x5c80,
    0x0001, 0x4301, 0x0001, 0x2104, 0x0002, 0x20e4, 0x0001, 0x3a45, 0x0001, 0x8569, 0x002c, 0x8dea, 0x0001, 0x6427, 0x0001, 0x2104,
    0x0002, 0x20e4, 0x0001, 0x2965, 0x0001, 0xbe75, 0x007d, 0xcf17, 0x0077, 0xcf17, 0x0001, 0xc695, 0x0001, 0x39e7, 0x0002, 0x20e4,
    0x0001, 0x3222, 0x000e, 0x5c80, 0x0001, 0x3a82, 0x0003, 0x20e4, 0x0001, 0x5326, 0x0001, 0x8dc9, 0x002b, 0x8dea, 0x0001, 0x8589,
    0x0001, 0x4ac6, 0x0003, 0x20e4, 0x0001, 0x3a07, 0x0001, 0xced6, 0x007e, 0xcf17, 0x0078, 0xcf17, 0x0001, 0xbe54, 0x0001, 0x3186,
    0x0002, 0x20e4, 0x0001, 0x3242, 0x0001, 0x5c60, 0x000b, 0x5c80, 0x0001, 0x3a42, 0x0002, 0x20e4, 0x0001, 0x2104, 0x0001, 0x6407,
    0x002c, 0x8dea, 0x0001, 0x7488, 0x0001, 0x2985, 0x0003, 0x20e4, 0x0001, 0x5aea, 0x0080, 0xcf17, 0x0079, 0xcf17, 0x0001, 0xadf3,
    0x0001, 0x2945, 0x0002, 0x20e4, 0x0001, 0x29c3, 0x0001, 0x5c40, 0x0008, 0x5c80, 0x0001, 0x5c60, 0x0001, 0x3242, 0x0002, 0x20e4,
    0x0001, 0x2144, 0x0001, 0x74a8, 0x002b, 0x8dea, 0x0001, 0x8569, 0x0001, 0x4ae6, 0x0001, 0x2104, 0x0002, 0x20e4, 0x0001, 0x2104,
    0x0001, 0x848f, 0x0081, 0xcf17, 0x007a, 0xcf17, 0x0001, 0xadd3, 0x0001, 0x31a6, 0x0002, 0x20e4, 0x0001, 0x2963, 0x0001, 0x53c0,
    0x0006, 0x5c80, 0x0001, 0x5c60, 0x0001, 0x3222, 0x0002, 0x20e4, 0x0001, 0x2944, 0x0001, 0x74e8, 0x002a, 0x8dea, 0x0001, 0x8dc9,
    0x0001, 0x5bc7, 0x0001, 0x2944, 0x0003, 0x20e4, 0x0001, 0x39e7, 0x0001, 0xbe75, 0x0082, 0xcf17, 0x007b, 0xcf17, 0x0001, 0xbe75,
    0x0001, 0x4228, 0x0002, 0x20e4, 0x0001, 0x2104, 0x0001, 0x3a82, 0x0001, 0x5c60, 0x0004, 0x5c80, 0x0001, 0x3a82, 0x0002, 0x20e4,
    0x0001, 0x2944, 0x0001, 0x7ce8, 0x0029, 0x8dea, 0x0001, 0x8dca, 0x0001, 0x6407, 0x0001, 0x2985, 0x0003, 0x20e4, 0x0001, 0x2104,
    0x0001, 0x7c0e, 0x0084, 0xcf17, 0x007c, 0xcf17, 0x0001, 0xc6b6, 0x0001, 0x5b0b, 0x0003, 0x20e4, 0x0001, 0x2963, 0x0001, 0x4341,
    0x0001, 0x5c60, 0x0001, 0x5c80, 0x0001, 0x4301, 0x0002, 0x20e4, 0x0001, 0x2964, 0x0001, 0x7d09, 0x0028, 0x8dea, 0x0001, 0x85a9,
    0x0001, 0x5ba7, 0x0001, 0x29a5, 0x0003, 0x20e4, 0x0001, 0x2104, 0x0001, 0x4a89, 0x0001, 0xc6b6, 0x0085, 0xcf17, 0x007e, 0xcf17,
    0x0001, 0x9d31, 0x0001, 0x31a6, 0x0003, 0x20e4, 0x0001, 0x2963, 0x0001, 0x3a62, 0x0001, 0x2104, 0x0001, 0x20e4, 0x0001, 0x2124,
    0x0001, 0x74c8, 0x0027, 0x8dea, 0x0001, 0x74e8, 0x0001, 0x4b06, 0x0001, 0x2144, 0x0004, 0x20e4, 0x0001, 0x3a07, 0x0001, 0xadd3,
    0x0087, 0xcf17, 0x007f, 0xcf17, 0x0001, 0xc6b6, 0x0001, 0x6b6c, 0x0001, 0x2104, 0x0005, 0x20e4, 0x0001, 0x5326, 0x0001, 0x8dc9,
    0x0024, 0x8dea, 0x0001, 0x7d09, 0x0001, 0x5367, 0x0001, 0x31c5, 0x0004, 0x20e4, 0x0001, 0x2104, 0x0001, 0x39e7, 0x0001, 0xa5b2,
    0x0089, 0xcf17, 0x0081, 0xcf17, 0x0001, 0xbe54, 0x0001, 0x636c, 0x0001, 0x2104, 0x0004, 0x20e4, 0x0001, 0x2985, 0x0001, 0x4ae6,
    0x0001, 0x6427, 0x0001, 0x8569, 0x001d, 0x8dea, 0x0001, 0x8589, 0x0001, 0x6c48, 0x0001, 0x4ae6, 0x0001, 0x29a5, 0x0005, 0x20e4,
    0x0001, 0x2104, 0x0001, 0x52a9, 0x0001, 0xb634, 0x008b, 0xcf17, 0x0083, 0xcf17, 0x0001, 0xb614, 0x0001, 0x52a9, 0x0001, 0x2124,
    0x0006, 0x20e4, 0x0001, 0x2985, 0x0001, 0x3a66, 0x0001, 0x5327, 0x0001, 0x6407, 0x0001, 0x74c8, 0x0001, 0x85a9, 0x0011, 0x8dea,
    0x0001, 0x8dca, 0x0001, 0x7d29, 0x0001, 0x6c48, 0x0001, 0x5367, 0x0001, 0x4286, 0x0001, 0x2985, 0x0006, 0x20e4, 0x0001, 0x2104,
    0x0001, 0x31c6, 0x0001, 0x7c4e, 0x0001, 0xcef7, 0x008d, 0xcf17, 0x0086, 0xcf17, 0x0001, 0x8cd0, 0x0001, 0x4227, 0x0001, 0x2104,
    0x0008, 0x20e4, 0x0001, 0x2104, 0x0001, 0x2964, 0x0001, 0x31c5, 0x0001, 0x3a25, 0x0001, 0x42a6, 0x0001, 0x4b06, 0x0001, 0x5367,
    0x0006, 0x5b87, 0x0001, 0x5347, 0x0001, 0x4ac6, 0x0001, 0x4266, 0x0001, 0x31e5, 0x0001, 0x2984, 0x0001, 0x2104, 0x0008, 0x20e4,
    0x0001, 0x2104, 0x0001, 0x39e7, 0x0001, 0x73ed, 0x0001, 0xc6b6, 0x0090, 0xcf17, 0x0089, 0xcf17, 0x0001, 0xa592, 0x0001, 0x634b,
    0x0001, 0x39c7, 0x0001, 0x2125, 0x001b, 0x20e4, 0x0001, 0x2125, 0x0001, 0x39c7, 0x0001, 0x5b0a, 0x0001, 0x9d51, 0x0094, 0xcf17,
    0x008d, 0xcf17, 0x0001, 0xced6, 0x0001, 0xa572, 0x0001, 0x73cd, 0x0001, 0x4a89, 0x0001, 0x31c6, 0x0001, 0x2945, 0x0001, 0x2124,
    0x0001, 0x2104, 0x000b, 0x20e4, 0x0002, 0x2104, 0x0001, 0x2945, 0x0001, 0x3186, 0x0001, 0x4228, 0x0001, 0x634b, 0x0001, 0x94f0,
    0x0001, 0xc6d6, 0x0098, 0xcf17, 0x0095, 0xcf17, 0x0001, 0xcef7, 0x0001, 0xb614, 0x0001, 0x9d31, 0x0006, 0x8cd0, 0x0001, 0xa592,
    0x0001, 0xc695, 0x00a0, 0xcf17, 0x0140, 0xcf17, 0x0140, 0xcf17, 0x0140, 0xcf17, 0x0140, 0xcf17, 0x0140, 0xcf17, 0x0140, 0xcf17,
    0x0140, 0xcf17, 0x0140, 0xcf17, 0x0140, 0xcf17, 0x0140, 0xcf17, 0x0140, 0xcf17, 0x0140, 0xcf17, 0x0140, 0xcf17, 0x0140, 0xcf17,
    0x0140, 0xcf17, 0x0140, 0xcf17, 0x0140, 0xcf17, 0x0140, 0xcf17, 0x0140, 0xcf17, 0x0140, 0xcf17, 0x0140, 0xcf17, 0x0140, 0xcf17,
    0x0140, 0xcf17, 0x0140, 0xcf17, 0x0140, 0xcf17, 0x0140, 0xcf17, 0x0140, 0xcf17, 0x0140, 0xcf17, 0x0140, 0xcf17, 0x0140, 0xcf17,
    0x0140, 0xcf17, 0x0140, 0xcf17, 0x0140, 0xcf17, 0x0140, 0xcf17, 0x0140, 0xcf17, 0x0140, 0xcf17, 0x0140, 0xcf17, 0x0140, 0xcf17,
    0x0140, 0xcf17, 0x0140, 0xcf17, 0x0140, 0xcf17, 0x0140, 0xcf17, 0x0140, 0xcf17, 0x0140, 0xcf17, 0x0140, 0xcf17, 0x0140, 0xcf17,
    0x0140, 0xcf17, 0x0140, 0xcf17, 0x0140, 0xcf17, 0x0140, 0xcf17, 0x0140, 0xcf17, 0x0140, 0xcf17, 0x0140, 0xcf17, 0x0140, 0xcf17,
    0x0140, 0xcf17, 0x0140, 0xcf17, 0x0140, 0xcf17, 0x0140, 0xcf17, 0x0140, 0xcf17, 0x0140, 0xcf17, 0x0140, 0xcf17, 0x0140, 0xcf17,
};

// Asset 3: 613 runs, 2452 bytes
static const uint16_t s_asset_3_data[1226] = {
    0x0140, 0xcf17, 0x0140, 0xcf17, 0x0140, 0xcf17, 0x0140, 0xcf17, 0x0140, 0xcf17, 0x0140, 0xcf17, 0x0140, 0xcf17, 0x0140, 0xcf17,
    0x0140, 0xcf17, 0x0140, 0xcf17, 0x0140, 0xcf17, 0x0140, 0xcf17, 0x0140, 0xcf17, 0x0140, 0xcf17, 0x0140, 0xcf17, 0x0140, 0xcf17,
    0x0140, 0xcf17, 0x0140, 0xcf17, 0x0140, 0xcf17, 0x0140, 0xcf17, 0x0140, 0xcf17, 0x0140, 0xcf17, 0x0140, 0xcf17, 0x0140, 0xcf17,
    0x0140, 0xcf17, 0x0140, 0xcf17, 0x0140, 0xcf17, 0x0140, 0xcf17, 0x0140, 0xcf17, 0x0140, 0xcf17, 0x0140, 0xcf17, 0x0140, 0xcf17,
    0x0140, 0xcf17, 0x0140, 0xcf17, 0x0140, 0xcf17, 0x0140, 0xcf17, 0x0140, 0xcf17, 0x0140, 0xcf17, 0x0140, 0xcf17, 0x0140, 0xcf17,
    0x0140, 0xcf17, 0x0140, 0xcf17, 0x0140, 0xcf17, 0x0140, 0xcf17, 0x0140, 0xcf17, 0x0140, 0xcf17, 0x0140, 0xcf17, 0x0140, 0xcf17,
    0x0140, 0xcf17, 0x0140, 0xcf17, 0x0140, 0xcf17, 0x0140, 0xcf17, 0x0140, 0xcf17, 0x0140, 0xcf17, 0x0140, 0xcf17, 0x0140, 0xcf17,
    0x0140, 0xcf17, 0x0140, 0xcf17, 0x0140, 0xcf17, 0x0140, 0xcf17, 0x0140, 0xcf17, 0x0140, 0xcf17, 0x0140, 0xcf17, 0x0140, 0xcf17,
    0x0140, 0xcf17, 0x0140, 0xcf17, 0x0140, 0xcf17, 0x0140, 0xcf17, 0x0140, 0xcf17, 0x0140, 0xcf17, 0x0140, 0xcf17, 0x0140, 0xcf17,
    0x0140, 0xcf17, 0x0140, 0xcf17, 0x004a, 0xcf17, 0x0001, 0xc6d6, 0x0001, 0x9d51, 0x0001, 0x6bac, 0x0001, 0x4aa8, 0x0001, 0x31c6,
    0x0001, 0x18e3, 0x0002, 0x0861, 0x0001, 0x0000, 0x0001, 0x0840, 0x0001, 0x10c2, 0x0001, 0x2944, 0x0001, 0x3a27, 0x0001, 0x634a,
    0x0001, 0x848f, 0x0001, 0xadd3, 0x008c, 0xcf17, 0x0001, 0xadd3, 0x0001, 0x848f, 0x0001, 0x634b, 0x0001, 0x3a27, 0x0001, 0x2964,
    0x0001, 0x18c2, 0x0001, 0x0841, 0x0001, 0x0020, 0x0002, 0x0861, 0x0001, 0x18e3, 0x0001, 0x31c6, 0x0001, 0x52a9, 0x0001, 0x6bac,
    0x0001, 0x9d51, 0x0001, 0xc6d6, 0x004a, 0xcf17, 0x0048, 0xcf17, 0x0001, 0x8cd0, 0x0001, 0x31a5, 0x0001, 0x0020, 0x000f, 0x0000,
    0x0001, 0x10a2, 0x0001, 0x4aa8, 0x0001, 0x8caf, 0x0001, 0xced6, 0x0084, 0xcf17, 0x0001, 0xced6, 0x0001, 0x8caf, 0x0001, 0x4aa8,
    0x0001, 0x10a2, 0x000f, 0x0000, 0x0001, 0x0020, 0x0001, 0x2985, 0x0001, 0x8ccf, 0x0048, 0xcf17, 0x0047, 0xcf17, 0x0001, 0x8cd0,
    0x0015, 0x0000, 0x0001, 0x0881, 0x0001, 0x5b0a, 0x0001, 0xadd3, 0x0080, 0xcf17, 0x0001, 0xadd3, 0x0001, 0x5b0a, 0x0001, 0x0881,
    0x0015, 0x0000, 0x0001, 0x8caf, 0x0047, 0xcf17, 0x0047, 0xcf17, 0x0001, 0x31a5, 0x0018, 0x0000, 0x0001, 0x4247, 0x0001, 0xadd3,
    0x007c, 0xcf17, 0x0001, 0xadd3, 0x0001, 0x4247, 0x0018, 0x0000, 0x0001, 0x2985, 0x0047, 0xcf17, 0x0047, 0xcf17, 0x0001, 0x2103,
    0x001a, 0x0000, 0x0001, 0x4a88, 0x0001, 0xc6b6, 0x0078, 0xcf17, 0x0001, 0xc6b6, 0x0001, 0x4a88, 0x001a, 0x0000, 0x0001, 0x18e3,
    0x0047, 0xcf17, 0x0047, 0xcf17, 0x0001, 0x52e9, 0x001b, 0x0000, 0x0001, 0x3a27, 0x0078, 0xcf17, 0x0001, 0x4227, 0x001b, 0x0000,
    0x0001, 0x52c9, 0x0047, 0xcf17, 0x0047, 0xcf17, 0x0001, 0xc695, 0x0001, 0x2985, 0x0003, 0x0000, 0x0001, 0x10c2, 0x0001, 0x4267,
    0x0001, 0x636b, 0x0001, 0x4a68, 0x0014, 0x0000, 0x0001, 0xbe55, 0x0076, 0xcf17, 0x0001, 0xbe75, 0x0014, 0x0000, 0x0001, 0x4a88,
    0x0001, 0x636b, 0x0001, 0x4267, 0x0001, 0x10c2, 0x0003, 0x0000, 0x0001, 0x2964, 0x0001, 0xbe75, 0x0047, 0xcf17, 0x0048, 0xcf17,
    0x0001, 0xcef7, 0x0001, 0x9d51, 0x0001, 0x8cd0, 0x0001, 0xb634, 0x0002, 0xcf17, 0x0001, 0x848f, 0x000b, 0x0000, 0x0001, 0x1082,
    0x0001, 0x10a2, 0x0008, 0x0000, 0x0001, 0xb614, 0x0076, 0xcf17, 0x0001, 0xb634, 0x0008, 0x0000, 0x0002, 0x10a2, 0x000b, 0x0000,
    0x0001, 0x8caf, 0x0002, 0xcf17, 0x0001, 0xb634, 0x0001, 0x8cd0, 0x0001, 0x9d51, 0x0001, 0xcef7, 0x0048, 0xcf17, 0x004d, 0xcf17,
    0x0001, 0xc695, 0x0001, 0x0881, 0x000c, 0x0000, 0x0001, 0x636b, 0x0001, 0x8cd0, 0x0001, 0x31a5, 0x0005, 0x0000, 0x0001, 0x2144,
    0x0078, 0xcf17, 0x0001, 0x2964, 0x0005, 0x0000, 0x0001, 0x31a5, 0x0001, 0x8ccf, 0x0001, 0x638b, 0x000c, 0x0000, 0x0001, 0x0861,
    0x0001, 0xbe95, 0x004d, 0xcf17, 0x004d, 0xcf17, 0x0001, 0x6bac, 0x000d, 0x0000, 0x0001, 0x0861, 0x0001, 0xced6, 0x0001, 0xcf17,
    0x0001, 0x9511, 0x0001, 0x2985, 0x0002, 0x0000, 0x0001, 0x2123, 0x0001, 0xadf3, 0x0078, 0xcf17, 0x0001, 0xb5f3, 0x0001, 0x2124,
    0x0002, 0x0000, 0x0001, 0x2985, 0x0001, 0x9510, 0x0001, 0xcf17, 0x0001, 0xced6, 0x0001, 0x0861, 0x000d, 0x0000, 0x0001, 0x6bcc,
    0x004d, 0xcf17, 0x004d, 0xcf17, 0x0001, 0x2985, 0x000e, 0x0000, 0x0001, 0x9510, 0x0003, 0xcf17, 0x0001, 0xb614, 0x0001, 0xadf3,
    0x0001, 0xcef7, 0x007a, 0xcf17, 0x0001, 0xcef7, 0x0001, 0xadf3, 0x0001, 0xb614, 0x0003, 0xcf17, 0x0001, 0x9d31, 0x000e, 0x0000,
    0x0001, 0x31a5, 0x004d, 0xcf17, 0x004d, 0xcf17, 0x0001, 0x0881, 0x000e, 0x0000, 0x0001, 0x740d, 0x0086, 0xcf17, 0x0001, 0x7c2d,
    0x000e, 0x0000, 0x0001, 0x1081, 0x004d, 0xcf17, 0x004d, 0xcf17, 0x0001, 0x0840, 0x000e, 0x0000, 0x0001, 0x6bcc, 0x0086, 0xcf17,
    0x0001, 0x73ec, 0x000e, 0x0000, 0x0001, 0x0840, 0x004d, 0xcf17, 0x004d, 0xcf17, 0x0001, 0x18e3, 0x000e, 0x0000, 0x0001, 0x846e,
    0x0086, 0xcf17, 0x0001, 0x848f, 0x000e, 0x0000, 0x0001, 0x1903, 0x004d, 0xcf17, 0x004d, 0xcf17, 0x0001, 0x4aa8, 0x000e, 0x0000,
    0x0001, 0xb634, 0x0086, 0xcf17, 0x0001, 0xbe54, 0x000e, 0x0000, 0x0001, 0x52c9, 0x004d, 0xcf17, 0x004d, 0xcf17, 0x0001, 0x9d51,
    0x000d, 0x0000, 0x0001, 0x31c6, 0x0088, 0xcf17, 0x0001, 0x39e6, 0x000d, 0x0000, 0x0001, 0x9d51, 0x004d, 0xcf17, 0x004e, 0xcf17,
    0x0001, 0x4247, 0x000b, 0x0000, 0x0001, 0x0020, 0x0001, 0xa5b2, 0x0088, 0xcf17, 0x0001, 0xa5b2, 0x0001, 0x0020, 0x000b, 0x0000,
    0x0001, 0x4247, 0x004e, 0xcf17, 0x004e, 0xcf17, 0x0001, 0xc6b6, 0x0001, 0x2144, 0x000a, 0x0000, 0x0001, 0x844e, 0x008a, 0xcf17,
    0x0001, 0x846e, 0x000a, 0x0000, 0x0001, 0x2144, 0x0001, 0xc6b6, 0x004e, 0xcf17, 0x004f, 0xcf17, 0x0001, 0xc6b6, 0x0001, 0x4267,
    0x0007, 0x0000, 0x0001, 0x10a2, 0x0001, 0x94f0, 0x008c, 0xcf17, 0x0001, 0x94f0, 0x0001, 0x10a2, 0x0007, 0x0000, 0x0001, 0x4267,
    0x0001, 0xc6b6, 0x004f, 0xcf17, 0x0051, 0xcf17, 0x0001, 0xa572, 0x0001, 0x52c9, 0x0001, 0x2123, 0x0001, 0x0861, 0x0001, 0x10a2,
    0x0001, 0x31c6, 0x0001, 0x73ed, 0x0001, 0xc6b6, 0x008e, 0xcf17, 0x0001, 0xc6b6, 0x0001, 0x73ed, 0x0001, 0x31c6, 0x0001, 0x10a2,
    0x0001, 0x0861, 0x0001, 0x2123, 0x0001, 0x52c9, 0x0001, 0x9d72, 0x0051, 0xcf17, 0x0140, 0xcf17, 0x0140, 0xcf17, 0x0140, 0xcf17,
    0x0140, 0xcf17, 0x0140, 0xcf17, 0x0140, 0xcf17, 0x0140, 0xcf17, 0x0140, 0xcf17, 0x0140, 0xcf17, 0x0140, 0xcf17, 0x0140, 0xcf17,
    0x0140, 0xcf17, 0x00ce, 0xcf17, 0x0001, 0xcef7, 0x0001, 0x8cd0, 0x0001, 0x52e9, 0x0001, 0x6bac, 0x0001, 0xbe55, 0x006d, 0xcf17,
    0x00ce, 0xcf17, 0x0001, 0x52c9, 0x0003, 0x0000, 0x0001, 0x1082, 0x0001, 0xb614, 0x006c, 0xcf17, 0x00cd, 0xcf17, 0x0001, 0x9d31,
    0x0005, 0x0000, 0x0001, 0x4a88, 0x006c, 0xcf17, 0x00cd, 0xcf17, 0x0001, 0x2964, 0x0005, 0x0000, 0x0001, 0x2944, 0x006c, 0xcf17,
    0x00cc, 0xcf17, 0x0001, 0xa5b2, 0x0006, 0x0000, 0x0001, 0x4a88, 0x006c, 0xcf17, 0x0070, 0xcf17, 0x0001, 0x9d31, 0x0001, 0x5b4a,
    0x005a, 0x52c9, 0x0001, 0x2144, 0x0006, 0x0000, 0x0001, 0xadd3, 0x006c, 0xcf17, 0x006f, 0xcf17, 0x0001, 0x636b, 0x0062, 0x0000,
    0x0001, 0x4247, 0x006d, 0xcf17, 0x006e, 0xcf17, 0x0001, 0xb634, 0x0063, 0x0000, 0x0001, 0x7c4e, 0x006d, 0xcf17, 0x006e, 0xcf17,
    0x0001, 0x9510, 0x0063, 0x0000, 0x0001, 0x9510, 0x006d, 0xcf17, 0x006e, 0xcf17, 0x0001, 0xb614, 0x0063, 0x0000, 0x0001, 0x848f,
    0x006d, 0xcf17, 0x006f, 0xcf17, 0x0001, 0x5b0a, 0x0062, 0x0000, 0x0001, 0x52c9, 0x006d, 0xcf17, 0x006f, 0xcf17, 0x0001, 0xcef7,
    0x0001, 0x8caf, 0x0001, 0x52a9, 0x005a, 0x4247, 0x0001, 0x1903, 0x0005, 0x0000, 0x0001, 0x0861, 0x0001, 0xbe55, 0x006c, 0xcf17,
    0x00cc, 0xcf17, 0x0001, 0x9510, 0x0006, 0x0000, 0x0001, 0x39e6, 0x0001, 0xcef6, 0x006b, 0xcf17, 0x00cc, 0xcf17, 0x0001, 0xcef7,
    0x0001, 0x18c2, 0x0006, 0x0000, 0x0001, 0x5b0a, 0x006b, 0xcf17, 0x00cd, 0xcf17, 0x0001, 0x7c4e, 0x0006, 0x0000, 0x0001, 0x0020,
    0x0001, 0xced6, 0x006a, 0xcf17, 0x00cd, 0xcf17, 0x0001, 0xcef7, 0x0001, 0x2985, 0x0006, 0x0000, 0x0001, 0xbe75, 0x006a, 0xcf17,
    0x00ce, 0xcf17, 0x0001, 0xbe54, 0x0001, 0x18c2, 0x0004, 0x0000, 0x0001, 0x2964, 0x006b, 0xcf17, 0x00cf, 0xcf17, 0x0001, 0xadf3,
    0x0001, 0x18e3, 0x0002, 0x0000, 0x0001, 0x18c2, 0x0001, 0xadd3, 0x006b, 0xcf17, 0x00d0, 0xcf17, 0x0001, 0xced6, 0x0002, 0x9d31,
    0x0001, 0xced6, 0x006c, 0xcf17, 0x0140, 0xcf17, 0x0140, 0xcf17, 0x0140, 0xcf17, 0x0140, 0xcf17, 0x0140, 0xcf17, 0x0140, 0xcf17,
    0x0140, 0xcf17, 0x0140, 0xcf17, 0x0140, 0xcf17, 0x0140, 0xcf17, 0x0140, 0xcf17, 0x0140, 0xcf17, 0x0140, 0xcf17, 0x0140, 0xcf17,
    0x0140, 0xcf17, 0x0140, 0xcf17, 0x0140, 0xcf17, 0x0140, 0xcf17, 0x0140, 0xcf17, 0x0140, 0xcf17, 0x0140, 0xcf17, 0x0140, 0xcf17,
    0x0140, 0xcf17, 0x0140, 0xcf17, 0x0140, 0xcf17, 0x0140, 0xcf17, 0x0140, 0xcf17, 0x0140, 0xcf17, 0x0140, 0xcf17, 0x0140, 0xcf17,
    0x0140, 0xcf17, 0x0140, 0xcf17, 0x0140, 0xcf17, 0x0140, 0xcf17, 0x0140, 0xcf17, 0x0140, 0xcf17, 0x0140, 0xcf17, 0x0140, 0xcf17,
    0x0140, 0xcf17, 0x0140, 0xcf17, 0x0140, 0xcf17, 0x0140, 0xcf17, 0x0140, 0xcf17, 0x0140, 0xcf17, 0x0140, 0xcf17, 0x0140, 0xcf17,
    0x0140, 0xcf17, 0x0140, 0xcf17, 0x0140, 0xcf17, 0x0140, 0xcf17, 0x0140, 0xcf17, 0x0140, 0xcf17, 0x0140, 0xcf17, 0x0140, 0xcf17,
    0x0140, 0xcf17, 0x0140, 0xcf17, 0x0140, 0xcf17, 0x0140, 0xcf17, 0x0140, 0xcf17, 0x0140, 0xcf17, 0x0140, 0xcf17, 0x0140, 0xcf17,
    0x0140, 0xcf17, 0x0140, 0xcf17, 0x0140, 0xcf17, 0x0140, 0xcf17, 0x0140, 0xcf17, 0x0140, 0xcf17, 0x0140, 0xcf17, 0x0140, 0xcf17,
    0x0140, 0xcf17, 0x0140, 0xcf17, 0x0140, 0xcf17, 0x0140, 0xcf17, 0x0140, 0xcf17, 0x0140, 0xcf17, 0x0140, 0xcf17, 0x0140, 0xcf17,
    0x0140, 0xcf17, 0x0140, 0xcf17, 0x0140, 0xcf17, 0x0140, 0xcf17, 0x0140, 0xcf17, 0x0140, 0xcf17, 0x0140, 0xcf17, 0x0140, 0xcf17,
    0x0140, 0xcf17, 0x0140, 0xcf17, 0x0140, 0xcf17, 0x0140, 0xcf17, 0x0140, 0xcf17, 0x0140, 0xcf17, 0x0140, 0xcf17, 0x0140, 0xcf17,
    0x0140, 0xcf17, 0x0140, 0xcf17, 0x0140, 0xcf17, 0x0140, 0xcf17, 0x0140, 0xcf17, 0x0140, 0xcf17, 0x0140, 0xcf17, 0x0140, 0xcf17,
    0x0140, 0xcf17, 0x0140, 0xcf17, 0x0140, 0xcf17, 0x0140, 0xcf17, 0x0140, 0xcf17, 0x0140, 0xcf17, 0x0140, 0xcf17, 0x0140, 0xcf17,
    0x0140, 0xcf17, 0x0140, 0xcf17, 0x0140, 0xcf17, 0x0140, 0xcf17, 0x0140, 0xcf17,
};

// Asset 4: 2077 runs, 8308 bytes
static const uint16_t s_asset_4_data[4154] = {
    0x0140, 0xcf17, 0x0140, 0xcf17, 0x0140, 0xcf17, 0x0140, 0xcf17, 0x0140, 0xcf17, 0x0140, 0xcf17, 0x0140, 0xcf17, 0x0140, 0xcf17,
    0x0140, 0xcf17, 0x0140, 0xcf17, 0x0140, 0xcf17, 0x0140, 0xcf17, 0x0140, 0xcf17, 0x0140, 0xcf17, 0x0140, 0xcf17, 0x0140, 0xcf17,
    0x0140, 0xcf17, 0x0140, 0xcf17, 0x0140, 0xcf17, 0x0140, 0xcf17, 0x0140, 0xcf17, 0x0140, 0xcf17, 0x0140, 0xcf17, 0x0140, 0xcf17,
    0x0140, 0xcf17, 0x0140, 0xcf17, 0x0140, 0xcf17, 0x0140, 0xcf17, 0x0140, 0xcf17, 0x0140, 0xcf17, 0x0140, 0xcf17, 0x0140, 0xcf17,
    0x0140, 0xcf17, 0x0140, 0xcf17, 0x0140, 0xcf17, 0x0140, 0xcf17, 0x0140, 0xcf17, 0x0140, 0xcf17, 0x0140, 0xcf17, 0x0140, 0xcf17,
    0x0140, 0xcf17, 0x0140, 0xcf17, 0x0140, 0xcf17, 0x0140, 0xcf17, 0x0140, 0xcf17, 0x0140, 0xcf17, 0x0140, 0xcf17, 0x0140, 0xcf17,
    0x0140, 0xcf17, 0x0140, 0xcf17, 0x0140, 0xcf17, 0x0140, 0xcf17, 0x0140, 0xcf17, 0x0140, 0xcf17, 0x0140, 0xcf17, 0x0140, 0xcf17,
    0x0140, 0xcf17, 0x0140, 0xcf17, 0x0140, 0xcf17, 0x0140, 0xcf17, 0x0140, 0xcf17, 0x0140, 0xcf17, 0x0140, 0xcf17, 0x0140, 0xcf17,
    0x0140, 0xcf17, 0x0140, 0xcf17, 0x0140, 0xcf17, 0x0140, 0xcf17, 0x0140, 0xcf17, 0x0140, 0xcf17, 0x0140, 0xcf17, 0x0140, 0xcf17,
    0x0053, 0xcf17, 0x0001, 0xbe75, 0x0001, 0x9d51, 0x0001, 0xadd3, 0x0001, 0xcef6, 0x0092, 0xcf17, 0x0001, 0xced6, 0x0001, 0xadd3,
    0x0001, 0x9d51, 0x0001, 0xbe75, 0x0053, 0xcf17, 0x0051, 0xcf17, 0x0001, 0xb634, 0x0001, 0x4a68, 0x0003, 0x0000, 0x0001, 0x10c2,
    0x0001, 0x846e, 0x008f, 0xcf17, 0x0001, 0xcef7, 0x0001, 0x7c2d, 0x0001, 0x10a2, 0x0003, 0x0000, 0x0001, 0x4aa8, 0x0001, 0xbe75,
    0x0051, 0xcf17, 0x0050, 0xcf17, 0x0001, 0xadf3, 0x0001, 0x10c2, 0x0006, 0x0000, 0x0001, 0x52e9, 0x0001, 0xcef7, 0x008c, 0xcf17,
    0x0001, 0xcef7, 0x0001, 0x5b0a, 0x0006, 0x0000, 0x0001, 0x18e2, 0x0001, 0xb614, 0x0050, 0xcf17, 0x004f, 0xcf17, 0x0001, 0xc6b6,
    0x0001, 0x1903, 0x0008, 0x0000, 0x0001, 0x740d, 0x008c, 0xcf17, 0x0001, 0x6bac, 0x0008, 0x0000, 0x0001, 0x2123, 0x0001, 0xc6d6,
    0x004f, 0xcf17, 0x004f, 0xcf17, 0x0001, 0x52e9, 0x0009, 0x0000, 0x0001, 0x0040, 0x0001, 0xb5f3, 0x008a, 0xcf17, 0x0001, 0xadd3,
    0x0001, 0x0020, 0x0009, 0x0000, 0x0001, 0x5b2a, 0x004f, 0xcf17, 0x004e, 0xcf17, 0x0001, 0xb614, 0x0001, 0x0020, 0x000a, 0x0000,
    0x0001, 0x4aa8, 0x008a, 0xcf17, 0x0001, 0x4247, 0x000a, 0x0000, 0x0001, 0x0020, 0x0001, 0xbe55, 0x004e, 0xcf17, 0x004e, 0xcf17,
    0x0001, 0x52e9, 0x000b, 0x0000, 0x0001, 0x0020, 0x0001, 0xb634, 0x0088, 0xcf17, 0x0001, 0xb5f3, 0x000c, 0x0000, 0x0001, 0x634b,
    0x004e, 0xcf17, 0x004d, 0xcf17, 0x0001, 0xcef7, 0x0001, 0x10a2, 0x000c, 0x0000, 0x0001, 0x73ed, 0x0088, 0xcf17, 0x0001, 0x6b8c,
    0x000c, 0x0000, 0x0001, 0x18e2, 0x004e, 0xcf17, 0x004d, 0xcf17, 0x0001, 0x9d71, 0x000d, 0x0000, 0x0001, 0x31c5, 0x0088, 0xcf17,
    0x0001, 0x2964, 0x000d, 0x0000, 0x0001, 0xadd3, 0x004d, 0xcf17, 0x004d, 0xcf17, 0x0001, 0x6bac, 0x000d, 0x0000, 0x0001, 0x0020,
    0x0001, 0xcef6, 0x0086, 0xcf17, 0x0001, 0xc6b6, 0x000e, 0x0000, 0x0001, 0x7c0d, 0x004d, 0xcf17, 0x004d, 0xcf17, 0x0001, 0x4a68,
    0x000e, 0x0000, 0x0001, 0xadf3, 0x0086, 0xcf17, 0x0001, 0xa592, 0x000e, 0x0000, 0x0001, 0x52c9, 0x004d, 0xcf17, 0x004d, 0xcf17,
    0x0001, 0x2144, 0x000e, 0x0000, 0x0001, 0x8ccf, 0x0086, 0xcf17, 0x0001, 0x846e, 0x000e, 0x0000, 0x0001, 0x31a5, 0x004d, 0xcf17,
    0x004d, 0xcf17, 0x0001, 0x10c2, 0x000e, 0x0000, 0x0001, 0x7c4e, 0x0086, 0xcf17, 0x0001, 0x73ec, 0x000e, 0x0000, 0x0001, 0x2124,
    0x004d, 0xcf17, 0x004d, 0xcf17, 0x0001, 0x0861, 0x000e, 0x0000, 0x0001, 0x73cc, 0x0086, 0xcf17, 0x0001, 0x638b, 0x000e, 0x0000,
    0x0001, 0x10c2, 0x004d, 0xcf17, 0x004d, 0xcf17, 0x0001, 0x0840, 0x000e, 0x0000, 0x0001, 0x6bac, 0x0086, 0xcf17, 0x0001, 0x634b,
    0x000e, 0x0000, 0x0001, 0x10a2, 0x004d, 0xcf17, 0x004d, 0xcf17, 0x0001, 0x1082, 0x000e, 0x0000, 0x0001, 0x7c0d, 0x0086, 0xcf17,
    0x0001, 0x6bac, 0x000e, 0x0000, 0x0001, 0x1903, 0x004d, 0xcf17, 0x004d, 0xcf17, 0x0001, 0x1903, 0x000e, 0x0000, 0x0001, 0x846e,
    0x0086, 0xcf17, 0x0001, 0x7c2d, 0x000e, 0x0000, 0x0001, 0x2964, 0x004d, 0xcf17, 0x004d, 0xcf17, 0x0001, 0x31e6, 0x000e, 0x0000,
    0x0001, 0x9d51, 0x0086, 0xcf17, 0x0001, 0x94f0, 0x000e, 0x0000, 0x0001, 0x4247, 0x004d, 0xcf17, 0x004d, 0xcf17, 0x0001, 0x5b2a,
    0x000e, 0x0000, 0x0001, 0xc695, 0x0086, 0xcf17, 0x0001, 0xb634, 0x000e, 0x0000, 0x0001, 0x6b8b, 0x004d, 0xcf17, 0x004d, 0xcf17,
    0x0001, 0x848f, 0x000d, 0x0000, 0x0001, 0x18e3, 0x0088, 0xcf17, 0x0001, 0x1082, 0x000d, 0x0000, 0x0001, 0x94f0, 0x004d, 0xcf17,
    0x004d, 0xcf17, 0x0001, 0xbe75, 0x0001, 0x0020, 0x000c, 0x0000, 0x0001, 0x5b0a, 0x0088, 0xcf17, 0x0001, 0x4aa8, 0x000c, 0x0000,
    0x0001, 0x0040, 0x0001, 0xc6b6, 0x004d, 0xcf17, 0x004e, 0xcf17, 0x0001, 0x31a5, 0x000c, 0x0000, 0x0001, 0x9d31, 0x0088, 0xcf17,
    0x0001, 0x8cd0, 0x000c, 0x0000, 0x0001, 0x3a27, 0x004e, 0xcf17, 0x004e, 0xcf17, 0x0001, 0x8caf, 0x000b, 0x0000, 0x0001, 0x2103,
    0x0001, 0xcef7, 0x0088, 0xcf17, 0x0001, 0xcef6, 0x0001, 0x18e2, 0x000b, 0x0000, 0x0001, 0x9510, 0x004e, 0xcf17, 0x004e, 0xcf17,
    0x0001, 0xcef7, 0x0001, 0x2103, 0x000a, 0x0000, 0x0001, 0x846e, 0x008a, 0xcf17, 0x0001, 0x7c0d, 0x000a, 0x0000, 0x0001, 0x2964,
    0x004f, 0xcf17, 0x004f, 0xcf17, 0x0001, 0x9d71, 0x0009, 0x0000, 0x0001, 0x31c6, 0x0001, 0xcef7, 0x008a, 0xcf17, 0x0001, 0xcef6,
    0x0001, 0x2985, 0x0008, 0x0000, 0x0001, 0x0020, 0x0001, 0xa592, 0x004f, 0xcf17, 0x0050, 0xcf17, 0x0001, 0x6b8c, 0x0007, 0x0000,
    0x0001, 0x10c2, 0x0001, 0xb634, 0x008c, 0xcf17, 0x0001, 0xb614, 0x0001, 0x10a2, 0x0007, 0x0000, 0x0001, 0x73ed, 0x0050, 0xcf17,
    0x0051, 0xcf17, 0x0001, 0x6bcc, 0x0001, 0x0020, 0x0004, 0x0000, 0x0001, 0x2124, 0x0001, 0xb634, 0x008e, 0xcf17, 0x0001, 0xadf3,
    0x0001, 0x1903, 0x0004, 0x0000, 0x0001, 0x0020, 0x0001, 0x7c0d, 0x0051, 0xcf17, 0x0052, 0xcf17, 0x0001, 0xb614, 0x0001, 0x5b4a,
    0x0001, 0x3a06, 0x0001, 0x4a88, 0x0001, 0x846e, 0x0001, 0xcef7, 0x0090, 0xcf17, 0x0001, 0xcef6, 0x0001, 0x7c2e, 0x0001, 0x4a68,
    0x0001, 0x3a06, 0x0001, 0x634b, 0x0001, 0xb634, 0x0052, 0xcf17, 0x0140, 0xcf17, 0x0140, 0xcf17, 0x0140, 0xcf17, 0x0140, 0xcf17,
    0x0140, 0xcf17, 0x0140, 0xcf17, 0x0140, 0xcf17, 0x0140, 0xcf17, 0x0140, 0xcf17, 0x0140, 0xcf17, 0x0140, 0xcf17, 0x0140, 0xcf17,
    0x0140, 0xcf17, 0x0140, 0xcf17, 0x0140, 0xcf17, 0x0140, 0xcf17, 0x0140, 0xcf17, 0x0140, 0xcf17, 0x0140, 0xcf17, 0x0140, 0xcf17,
    0x0140, 0xcf17, 0x0140, 0xcf17, 0x0140, 0xcf17, 0x0140, 0xcf17, 0x0140, 0xcf17, 0x00c9, 0xcf17, 0x0001, 0xc6d6, 0x0001, 0xa572,
    0x0001, 0x846f, 0x0001, 0x6b8c, 0x0001, 0x5b0a, 0x0004, 0x52a9, 0x0001, 0x632b, 0x0001, 0x73cd, 0x0001, 0x8cd0, 0x0001, 0xbe75,
    0x006a, 0xcf17, 0x00c4, 0xcf17, 0x0001, 0xc695, 0x0001, 0x8caf, 0x0001, 0x5b0a, 0x0001, 0x39c7, 0x0001, 0x2125, 0x0001, 0x2104,
    0x000c, 0x20e4, 0x0001, 0x2104, 0x0001, 0x39c7, 0x0001, 0x6b8c, 0x0001, 0xbe75, 0x0066, 0xcf17, 0x006b, 0xcf17, 0x0001, 0xcef7,
    0x0001, 0xb614, 0x0001, 0x9d72, 0x0001, 0x8cd0, 0x0001, 0x8caf, 0x0001, 0x9531, 0x0001, 0xadd3, 0x0001, 0xbe75, 0x004d, 0xcf17,
    0x0001, 0xcef7, 0x0001, 0x8cd0, 0x0001, 0x4a69, 0x0001, 0x2925, 0x0015, 0x20e4, 0x0001, 0x2104, 0x0001, 0x31c6, 0x0001, 0x94f0,
    0x0064, 0xcf17, 0x0067, 0xcf17, 0x0001, 0xb614, 0x0001, 0x846f, 0x0001, 0x634b, 0x0001, 0x4248, 0x0001, 0x2104, 0x0008, 0x20e4,
    0x0001, 0x2104, 0x0001, 0x2965, 0x0001, 0x4228, 0x0001, 0x632b, 0x0001, 0x8caf, 0x0001, 0xbe75, 0x0043, 0xcf17, 0x0001, 0xbe95,
    0x0001, 0x73cd, 0x0001, 0x39e7, 0x0001, 0x2104, 0x0007, 0x20e4, 0x0001, 0x31a7, 0x0001, 0x5aec, 0x0001, 0x7bf0, 0x0001, 0x94b3,
    0x0001, 0xad76, 0x0001, 0xbdd7, 0x0001, 0xc639, 0x0001, 0xd69a, 0x0002, 0xc638, 0x0001, 0xb5b7, 0x0001, 0xa534, 0x0001, 0x8c51,
    0x0001, 0x632d, 0x0001, 0x39c7, 0x0005, 0x20e4, 0x0001, 0x3186, 0x0001, 0xadb3, 0x0062, 0xcf17, 0x0064, 0xcf17, 0x0001, 0xc6b6,
    0x0001, 0x846f, 0x0001, 0x3a07, 0x0012, 0x20e4, 0x0001, 0x2104, 0x0001, 0x2125, 0x0001, 0x3a07, 0x0001, 0x6b8c, 0x0001, 0xa5b2,
    0x003c, 0xcf17, 0x0001, 0xadd3, 0x0001, 0x5b0b, 0x0001, 0x2966, 0x0006, 0x20e4, 0x0001, 0x2945, 0x0001, 0x630c, 0x0001, 0x8c51,
    0x0001, 0xb5b6, 0x0001, 0xdefb, 0x000f, 0xef7d, 0x0001, 0xd69a, 0x0001, 0x8c72, 0x0001, 0x4208, 0x0004, 0x20e4, 0x0001, 0x634b,
    0x0061, 0xcf17, 0x0062, 0xcf17, 0x0001, 0xcef7, 0x0001, 0x846e, 0x0001, 0x2965, 0x0005, 0x20e4, 0x0001, 0x2144, 0x0001, 0x2963,
    0x0002, 0x20e4, 0x0001, 0x73cf, 0x0001, 0x94b3, 0x0001, 0x8c51, 0x0001, 0x7bef, 0x0001, 0x6b6e, 0x0001, 0x630c, 0x0001, 0x4229,
    0x0001, 0x2125, 0x0008, 0x20e4, 0x0001, 0x2104, 0x0001, 0x31a6, 0x0001, 0x52ca, 0x0001, 0x8caf, 0x0001, 0xc6d6, 0x0033, 0xcf17,
    0x0001, 0xc6b6, 0x0001, 0x846f, 0x0001, 0x4a69, 0x0001, 0x2125, 0x0006, 0x20e4, 0x0001, 0x39e8, 0x0001, 0x7bcf, 0x0001, 0xb5d7,
    0x0001, 0xe75d, 0x0016, 0xef7d, 0x0001, 0xad96, 0x0001, 0x4a49, 0x0003, 0x20e4, 0x0001, 0x4228, 0x0001, 0xced6, 0x005f, 0xcf17,
    0x0061, 0xcf17, 0x0001, 0xb614, 0x0001, 0x4248, 0x0003, 0x20e4, 0x0001, 0x2104, 0x0001, 0x3242, 0x0001, 0x4b61, 0x0001, 0x5c40,
    0x0001, 0x5c80, 0x0001, 0x4341, 0x0002, 0x20e4, 0x0001, 0xa555, 0x0007, 0xef7d, 0x0001, 0xce9a, 0x0001, 0xad76, 0x0001, 0x8c51,
    0x0001, 0x5aec, 0x0001, 0x3166, 0x0008, 0x20e4, 0x0001, 0x2945, 0x0001, 0x4228, 0x0001, 0x6bac, 0x0001, 0xa5b2, 0x002b, 0xcf17,
    0x0001, 0xbe75, 0x0001, 0x7c2e, 0x0001, 0x4a68, 0x0001, 0x2945, 0x0006, 0x20e4, 0x0001, 0x2104, 0x0001, 0x528a, 0x0001, 0x8c72,
    0x0001, 0xce79, 0x001b, 0xef7d, 0x0001, 0xe75d, 0x0001, 0x8c72, 0x0001, 0x2104, 0x0002, 0x20e4, 0x0001, 0x3a07, 0x005f, 0xcf17,
    0x0060, 0xcf17, 0x0001, 0xa572, 0x0001, 0x2945, 0x0002, 0x20e4, 0x0001, 0x2124, 0x0001, 0x3ac2, 0x0001, 0x5c40, 0x0004, 0x5c80,
    0x0001, 0x53e0, 0x0002, 0x20e4, 0x0001, 0x8431, 0x000c, 0xef7d, 0x0001, 0xce79, 0x0001, 0x9d14, 0x0001, 0x6b8e, 0x0001, 0x4208,
    0x0001, 0x2104, 0x0007, 0x20e4, 0x0001, 0x2104, 0x0001, 0x3186, 0x0001, 0x4a89, 0x0001, 0x73cd, 0x0001, 0xa552, 0x0001, 0xced6,
    0x0020, 0xcf17, 0x0001, 0xb614, 0x0001, 0x7c2e, 0x0001, 0x52a9, 0x0001, 0x31a6, 0x0001, 0x2104, 0x0007, 0x20e4, 0x0001, 0x2945,
    0x0001, 0x632c, 0x0001, 0xa514, 0x0001, 0xdefc, 0x0020, 0xef7d, 0x0001, 0xb5d7, 0x0001, 0x2966, 0x0002, 0x20e4, 0x0001, 0x52c9,
    0x005e, 0xcf17, 0x005f, 0xcf17, 0x0001, 0xa572, 0x0001, 0x2125, 0x0002, 0x20e4, 0x0001, 0x31e3, 0x0001, 0x5420, 0x0006, 0x5c80,
    0x0001, 0x5c60, 0x0001, 0x2104, 0x0001, 0x20e4, 0x0001, 0x630c, 0x0010, 0xef7d, 0x0001, 0xdf1c, 0x0001, 0xb5b6, 0x0001, 0x8430,
    0x0001, 0x52ab, 0x0001, 0x2945, 0x0009, 0x20e4, 0x0001, 0x2125, 0x0001, 0x31c6, 0x0001, 0x52a9, 0x0001, 0x6b8c, 0x0001, 0x848f,
    0x0001, 0xa5b2, 0x0001, 0xc6d6, 0x0011, 0xcf17, 0x0001, 0xcef7, 0x0001, 0xadf3, 0x0001, 0x8cd0, 0x0001, 0x73cd, 0x0001, 0x52a9,
    0x0001, 0x39e7, 0x0001, 0x2945, 0x0001, 0x2104, 0x0008, 0x20e4, 0x0001, 0x2925, 0x0001, 0x52ab, 0x0001, 0x8431, 0x0001, 0xb5d7,
    0x0001, 0xe75d, 0x0024, 0xef7d, 0x0001, 0xbdf7, 0x0001, 0x2125, 0x0002, 0x20e4, 0x0001, 0x9511, 0x005d, 0xcf17, 0x005e, 0xcf17,
    0x0001, 0xb614, 0x0001, 0x2945, 0x0002, 0x20e4, 0x0001, 0x3aa2, 0x0009, 0x5c80, 0x0001, 0x2963, 0x0001, 0x20e4, 0x0001, 0x41e8,
    0x0015, 0xef7d, 0x0001, 0xce59, 0x0001, 0x9cf4, 0x0001, 0x738e, 0x0001, 0x4229, 0x0001, 0x2104, 0x000b, 0x20e4, 0x0001, 0x2104,
    0x0001, 0x2145, 0x0001, 0x3186, 0x0001, 0x39c7, 0x0001, 0x4228, 0x0001, 0x4a69, 0x0001, 0x52a9, 0x0001, 0x5b0a, 0x0002, 0x5b2b,
    0x0001, 0x632b, 0x0001, 0x5aea, 0x0001, 0x4a89, 0x0001, 0x4228, 0x0001, 0x31a6, 0x0001, 0x2945, 0x0002, 0x2104, 0x000a, 0x20e4,
    0x0001, 0x2104, 0x0001, 0x39e7, 0x0001, 0x632c, 0x0001, 0x8c72, 0x0001, 0xbe18, 0x0001, 0xe75d, 0x0028, 0xef7d, 0x0001, 0xdefb,
    0x0001, 0x52ab, 0x0002, 0x20e4, 0x0001, 0x2945, 0x0001, 0xcef7, 0x005c, 0xcf17, 0x005d, 0xcf17, 0x0001, 0xcef6, 0x0001, 0x3a07,
    0x0002, 0x20e4, 0x0001, 0x3aa2, 0x000a, 0x5c80, 0x0001, 0x3203, 0x0001, 0x20e4, 0x0001, 0x2104, 0x0001, 0xe75d, 0x0018, 0xef7d,
    0x0001, 0xe73c, 0x0001, 0xc618, 0x0001, 0x9cf4, 0x0001, 0x7bef, 0x0001, 0x52cb, 0x0001, 0x31a7, 0x001d, 0x20e4, 0x0001, 0x2986,
    0x0001, 0x4a6a, 0x0001, 0x6b8e, 0x0001, 0x94b2, 0x0001, 0xbdf7, 0x0001, 0xdf1c, 0x002b, 0xef7d, 0x0001, 0xdf1c, 0x0001, 0x8410,
    0x0001, 0x2945, 0x0004, 0x20e4, 0x0001, 0x8cd0, 0x005c, 0xcf17, 0x005d, 0xcf17, 0x0001, 0x7c0e, 0x0002, 0x20e4, 0x0001, 0x3203,
    0x000b, 0x5c80, 0x0001, 0x3aa2, 0x0002, 0x20e4, 0x0001, 0xce59, 0x001e, 0xef7d, 0x0001, 0xdf1c, 0x0001, 0xbe18, 0x0001, 0xad55,
    0x0001, 0x94b2, 0x0001, 0x7bef, 0x0001, 0x632d, 0x0001, 0x4a6a, 0x0001, 0x39c7, 0x0001, 0x2125, 0x000b, 0x20e4, 0x0001, 0x2104,
    0x0001, 0x31a7, 0x0001, 0x4a69, 0x0001, 0x630c, 0x0001, 0x73cf, 0x0001, 0x8c72, 0x0001, 0xa534, 0x0001, 0xbe18, 0x0001, 0xdf1c,
    0x002f, 0xef7d, 0x0001, 0xd6ba, 0x0001, 0x7bef, 0x0001, 0x2945, 0x0003, 0x20e4, 0x0001, 0x2144, 0x0001, 0x2104, 0x0001, 0x18e4,
    0x0001, 0x4a69, 0x005c, 0xcf17, 0x005c, 0xcf17, 0x0001, 0xc695, 0x0001, 0x2945, 0x0001, 0x20e4, 0x0001, 0x2124, 0x0001, 0x5420,
    0x000b, 0x5c80, 0x0001, 0x4341, 0x0002, 0x20e4, 0x0001, 0xa555, 0x0027, 0xef7d, 0x0001, 0xe73c, 0x0001, 0xd6db, 0x0001, 0xce79,
    0x0001, 0xc638, 0x0001, 0xbe18, 0x0003, 0xb5b7, 0x0001, 0xbdf7, 0x0001, 0xce59, 0x0001, 0xd6db, 0x0036, 0xef7d, 0x0001, 0xbdf7,
    0x0001, 0x630c, 0x0001, 0x2104, 0x0003, 0x20e4, 0x0001, 0x2144, 0x0001, 0x4301, 0x0001, 0x5c60, 0x0001, 0x3203, 0x0002, 0x20e4,
    0x0001, 0xb614, 0x005b, 0xcf17, 0x005c, 0xcf17, 0x0001, 0x7c2e, 0x0002, 0x20e4, 0x0001, 0x42e2, 0x000c, 0x5c80, 0x0001, 0x53e0,
    0x0002, 0x20e4, 0x0001, 0x8430, 0x0065, 0xef7d, 0x0001, 0xe73c, 0x0001, 0x9cf4, 0x0001, 0x4a49, 0x0004, 0x20e4, 0x0001, 0x2163,
    0x0001, 0x42e2, 0x0001, 0x5c60, 0x0002, 0x5c80, 0x0001, 0x4b61, 0x0002, 0x20e4, 0x0001, 0x846e, 0x005b, 0xcf17, 0x005c, 0xcf17,
    0x0001, 0x39c7, 0x0001, 0x20e4, 0x0001, 0x2124, 0x0001, 0x5c40, 0x000c, 0x5c80, 0x0001, 0x5c60, 0x0001, 0x2104, 0x0001, 0x20e4,
    0x0001, 0x630c, 0x0063, 0xef7d, 0x0001, 0xbdf7, 0x0001, 0x738e, 0x0001, 0x2945, 0x0004, 0x20e4, 0x0001, 0x29a3, 0x0001, 0x4321,
    0x0001, 0x5c60, 0x0004, 0x5c80, 0x0001, 0x5c60, 0x0001, 0x2104, 0x0001, 0x20e4, 0x0001, 0x52a9, 0x005b, 0xcf17, 0x005b, 0xcf17,
    0x0001, 0xb5f3, 0x0002, 0x20e4, 0x0001, 0x3262, 0x000e, 0x5c80, 0x0001, 0x2963, 0x0001, 0x20e4, 0x0001, 0x41e8, 0x0060, 0xef7d,
    0x0001, 0xce9a, 0x0001, 0x8431, 0x0001, 0x39c7, 0x0004, 0x20e4, 0x0001, 0x2104, 0x0001, 0x3222, 0x0001, 0x4bc1, 0x0008, 0x5c80,
    0x0001, 0x29c3, 0x0001, 0x20e4, 0x0001, 0x2945, 0x0001, 0xcef7, 0x005a, 0xcf17, 0x005b, 0xcf17, 0x0001, 0x7c2e, 0x0002, 0x20e4,
    0x0001, 0x4b61, 0x000e, 0x5c80, 0x0001, 0x3203, 0x0001, 0x20e4, 0x0001, 0x2104, 0x0001, 0xe75d, 0x005c, 0xef7d, 0x0001, 0xd69a,
    0x0001, 0x94b2, 0x0001, 0x4a6a, 0x0001, 0x2104, 0x0004, 0x20e4, 0x0001, 0x2983, 0x0001, 0x42c2, 0x0001, 0x5420, 0x000a, 0x5c80,
    0x0001, 0x3a62, 0x0002, 0x20e4, 0x0001, 0xbe95, 0x005a, 0xcf17, 0x005b, 0xcf17, 0x0001, 0x5b0a, 0x0001, 0x20e4, 0x0001, 0x2104,
    0x0001, 0x5c60, 0x000e, 0x5c80, 0x0001, 0x3aa2, 0x0002, 0x20e4, 0x0001, 0xc659, 0x0059, 0xef7d, 0x0001, 0xc638, 0x0001, 0x8410,
    0x0001, 0x39e8, 0x0005, 0x20e4, 0x0001, 0x2124, 0x0001, 0x3a62, 0x0001, 0x53c0, 0x000d, 0x5c80, 0x0001, 0x3ac2, 0x0002, 0x20e4,
    0x0001, 0xb614, 0x005a, 0xcf17, 0x005b, 0xcf17, 0x0001, 0x39e7, 0x0001, 0x20e4, 0x0001, 0x2963, 0x000f, 0x5c80, 0x0001, 0x4341,
    0x0002, 0x20e4, 0x0001, 0x4208, 0x0001, 0x8c92, 0x0001, 0xdefb, 0x0053, 0xef7d, 0x0001, 0xdefb, 0x0001, 0xa555, 0x0001, 0x6b6e,
    0x0001, 0x31a7, 0x0005, 0x20e4, 0x0001, 0x2124, 0x0001, 0x3222, 0x0001, 0x4b61, 0x0001, 0x5c60, 0x000f, 0x5c80, 0x0001, 0x3ac2,
    0x0002, 0x20e4, 0x0001, 0xb5f4, 0x005a, 0xcf17, 0x005b, 0xcf17, 0x0001, 0x2965, 0x0001, 0x20e4, 0x0001, 0x31e3, 0x000f, 0x5c80,
    0x0001, 0x53e0, 0x0004, 0x20e4, 0x0001, 0x2104, 0x0001, 0x5aec, 0x0001, 0xa534, 0x0001, 0xdf1c, 0x004c, 0xef7d, 0x0001, 0xe75d,
    0x0001, 0xbdd7, 0x0001, 0x8410, 0x0001, 0x4a49, 0x0001, 0x2104, 0x0005, 0x20e4, 0x0001, 0x2124, 0x0001, 0x3242, 0x0001, 0x4b61,
    0x0001, 0x5c60, 0x0012, 0x5c80, 0x0001, 0x3aa2, 0x0002, 0x20e4, 0x0001, 0xbe54, 0x005a, 0xcf17, 0x005a, 0xcf17, 0x0001, 0xcef7,
    0x0001, 0x2104, 0x0001, 0x20e4, 0x0001, 0x3223, 0x0010, 0x5c80, 0x0001, 0x4bc1, 0x0001, 0x3262, 0x0001, 0x2124, 0x0004, 0x20e4,
    0x0001, 0x2104, 0x0001, 0x52ab, 0x0001, 0x94b3, 0x0001, 0xd6ba, 0x0045, 0xef7d, 0x0001, 0xe73c, 0x0001, 0xb5b6, 0x0001, 0x8431,
    0x0001, 0x52ab, 0x0001, 0x2945, 0x0006, 0x20e4, 0x0001, 0x2963, 0x0001, 0x3a62, 0x0001, 0x4b81, 0x0001, 0x5c60, 0x0015, 0x5c80,
    0x0001, 0x3242, 0x0002, 0x20e4, 0x0001, 0xc6b6, 0x005a, 0xcf17, 0x005a, 0xcf17, 0x0001, 0xc6b6, 0x0002, 0x20e4, 0x0001, 0x3a62,
    0x0012, 0x5c80, 0x0001, 0x5c60, 0x0001, 0x4321, 0x0001, 0x29c3, 0x0001, 0x2104, 0x0005, 0x20e4, 0x0001, 0x4208, 0x0001, 0x73af,
    0x0001, 0xad55, 0x0001, 0xdefb, 0x003d, 0xef7d, 0x0001, 0xce9a, 0x0001, 0xa514, 0x0001, 0x738e, 0x0001, 0x4228, 0x0001, 0x2104,
    0x0006, 0x20e4, 0x0001, 0x2124, 0x0001, 0x3203, 0x0001, 0x4301, 0x0001, 0x5400, 0x0019, 0x5c80, 0x0001, 0x29a3, 0x0001, 0x20e4,
    0x0001, 0x3186, 0x005b, 0xcf17, 0x005a, 0xcf17, 0x0001, 0xbe75, 0x0002, 0x20e4, 0x0001, 0x3a82, 0x0015, 0x5c80, 0x0001, 0x5420,
    0x0001, 0x4301, 0x0001, 0x31e3, 0x0001, 0x2104, 0x0005, 0x20e4, 0x0001, 0x2104, 0x0001, 0x4208, 0x0001, 0x73cf, 0x0001, 0xad75,
    0x0001, 0xd6db, 0x0033, 0xef7d, 0x0001, 0xe75d, 0x0001, 0xc638, 0x0001, 0x9cf4, 0x0001, 0x7bcf, 0x0001, 0x52aa, 0x0001, 0x2966,
    0x0007, 0x20e4, 0x0001, 0x2104, 0x0001, 0x29c3, 0x0001, 0x3ac2, 0x0001, 0x4ba1, 0x0001, 0x5c60, 0x001b, 0x5c80, 0x0001, 0x5c60,
    0x0001, 0x2124, 0x0001, 0x20e4, 0x0001, 0x4aa9, 0x005b, 0xcf17, 0x005a, 0xcf17, 0x0001, 0xc6b6, 0x0002, 0x20e4, 0x0001, 0x3a42,
    0x0018, 0x5c80, 0x0001, 0x5c40, 0x0001, 0x4341, 0x0001, 0x3222, 0x0001, 0x2144, 0x0007, 0x20e4, 0x0001, 0x3186, 0x0001, 0x5aec,
    0x0001, 0x8431, 0x0001, 0xad55, 0x0001, 0xce9a, 0x0001, 0xe75d, 0x0027, 0xef7d, 0x0001, 0xe73c, 0x0001, 0xc659, 0x0001, 0xad75,
    0x0001, 0x8c71, 0x0001, 0x632d, 0x0001, 0x4208, 0x0001, 0x2104, 0x0008, 0x20e4, 0x0001, 0x2144, 0x0001, 0x3223, 0x0001, 0x42e2,
    0x0001, 0x4bc1, 0x0001, 0x5c60, 0x001f, 0x5c80, 0x0001, 0x4b81, 0x0002, 0x20e4, 0x0001, 0x7c2e, 0x005b, 0xcf17, 0x005a, 0xcf17,
    0x0001, 0xcef7, 0x0001, 0x2125, 0x0001, 0x20e4, 0x0001, 0x31e3, 0x001c, 0x5c80, 0x0001, 0x53e0, 0x0001, 0x4301, 0x0001, 0x3222,
    0x0001, 0x2144, 0x0008, 0x20e4, 0x0001, 0x2125, 0x0001, 0x4229, 0x0001, 0x632d, 0x0001, 0x8410, 0x0001, 0x9cd3, 0x0001, 0xb5b7,
    0x0001, 0xce9a, 0x0001, 0xe75d, 0x0019, 0xef7d, 0x0001, 0xdefb, 0x0001, 0xc618, 0x0001, 0xa535, 0x0001, 0x8c51, 0x0001, 0x6b6e,
    0x0001, 0x528a, 0x0001, 0x3186, 0x000a, 0x20e4, 0x0001, 0x2124, 0x0001, 0x29c3, 0x0001, 0x3a62, 0x0001, 0x4341, 0x0001, 0x5400,
    0x0024, 0x5c80, 0x0001, 0x3a82, 0x0002, 0x20e4, 0x0001, 0xadf3, 0x005b, 0xcf17, 0x005b, 0xcf17, 0x0001, 0x4228, 0x0001, 0x20e4,
    0x0001, 0x2144, 0x0020, 0x5c80, 0x0001, 0x53e0, 0x0001, 0x4301, 0x0001, 0x3262, 0x0001, 0x29a3, 0x0001, 0x2104, 0x000b, 0x20e4,
    0x0001, 0x2945, 0x0001, 0x41e8, 0x0001, 0x528a, 0x0001, 0x632c, 0x0001, 0x738e, 0x0001, 0x7bef, 0x0001, 0x8431, 0x0001, 0x8c72,
    0x0003, 0x9cd3, 0x0001, 0x9cf4, 0x0002, 0xad55, 0x0001, 0xa534, 0x0001, 0x9cd3, 0x0001, 0x9492, 0x0001, 0x8c71, 0x0001, 0x7c10,
    0x0001, 0x7bcf, 0x0001, 0x6b4d, 0x0001, 0x5acb, 0x0001, 0x4229, 0x0001, 0x3186, 0x0001, 0x2104, 0x000b, 0x20e4, 0x0001, 0x2104,
    0x0001, 0x2963, 0x0001, 0x3203, 0x0001, 0x3ac2, 0x0001, 0x4b61, 0x0001, 0x5400, 0x0029, 0x5c80, 0x0001, 0x2963, 0x0001, 0x20e4,
    0x0001, 0x31a6, 0x0001, 0xcef7, 0x005b, 0xcf17, 0x005b, 0xcf17, 0x0001, 0x636b, 0x0002, 0x20e4, 0x0001, 0x5400, 0x0023, 0x5c80,
    0x0001, 0x5c60, 0x0001, 0x53c0, 0x0001, 0x4321, 0x0001, 0x3a82, 0x0001, 0x31e3, 0x0001, 0x2163, 0x0001, 0x2104, 0x0023, 0x20e4,
    0x0001, 0x2144, 0x0001, 0x29a3, 0x0001, 0x3242, 0x0001, 0x3ac2, 0x0001, 0x4321, 0x0001, 0x4bc1, 0x0001, 0x5c60, 0x002d, 0x5c80,
    0x0001, 0x4ba1, 0x0002, 0x20e4, 0x0001, 0x636b, 0x005c, 0xcf17, 0x005b, 0xcf17, 0x0001, 0x9511, 0x0002, 0x20e4, 0x0001, 0x42e1,
    0x0029, 0x5c80, 0x0001, 0x5c60, 0x0001, 0x5400, 0x0001, 0x4b81, 0x0001, 0x4301, 0x0001, 0x3aa2, 0x0001, 0x3242, 0x0001, 0x31e3,
    0x0001, 0x29a3, 0x0001, 0x2144, 0x0001, 0x2104, 0x0011, 0x20e4, 0x0001, 0x2124, 0x0001, 0x2983, 0x0001, 0x29c3, 0x0001, 0x3203,
    0x0001, 0x3a62, 0x0001, 0x3ac2, 0x0001, 0x4b41, 0x0001, 0x53c0, 0x0001, 0x5c40, 0x0034, 0x5c80, 0x0001, 0x3203, 0x0002, 0x20e4,
    0x0001, 0xadb3, 0x005c, 0xcf17, 0x005b, 0xcf17, 0x0001, 0xc6b6, 0x0001, 0x2104, 0x0001, 0x20e4, 0x0001, 0x29c3, 0x0033, 0x5c80,
    0x0001, 0x5c40, 0x0001, 0x5420, 0x0001, 0x5400, 0x0001, 0x53c0, 0x0005, 0x4b81, 0x0002, 0x4b61, 0x0001, 0x4b81, 0x0001, 0x53c0,
    0x0001, 0x53e0, 0x0001, 0x5400, 0x0001, 0x5420, 0x0001, 0x5c60, 0x003c, 0x5c80, 0x0001, 0x5400, 0x0001, 0x2104, 0x0001, 0x20e4,
    0x0001, 0x4248, 0x005d, 0xcf17, 0x005c, 0xcf17, 0x0001, 0x52ca, 0x0002, 0x20e4, 0x0001, 0x53e0, 0x007f, 0x5c80, 0x0001, 0x3a82,
    0x0002, 0x20e4, 0x0001, 0x9511, 0x005d, 0xcf17, 0x005c, 0xcf17, 0x0001, 0x9d51, 0x0002, 0x20e4, 0x0001, 0x3a62, 0x007e, 0x5c80,
    0x0001, 0x5400, 0x0001, 0x2104, 0x0001, 0x20e4, 0x0001, 0x31a6, 0x0001, 0xcef7, 0x005d, 0xcf17, 0x005c, 0xcf17, 0x0001, 0xcef7,
    0x0001, 0x39c7, 0x0001, 0x20e4, 0x0001, 0x2104, 0x0001, 0x5400, 0x007d, 0x5c80, 0x0001, 0x3222, 0x0002, 0x20e4, 0x0001, 0x8c8f,
    0x005e, 0xcf17, 0x005d, 0xcf17, 0x0001, 0x8cd0, 0x0002, 0x20e4, 0x0001, 0x3242, 0x007c, 0x5c80, 0x0001, 0x4b81, 0x0001, 0x2104,
    0x0001, 0x20e4, 0x0001, 0x3a07, 0x0001, 0xcef7, 0x005e, 0xcf17, 0x005d, 0xcf17, 0x0001, 0xcef7, 0x0001, 0x39e7, 0x0001, 0x20e4,
    0x0001, 0x2104, 0x0001, 0x4ba1, 0x007a, 0x5c80, 0x0001, 0x5c60, 0x0001, 0x2963, 0x0001, 0x20e4, 0x0001, 0x2104, 0x0001, 0xa592,
    0x005f, 0xcf17, 0x005e, 0xcf17, 0x0001, 0x9d51, 0x0002, 0x20e4, 0x0001, 0x2983, 0x0001, 0x5c60, 0x0045, 0x5c80, 0x0001, 0x5420,
    0x0001, 0x4ba1, 0x0001, 0x4b61, 0x0001, 0x4301, 0x0001, 0x3ac2, 0x0001, 0x3aa2, 0x0002, 0x3a62, 0x0001, 0x3242, 0x0001, 0x3a62,
    0x0001, 0x3a82, 0x0001, 0x3aa2, 0x0001, 0x42c2, 0x0001, 0x42e1, 0x0001, 0x4b61, 0x0001, 0x53c0, 0x0001, 0x5440, 0x0023, 0x5c80,
    0x0001, 0x3262, 0x0002, 0x20e4, 0x0001, 0x636b, 0x0060, 0xcf17, 0x005f, 0xcf17, 0x0001, 0x5b0a, 0x0002, 0x20e4, 0x0001, 0x3aa2,
    0x003f, 0x5c80, 0x0001, 0x5c60, 0x0001, 0x53c0, 0x0001, 0x4301, 0x0001, 0x3242, 0x0001, 0x29a3, 0x0001, 0x2124, 0x0011, 0x20e4,
    0x0001, 0x2124, 0x0001, 0x29a3, 0x0001, 0x3242, 0x0001, 0x4301, 0x0001, 0x4bc1, 0x0001, 0x5c60, 0x001c, 0x5c80, 0x0001, 0x4b41,
    0x0002, 0x20e4, 0x0001, 0x31a6, 0x0001, 0xc6b6, 0x0060, 0xcf17, 0x005f, 0xcf17, 0x0001, 0xbe75, 0x0001, 0x2965, 0x0001, 0x20e4,
    0x0001, 0x2104, 0x0001, 0x4b81, 0x003b, 0x5c80, 0x0001, 0x53e0, 0x0001, 0x42e2, 0x0001, 0x31e3, 0x0001, 0x2124, 0x001b, 0x20e4,
    0x0001, 0x2104, 0x0001, 0x29c3, 0x0001, 0x3ac2, 0x0001, 0x53e0, 0x0018, 0x5c80, 0x0001, 0x53e0, 0x0001, 0x2124, 0x0001, 0x20e4,
    0x0001, 0x2104, 0x0001, 0xa592, 0x0061, 0xcf17, 0x0060, 0xcf17, 0x0001, 0x9d31, 0x0001, 0x2104, 0x0001, 0x20e4, 0x0001, 0x2144,
    0x0001, 0x5400, 0x0037, 0x5c80, 0x0001, 0x53e0, 0x0001, 0x3aa2, 0x0001, 0x2963, 0x0007, 0x20e4, 0x0001, 0x2984, 0x0001, 0x3a45,
    0x0001, 0x4ae6, 0x0001, 0x5ba7, 0x0001, 0x6428, 0x0001, 0x74a8, 0x0001, 0x7d09, 0x0001, 0x8549, 0x0002, 0x8589, 0x0001, 0x8dea,
    0x0001, 0x8589, 0x0001, 0x8569, 0x0001, 0x7d29, 0x0001, 0x7ce8, 0x0001, 0x74c8, 0x0001, 0x6428, 0x0001, 0x5b87, 0x0001, 0x4ae6,
    0x0001, 0x3a46, 0x0001, 0x2985, 0x0007, 0x20e4, 0x0001, 0x2163, 0x0001, 0x3a62, 0x0001, 0x53c0, 0x0014, 0x5c80, 0x0001, 0x5440,
    0x0001, 0x2963, 0x0002, 0x20e4, 0x0001, 0x7c0e, 0x0062, 0xcf17, 0x0061, 0xcf17, 0x0001, 0x73cd, 0x0002, 0x20e4, 0x0001, 0x2983,
    0x0001, 0x5440, 0x0033, 0x5c80, 0x0001, 0x5c60, 0x0001, 0x4321, 0x0001, 0x29a3, 0x0005, 0x20e4, 0x0001, 0x2104, 0x0001, 0x3a25,
    0x0001, 0x5347, 0x0001, 0x6c68, 0x0001, 0x8569, 0x0015, 0x8dea, 0x0001, 0x8569, 0x0001, 0x6c68, 0x0001, 0x5367, 0x0001, 0x3a66,
    0x0001, 0x2124, 0x0005, 0x20e4, 0x0001, 0x2983, 0x0001, 0x4301, 0x0001, 0x5c40, 0x0010, 0x5c80, 0x0001, 0x5c60, 0x0001, 0x29c3,
    0x0002, 0x20e4, 0x0001, 0x5aea, 0x0001, 0xcef7, 0x0062, 0xcf17, 0x0061, 0xcf17, 0x0001, 0xcef7, 0x0001, 0x52a9, 0x0002, 0x20e4,
    0x0001, 0x29a3, 0x0001, 0x5c60, 0x0030, 0x5c80, 0x0001, 0x5c40, 0x0001, 0x3ac2, 0x0001, 0x2144, 0x0004, 0x20e4, 0x0001, 0x2144,
    0x0001, 0x4ae6, 0x0001, 0x6c68, 0x0001, 0x85a9, 0x001d, 0x8dea, 0x0001, 0x8da9, 0x0001, 0x6c68, 0x0001, 0x4ae6, 0x0001, 0x2985,
    0x0004, 0x20e4, 0x0001, 0x2104, 0x0001, 0x3a62, 0x0001, 0x5420, 0x000d, 0x5c80, 0x0001, 0x5c60, 0x0001, 0x31e3, 0x0002, 0x20e4,
    0x0001, 0x4207, 0x0001, 0xc6b6, 0x0063, 0xcf17, 0x0062, 0xcf17, 0x0001, 0xc6b6, 0x0001, 0x4248, 0x0002, 0x20e4, 0x0001, 0x29c3,
    0x0001, 0x5c40, 0x002d, 0x5c80, 0x0001, 0x5c40, 0x0001, 0x3ac2, 0x0001, 0x2124, 0x0003, 0x20e4, 0x0001, 0x2104, 0x0001, 0x4286,
    0x0001, 0x6c68, 0x0001, 0x8dc9, 0x0023, 0x8dea, 0x0001, 0x8dca, 0x0001, 0x74a8, 0x0001, 0x42a6, 0x0001, 0x2124, 0x0003, 0x20e4,
    0x0001, 0x2104, 0x0001, 0x3a82, 0x0001, 0x5420, 0x000a, 0x5c80, 0x0001, 0x5c60, 0x0001, 0x3203, 0x0002, 0x20e4, 0x0001, 0x39c7,
    0x0001, 0xbe75, 0x0064, 0xcf17, 0x0063, 0xcf17, 0x0001, 0xc695, 0x0001, 0x39c7, 0x0002, 0x20e4, 0x0001, 0x29a3, 0x0001, 0x5c40,
    0x002b, 0x5c80, 0x0001, 0x4321, 0x0001, 0x2144, 0x0003, 0x20e4, 0x0001, 0x2964, 0x0001, 0x5347, 0x0001, 0x8549, 0x0029, 0x8dea,
    0x0001, 0x8589, 0x0001, 0x5bc7, 0x0001, 0x2985, 0x0003, 0x20e4, 0x0001, 0x2104, 0x0001, 0x3ac2, 0x0001, 0x5c60, 0x0007, 0x5c80,
    0x0001, 0x5c60, 0x0001, 0x3203, 0x0002, 0x20e4, 0x0001, 0x31a6, 0x0001, 0xb634, 0x0065, 0xcf17, 0x0064, 0xcf17, 0x0001, 0xbe55,
    0x0001, 0x39e7, 0x0002, 0x20e4, 0x0001, 0x2983, 0x0001, 0x5400, 0x0028, 0x5c80, 0x0001, 0x53e0, 0x0001, 0x29c3, 0x0003, 0x20e4,
    0x0001, 0x2964, 0x0001, 0x5b87, 0x0001, 0x85a9, 0x002d, 0x8dea, 0x0001, 0x8dc9, 0x0001, 0x63e7, 0x0001, 0x2985, 0x0003, 0x20e4,
    0x0001, 0x2983, 0x0001, 0x4ba1, 0x0005, 0x5c80, 0x0001, 0x5440, 0x0001, 0x29c3, 0x0002, 0x20e4, 0x0001, 0x31a6, 0x0001, 0xb634,
    0x0066, 0xcf17, 0x0065, 0xcf17, 0x0001, 0xc695, 0x0001, 0x4228, 0x0002, 0x20e4, 0x0001, 0x2144, 0x0001, 0x4b81, 0x0026, 0x5c80,
    0x0001, 0x4301, 0x0001, 0x2104, 0x0002, 0x20e4, 0x0001, 0x2104, 0x0001, 0x5347, 0x0001, 0x85a9, 0x0031, 0x8dea, 0x0001, 0x8dc9,
    0x0001, 0x5bc7, 0x0001, 0x2144, 0x0002, 0x20e4, 0x0001, 0x2104, 0x0001, 0x3a82, 0x0001, 0x5c60, 0x0002, 0x5c80, 0x0001, 0x5400,
    0x0001, 0x2963, 0x0002, 0x20e4, 0x0001, 0x31a6, 0x0001, 0xb634, 0x0067, 0xcf17, 0x0066, 0xcf17, 0x0001, 0xc6b6, 0x0001, 0x4a89,
    0x0002, 0x20e4, 0x0001, 0x2104, 0x0001, 0x42e2, 0x0023, 0x5c80, 0x0001, 0x5c40, 0x0001, 0x3203, 0x0003, 0x20e4, 0x0001, 0x3a46,
    0x0001, 0x7d29, 0x0035, 0x8dea, 0x0001, 0x8569, 0x0001, 0x42a6, 0x0003, 0x20e4, 0x0001, 0x29c3, 0x0001, 0x5420, 0x0001, 0x4b61,
    0x0001, 0x2124, 0x0002, 0x20e4, 0x0001, 0x4228, 0x0001, 0xbe75, 0x0068, 0xcf17, 0x0067, 0xcf17, 0x0001, 0xcef7, 0x0001, 0x6bac,
    0x0003, 0x20e4, 0x0001, 0x31e3, 0x0001, 0x5420, 0x0020, 0x5c80, 0x0001, 0x5400, 0x0001, 0x2983, 0x0002, 0x20e4, 0x0001, 0x2124,
    0x0001, 0x5bc7, 0x0001, 0x8dca, 0x0038, 0x8dea, 0x0001, 0x6c88, 0x0001, 0x2965, 0x0002, 0x20e4, 0x0001, 0x2124, 0x0001, 0x2104,
    0x0002, 0x20e4, 0x0001, 0x52ca, 0x0001, 0xc6b6, 0x0069, 0xcf17, 0x0069, 0xcf17, 0x0001, 0x94f0, 0x0001, 0x2945, 0x0002, 0x20e4,
    0x0001, 0x2124, 0x0001, 0x4321, 0x001e, 0x5c80, 0x0001, 0x53c0, 0x0001, 0x2124, 0x0002, 0x20e4, 0x0001, 0x31a5, 0x0001, 0x7d29,
    0x003b, 0x8dea, 0x0001, 0x8569, 0x0001, 0x31e5, 0x0003, 0x20e4, 0x0001, 0x2104, 0x0001, 0x73ed, 0x0001, 0xcef7, 0x006a, 0xcf17,
    0x006a, 0xcf17, 0x0001, 0xb614, 0x0001, 0x4228, 0x0003, 0x20e4, 0x0001, 0x31e3, 0x0001, 0x53e0, 0x001b, 0x5c80, 0x0001, 0x4ba1,
    0x0001, 0x2124, 0x0002, 0x20e4, 0x0001, 0x4266, 0x0001, 0x8589, 0x003b, 0x8dea, 0x0001, 0x8dc9, 0x0001, 0x5367, 0x0001, 0x2104,
    0x0002, 0x20e4, 0x0001, 0x2104, 0x0001, 0x73ed, 0x006c, 0xcf17, 0x006b, 0xcf17, 0x0001, 0xcef7, 0x0001, 0x7c2e, 0x0001, 0x2104,
    0x0002, 0x20e4, 0x0001, 0x2104, 0x0001, 0x3a62, 0x0001, 0x5440, 0x0018, 0x5c80, 0x0001, 0x53c0, 0x0001, 0x2124, 0x0002, 0x20e4,
    0x0001, 0x4ae6, 0x0001, 0x8dc9, 0x003b, 0x8dea, 0x0001, 0x74c8, 0x0001, 0x31e5, 0x0003, 0x20e4, 0x0001, 0x3186, 0x0001, 0xadf4,
    0x006d, 0xcf17, 0x006d, 0xcf17, 0x0001, 0xb5f3, 0x0001, 0x4a48, 0x0003, 0x20e4, 0x0001, 0x2124, 0x0001, 0x42c2, 0x0001, 0x5c40,
    0x0015, 0x5c80, 0x0001, 0x5400, 0x0001, 0x2144, 0x0002, 0x20e4, 0x0001, 0x4b06, 0x0001, 0x8dca, 0x003a, 0x8dea, 0x0001, 0x7d29,
    0x0001, 0x42a6, 0x0001, 0x2104, 0x0002, 0x20e4, 0x0001, 0x2104, 0x0001, 0x6b8c, 0x006f, 0xcf17, 0x006f, 0xcf17, 0x0001, 0x9d31,
    0x0001, 0x31c6, 0x0003, 0x20e4, 0x0001, 0x2124, 0x0001, 0x3a82, 0x0001, 0x5420, 0x0012, 0x5c80, 0x0001, 0x5c60, 0x0001, 0x2983,
    0x0002, 0x20e4, 0x0001, 0x4ac6, 0x0001, 0x8dca, 0x0039, 0x8dea, 0x0001, 0x8569, 0x0001, 0x4ae6, 0x0001, 0x2104, 0x0003, 0x20e4,
    0x0001, 0x3186, 0x0001, 0xadf3, 0x0070, 0xcf17, 0x0070, 0xcf17, 0x0001, 0xced6, 0x0001, 0x7c2e, 0x0001, 0x2945, 0x0003, 0x20e4,
    0x0001, 0x2124, 0x0001, 0x3a62, 0x0001, 0x53e0, 0x0010, 0x5c80, 0x0001, 0x3262, 0x0002, 0x20e4, 0x0001, 0x3a46, 0x0001, 0x8dc9,
    0x0038, 0x8dea, 0x0001, 0x7d49, 0x0001, 0x5326, 0x0001, 0x2124, 0x0003, 0x20e4, 0x0001, 0x2125, 0x0001, 0x7c2e, 0x0072, 0xcf17,
    0x0072, 0xcf17, 0x0001, 0xc6b6, 0x0001, 0x844f, 0x0001, 0x3186, 0x0004, 0x20e4, 0x0001, 0x29a3, 0x0001, 0x4301, 0x0001, 0x5c60,
    0x000c, 0x5c80, 0x0001, 0x4b61, 0x0002, 0x20e4, 0x0001, 0x2985, 0x0001, 0x8589, 0x0037, 0x8dea, 0x0001, 0x74a8, 0x0001, 0x4286,
    0x0001, 0x2104, 0x0003, 0x20e4, 0x0001, 0x2104, 0x0001, 0x634b, 0x0001, 0xced6, 0x0073, 0xcf17, 0x0074, 0xcf17, 0x0001, 0xced6,
    0x0001, 0x846f, 0x0001, 0x31a6, 0x0004, 0x20e4, 0x0001, 0x2124, 0x0001, 0x3242, 0x0001, 0x4b61, 0x0001, 0x5c60, 0x0008, 0x5c80,
    0x0001, 0x5c60, 0x0001, 0x2143, 0x0001, 0x20e4, 0x0001, 0x2104, 0x0001, 0x74a8, 0x0035, 0x8dea, 0x0001, 0x8589, 0x0001, 0x63e7,
    0x0001, 0x31c5, 0x0004, 0x20e4, 0x0001, 0x2104, 0x0001, 0x5aea, 0x0001, 0xc6d6, 0x0075, 0xcf17, 0x0076, 0xcf17, 0x0001, 0xcef7,
    0x0001, 0xa572, 0x0001, 0x5b0a, 0x0001, 0x2104, 0x0004, 0x20e4, 0x0001, 0x2104, 0x0001, 0x3203, 0x0001, 0x4301, 0x0001, 0x5420,
    0x0005, 0x5c80, 0x0001, 0x3aa2, 0x0002, 0x20e4, 0x0001, 0x4b06, 0x0033, 0x8dea, 0x0001, 0x8589, 0x0001, 0x6407, 0x0001, 0x3a66,
    0x0001, 0x2104, 0x0004, 0x20e4, 0x0001, 0x2925, 0x0001, 0x634b, 0x0001, 0xc6b6, 0x0077, 0xcf17, 0x0079, 0xcf17, 0x0001, 0xbe75,
    0x0001, 0x7c2e, 0x0001, 0x39e7, 0x0005, 0x20e4, 0x0001, 0x2104, 0x0001, 0x29c3, 0x0001, 0x3aa2, 0x0001, 0x4b61, 0x0002, 0x5c40,
    0x0001, 0x2124, 0x0001, 0x20e4, 0x0001, 0x2964, 0x0001, 0x8589, 0x0030, 0x8dea, 0x0001, 0x7d49, 0x0001, 0x63e7, 0x0001, 0x3a46,
    0x0001, 0x2104, 0x0005, 0x20e4, 0x0001, 0x31c6, 0x0001, 0x8cb0, 0x007a, 0xcf17, 0x007c, 0xcf17, 0x0001, 0xb5f4, 0x0001, 0x7c0e,
    0x0001, 0x4228, 0x0001, 0x2104, 0x0005, 0x20e4, 0x0001, 0x2104, 0x0001, 0x2143, 0x0002, 0x20e4, 0x0001, 0x5326, 0x0001, 0x8dc9,
    0x002b, 0x8dea, 0x0001, 0x8dca, 0x0001, 0x7d09, 0x0001, 0x63e7, 0x0001, 0x42a6, 0x0001, 0x2985, 0x0006, 0x20e4, 0x0001, 0x2945,
    0x0001, 0x5b0a, 0x0001, 0xb614, 0x007c, 0xcf17, 0x007f, 0xcf17, 0x0001, 0xbe55, 0x0001, 0x846f, 0x0001, 0x52a9, 0x0001, 0x2945,
    0x0002, 0x20e4, 0x0001, 0x18e4, 0x0004, 0x20e4, 0x0001, 0x2104, 0x0001, 0x31c5, 0x0001, 0x42c6, 0x0001, 0x5b87, 0x0001, 0x6c48,
    0x0001, 0x74e9, 0x0001, 0x8589, 0x0020, 0x8dea, 0x0001, 0x8589, 0x0001, 0x74c8, 0x0001, 0x63e7, 0x0001, 0x5326, 0x0001, 0x4266,
    0x0001, 0x2944, 0x0007, 0x20e4, 0x0001, 0x2945, 0x0001, 0x5b0a, 0x0001, 0xadf3, 0x007f, 0xcf17, 0x0082, 0xcf17, 0x0001, 0xcef7,
    0x0001, 0xadd3, 0x0001, 0x844f, 0x0001, 0x4a68, 0x0001, 0x2104, 0x000a, 0x20e4, 0x0001, 0x2964, 0x0001, 0x3205, 0x0001, 0x4286,
    0x0001, 0x4b06, 0x0001, 0x5367, 0x0001, 0x63e7, 0x0001, 0x6c68, 0x0001, 0x74c8, 0x0001, 0x7d09, 0x0001, 0x7d49, 0x0001, 0x8589,
    0x0001, 0x8dc9, 0x000a, 0x8dea, 0x0001, 0x8da9, 0x0001, 0x8549, 0x0001, 0x74e8, 0x0001, 0x6c68, 0x0001, 0x6408, 0x0001, 0x5ba7,
    0x0001, 0x5347, 0x0001, 0x4ac6, 0x0001, 0x3a25, 0x0001, 0x2964, 0x0009, 0x20e4, 0x0001, 0x2124, 0x0001, 0x39e7, 0x0001, 0x636c,
    0x0001, 0xb5f3, 0x0082, 0xcf17, 0x0086, 0xcf17, 0x0001, 0xcef7, 0x0001, 0xa572, 0x0001, 0x73ad, 0x0001, 0x4a68, 0x0001, 0x3186,
    0x0001, 0x2104, 0x0011, 0x20e4, 0x0001, 0x2104, 0x0003, 0x2144, 0x0001, 0x2964, 0x0001, 0x29a5, 0x0001, 0x2944, 0x0001, 0x2144,
    0x0001, 0x2124, 0x0010, 0x20e4, 0x0001, 0x2125, 0x0001, 0x4227, 0x0001, 0x6bad, 0x0001, 0xb5f3, 0x0086, 0xcf17, 0x008c, 0xcf17,
    0x0001, 0xbe55, 0x0001, 0x8cb0, 0x0001, 0x6b8c, 0x0001, 0x4a89, 0x0001, 0x39c7, 0x0001, 0x2945, 0x0001, 0x2104, 0x001c, 0x20e4,
    0x0001, 0x2104, 0x0001, 0x2945, 0x0001, 0x39c7, 0x0001, 0x52a9, 0x0001, 0x73cd, 0x0001, 0xa552, 0x0001, 0xced6, 0x008a, 0xcf17,
    0x0093, 0xcf17, 0x0001, 0xcef7, 0x0001, 0xb5f3, 0x0001, 0x9511, 0x0001, 0x7c2e, 0x0001, 0x6b6c, 0x0001, 0x52ca, 0x0001, 0x4a69,
    0x0001, 0x4248, 0x0001, 0x39e7, 0x0001, 0x31c6, 0x0001, 0x31a6, 0x0007, 0x2965, 0x0001, 0x2986, 0x0001, 0x31a6, 0x0001, 0x39c7,
    0x0001, 0x4228, 0x0001, 0x52a9, 0x0001, 0x634b, 0x0001, 0x73ed, 0x0001, 0x8caf, 0x0001, 0xa552, 0x0001, 0xbe55, 0x0091, 0xcf17,
    0x0140, 0xcf17, 0x0140, 0xcf17, 0x0140, 0xcf17, 0x0140, 0xcf17, 0x0140, 0xcf17, 0x0140, 0xcf17, 0x0140, 0xcf17, 0x0140, 0xcf17,
    0x0140, 0xcf17, 0x0140, 0xcf17, 0x0140, 0xcf17, 0x0140, 0xcf17, 0x0140, 0xcf17, 0x0140, 0xcf17, 0x0140, 0xcf17, 0x0140, 0xcf17,
    0x0140, 0xcf17, 0x0140, 0xcf17, 0x0140, 0xcf17, 0x0140, 0xcf17, 0x0140, 0xcf17, 0x0140, 0xcf17, 0x0140, 0xcf17, 0x0140, 0xcf17,
    0x0140, 0xcf17, 0x0140, 0xcf17, 0x0140, 0xcf17, 0x0140, 0xcf17, 0x0140, 0xcf17, 0x0140, 0xcf17, 0x0140, 0xcf17, 0x0140, 0xcf17,
    0x0140, 0xcf17, 0x0140, 0xcf17, 0x0140, 0xcf17, 0x0140, 0xcf17, 0x0140, 0xcf17, 0x0140, 0xcf17, 0x0140, 0xcf17, 0x0140, 0xcf17,
    0x0140, 0xcf17, 0x0140, 0xcf17, 0x0140, 0xcf17, 0x0140, 0xcf17, 0x0140, 0xcf17, 0x0140, 0xcf17, 0x0140, 0xcf17, 0x0140, 0xcf17,
    0x0140, 0xcf17, 0x0140, 0xcf17, 0x0140, 0xcf17, 0x0140, 0xcf17, 0x0140, 0xcf17,
};

// Asset 5: 819 runs, 3276 bytes
static const uint16_t s_asset_5_data[1638] = {
    0x0140, 0xcf17, 0x0140, 0xcf17, 0x0140, 0xcf17, 0x0140, 0xcf17, 0x0140, 0xcf17, 0x0140, 0xcf17, 0x0140, 0xcf17, 0x0140, 0xcf17,
    0x0140, 0xcf17, 0x0140, 0xcf17, 0x0140, 0xcf17, 0x0140, 0xcf17, 0x0140, 0xcf17, 0x0140, 0xcf17, 0x0140, 0xcf17, 0x0140, 0xcf17,
    0x0140, 0xcf17, 0x0140, 0xcf17, 0x0140, 0xcf17, 0x0140, 0xcf17, 0x0140, 0xcf17, 0x0140, 0xcf17, 0x0140, 0xcf17, 0x0140, 0xcf17,
    0x0140, 0xcf17, 0x0140, 0xcf17, 0x0140, 0xcf17, 0x0140, 0xcf17, 0x0140, 0xcf17, 0x0140, 0xcf17, 0x0140, 0xcf17, 0x0140, 0xcf17,
    0x0140, 0xcf17, 0x0140, 0xcf17, 0x0140, 0xcf17, 0x0140, 0xcf17, 0x0140, 0xcf17, 0x0140, 0xcf17, 0x0140, 0xcf17, 0x0140, 0xcf17,
    0x0140, 0xcf17, 0x0140, 0xcf17, 0x0140, 0xcf17, 0x0140, 0xcf17, 0x0140, 0xcf17, 0x0140, 0xcf17, 0x0140, 0xcf17, 0x0140, 0xcf17,
    0x0140, 0xcf17, 0x0140, 0xcf17, 0x0140, 0xcf17, 0x0140, 0xcf17, 0x0140, 0xcf17, 0x0140, 0xcf17, 0x0140, 0xcf17, 0x0140, 0xcf17,
    0x0140, 0xcf17, 0x0140, 0xcf17, 0x0140, 0xcf17, 0x0140, 0xcf17, 0x0140, 0xcf17, 0x0140, 0xcf17, 0x0140, 0xcf17, 0x0140, 0xcf17,
    0x0140, 0xcf17, 0x0140, 0xcf17, 0x0140, 0xcf17, 0x0140, 0xcf17, 0x0140, 0xcf17, 0x0140, 0xcf17, 0x0140, 0xcf17, 0x0140, 0xcf17,
    0x0140, 0xcf17, 0x0140, 0xcf17, 0x0140, 0xcf17, 0x0140, 0xcf17, 0x0140, 0xcf17, 0x0140, 0xcf17, 0x0140, 0xcf17, 0x0140, 0xcf17,
    0x0140, 0xcf17, 0x004b, 0xcf17, 0x0001, 0xbe75, 0x0001, 0x9531, 0x0001, 0x73ed, 0x0001, 0x52e9, 0x0001, 0x4247, 0x0001, 0x31a5,
    0x0003, 0x2964, 0x0001, 0x31a5, 0x0001, 0x4227, 0x0001, 0x52c9, 0x0001, 0x6bcc, 0x0001, 0x8cd0, 0x0001, 0xb634, 0x008c, 0xcf17,
    0x0001, 0xb634, 0x0001, 0x94f0, 0x0001, 0x73cc, 0x0001, 0x52c9, 0x0001, 0x4227, 0x0001, 0x31a5, 0x0003, 0x2964, 0x0001, 0x31a5,
    0x0001, 0x4247, 0x0001, 0x52e9, 0x0001, 0x73ed, 0x0001, 0x9d31, 0x0001, 0xbe75, 0x004b, 0xcf17, 0x0047, 0xcf17, 0x0001, 0xbe95,
    0x0001, 0x848f, 0x0001, 0x4a88, 0x0001, 0x10a2, 0x000f, 0x0000, 0x0001, 0x10a2, 0x0001, 0x4247, 0x0001, 0x7c4e, 0x0001, 0xbe75,
    0x0084, 0xcf17, 0x0001, 0xbe75, 0x0001, 0x7c4e, 0x0001, 0x4247, 0x0001, 0x10a2, 0x000f, 0x0000, 0x0001, 0x10a2, 0x0001, 0x4a88,
    0x0001, 0x848f, 0x0001, 0xbe95, 0x0047, 0xcf17, 0x0045, 0xcf17, 0x0001, 0xadd3, 0x0001, 0x31e6, 0x0017, 0x0000, 0x0001, 0x31a5,
    0x0001, 0x846e, 0x0001, 0xc6d6, 0x007e, 0xcf17, 0x0001, 0xc6d6, 0x0001, 0x846e, 0x0001, 0x31a5, 0x0017, 0x0000, 0x0001, 0x31e6,
    0x0001, 0xadd3, 0x0045, 0xcf17, 0x0044, 0xcf17, 0x0001, 0xbe55, 0x0001, 0x0861, 0x001a, 0x0000, 0x0001, 0x0861, 0x0001, 0x634b,
    0x0001, 0xbe75, 0x007a, 0xcf17, 0x0001, 0xbe75, 0x0001, 0x634a, 0x0001, 0x0861, 0x001a, 0x0000, 0x0001, 0x0861, 0x0001, 0xbe55,
    0x0044, 0xcf17, 0x0044, 0xcf17, 0x0001, 0x73ec, 0x001d, 0x0000, 0x0001, 0x0841, 0x0001, 0x634b, 0x0001, 0xcef6, 0x0076, 0xcf17,
    0x0001, 0xcef6, 0x0001, 0x634b, 0x0001, 0x0841, 0x001d, 0x0000, 0x0001, 0x73ec, 0x0044, 0xcf17, 0x0044, 0xcf17, 0x0001, 0x636b,
    0x001f, 0x0000, 0x0001, 0x5b2a, 0x0076, 0xcf17, 0x0001, 0x5b0a, 0x001f, 0x0000, 0x0001, 0x636b, 0x0044, 0xcf17, 0x0044, 0xcf17,
    0x0001, 0xa592, 0x0008, 0x0000, 0x0001, 0x1903, 0x0001, 0x4227, 0x0001, 0x5b0a, 0x0001, 0x6bac, 0x0002, 0x7c2e, 0x0001, 0x7c2d,
    0x0001, 0x6bac, 0x0001, 0x5b2a, 0x0001, 0x4247, 0x0001, 0x2144, 0x0001, 0x0020, 0x000b, 0x0000, 0x0001, 0x0841, 0x0001, 0xcef7,
    0x0074, 0xcf17, 0x0001, 0xcef6, 0x0001, 0x0840, 0x000b, 0x0000, 0x0001, 0x0020, 0x0001, 0x2144, 0x0001, 0x4247, 0x0001, 0x5b2a,
    0x0001, 0x6bac, 0x0001, 0x7c2d, 0x0001, 0x7c2e, 0x0001, 0x7c2d, 0x0001, 0x6bac, 0x0001, 0x5b0a, 0x0001, 0x4227, 0x0001, 0x18e3,
    0x0008, 0x0000, 0x0001, 0xa592, 0x0044, 0xcf17, 0x0045, 0xcf17, 0x0001, 0x73ec, 0x0001, 0x0020, 0x0002, 0x0000, 0x0001, 0x2144,
    0x0001, 0x634b, 0x0001, 0x9d51, 0x0001, 0xc6b6, 0x000b, 0xcf17, 0x0001, 0xc6d6, 0x0001, 0x9d51, 0x0001, 0x6b8b, 0x0001, 0x2964,
    0x0009, 0x0000, 0x0001, 0xced6, 0x0074, 0xcf17, 0x0001, 0xc6d6, 0x0009, 0x0000, 0x0001, 0x2964, 0x0001, 0x6b8b, 0x0001, 0x9d51,
    0x0001, 0xc6d6, 0x000b, 0xcf17, 0x0001, 0xc6b6, 0x0001, 0x9d51, 0x0001, 0x634a, 0x0001, 0x2124, 0x0002, 0x0000, 0x0001, 0x0020,
    0x0001, 0x73ec, 0x0045, 0xcf17, 0x0046, 0xcf17, 0x0001, 0xbe75, 0x0001, 0x9d31, 0x0001, 0xbe54, 0x0013, 0xcf17, 0x0001, 0xb614,
    0x0001, 0x636b, 0x0001, 0x10a2, 0x0005, 0x0000, 0x0001, 0x39e6, 0x0076, 0xcf17, 0x0001, 0x31c6, 0x0005, 0x0000, 0x0001, 0x10a2,
    0x0001, 0x636b, 0x0001, 0xb614, 0x0013, 0xcf17, 0x0001, 0xbe54, 0x0001, 0x9d31, 0x0001, 0xbe75, 0x0046, 0xcf17, 0x005e, 0xcf17,
    0x0001, 0xced6, 0x0001, 0x7c2d, 0x0001, 0x18e3, 0x0002, 0x0000, 0x0001, 0x2144, 0x0001, 0xb634, 0x0076, 0xcf17, 0x0001, 0xb634,
    0x0001, 0x2144, 0x0002, 0x0000, 0x0001, 0x18e3, 0x0001, 0x7c2d, 0x0001, 0xced6, 0x005e, 0xcf17, 0x0060, 0xcf17, 0x0001, 0xcef7,
    0x0001, 0xa592, 0x0001, 0xa5b2, 0x0001, 0xcef7, 0x0078, 0xcf17, 0x0001, 0xcef7, 0x0001, 0xa5b2, 0x0001, 0xa592, 0x0001, 0xcef7,
    0x0060, 0xcf17, 0x0140, 0xcf17, 0x0140, 0xcf17, 0x0140, 0xcf17, 0x0140, 0xcf17, 0x0140, 0xcf17, 0x0140, 0xcf17, 0x0140, 0xcf17,
    0x0140, 0xcf17, 0x0140, 0xcf17, 0x0140, 0xcf17, 0x0140, 0xcf17, 0x0140, 0xcf17, 0x0140, 0xcf17, 0x0140, 0xcf17, 0x0140, 0xcf17,
    0x0140, 0xcf17, 0x0140, 0xcf17, 0x0140, 0xcf17, 0x0140, 0xcf17, 0x0140, 0xcf17, 0x0140, 0xcf17, 0x0140, 0xcf17, 0x0140, 0xcf17,
    0x0140, 0xcf17, 0x0140, 0xcf17, 0x0071, 0xcf17, 0x0001, 0xbe55, 0x0001, 0x5b0a, 0x0001, 0x31e6, 0x0001, 0x5b0a, 0x0001, 0xbe55,
    0x00ca, 0xcf17, 0x0070, 0xcf17, 0x0001, 0xbe95, 0x0001, 0x18c2, 0x0003, 0x0000, 0x0001, 0x18c2, 0x0001, 0xbe75, 0x00c9, 0xcf17,
    0x0070, 0xcf17, 0x0001, 0x73cc, 0x0005, 0x0000, 0x0001, 0x4a88, 0x00c9, 0xcf17, 0x0070, 0xcf17, 0x0001, 0x5b0a, 0x0006, 0x0000,
    0x0001, 0x9d31, 0x0053, 0xcf17, 0x0001, 0xb614, 0x0001, 0x9531, 0x0001, 0xb614, 0x0072, 0xcf17, 0x0070, 0xcf17, 0x0001, 0x848f,
    0x0006, 0x0000, 0x0001, 0x2103, 0x0001, 0xc6d6, 0x0051, 0xcf17, 0x0001, 0x5b2a, 0x0003, 0x0000, 0x0001, 0x5b2a, 0x0071, 0xcf17,
    0x0070, 0xcf17, 0x0001, 0xcef7, 0x0001, 0x2964, 0x0006, 0x0000, 0x0001, 0x52e9, 0x0050, 0xcf17, 0x0001, 0x7c2e, 0x0005, 0x0000,
    0x0001, 0x94f0, 0x0070, 0xcf17, 0x0071, 0xcf17, 0x0001, 0xa592, 0x0007, 0x0000, 0x0001, 0x9510, 0x004e, 0xcf17, 0x0001, 0xadd3,
    0x0001, 0x0040, 0x0005, 0x0000, 0x0001, 0x5b0a, 0x0070, 0xcf17, 0x0072, 0xcf17, 0x0001, 0x52e9, 0x0006, 0x0000, 0x0001, 0x10a2,
    0x0001, 0xb634, 0x004c, 0xcf17, 0x0001, 0xc6b6, 0x0001, 0x2144, 0x0006, 0x0000, 0x0001, 0x6b8b, 0x0070, 0xcf17, 0x0072, 0xcf17,
    0x0001, 0xc6b6, 0x0001, 0x18e3, 0x0006, 0x0000, 0x0001, 0x2964, 0x0001, 0xc6d6, 0x004a, 0xcf17, 0x0001, 0xcef7, 0x0001, 0x4247,
    0x0006, 0x0000, 0x0001, 0x0841, 0x0001, 0xb634, 0x0070, 0xcf17, 0x0073, 0xcf17, 0x0001, 0xa572, 0x0001, 0x0020, 0x0006, 0x0000,
    0x0001, 0x4a88, 0x0001, 0xcef7, 0x0049, 0xcf17, 0x0001, 0x6b8c, 0x0007, 0x0000, 0x0001, 0x846e, 0x0071, 0xcf17, 0x0074, 0xcf17,
    0x0001, 0x6b8b, 0x0007, 0x0000, 0x0001, 0x634b, 0x0048, 0xcf17, 0x0001, 0x846e, 0x0007, 0x0000, 0x0001, 0x4267, 0x0072, 0xcf17,
    0x0074, 0xcf17, 0x0001, 0xcef7, 0x0001, 0x39e6, 0x0007, 0x0000, 0x0001, 0x73ed, 0x0046, 0xcf17, 0x0001, 0x94f0, 0x0001, 0x0020,
    0x0006, 0x0000, 0x0001, 0x2123, 0x0001, 0xc6b6, 0x0072, 0xcf17, 0x0075, 0xcf17, 0x0001, 0xc695, 0x0001, 0x1903, 0x0007, 0x0000,
    0x0001, 0x7c2d, 0x0044, 0xcf17, 0x0001, 0x9510, 0x0001, 0x0020, 0x0006, 0x0000, 0x0001, 0x0861, 0x0001, 0xb5f3, 0x0073, 0xcf17,
    0x0076, 0xcf17, 0x0001, 0xadd3, 0x0001, 0x0841, 0x0007, 0x0000, 0x0001, 0x73ed, 0x0042, 0xcf17, 0x0001, 0x94f0, 0x0001, 0x0020,
    0x0007, 0x0000, 0x0001, 0x9510, 0x0074, 0xcf17, 0x0077, 0xcf17, 0x0001, 0x9d31, 0x0001, 0x0020, 0x0007, 0x0000, 0x0001, 0x6b8b,
    0x0001, 0xcef7, 0x003f, 0xcf17, 0x0001, 0x846e, 0x0001, 0x0020, 0x0007, 0x0000, 0x0001, 0x7c2e, 0x0075, 0xcf17, 0x0078, 0xcf17,
    0x0001, 0x8cd0, 0x0008, 0x0000, 0x0001, 0x4267, 0x0001, 0xc6d6, 0x003c, 0xcf17, 0x0001, 0xcef7, 0x0001, 0x638b, 0x0008, 0x0000,
    0x0001, 0x6bac, 0x0076, 0xcf17, 0x0079, 0xcf17, 0x0001, 0x7c2e, 0x0008, 0x0000, 0x0001, 0x31a5, 0x0001, 0xbe55, 0x003a, 0xcf17,
    0x0001, 0xc6b6, 0x0001, 0x4247, 0x0008, 0x0000, 0x0001, 0x5b4a, 0x0077, 0xcf17, 0x007a, 0xcf17, 0x0001, 0x846e, 0x0008, 0x0000,
    0x0001, 0x1082, 0x0001, 0x9510, 0x0038, 0xcf17, 0x0001, 0xadd3, 0x0001, 0x2103, 0x0008, 0x0000, 0x0001, 0x636b, 0x0078, 0xcf17,
    0x007b, 0xcf17, 0x0001, 0x848f, 0x0001, 0x0020, 0x0008, 0x0000, 0x0001, 0x5b4a, 0x0001, 0xced6, 0x0034, 0xcf17, 0x0001, 0xcef7,
    0x0001, 0x73ec, 0x0001, 0x0040, 0x0008, 0x0000, 0x0001, 0x6b8b, 0x0079, 0xcf17, 0x007c, 0xcf17, 0x0001, 0x9510, 0x0001, 0x0861,
    0x0008, 0x0000, 0x0001, 0x1903, 0x0001, 0x9d51, 0x0032, 0xcf17, 0x0001, 0xadf3, 0x0001, 0x31a5, 0x0008, 0x0000, 0x0001, 0x0020,
    0x0001, 0x7c4e, 0x007a, 0xcf17, 0x007d, 0xcf17, 0x0001, 0xadd3, 0x0001, 0x18e2, 0x0009, 0x0000, 0x0001, 0x4aa8, 0x0001, 0xbe54,
    0x002e, 0xcf17, 0x0001, 0xc6b6, 0x0001, 0x5b4a, 0x0001, 0x0020, 0x0008, 0x0000, 0x0001, 0x0861, 0x0001, 0x9531, 0x007b, 0xcf17,
    0x007e, 0xcf17, 0x0001, 0xbe75, 0x0001, 0x31c5, 0x0009, 0x0000, 0x0001, 0x0841, 0x0001, 0x638b, 0x0001, 0xc6b6, 0x002a, 0xcf17,
    0x0001, 0xced6, 0x0001, 0x7c0d, 0x0001, 0x10a2, 0x0009, 0x0000, 0x0001, 0x2144, 0x0001, 0xb5f3, 0x007c, 0xcf17, 0x007f, 0xcf17,
    0x0001, 0xcef7, 0x0001, 0x638b, 0x000a, 0x0000, 0x0001, 0x0861, 0x0001, 0x636b, 0x0001, 0xbe75, 0x0026, 0xcf17, 0x0001, 0xc6b6,
    0x0001, 0x7c0d, 0x0001, 0x18c2, 0x000a, 0x0000, 0x0001, 0x4a88, 0x0001, 0xc6b6, 0x007d, 0xcf17, 0x0081, 0xcf17, 0x0001, 0x9d51,
    0x0001, 0x18c2, 0x000a, 0x0000, 0x0001, 0x0841, 0x0001, 0x52c9, 0x0001, 0xa592, 0x0022, 0xcf17, 0x0001, 0xb614, 0x0001, 0x634a,
    0x0001, 0x0881, 0x000a, 0x0000, 0x0001, 0x0881, 0x0001, 0x848f, 0x007f, 0xcf17, 0x0082, 0xcf17, 0x0001, 0xc6b6, 0x0001, 0x5b0a,
    0x000c, 0x0000, 0x0001, 0x2144, 0x0001, 0x6bcc, 0x0001, 0xb614, 0x001c, 0xcf17, 0x0001, 0xbe75, 0x0001, 0x7c2e, 0x0001, 0x31a5,
    0x000c, 0x0000, 0x0001, 0x3a27, 0x0001, 0xbe55, 0x0080, 0xcf17, 0x0084, 0xcf17, 0x0001, 0x9d71, 0x0001, 0x2144, 0x000d, 0x0000,
    0x0001, 0x2144, 0x0001, 0x634a, 0x0001, 0x94f0, 0x0001, 0xc6b6, 0x0014, 0xcf17, 0x0001, 0xc6d6, 0x0001, 0x9d51, 0x0001, 0x6bac,
    0x0001, 0x2985, 0x000d, 0x0000, 0x0001, 0x18e3, 0x0001, 0x8cd0, 0x0082, 0xcf17, 0x0085, 0xcf17, 0x0001, 0xcef7, 0x0001, 0x844e,
    0x0001, 0x10a2, 0x000f, 0x0000, 0x0001, 0x2144, 0x0001, 0x4a68, 0x0001, 0x6bac, 0x0001, 0x8cd0, 0x0001, 0xa5b2, 0x0001, 0xbe55,
    0x0001, 0xcef7, 0x0007, 0xcf17, 0x0001, 0xbe75, 0x0001, 0xadd3, 0x0001, 0x9510, 0x0001, 0x73ec, 0x0001, 0x52c9, 0x0001, 0x2964,
    0x0001, 0x0020, 0x000e, 0x0000, 0x0001, 0x0841, 0x0001, 0x6b8b, 0x0001, 0xc6d6, 0x0083, 0xcf17, 0x0087, 0xcf17, 0x0001, 0xc6b6,
    0x0001, 0x6bac, 0x0001, 0x10a2, 0x0013, 0x0000, 0x0001, 0x0020, 0x0001, 0x0861, 0x0001, 0x10a2, 0x0002, 0x18e3, 0x0001, 0x18c2,
    0x0001, 0x0861, 0x0001, 0x0020, 0x0013, 0x0000, 0x0001, 0x0841, 0x0001, 0x5b4a, 0x0001, 0xbe75, 0x0085, 0xcf17, 0x0089, 0xcf17,
    0x0001, 0xc6d6, 0x0001, 0x7c0d, 0x0001, 0x18e3, 0x002a, 0x0000, 0x0001, 0x10a2, 0x0001, 0x6b8b, 0x0001, 0xbe75, 0x0087, 0xcf17,
    0x008b, 0xcf17, 0x0001, 0xcef7, 0x0001, 0x9510, 0x0001, 0x4247, 0x0001, 0x0020, 0x0025, 0x0000, 0x0001, 0x31a5, 0x0001, 0x846e,
    0x0001, 0xced6, 0x0089, 0xcf17, 0x008e, 0xcf17, 0x0001, 0xbe55, 0x0001, 0x7c0d, 0x0001, 0x31c6, 0x0020, 0x0000, 0x0001, 0x2944,
    0x0001, 0x6b8c, 0x0001, 0xb634, 0x008c, 0xcf17, 0x0091, 0xcf17, 0x0001, 0xbe75, 0x0001, 0x846e, 0x0001, 0x4aa8, 0x0001, 0x18e3,
    0x0018, 0x0000, 0x0001, 0x10a2, 0x0001, 0x4247, 0x0001, 0x7c2d, 0x0001, 0xb634, 0x008f, 0xcf17, 0x0095, 0xcf17, 0x0001, 0xb634,
    0x0001, 0x8cd0, 0x0001, 0x6b8c, 0x0001, 0x4247, 0x0001, 0x2123, 0x0001, 0x0841, 0x000c, 0x0000, 0x0001, 0x0020, 0x0001, 0x1903,
    0x0001, 0x4227, 0x0001, 0x634b, 0x0001, 0x848f, 0x0001, 0xb614, 0x0093, 0xcf17, 0x009b, 0xcf17, 0x0001, 0xc6b6, 0x0001, 0xadf3,
    0x0001, 0x9d51, 0x0001, 0x9531, 0x0002, 0x8caf, 0x0001, 0x848f, 0x0001, 0x8caf, 0x0001, 0x9510, 0x0001, 0x9d31, 0x0001, 0xadd3,
    0x0001, 0xbe75, 0x0099, 0xcf17, 0x0140, 0xcf17, 0x0140, 0xcf17, 0x0140, 0xcf17, 0x0140, 0xcf17, 0x0140, 0xcf17, 0x0140, 0xcf17,
    0x0140, 0xcf17, 0x0140, 0xcf17, 0x0140, 0xcf17, 0x0140, 0xcf17, 0x0140, 0xcf17, 0x0140, 0xcf17, 0x0140, 0xcf17, 0x0140, 0xcf17,
    0x0140, 0xcf17, 0x0140, 0xcf17, 0x0140, 0xcf17, 0x0140, 0xcf17, 0x0140, 0xcf17, 0x0140, 0xcf17, 0x0140, 0xcf17, 0x0140, 0xcf17,
    0x0140, 0xcf17, 0x0140, 0xcf17, 0x0140, 0xcf17, 0x0140, 0xcf17, 0x0140, 0xcf17, 0x0140, 0xcf17, 0x0140, 0xcf17, 0x0140, 0xcf17,
    0x0140, 0xcf17, 0x0140, 0xcf17, 0x0140, 0xcf17, 0x0140, 0xcf17, 0x0140, 0xcf17, 0x0140, 0xcf17, 0x0140, 0xcf17, 0x0140, 0xcf17,
    0x0140, 0xcf17, 0x0140, 0xcf17, 0x0140, 0xcf17, 0x0140, 0xcf17, 0x0140, 0xcf17, 0x0140, 0xcf17, 0x0140, 0xcf17, 0x0140, 0xcf17,
    0x0140, 0xcf17, 0x0140, 0xcf17, 0x0140, 0xcf17, 0x0140, 0xcf17, 0x0140, 0xcf17, 0x0140, 0xcf17, 0x0140, 0xcf17, 0x0140, 0xcf17,
    0x0140, 0xcf17, 0x0140, 0xcf17, 0x0140, 0xcf17, 0x0140, 0xcf17, 0x0140, 0xcf17, 0x0140, 0xcf17, 0x0140, 0xcf17, 0x0140, 0xcf17,
    0x0140, 0xcf17, 0x0140, 0xcf17, 0x0140, 0xcf17, 0x0140, 0xcf17, 0x0140, 0xcf17, 0x0140, 0xcf17, 0x0140, 0xcf17, 0x0140, 0xcf17,
    0x0140, 0xcf17, 0x0140, 0xcf17, 0x0140, 0xcf17, 0x0140, 0xcf17, 0x0140, 0xcf17, 0x0140, 0xcf17, 0x0140, 0xcf17, 0x0140, 0xcf17,
    0x0140, 0xcf17, 0x0140, 0xcf17, 0x0140, 0xcf17, 0x0140, 0xcf17, 0x0140, 0xcf17, 0x0140, 0xcf17, 0x0140, 0xcf17, 0x0140, 0xcf17,
    0x0140, 0xcf17, 0x0140, 0xcf17, 0x0140, 0xcf17,
};

// Asset 6: 8031 runs, 32124 bytes
static const uint16_t s_asset_6_data[16062] = {
    0x0140, 0xcf17, 0x0140, 0xcf17, 0x0140, 0xcf17, 0x0140, 0xcf17, 0x0140, 0xcf17, 0x0140, 0xcf17, 0x0140, 0xcf17, 0x0140, 0xcf17,
    0x0140, 0xcf17, 0x0140, 0xcf17, 0x0140, 0xcf17, 0x0140, 0xcf17, 0x0140, 0xcf17, 0x0140, 0xcf17, 0x0140, 0xcf17, 0x0140, 0xcf17,
    0x0140, 0xcf17, 0x0140, 0xcf17, 0x0140, 0xcf17, 0x0140, 0xcf17, 0x0140, 0xcf17, 0x0140, 0xcf17, 0x0140, 0xcf17, 0x0140, 0xcf17,
    0x0140, 0xcf17, 0x0140, 0xcf17, 0x0140, 0xcf17, 0x0140, 0xcf17, 0x0140, 0xcf17, 0x0140, 0xcf17, 0x0140, 0xcf17, 0x0140, 0xcf17,
    0x0140, 0xcf17, 0x0140, 0xcf17, 0x0140, 0xcf17, 0x0140, 0xcf17, 0x0140, 0xcf17, 0x0140, 0xcf17, 0x0140, 0xcf17, 0x0140, 0xcf17,
    0x0140, 0xcf17, 0x0140, 0xcf17, 0x0140, 0xcf17, 0x0140, 0xcf17, 0x0140, 0xcf17, 0x0140, 0xcf17, 0x0140, 0xcf17, 0x0140, 0xcf17,
    0x0140, 0xcf17, 0x0140, 0xcf17, 0x0140, 0xcf17, 0x0140, 0xcf17, 0x0140, 0xcf17, 0x0140, 0xcf17, 0x0140, 0xcf17, 0x0140, 0xcf17,
    0x0140, 0xcf17, 0x0140, 0xcf17, 0x0140, 0xcf17, 0x0140, 0xcf17, 0x0140, 0xcf17, 0x0140, 0xcf17, 0x0140, 0xcf17, 0x0140, 0xcf17,
    0x0140, 0xcf17, 0x0140, 0xcf17, 0x0140, 0xcf17, 0x0140, 0xcf17, 0x0140, 0xcf17, 0x0140, 0xcf17, 0x0140, 0xcf17, 0x0140, 0xcf17,
    0x0053, 0xcf17, 0x0001, 0xc695, 0x0001, 0xa572, 0x0001, 0xb614, 0x0001, 0xcef7, 0x0092, 0xcf17, 0x0001, 0xbe95, 0x0001, 0x9d51,
    0x0001, 0xa5b2, 0x0001, 0xced6, 0x0053, 0xcf17, 0x0051, 0xcf17, 0x0001, 0xb634, 0x0001, 0x4a68, 0x0003, 0x0000, 0x0001, 0x2103,
    0x0001, 0x8cd0, 0x008f, 0xcf17, 0x0001, 0xbe75, 0x0001, 0x52a9, 0x0003, 0x0000, 0x0001, 0x1081, 0x0001, 0x740d, 0x0001, 0xcef7,
    0x0051, 0xcf17, 0x0050, 0xcf17, 0x0001, 0xadf3, 0x0001, 0x10c2, 0x0006, 0x0000, 0x0001, 0x6bcc, 0x008d, 0xcf17, 0x0001, 0xbe55,
    0x0001, 0x2123, 0x0006, 0x0000, 0x0001, 0x4a88, 0x0001, 0xcef6, 0x0050, 0xcf17, 0x004f, 0xcf17, 0x0001, 0xc695, 0x0001, 0x18c2,
    0x0008, 0x0000, 0x0001, 0x8caf, 0x008b, 0xcf17, 0x0001, 0xced6, 0x0001, 0x2144, 0x0008, 0x0000, 0x0001, 0x638b, 0x0050, 0xcf17,
    0x004f, 0xcf17, 0x0001, 0x4aa8, 0x0009, 0x0000, 0x0001, 0x0881, 0x0001, 0xbe55, 0x008a, 0xcf17, 0x0001, 0x636b, 0x0009, 0x0000,
    0x0001, 0x0020, 0x0001, 0xa5b2, 0x004f, 0xcf17, 0x004e, 0xcf17, 0x0001, 0xadf3, 0x000b, 0x0000, 0x0001, 0x5b2a, 0x0089, 0xcf17,
    0x0001, 0xbe75, 0x0001, 0x0841, 0x000a, 0x0000, 0x0001, 0x3a27, 0x004f, 0xcf17, 0x004e, 0xcf17, 0x0001, 0x52a9, 0x000b, 0x0000,
    0x0001, 0x0841, 0x0001, 0xc695, 0x0088, 0xcf17, 0x0001, 0x638b, 0x000c, 0x0000, 0x0001, 0xadd3, 0x004e, 0xcf17, 0x004d, 0xcf17,
    0x0001, 0xcef6, 0x0001, 0x0861, 0x000c, 0x0000, 0x0001, 0x846e, 0x0088, 0xcf17, 0x0001, 0x2103, 0x000c, 0x0000, 0x0001, 0x636b,
    0x004e, 0xcf17, 0x004d, 0xcf17, 0x0001, 0x9511, 0x000d, 0x0000, 0x0001, 0x4247, 0x0087, 0xcf17, 0x0001, 0xadf3, 0x000d, 0x0000,
    0x0001, 0x2144, 0x004e, 0xcf17, 0x004d, 0xcf17, 0x0001, 0x636b, 0x000d, 0x0000, 0x0001, 0x0881, 0x0087, 0xcf17, 0x0001, 0x7c2e,
    0x000e, 0x0000, 0x0001, 0xc695, 0x004d, 0xcf17, 0x004d, 0xcf17, 0x0001, 0x4227, 0x000e, 0x0000, 0x0001, 0xbe54, 0x0086, 0xcf17,
    0x0001, 0x5b0a, 0x000e, 0x0000, 0x0001, 0x9d51, 0x004d, 0xcf17, 0x004d, 0xcf17, 0x0001, 0x1903, 0x000e, 0x0000, 0x0001, 0x9531,
    0x0086, 0xcf17, 0x0001, 0x31e6, 0x000e, 0x0000, 0x0001, 0x7c2e, 0x004d, 0xcf17, 0x004d, 0xcf17, 0x0001, 0x0881, 0x000e, 0x0000,
    0x0001, 0x8caf, 0x0086, 0xcf17, 0x0001, 0x2964, 0x000e, 0x0000, 0x0001, 0x6bac, 0x004d, 0xcf17, 0x004d, 0xcf17, 0x0001, 0x0020,
    0x000e, 0x0000, 0x0001, 0x7c2e, 0x0086, 0xcf17, 0x0001, 0x1903, 0x000e, 0x0000, 0x0001, 0x634b, 0x004d, 0xcf17, 0x003f, 0xcf17,
    0x000d, 0xcef7, 0x0001, 0xcef6, 0x000f, 0x0000, 0x0001, 0x6bac, 0x0086, 0xcf17, 0x0001, 0x10c2, 0x000e, 0x0000, 0x0001, 0x52c9,
    0x000f, 0xcef7, 0x003e, 0xcf17, 0x003f, 0xcf17, 0x0007, 0xcef7, 0x0007, 0xcf17, 0x0001, 0x0020, 0x000e, 0x0000, 0x0001, 0x73cc,
    0x0086, 0xcf17, 0x0001, 0x1903, 0x000e, 0x0000, 0x0001, 0x5b0a, 0x0006, 0xcf17, 0x0008, 0xcef7, 0x003f, 0xcf17, 0x003a, 0xcf17,
    0x0005, 0xcef7, 0x000e, 0xcf17, 0x0001, 0x1081, 0x000e, 0x0000, 0x0001, 0x844e, 0x0086, 0xcf17, 0x0001, 0x2985, 0x000e, 0x0000,
    0x0001, 0x6b8b, 0x000d, 0xcf17, 0x0001, 0xcef7, 0x0002, 0xcf17, 0x0004, 0xcef7, 0x0039, 0xcf17, 0x0037, 0xcf17, 0x0003, 0xcef7,
    0x0005, 0xcf17, 0x000e, 0xcef7, 0x0001, 0x2984, 0x000e, 0x0000, 0x0001, 0x9d31, 0x0001, 0xcef7, 0x0084, 0xcf17, 0x0001, 0xcef7,
    0x0001, 0x4a68, 0x000e, 0x0000, 0x0001, 0x846e, 0x000b, 0xcef7, 0x0006, 0xcf17, 0x0005, 0xcef7, 0x0037, 0xcf17, 0x0035, 0xcf17,
    0x0003, 0xcef7, 0x0003, 0xcf17, 0x0012, 0xcef7, 0x0001, 0x4aa8, 0x000e, 0x0000, 0x0001, 0x7c0d, 0x0001, 0xa5b2, 0x0001, 0xc6d6,
    0x0001, 0xcef7, 0x007f, 0xcf17, 0x0004, 0xcef7, 0x0001, 0x6bac, 0x000e, 0x0000, 0x0001, 0x638b, 0x0001, 0xa592, 0x0001, 0xc6b6,
    0x000d, 0xcef7, 0x0006, 0xcf17, 0x0003, 0xcef7, 0x0035, 0xcf17, 0x0032, 0xcf17, 0x0004, 0xcef7, 0x0004, 0xcf17, 0x0007, 0xcef7,
    0x000b, 0xcef6, 0x0001, 0xc6b5, 0x0001, 0x52c8, 0x0010, 0x0000, 0x0001, 0x0020, 0x0001, 0x2123, 0x0001, 0x5b0a, 0x0001, 0x9510,
    0x0001, 0xced6, 0x007a, 0xcf17, 0x0004, 0xcef7, 0x0001, 0xcf17, 0x0001, 0xc6d6, 0x0001, 0x6bac, 0x0010, 0x0000, 0x0001, 0x0020,
    0x0001, 0x2103, 0x0001, 0x52e9, 0x0001, 0x94f0, 0x0001, 0xc6b6, 0x0004, 0xcef6, 0x0008, 0xcef7, 0x0005, 0xcf17, 0x0001, 0xcef7,
    0x0035, 0xcf17, 0x0031, 0xcf17, 0x0002, 0xcef7, 0x0004, 0xcf17, 0x0006, 0xcef7, 0x000c, 0xcef6, 0x0001, 0xc6b5, 0x0001, 0x848e,
    0x0001, 0x4227, 0x0001, 0x0840, 0x0015, 0x0000, 0x0001, 0x0841, 0x0001, 0x4268, 0x0001, 0xb634, 0x0077, 0xcf17, 0x0002, 0xcef7,
    0x0001, 0xcf17, 0x0001, 0xcef6, 0x0001, 0x8ccf, 0x0001, 0x4a88, 0x0001, 0x0861, 0x0015, 0x0000, 0x0001, 0x0840, 0x0001, 0x4247,
    0x0001, 0xadf3, 0x0006, 0xcef6, 0x0007, 0xcef7, 0x0004, 0xcf17, 0x0001, 0xcef7, 0x0033, 0xcf17, 0x002f, 0xcf17, 0x0002, 0xcef7,
    0x0001, 0xcf17, 0x0008, 0xcef7, 0x000d, 0xcef6, 0x0001, 0xbe95, 0x0001, 0x6bab, 0x0001, 0x10a1, 0x0008, 0x0020, 0x0012, 0x0000,
    0x0001, 0x18e2, 0x0001, 0xc6b6, 0x0074, 0xcf17, 0x0002, 0xcef7, 0x0001, 0xcf17, 0x0001, 0xc6b6, 0x0001, 0x740d, 0x0001, 0x18e2,
    0x000b, 0x0000, 0x000f, 0x0020, 0x0001, 0x10a1, 0x0001, 0xbe74, 0x000a, 0xcef6, 0x0004, 0xcef7, 0x0004, 0xcf17, 0x0002, 0xcef7,
    0x0030, 0xcf17, 0x002e, 0xcf17, 0x0001, 0xcef7, 0x0002, 0xcf17, 0x0006, 0xcef7, 0x000e, 0xcef6, 0x0001, 0xc6d5, 0x0001, 0x634a,
    0x0001, 0x0881, 0x000f, 0x0020, 0x000e, 0x0000, 0x0001, 0x846e, 0x0001, 0xcef7, 0x0072, 0xcf17, 0x0001, 0xcef7, 0x0001, 0xcf17,
    0x0001, 0xcef7, 0x0001, 0x6bcc, 0x0001, 0x1081, 0x0009, 0x0000, 0x0014, 0x0020, 0x0001, 0x73ec, 0x000c, 0xcef6, 0x0006, 0xcef7,
    0x0001, 0xcf17, 0x0003, 0xcef7, 0x002e, 0xcf17, 0x0030, 0xcf17, 0x0006, 0xcef7, 0x000c, 0xcef6, 0x0002, 0xced6, 0x0001, 0xcef6,
    0x0001, 0x4aa8, 0x0015, 0x0020, 0x000a, 0x0000, 0x0001, 0x73ed, 0x0001, 0xcef7, 0x0074, 0xcf17, 0x0001, 0x636b, 0x000a, 0x0000,
    0x000a, 0x0020, 0x0001, 0x0040, 0x000a, 0x0020, 0x0001, 0x638a, 0x000d, 0xcef6, 0x0006, 0xcef7, 0x0002, 0xcf17, 0x0001, 0xcef7,
    0x002e, 0xcf17, 0x002b, 0xcf17, 0x0002, 0xcef7, 0x0001, 0xcf17, 0x0005, 0xcef7, 0x000d, 0xcef6, 0x0002, 0xced6, 0x0001, 0xcef5,
    0x0001, 0xc6d5, 0x0001, 0xb653, 0x0001, 0x0860, 0x000c, 0x0040, 0x0001, 0x1902, 0x0001, 0x31e5, 0x0001, 0x4aa8, 0x0001, 0x5b4a,
    0x0001, 0x636a, 0x0001, 0x6bcb, 0x0001, 0x638b, 0x0001, 0x5b09, 0x0001, 0x4aa8, 0x0001, 0x31c5, 0x0001, 0x1081, 0x0008, 0x0000,
    0x0001, 0xadd3, 0x0003, 0xcf17, 0x0001, 0xcef7, 0x006c, 0xcf17, 0x0002, 0xcef7, 0x0001, 0xcf17, 0x0001, 0xcef7, 0x0001, 0xcef6,
    0x0001, 0x0861, 0x0007, 0x0000, 0x0005, 0x0020, 0x0001, 0x18e2, 0x0001, 0x31c5, 0x0001, 0x4aa7, 0x0001, 0x5b4a, 0x0001, 0x634a,
    0x0001, 0x6bcb, 0x0001, 0x6bab, 0x0001, 0x5b29, 0x0001, 0x4aa8, 0x0001, 0x31e5, 0x0001, 0x10c1, 0x0008, 0x0040, 0x0001, 0x9d50,
    0x0001, 0xc6f5, 0x0001, 0xcef6, 0x0001, 0xced6, 0x000d, 0xcef6, 0x0004, 0xcef7, 0x0004, 0xcf17, 0x0001, 0xcef7, 0x002b, 0xcf17,
    0x002b, 0xcf17, 0x0002, 0xcef7, 0x0001, 0xcf17, 0x0004, 0xcef7, 0x0009, 0xcef6, 0x0001, 0xced6, 0x0001, 0xc6f6, 0x0001, 0xcef6,
    0x0001, 0xc6f5, 0x0005, 0xc6d5, 0x0001, 0xa5d2, 0x0009, 0x0060, 0x0001, 0x2143, 0x0001, 0x636a, 0x0001, 0x8cef, 0x0001, 0xb653,
    0x0004, 0xc6d5, 0x0001, 0xc6f6, 0x0002, 0xced6, 0x0004, 0xcef6, 0x0001, 0xb634, 0x0001, 0x8ccf, 0x0001, 0x52c9, 0x0001, 0x10c2,
    0x0002, 0x0000, 0x0001, 0x0020, 0x0001, 0x73ed, 0x0004, 0xcf17, 0x0001, 0xcef7, 0x006c, 0xcf17, 0x0002, 0xcef7, 0x0001, 0xcf17,
    0x0001, 0xcef7, 0x0001, 0xc6b6, 0x0007, 0x0000, 0x0002, 0x0020, 0x0001, 0x18e2, 0x0001, 0x5b09, 0x0001, 0x8cae, 0x0001, 0xb633,
    0x0001, 0xcef6, 0x0001, 0xc6f5, 0x0009, 0xc6d5, 0x0001, 0xb633, 0x0001, 0x8cce, 0x0001, 0x5308, 0x0001, 0x1922, 0x0002, 0x0060,
    0x0001, 0x0860, 0x0001, 0x638a, 0x0006, 0xc6d5, 0x0001, 0xc6f6, 0x0002, 0xced6, 0x0009, 0xcef6, 0x0003, 0xcef7, 0x0004, 0xcf17,
    0x0001, 0xcef7, 0x002b, 0xcf17, 0x002d, 0xcf17, 0x0003, 0xcef7, 0x0009, 0xcef6, 0x0001, 0xc6f6, 0x0001, 0xc6d6, 0x0009, 0xc6d5,
    0x0001, 0xc6b4, 0x0001, 0x2122, 0x0005, 0x0860, 0x0001, 0x10e1, 0x0001, 0x6369, 0x0001, 0xa591, 0x000b, 0xc6d5, 0x0001, 0xc6d6,
    0x0007, 0xcef6, 0x0001, 0xadb2, 0x0001, 0x8ccf, 0x0001, 0xbe54, 0x0003, 0xcef7, 0x0003, 0xcf17, 0x0001, 0xcef7, 0x006d, 0xcf17,
    0x0003, 0xcef7, 0x0001, 0x31a5, 0x0002, 0x0000, 0x0002, 0x0020, 0x0001, 0x0000, 0x0001, 0x0881, 0x0001, 0x5309, 0x0001, 0x9d71,
    0x0002, 0xc6d6, 0x000a, 0xc6d5, 0x0001, 0xc6b4, 0x0001, 0xc6d4, 0x0005, 0xc6b4, 0x0001, 0xa5d1, 0x0001, 0x8cae, 0x0001, 0xae12,
    0x000a, 0xc6d5, 0x0001, 0xc6d6, 0x0009, 0xcef6, 0x0004, 0xcef7, 0x0003, 0xcf17, 0x0001, 0xcef7, 0x002a, 0xcf17, 0x002c, 0xcf17,
    0x0003, 0xcef7, 0x0008, 0xcef6, 0x0001, 0xced6, 0x0001, 0xcef6, 0x0001, 0xc6f5, 0x0006, 0xc6d5, 0x0001, 0xc6b5, 0x0001, 0xc6d4,
    0x0003, 0xc6b4, 0x0001, 0x9d4f, 0x0001, 0x1901, 0x0002, 0x0880, 0x0001, 0x2142, 0x0001, 0x740b, 0x0001, 0xb673, 0x0002, 0xbeb4,
    0x0006, 0xc6b4, 0x0007, 0xc6d5, 0x0001, 0xc6f6, 0x0001, 0xced6, 0x0007, 0xcef6, 0x0005, 0xcef7, 0x006e, 0xcf17, 0x0003, 0xcef7,
    0x0001, 0xcef6, 0x0001, 0xadf3, 0x0001, 0x1903, 0x0002, 0x0020, 0x0001, 0x10a1, 0x0001, 0x638b, 0x0001, 0xbe74, 0x0001, 0xced6,
    0x0001, 0xcef6, 0x0008, 0xc6d5, 0x0005, 0xc6b4, 0x0008, 0xbeb4, 0x0005, 0xc6b4, 0x0008, 0xc6d5, 0x0001, 0xc6f6, 0x0001, 0xced6,
    0x0007, 0xcef6, 0x0005, 0xcef7, 0x002c, 0xcf17, 0x002b, 0xcf17, 0x0003, 0xcef7, 0x0008, 0xcef6, 0x0001, 0xc6f6, 0x0005, 0xc6d5,
    0x0001, 0xc6b5, 0x0004, 0xc6b4, 0x0004, 0xbeb4, 0x0001, 0xbeb3, 0x0001, 0xb672, 0x0001, 0x8cee, 0x0001, 0x952e, 0x0001, 0xbe93,
    0x0005, 0xbeb3, 0x0001, 0xbe93, 0x0004, 0xbeb4, 0x0002, 0xc6b4, 0x0001, 0xc6d4, 0x0006, 0xc6d5, 0x0009, 0xcef6, 0x0004, 0xcef7,
    0x006c, 0xcf17, 0x0003, 0xcef7, 0x0003, 0xcef6, 0x0001, 0xc6d6, 0x0001, 0x9530, 0x0001, 0x9510, 0x0001, 0xc6b5, 0x0001, 0xcef6,
    0x0001, 0xc6f6, 0x0006, 0xc6d5, 0x0004, 0xc6b4, 0x0004, 0xbeb4, 0x000a, 0xbeb3, 0x0001, 0xbe93, 0x0003, 0xbeb4, 0x0003, 0xc6b4,
    0x0001, 0xc6d4, 0x0006, 0xc6d5, 0x0001, 0xc6f6, 0x0001, 0xced6, 0x0007, 0xcef6, 0x0004, 0xcef7, 0x002b, 0xcf17, 0x002a, 0xcf17,
    0x0002, 0xcef7, 0x0007, 0xcef6, 0x0001, 0xced6, 0x0001, 0xc6f6, 0x0001, 0xcef6, 0x0005, 0xc6d5, 0x0003, 0xc6b4, 0x0002, 0xbeb4,
    0x0001, 0xbe93, 0x0002, 0xbeb3, 0x000e, 0xbe93, 0x0003, 0xbeb3, 0x0002, 0xbeb4, 0x0001, 0xc6b4, 0x0001, 0xc6d4, 0x0001, 0xc6b4,
    0x0006, 0xc6d5, 0x0008, 0xcef6, 0x0004, 0xcef7, 0x0001, 0xcf17, 0x0002, 0xcef7, 0x0067, 0xcf17, 0x0002, 0xcef7, 0x0007, 0xcef6,
    0x0001, 0xced6, 0x0001, 0xc6f6, 0x0001, 0xcef6, 0x0005, 0xc6d5, 0x0003, 0xc6b4, 0x0002, 0xbeb4, 0x0001, 0xbe93, 0x0002, 0xbeb3,
    0x000e, 0xbe93, 0x0003, 0xbeb3, 0x0002, 0xbeb4, 0x0001, 0xc6b4, 0x0001, 0xc6d4, 0x0001, 0xc6b4, 0x0006, 0xc6d5, 0x0001, 0xc6f6,
    0x0007, 0xcef6, 0x0004, 0xcef7, 0x0001, 0xcf17, 0x0001, 0xcef7, 0x0028, 0xcf17, 0x0026, 0xcf17, 0x0001, 0xcef7, 0x0002, 0xcf17,
    0x0002, 0xcef7, 0x0008, 0xcef6, 0x0001, 0xc6f6, 0x0001, 0xc6f5, 0x0003, 0xc6d5, 0x0001, 0xc6b5, 0x0003, 0xc6b4, 0x0001, 0xbeb4,
    0x0002, 0xbeb3, 0x0003, 0xbe93, 0x0003, 0xbe92, 0x0004, 0xb672, 0x0002, 0xb692, 0x0004, 0xb672, 0x0002, 0xb692, 0x0004, 0xbe93,
    0x0002, 0xbeb3, 0x0002, 0xbeb4, 0x0001, 0xc6b4, 0x0001, 0xc6d4, 0x0005, 0xc6d5, 0x0008, 0xcef6, 0x0003, 0xcef7, 0x0001, 0xcf17,
    0x0002, 0xcef7, 0x0063, 0xcf17, 0x0001, 0xcef7, 0x0002, 0xcf17, 0x0002, 0xcef7, 0x0007, 0xcef6, 0x0001, 0xc6f6, 0x0001, 0xc6d5,
    0x0001, 0xc6f5, 0x0004, 0xc6d5, 0x0001, 0xc6b4, 0x0001, 0xc6d4, 0x0001, 0xc6b4, 0x0001, 0xbeb4, 0x0002, 0xbeb3, 0x0003, 0xbe93,
    0x0002, 0xbe92, 0x0005, 0xb672, 0x0002, 0xb692, 0x0002, 0xb672, 0x0001, 0xb692, 0x0001, 0xb672, 0x0002, 0xb692, 0x0004, 0xbe93,
    0x0002, 0xbeb3, 0x0002, 0xbeb4, 0x0001, 0xc6b4, 0x0001, 0xc6d4, 0x0005, 0xc6d5, 0x0001, 0xc6d6, 0x0007, 0xcef6, 0x0003, 0xcef7,
    0x0001, 0xcf17, 0x0001, 0xcef7, 0x0028, 0xcf17, 0x0026, 0xcf17, 0x0001, 0xcef7, 0x0001, 0xcf17, 0x0002, 0xcef7, 0x0007, 0xcef6,
    0x0001, 0xc6f6, 0x0005, 0xc6d5, 0x0001, 0xc6d4, 0x0001, 0xc6b4, 0x0002, 0xbeb4, 0x0001, 0xbeb3, 0x0003, 0xbe93, 0x0001, 0xb692,
    0x0004, 0xb672, 0x000c, 0xb671, 0x0003, 0xb672, 0x0001, 0xb692, 0x0001, 0xbe92, 0x0003, 0xbe93, 0x0001, 0xbeb3, 0x0001, 0xbeb4,
    0x0003, 0xc6b4, 0x0004, 0xc6d5, 0x0001, 0xcef6, 0x0001, 0xc6f6, 0x0006, 0xcef6, 0x0002, 0xcef7, 0x0003, 0xcf17, 0x0001, 0xcef7,
    0x0062, 0xcf17, 0x0001, 0xcef7, 0x0001, 0xcf17, 0x0002, 0xcef7, 0x0007, 0xcef6, 0x0001, 0xc6f6, 0x0005, 0xc6d5, 0x0001, 0xc6d4,
    0x0001, 0xc6b4, 0x0002, 0xbeb4, 0x0001, 0xbeb3, 0x0003, 0xbe93, 0x0002, 0xb692, 0x0003, 0xb672, 0x000c, 0xb671, 0x0003, 0xb672,
    0x0001, 0xb692, 0x0001, 0xbe92, 0x0003, 0xbe93, 0x0001, 0xbeb3, 0x0001, 0xbeb4, 0x0003, 0xc6b4, 0x0004, 0xc6d5, 0x0002, 0xc6f6,
    0x0006, 0xcef6, 0x0002, 0xcef7, 0x0002, 0xcf17, 0x0002, 0xcef7, 0x0026, 0xcf17, 0x0027, 0xcf17, 0x0003, 0xcef7, 0x0006, 0xcef6,
    0x0001, 0xc6f6, 0x0001, 0xcef6, 0x0004, 0xc6d5, 0x0002, 0xc6b4, 0x0001, 0xbeb4, 0x0002, 0xbeb3, 0x0002, 0xbe93, 0x0001, 0xbe92,
    0x0002, 0xb672, 0x0004, 0xb671, 0x0002, 0xae51, 0x0008, 0xae50, 0x0001, 0xae51, 0x0002, 0xb651, 0x0002, 0xb671, 0x0002, 0xb672,
    0x0001, 0xb692, 0x0001, 0xbe92, 0x0003, 0xbe93, 0x0001, 0xbeb3, 0x0001, 0xbeb4, 0x0002, 0xc6b4, 0x0005, 0xc6d5, 0x0001, 0xc6f6,
    0x0001, 0xced6, 0x0005, 0xcef6, 0x0002, 0xcef7, 0x0066, 0xcf17, 0x0003, 0xcef7, 0x0006, 0xcef6, 0x0001, 0xc6f6, 0x0005, 0xc6d5,
    0x0002, 0xc6b4, 0x0001, 0xbeb4, 0x0002, 0xbeb3, 0x0002, 0xbe93, 0x0001, 0xbe92, 0x0002, 0xb672, 0x0003, 0xb671, 0x0001, 0xb651,
    0x0002, 0xae51, 0x0008, 0xae50, 0x0003, 0xb651, 0x0002, 0xb671, 0x0003, 0xb672, 0x0001, 0xbe92, 0x0003, 0xbe93, 0x0001, 0xbeb3,
    0x0001, 0xbeb4, 0x0002, 0xc6b4, 0x0005, 0xc6d5, 0x0001, 0xc6f6, 0x0006, 0xcef6, 0x0002, 0xcef7, 0x0029, 0xcf17, 0x0024, 0xcf17,
    0x0001, 0xcef7, 0x0001, 0xcf17, 0x0003, 0xcef7, 0x0006, 0xcef6, 0x0001, 0xc6f6, 0x0004, 0xc6d5, 0x0002, 0xc6b4, 0x0002, 0xbeb4,
    0x0002, 0xbe93, 0x0001, 0xbe92, 0x0001, 0xb692, 0x0002, 0xb672, 0x0002, 0xb671, 0x0001, 0xb651, 0x0003, 0xae50, 0x0002, 0xae30,
    0x0001, 0xae50, 0x0001, 0xae30, 0x0005, 0xae2f, 0x0001, 0xae30, 0x0005, 0xae50, 0x0001, 0xb651, 0x0002, 0xb671, 0x0002, 0xb672,
    0x0001, 0xbe92, 0x0002, 0xbe93, 0x0001, 0xbeb3, 0x0002, 0xbeb4, 0x0001, 0xc6b4, 0x0001, 0xc6d4, 0x0003, 0xc6d5, 0x0001, 0xc6f5,
    0x0001, 0xced6, 0x0006, 0xcef6, 0x0003, 0xcef7, 0x0001, 0xcf17, 0x0001, 0xcef7, 0x005f, 0xcf17, 0x0001, 0xcef7, 0x0001, 0xcf17,
    0x0003, 0xcef7, 0x0006, 0xcef6, 0x0001, 0xc6f6, 0x0004, 0xc6d5, 0x0002, 0xc6b4, 0x0002, 0xbeb4, 0x0002, 0xbe93, 0x0001, 0xbe92,
    0x0001, 0xb692, 0x0002, 0xb672, 0x0002, 0xb671, 0x0001, 0xb651, 0x0003, 0xae50, 0x0004, 0xae30, 0x0005, 0xae2f, 0x0005, 0xae50,
    0x0001, 0xae51, 0x0001, 0xb651, 0x0002, 0xb671, 0x0002, 0xb672, 0x0001, 0xbe92, 0x0002, 0xbe93, 0x0001, 0xbeb3, 0x0002, 0xbeb4,
    0x0002, 0xc6d4, 0x0004, 0xc6d5, 0x0001, 0xced6, 0x0006, 0xcef6, 0x0002, 0xcef7, 0x0002, 0xcf17, 0x0001, 0xcef7, 0x0025, 0xcf17,
    0x0023, 0xcf17, 0x0001, 0xcef7, 0x0002, 0xcf17, 0x0002, 0xcef7, 0x0006, 0xcef6, 0x0001, 0xc6f6, 0x0004, 0xc6d5, 0x0001, 0xc6b4,
    0x0002, 0xbeb4, 0x0001, 0xbeb3, 0x0002, 0xbe93, 0x0001, 0xbe92, 0x0001, 0xb692, 0x0001, 0xb672, 0x0002, 0xb671, 0x0001, 0xae51,
    0x0002, 0xae50, 0x0001, 0xae30, 0x0003, 0xae2f, 0x0003, 0xa62f, 0x0001, 0xa60f, 0x0002, 0xa60e, 0x0004, 0xa62f, 0x0003, 0xae2f,
    0x0003, 0xae50, 0x0001, 0xae51, 0x0002, 0xb671, 0x0002, 0xb672, 0x0001, 0xbe92, 0x0002, 0xbe93, 0x0001, 0xbeb3, 0x0001, 0xbeb4,
    0x0002, 0xc6b4, 0x0003, 0xc6d5, 0x0001, 0xced5, 0x0001, 0xced6, 0x0006, 0xcef6, 0x0003, 0xcef7, 0x0001, 0xcf17, 0x0001, 0xcef7,
    0x005d, 0xcf17, 0x0001, 0xcef7, 0x0002, 0xcf17, 0x0002, 0xcef7, 0x0006, 0xcef6, 0x0001, 0xc6f6, 0x0004, 0xc6d5, 0x0002, 0xc6b4,
    0x0001, 0xbeb4, 0x0001, 0xbeb3, 0x0002, 0xbe93, 0x0001, 0xbe92, 0x0002, 0xb672, 0x0002, 0xb671, 0x0001, 0xae51, 0x0003, 0xae50,
    0x0003, 0xae2f, 0x0003, 0xa62f, 0x0001, 0xa60f, 0x0002, 0xa60e, 0x0004, 0xa62f, 0x0003, 0xae2f, 0x0003, 0xae50, 0x0001, 0xae51,
    0x0002, 0xb671, 0x0002, 0xb672, 0x0001, 0xb692, 0x0002, 0xbe93, 0x0001, 0xbeb3, 0x0001, 0xbeb4, 0x0002, 0xc6b4, 0x0004, 0xc6d5,
    0x0001, 0xced6, 0x0006, 0xcef6, 0x0003, 0xcef7, 0x0001, 0xcf17, 0x0001, 0xcef7, 0x0024, 0xcf17, 0x0023, 0xcf17, 0x0001, 0xcef7,
    0x0001, 0xcf17, 0x0003, 0xcef7, 0x0005, 0xcef6, 0x0001, 0xc6f6, 0x0004, 0xc6d5, 0x0002, 0xc6b4, 0x0001, 0xbeb4, 0x0001, 0xbeb3,
    0x0002, 0xbe93, 0x0002, 0xb672, 0x0002, 0xb671, 0x0001, 0xae51, 0x0001, 0xae50, 0x0001, 0xae30, 0x0001, 0xae2f, 0x0003, 0xa62f,
    0x000e, 0xa60e, 0x0003, 0xa62f, 0x0001, 0xae2f, 0x0002, 0xae50, 0x0001, 0xae51, 0x0001, 0xb651, 0x0001, 0xb671, 0x0002, 0xb672,
    0x0002, 0xbe93, 0x0001, 0xbeb3, 0x0001, 0xbeb4, 0x0002, 0xc6b4, 0x0004, 0xc6d5, 0x0001, 0xc6f6, 0x0005, 0xcef6, 0x0004, 0xcef7,
    0x005e, 0xcf17, 0x0001, 0xcef7, 0x0001, 0xcf17, 0x0002, 0xcef7, 0x0006, 0xcef6, 0x0001, 0xc6f6, 0x0004, 0xc6d5, 0x0001, 0xc6b4,
    0x0002, 0xbeb4, 0x0002, 0xbe93, 0x0001, 0xbe92, 0x0002, 0xb672, 0x0001, 0xb671, 0x0001, 0xb651, 0x0001, 0xae51, 0x0001, 0xae50,
    0x0001, 0xae30, 0x0001, 0xae2f, 0x0003, 0xa62f, 0x000e, 0xa60e, 0x0002, 0xa62f, 0x0002, 0xae2f, 0x0002, 0xae50, 0x0001, 0xae51,
    0x0002, 0xb671, 0x0002, 0xb672, 0x0002, 0xbe93, 0x0001, 0xbeb3, 0x0001, 0xbeb4, 0x0002, 0xc6b4, 0x0003, 0xc6d5, 0x0001, 0xcef6,
    0x0001, 0xc6f6, 0x0005, 0xcef6, 0x0004, 0xcef7, 0x0025, 0xcf17, 0x0024, 0xcf17, 0x0003, 0xcef7, 0x0005, 0xcef6, 0x0001, 0xc6f6,
    0x0004, 0xc6d5, 0x0001, 0xc6b4, 0x0002, 0xbeb4, 0x0001, 0xbeb3, 0x0001, 0xbe93, 0x0001, 0xb692, 0x0002, 0xb672, 0x0001, 0xb671,
    0x0001, 0xae51, 0x0002, 0xae50, 0x0001, 0xae2f, 0x0002, 0xa62f, 0x0003, 0xa60e, 0x0001, 0xa60d, 0x000b, 0x9ded, 0x0002, 0x9e0d,
    0x0003, 0xa60e, 0x0001, 0xa60f, 0x0001, 0xa62f, 0x0001, 0xae2f, 0x0002, 0xae50, 0x0001, 0xb651, 0x0002, 0xb671, 0x0001, 0xb672,
    0x0001, 0xbe92, 0x0001, 0xbe93, 0x0001, 0xbeb3, 0x0001, 0xbeb4, 0x0002, 0xc6b4, 0x0004, 0xc6d5, 0x0005, 0xcef6, 0x0004, 0xcef7,
    0x0001, 0xcf17, 0x0001, 0xcef7, 0x005a, 0xcf17, 0x0001, 0xcef7, 0x0002, 0xcf17, 0x0003, 0xcef7, 0x0005, 0xcef6, 0x0001, 0xc6f6,
    0x0004, 0xc6d5, 0x0001, 0xc6b4, 0x0002, 0xbeb4, 0x0001, 0xbeb3, 0x0001, 0xbe93, 0x0001, 0xbe92, 0x0001, 0xb672, 0x0002, 0xb671,
    0x0001, 0xae51, 0x0001, 0xae50, 0x0001, 0xae30, 0x0001, 0xae2f, 0x0002, 0xa62f, 0x0003, 0xa60e, 0x0001, 0x9e0d, 0x000c, 0x9ded,
    0x0001, 0x9e0d, 0x0003, 0xa60e, 0x0002, 0xa62f, 0x0001, 0xae2f, 0x0002, 0xae50, 0x0001, 0xb651, 0x0001, 0xb671, 0x0002, 0xb672,
    0x0001, 0xb692, 0x0001, 0xbe93, 0x0001, 0xbeb3, 0x0001, 0xbeb4, 0x0002, 0xc6b4, 0x0004, 0xc6d5, 0x0005, 0xcef6, 0x0004, 0xcef7,
    0x0001, 0xcf17, 0x0001, 0xcef7, 0x0023, 0xcf17, 0x0020, 0xcf17, 0x0002, 0xcef7, 0x0001, 0xcf17, 0x0003, 0xcef7, 0x0005, 0xcef6,
    0x0001, 0xced6, 0x0004, 0xc6d5, 0x0002, 0xc6b4, 0x0001, 0xbeb4, 0x0001, 0xbeb3, 0x0001, 0xbe93, 0x0001, 0xbe92, 0x0001, 0xb672,
    0x0002, 0xb671, 0x0002, 0xae50, 0x0002, 0xae2f, 0x0001, 0xa62f, 0x0002, 0xa60e, 0x0001, 0x9e0d, 0x0002, 0x9ded, 0x0001, 0x9dec,
    0x0003, 0x9dcc, 0x0007, 0x95cc, 0x0002, 0x9dcc, 0x0001, 0x9dec, 0x0002, 0x9ded, 0x0001, 0x9e0d, 0x0002, 0xa60e, 0x0001, 0xa60f,
    0x0002, 0xae2f, 0x0002, 0xae50, 0x0002, 0xb671, 0x0001, 0xb692, 0x0001, 0xbe92, 0x0001, 0xbe93, 0x0001, 0xbeb3, 0x0001, 0xbeb4,
    0x0002, 0xc6b4, 0x0004, 0xc6d5, 0x0005, 0xcef6, 0x0003, 0xcef7, 0x0002, 0xcf17, 0x0001, 0xcef7, 0x0058, 0xcf17, 0x0002, 0xcef7,
    0x0001, 0xcf17, 0x0003, 0xcef7, 0x0005, 0xcef6, 0x0001, 0xced6, 0x0004, 0xc6d5, 0x0001, 0xc6b4, 0x0002, 0xbeb4, 0x0002, 0xbe93,
    0x0001, 0xbe92, 0x0001, 0xb692, 0x0001, 0xb671, 0x0001, 0xb651, 0x0001, 0xae50, 0x0001, 0xae30, 0x0001, 0xae2f, 0x0002, 0xa62f,
    0x0002, 0xa60e, 0x0003, 0x9ded, 0x0001, 0x9dec, 0x0003, 0x9dcc, 0x0007, 0x95cc, 0x0002, 0x9dcc, 0x0001, 0x9dec, 0x0002, 0x9ded,
    0x0001, 0xa60d, 0x0002, 0xa60e, 0x0002, 0xa62f, 0x0001, 0xae30, 0x0002, 0xae50, 0x0002, 0xb671, 0x0001, 0xb692, 0x0001, 0xbe92,
    0x0001, 0xbe93, 0x0001, 0xbeb3, 0x0001, 0xbeb4, 0x0002, 0xc6b4, 0x0003, 0xc6d5, 0x0001, 0xc6f6, 0x0005, 0xcef6, 0x0003, 0xcef7,
    0x0002, 0xcf17, 0x0001, 0xcef7, 0x0022, 0xcf17, 0x0020, 0xcf17, 0x0002, 0xcef7, 0x0001, 0xcf17, 0x0003, 0xcef7, 0x0004, 0xcef6,
    0x0001, 0xced6, 0x0001, 0xc6f6, 0x0003, 0xc6d5, 0x0002, 0xc6b4, 0x0001, 0xbeb4, 0x0001, 0xbeb3, 0x0001, 0xbe93, 0x0001, 0xbe92,
    0x0001, 0xb672, 0x0001, 0xb671, 0x0001, 0xb651, 0x0001, 0xae50, 0x0001, 0xae30, 0x0001, 0xae2f, 0x0001, 0xa62f, 0x0002, 0xa60e,
    0x0002, 0x9ded, 0x0001, 0x9dec, 0x0002, 0x9dcc, 0x0001, 0x95cc, 0x0001, 0x95cb, 0x0009, 0x95ab, 0x0002, 0x95cb, 0x0002, 0x95cc,
    0x0001, 0x9dec, 0x0003, 0x9ded, 0x0002, 0xa60e, 0x0001, 0xa62f, 0x0001, 0xae2f, 0x0001, 0xae30, 0x0001, 0xae50, 0x0002, 0xb671,
    0x0001, 0xb672, 0x0001, 0xbe92, 0x0001, 0xbe93, 0x0001, 0xbeb3, 0x0001, 0xbeb4, 0x0001, 0xc6b4, 0x0001, 0xc6d4, 0x0003, 0xc6d5,
    0x0006, 0xcef6, 0x0003, 0xcef7, 0x0002, 0xcf17, 0x0001, 0xcef7, 0x0057, 0xcf17, 0x0001, 0xcef7, 0x0002, 0xcf17, 0x0003, 0xcef7,
    0x0004, 0xcef6, 0x0001, 0xced6, 0x0001, 0xc6f6, 0x0003, 0xc6d5, 0x0001, 0xc6b4, 0x0002, 0xbeb4, 0x0002, 0xbe93, 0x0001, 0xbe92,
    0x0001, 0xb672, 0x0001, 0xb671, 0x0001, 0xae51, 0x0002, 0xae50, 0x0002, 0xa62f, 0x0002, 0xa60e, 0x0001, 0x9e0d, 0x0001, 0x9ded,
    0x0001, 0x9dec, 0x0001, 0x9dcc, 0x0002, 0x95cc, 0x0001, 0x95cb, 0x0009, 0x95ab, 0x0002, 0x95cb, 0x0002, 0x95cc, 0x0001, 0x9dcc,
    0x0003, 0x9ded, 0x0002, 0xa60e, 0x0001, 0xa62f, 0x0001, 0xae2f, 0x0001, 0xae30, 0x0001, 0xae50, 0x0002, 0xb671, 0x0001, 0xb672,
    0x0001, 0xbe92, 0x0001, 0xbe93, 0x0001, 0xbeb3, 0x0001, 0xbeb4, 0x0001, 0xc6b4, 0x0001, 0xc6d4, 0x0003, 0xc6d5, 0x0001, 0xc6f6,
    0x0005, 0xcef6, 0x0003, 0xcef7, 0x0002, 0xcf17, 0x0001, 0xcef7, 0x0021, 0xcf17, 0x001f, 0xcf17, 0x0003, 0xcef7, 0x0001, 0xcf17,
    0x0003, 0xcef7, 0x0005, 0xcef6, 0x0003, 0xc6d5, 0x0001, 0xc6b4, 0x0002, 0xbeb4, 0x0001, 0xbeb3, 0x0001, 0xbe93, 0x0001, 0xbe92,
    0x0001, 0xb672, 0x0001, 0xb671, 0x0001, 0xae51, 0x0002, 0xae50, 0x0001, 0xa62f, 0x0002, 0xa60e, 0x0001, 0x9e0d, 0x0001, 0x9ded,
    0x0001, 0x9dec, 0x0001, 0x9dcc, 0x0001, 0x95cc, 0x0001, 0x95cb, 0x0002, 0x95ab, 0x0001, 0x95aa, 0x0001, 0x8d8a, 0x0001, 0x8daa,
    0x0006, 0x8d8a, 0x0002, 0x8daa, 0x0001, 0x95aa, 0x0001, 0x95ab, 0x0002, 0x95cb, 0x0001, 0x95cc, 0x0001, 0x9dcc, 0x0001, 0x9dec,
    0x0001, 0x9ded, 0x0001, 0x9e0d, 0x0001, 0xa60e, 0x0001, 0xa62e, 0x0001, 0xa62f, 0x0001, 0xae30, 0x0001, 0xae50, 0x0001, 0xae51,
    0x0001, 0xb671, 0x0001, 0xb672, 0x0001, 0xbe92, 0x0001, 0xbe93, 0x0001, 0xbeb3, 0x0001, 0xbeb4, 0x0002, 0xc6b4, 0x0003, 0xc6d5,
    0x0006, 0xcef6, 0x0003, 0xcef7, 0x0001, 0xcf17, 0x0001, 0xcef7, 0x0056, 0xcf17, 0x0002, 0xcef7, 0x0002, 0xcf17, 0x0003, 0xcef7,
    0x0004, 0xcef6, 0x0001, 0xc6f6, 0x0003, 0xc6d5, 0x0002, 0xc6b4, 0x0001, 0xbeb4, 0x0001, 0xbeb3, 0x0001, 0xbe93, 0x0001, 0xbe92,
    0x0001, 0xb672, 0x0001, 0xb671, 0x0001, 0xae51, 0x0001, 0xae50, 0x0001, 0xae2f, 0x0001, 0xa62f, 0x0002, 0xa60e, 0x0001, 0x9e0d,
    0x0001, 0x9ded, 0x0001, 0x9dec, 0x0001, 0x9dcc, 0x0002, 0x95cb, 0x0002, 0x95ab, 0x0001, 0x95aa, 0x0001, 0x8d8a, 0x0001, 0x8daa,
    0x0007, 0x8d8a, 0x0001, 0x8daa, 0x0001, 0x95aa, 0x0001, 0x95ab, 0x0002, 0x95cb, 0x0001, 0x95cc, 0x0001, 0x9dcc, 0x0001, 0x9dec,
    0x0002, 0x9ded, 0x0001, 0xa60e, 0x0002, 0xa62f, 0x0001, 0xae30, 0x0001, 0xae50, 0x0001, 0xb651, 0x0001, 0xb671, 0x0001, 0xb672,
    0x0001, 0xbe92, 0x0001, 0xbe93, 0x0001, 0xbeb3, 0x0001, 0xbeb4, 0x0002, 0xc6b4, 0x0003, 0xc6d5, 0x0001, 0xced6, 0x0005, 0xcef6,
    0x0003, 0xcef7, 0x0001, 0xcf17, 0x0001, 0xcef7, 0x0021, 0xcf17, 0x001f, 0xcf17, 0x0001, 0xcef7, 0x0003, 0xcf17, 0x0002, 0xcef7,
    0x0006, 0xcef6, 0x0002, 0xc6d5, 0x0001, 0xc6b5, 0x0001, 0xc6d4, 0x0001, 0xbeb4, 0x0001, 0xbeb3, 0x0001, 0xbe93, 0x0001, 0xbe92,
    0x0001, 0xb672, 0x0001, 0xb671, 0x0001, 0xb651, 0x0001, 0xae50, 0x0001, 0xae2f, 0x0001, 0xa62f, 0x0002, 0xa60e, 0x0002, 0x9ded,
    0x0001, 0x9dcc, 0x0001, 0x95cc, 0x0001, 0x95cb, 0x0001, 0x95ab, 0x0001, 0x95aa, 0x0002, 0x8d8a, 0x000c, 0x8d89, 0x0001, 0x8d8a,
    0x0001, 0x8daa, 0x0001, 0x95aa, 0x0001, 0x95ab, 0x0001, 0x95cb, 0x0001, 0x95cc, 0x0001, 0x9dcc, 0x0002, 0x9ded, 0x0002, 0xa60e,
    0x0001, 0xa62f, 0x0001, 0xae2f, 0x0001, 0xae50, 0x0001, 0xae51, 0x0001, 0xb671, 0x0001, 0xb672, 0x0001, 0xbe92, 0x0001, 0xbe93,
    0x0001, 0xbeb3, 0x0001, 0xbeb4, 0x0001, 0xc6b4, 0x0003, 0xc6d5, 0x0006, 0xcef6, 0x0003, 0xcef7, 0x0001, 0xcf17, 0x0001, 0xcef7,
    0x0056, 0xcf17, 0x0001, 0xcef7, 0x0003, 0xcf17, 0x0002, 0xcef7, 0x0006, 0xcef6, 0x0002, 0xc6d5, 0x0001, 0xc6b5, 0x0001, 0xc6b4,
    0x0001, 0xbeb4, 0x0001, 0xbeb3, 0x0001, 0xbe93, 0x0001, 0xbe92, 0x0001, 0xb672, 0x0001, 0xb671, 0x0001, 0xb651, 0x0001, 0xae50,
    0x0001, 0xae2f, 0x0001, 0xa62f, 0x0002, 0xa60e, 0x0002, 0x9ded, 0x0001, 0x9dcc, 0x0001, 0x95cc, 0x0002, 0x95ab, 0x0001, 0x95aa,
    0x0002, 0x8d8a, 0x0004, 0x8d89, 0x0001, 0x8569, 0x0007, 0x8d89, 0x0003, 0x8daa, 0x0001, 0x95ab, 0x0001, 0x95cb, 0x0001, 0x95cc,
    0x0001, 0x9dcc, 0x0002, 0x9ded, 0x0002, 0xa60e, 0x0001, 0xa62f, 0x0002, 0xae50, 0x0001, 0xae51, 0x0001, 0xb671, 0x0001, 0xb672,
    0x0001, 0xbe92, 0x0001, 0xbe93, 0x0001, 0xbeb3, 0x0001, 0xbeb4, 0x0001, 0xc6b4, 0x0003, 0xc6d5, 0x0001, 0xc6f6, 0x0005, 0xcef6,
    0x0003, 0xcef7, 0x0001, 0xcf17, 0x0001, 0xcef7, 0x0021, 0xcf17, 0x001e, 0xcf17, 0x0002, 0xcef7, 0x0002, 0xcf17, 0x0002, 0xcef7,
    0x0005, 0xcef6, 0x0001, 0xc6f6, 0x0003, 0xc6d5, 0x0001, 0xc6b4, 0x0001, 0xbeb4, 0x0001, 0xbeb3, 0x0001, 0xbe93, 0x0001, 0xbe92,
    0x0001, 0xb672, 0x0001, 0xb671, 0x0001, 0xae51, 0x0001, 0xae50, 0x0001, 0xae2f, 0x0001, 0xa62f, 0x0002, 0xa60e, 0x0001, 0x9ded,
    0x0001, 0x9dec, 0x0001, 0x9dcc, 0x0001, 0x95cb, 0x0001, 0x95ab, 0x0001, 0x95aa, 0x0001, 0x8d8a, 0x0003, 0x8d89, 0x000c, 0x8568,
    0x0003, 0x8d89, 0x0001, 0x8d8a, 0x0001, 0x95aa, 0x0001, 0x95ab, 0x0001, 0x95cb, 0x0001, 0x95cc, 0x0001, 0x9dec, 0x0001, 0x9ded,
    0x0001, 0xa5ee, 0x0001, 0xa60e, 0x0001, 0xa62f, 0x0001, 0xae2f, 0x0001, 0xae50, 0x0001, 0xb651, 0x0001, 0xb671, 0x0001, 0xb672,
    0x0001, 0xbe92, 0x0001, 0xbe93, 0x0001, 0xbeb4, 0x0002, 0xc6b4, 0x0003, 0xc6d5, 0x0001, 0xc6f6, 0x0004, 0xcef6, 0x0004, 0xcef7,
    0x0001, 0xcf17, 0x0001, 0xcef7, 0x0054, 0xcf17, 0x0002, 0xcef7, 0x0002, 0xcf17, 0x0002, 0xcef7, 0x0005, 0xcef6, 0x0001, 0xc6f6,
    0x0003, 0xc6d5, 0x0001, 0xc6b4, 0x0001, 0xbeb4, 0x0001, 0xbeb3, 0x0001, 0xbe93, 0x0001, 0xbe92, 0x0001, 0xb672, 0x0001, 0xb671,
    0x0001, 0xae51, 0x0001, 0xae50, 0x0001, 0xae2f, 0x0001, 0xa62f, 0x0001, 0xa60e, 0x0001, 0xa60d, 0x0001, 0x9ded, 0x0001, 0x9dec,
    0x0001, 0x95cc, 0x0002, 0x95ab, 0x0001, 0x95aa, 0x0001, 0x8d8a, 0x0002, 0x8d89, 0x0001, 0x8d69, 0x000c, 0x8568, 0x0003, 0x8d89,
    0x0001, 0x8d8a, 0x0001, 0x95aa, 0x0001, 0x95ab, 0x0001, 0x95cb, 0x0001, 0x95cc, 0x0001, 0x9dec, 0x0001, 0x9ded, 0x0002, 0xa60e,
    0x0001, 0xa62f, 0x0002, 0xae50, 0x0001, 0xb651, 0x0001, 0xb671, 0x0001, 0xb672, 0x0002, 0xbe93, 0x0001, 0xbeb4, 0x0001, 0xc6b4,
    0x0001, 0xc6d4, 0x0003, 0xc6d5, 0x0001, 0xc6f6, 0x0004, 0xcef6, 0x0004, 0xcef7, 0x0001, 0xcf17, 0x0001, 0xcef7, 0x0020, 0xcf17,
    0x001e, 0xcf17, 0x0001, 0xcef7, 0x0003, 0xcf17, 0x0002, 0xcef7, 0x0004, 0xcef6, 0x0001, 0xced6, 0x0003, 0xc6d5, 0x0001, 0xc6b4,
    0x0001, 0xc6d4, 0x0001, 0xbeb4, 0x0002, 0xbe93, 0x0001, 0xb672, 0x0001, 0xb671, 0x0001, 0xb651, 0x0001, 0xae50, 0x0001, 0xae30,
    0x0001, 0xa62f, 0x0001, 0xa60e, 0x0001, 0xa60d, 0x0001, 0x9ded, 0x0001, 0x9dcc, 0x0001, 0x95cc, 0x0001, 0x95cb, 0x0001, 0x95aa,
    0x0001, 0x8d8a, 0x0002, 0x8d89, 0x0003, 0x8568, 0x0001, 0x8547, 0x0001, 0x8567, 0x000a, 0x8547, 0x0003, 0x8568, 0x0002, 0x8d89,
    0x0001, 0x8d8a, 0x0001, 0x8daa, 0x0001, 0x95cb, 0x0001, 0x95cc, 0x0001, 0x9dcc, 0x0001, 0x9ded, 0x0001, 0xa60d, 0x0001, 0xa60e,
    0x0001, 0xa62f, 0x0001, 0xae30, 0x0001, 0xae50, 0x0001, 0xb651, 0x0001, 0xb671, 0x0001, 0xb672, 0x0002, 0xbe93, 0x0001, 0xbeb4,
    0x0001, 0xc6b4, 0x0001, 0xc6d4, 0x0002, 0xc6d5, 0x0001, 0xced6, 0x0005, 0xcef6, 0x0003, 0xcef7, 0x0001, 0xcf17, 0x0001, 0xcef7,
    0x0054, 0xcf17, 0x0001, 0xcef7, 0x0002, 0xcf17, 0x0003, 0xcef7, 0x0004, 0xcef6, 0x0001, 0xced6, 0x0003, 0xc6d5, 0x0002, 0xc6b4,
    0x0001, 0xbeb4, 0x0002, 0xbe93, 0x0001, 0xb672, 0x0001, 0xb671, 0x0001, 0xb651, 0x0001, 0xae50, 0x0001, 0xae2f, 0x0001, 0xa62f,
    0x0001, 0xa60e, 0x0002, 0x9ded, 0x0001, 0x9dec, 0x0001, 0x95cc, 0x0001, 0x95cb, 0x0001, 0x95aa, 0x0001, 0x8d8a, 0x0002, 0x8d89,
    0x0003, 0x8568, 0x0001, 0x8547, 0x0001, 0x8567, 0x000a, 0x8547, 0x0003, 0x8568, 0x0002, 0x8d89, 0x0001, 0x8d8a, 0x0001, 0x8daa,
    0x0001, 0x95ab, 0x0001, 0x95cc, 0x0001, 0x9dcc, 0x0001, 0x9ded, 0x0002, 0xa60e, 0x0001, 0xa62f, 0x0002, 0xae50, 0x0001, 0xb651,
    0x0001, 0xb671, 0x0001, 0xb672, 0x0002, 0xbe93, 0x0001, 0xbeb4, 0x0001, 0xc6b4, 0x0003, 0xc6d5, 0x0001, 0xced6, 0x0005, 0xcef6,
    0x0003, 0xcef7, 0x0001, 0xcf17, 0x0001, 0xcef7, 0x0020, 0xcf17, 0x001e, 0xcf17, 0x0001, 0xcef7, 0x0003, 0xcf17, 0x0002, 0xcef7,
    0x0005, 0xcef6, 0x0003, 0xc6d5, 0x0001, 0xc6b4, 0x0001, 0xbeb4, 0x0001, 0xbeb3, 0x0001, 0xbe93, 0x0002, 0xb672, 0x0001, 0xb671,
    0x0002, 0xae50, 0x0001, 0xa62f, 0x0001, 0xa60e, 0x0001, 0xa60d, 0x0001, 0x9ded, 0x0001, 0x9dcc, 0x0001, 0x95cb, 0x0001, 0x95ab,
    0x0001, 0x95aa, 0x0001, 0x8d8a, 0x0001, 0x8d89, 0x0002, 0x8568, 0x0001, 0x8548, 0x0002, 0x8547, 0x0001, 0x7d47, 0x0002, 0x7d46,
    0x0007, 0x7d26, 0x0001, 0x7d46, 0x0002, 0x7d47, 0x0001, 0x8547, 0x0003, 0x8568, 0x0001, 0x8d89, 0x0001, 0x8d8a, 0x0001, 0x8daa,
    0x0001, 0x95ab, 0x0001, 0x95cb, 0x0001, 0x9dcc, 0x0001, 0x9ded, 0x0002, 0xa60e, 0x0001, 0xae2f, 0x0002, 0xae50, 0x0001, 0xb671,
    0x0002, 0xb672, 0x0001, 0xbe93, 0x0001, 0xbeb3, 0x0001, 0xbeb4, 0x0001, 0xc6b4, 0x0003, 0xc6d5, 0x0001, 0xc6f6, 0x0005, 0xcef6,
    0x0002, 0xcef7, 0x0002, 0xcf17, 0x0001, 0xcef7, 0x0053, 0xcf17, 0x0001, 0xcef7, 0x0002, 0xcf17, 0x0003, 0xcef7, 0x0004, 0xcef6,
    0x0001, 0xc6d5, 0x0001, 0x950f, 0x0001, 0x8cce, 0x0001, 0xb633, 0x0001, 0xc6b4, 0x0001, 0xbeb4, 0x0002, 0xbe93, 0x0001, 0xb692,
    0x0001, 0xb672, 0x0001, 0xb651, 0x0001, 0xae50, 0x0001, 0xae4f, 0x0001, 0xa62f, 0x0001, 0xa60e, 0x0002, 0x9ded, 0x0001, 0x9dcc,
    0x0001, 0x95cb, 0x0001, 0x95ab, 0x0001, 0x95aa, 0x0001, 0x8d8a, 0x0001, 0x8d89, 0x0003, 0x8568, 0x0002, 0x8547, 0x0001, 0x7d47,
    0x0002, 0x7d46, 0x0007, 0x7d26, 0x0001, 0x7d46, 0x0002, 0x7d47, 0x0001, 0x8547, 0x0003, 0x8568, 0x0001, 0x8d89, 0x0001, 0x8d8a,
    0x0001, 0x8daa, 0x0001, 0x95ab, 0x0001, 0x95cb, 0x0001, 0x9dcc, 0x0001, 0x9ded, 0x0002, 0xa60e, 0x0001, 0xae2f, 0x0002, 0xae50,
    0x0001, 0xb671, 0x0001, 0xb672, 0x0001, 0xbe92, 0x0001, 0xbe93, 0x0001, 0xbeb3, 0x0001, 0xbeb4, 0x0001, 0xc6b4, 0x0003, 0xc6d5,
    0x0001, 0xc6f6, 0x0005, 0xcef6, 0x0002, 0xcef7, 0x0002, 0xcf17, 0x0001, 0xcef7, 0x001f, 0xcf17, 0x001e, 0xcf17, 0x0001, 0xcef7,
    0x0003, 0xcf17, 0x0001, 0xcef7, 0x0005, 0xcef6, 0x0001, 0xc6f5, 0x0002, 0xc6d5, 0x0001, 0xc6b4, 0x0001, 0xbeb4, 0x0001, 0xbeb3,
    0x0001, 0xbe93, 0x0001, 0xb692, 0x0001, 0xb672, 0x0001, 0xb671, 0x0002, 0xae50, 0x0001, 0xa62f, 0x0002, 0xa60e, 0x0001, 0x9ded,
    0x0001, 0x9dcc, 0x0001, 0x95cb, 0x0001, 0x95ab, 0x0001, 0x8daa, 0x0002, 0x8d89, 0x0002, 0x8568, 0x0001, 0x8567, 0x0001, 0x8547,
    0x0001, 0x7d47, 0x0003, 0x7d26, 0x0002, 0x7d25, 0x0001, 0x7505, 0x0002, 0x7525, 0x0001, 0x7505, 0x0002, 0x7d25, 0x0003, 0x7d26,
    0x0001, 0x7d46, 0x0002, 0x8547, 0x0002, 0x8568, 0x0001, 0x8d89, 0x0001, 0x8d8a, 0x0001, 0x8daa, 0x0001, 0x95ab, 0x0001, 0x95cb,
    0x0001, 0x9dec, 0x0001, 0x9ded, 0x0002, 0xa60e, 0x0001, 0xa62f, 0x0001, 0xae50, 0x0001, 0xae51, 0x0001, 0xb671, 0x0001, 0xb672,
    0x0001, 0xbe92, 0x0001, 0xbe93, 0x0001, 0xbeb4, 0x0001, 0xc6b4, 0x0001, 0xc6d4, 0x0002, 0xc6d5, 0x0001, 0xced6, 0x0001, 0xc6d6,
    0x0004, 0xcef6, 0x0003, 0xcef7, 0x0001, 0xcf17, 0x0001, 0xcef7, 0x0053, 0xcf17, 0x0001, 0xcef7, 0x0002, 0xcf17, 0x0002, 0xcef7,
    0x0004, 0xcef6, 0x0001, 0xb653, 0x0001, 0x2984, 0x0001, 0x0040, 0x0001, 0x0860, 0x0001, 0x08a0, 0x0001, 0x848d, 0x0001, 0xbeb3,
    0x0001, 0xbe93, 0x0001, 0xb692, 0x0001, 0xb672, 0x0001, 0xb671, 0x0002, 0xae50, 0x0001, 0xa62f, 0x0001, 0xa60e, 0x0001, 0x9e0d,
    0x0001, 0x9ded, 0x0001, 0x9dcc, 0x0001, 0x95cb, 0x0001, 0x95ab, 0x0001, 0x8daa, 0x0002, 0x8d89, 0x0002, 0x8568, 0x0001, 0x8567,
    0x0001, 0x8547, 0x0001, 0x7d46, 0x0003, 0x7d26, 0x0002, 0x7d25, 0x0001, 0x7505, 0x0002, 0x7525, 0x0003, 0x7d25, 0x0003, 0x7d26,
    0x0001, 0x7d46, 0x0002, 0x8547, 0x0002, 0x8568, 0x0001, 0x8d89, 0x0001, 0x8d8a, 0x0001, 0x95aa, 0x0001, 0x95ab, 0x0001, 0x95cb,
    0x0001, 0x9dec, 0x0001, 0x9ded, 0x0002, 0xa60e, 0x0001, 0xae2f, 0x0001, 0xae50, 0x0001, 0xae51, 0x0001, 0xb671, 0x0001, 0xb692,
    0x0001, 0xbe92, 0x0001, 0xbe93, 0x0001, 0xbeb4, 0x0001, 0xc6b4, 0x0001, 0xc6d4, 0x0002, 0xc6d5, 0x0001, 0xced6, 0x0001, 0xc6d6,
    0x0004, 0xcef6, 0x0003, 0xcef7, 0x0001, 0xcf17, 0x0001, 0xcef7, 0x001f, 0xcf17, 0x001d, 0xcf17, 0x0001, 0xcef7, 0x0002, 0xcf17,
    0x0003, 0xcef7, 0x0004, 0xcef6, 0x0001, 0xc6f6, 0x0003, 0xc6d5, 0x0001, 0xc6b4, 0x0001, 0xbeb4, 0x0001, 0xbeb3, 0x0001, 0xbe93,
    0x0001, 0xb672, 0x0001, 0xb671, 0x0001, 0xae51, 0x0001, 0xae50, 0x0001, 0xae2f, 0x0002, 0xa60e, 0x0001, 0x9ded, 0x0001, 0x9dec,
    0x0001, 0x95cb, 0x0001, 0x95ab, 0x0001, 0x8d8a, 0x0001, 0x8d89, 0x0001, 0x8d69, 0x0001, 0x8568, 0x0001, 0x8547, 0x0002, 0x7d47,
    0x0002, 0x7d26, 0x0001, 0x7d25, 0x0001, 0x7525, 0x0003, 0x7505, 0x0004, 0x7504, 0x0003, 0x7505, 0x0001, 0x7525, 0x0001, 0x7d25,
    0x0002, 0x7d26, 0x0001, 0x7d46, 0x0001, 0x8547, 0x0001, 0x8567, 0x0001, 0x8568, 0x0002, 0x8d89, 0x0001, 0x8daa, 0x0001, 0x95ab,
    0x0001, 0x95cb, 0x0001, 0x9dec, 0x0001, 0x9ded, 0x0001, 0xa60e, 0x0001, 0xa62f, 0x0001, 0xae2f, 0x0001, 0xae50, 0x0001, 0xb651,
    0x0001, 0xb671, 0x0001, 0xb672, 0x0001, 0xbe93, 0x0001, 0xbeb3, 0x0001, 0xbeb4, 0x0001, 0xc6b4, 0x0003, 0xc6d5, 0x0001, 0xc6f6,
    0x0005, 0xcef6, 0x0002, 0xcef7, 0x0001, 0xcf17, 0x0001, 0xcef7, 0x0052, 0xcf17, 0x0001, 0xcef7, 0x0002, 0xcf17, 0x0003, 0xcef7,
    0x0003, 0xcef6, 0x0001, 0xbe74, 0x0001, 0x2143, 0x0002, 0x0040, 0x0001, 0x0860, 0x0001, 0x0880, 0x0001, 0x10e0, 0x0001, 0xae32,
    0x0001, 0xbe93, 0x0001, 0xb692, 0x0001, 0xb671, 0x0001, 0xae51, 0x0001, 0xae50, 0x0001, 0xae2f, 0x0002, 0xa60e, 0x0001, 0x9ded,
    0x0001, 0x9dec, 0x0001, 0x95cb, 0x0001, 0x95ab, 0x0001, 0x8d8a, 0x0002, 0x8d89, 0x0001, 0x8568, 0x0002, 0x8547, 0x0001, 0x7d46,
    0x0002, 0x7d26, 0x0002, 0x7525, 0x0003, 0x7505, 0x0004, 0x7504, 0x0003, 0x7505, 0x0001, 0x7525, 0x0001, 0x7d25, 0x0002, 0x7d26,
    0x0001, 0x7d47, 0x0001, 0x8547, 0x0001, 0x8567, 0x0001, 0x8568, 0x0002, 0x8d89, 0x0001, 0x8daa, 0x0001, 0x95ab, 0x0001, 0x95cc,
    0x0001, 0x9dcc, 0x0001, 0x9ded, 0x0001, 0xa60e, 0x0001, 0xa62f, 0x0001, 0xae2f, 0x0001, 0xae50, 0x0002, 0xb671, 0x0001, 0xb692,
    0x0001, 0xbe93, 0x0001, 0xbeb3, 0x0001, 0xbeb4, 0x0001, 0xc6b4, 0x0003, 0xc6d5, 0x0001, 0xc6f6, 0x0005, 0xcef6, 0x0002, 0xcef7,
    0x0001, 0xcf17, 0x0001, 0xcef7, 0x001f, 0xcf17, 0x001d, 0xcf17, 0x0001, 0xcef7, 0x0001, 0xcf17, 0x0003, 0xcef7, 0x0006, 0xcef6,
    0x0002, 0xc6d5, 0x0002, 0xc6b4, 0x0001, 0xbeb3, 0x0001, 0xbe93, 0x0001, 0xbe92, 0x0001, 0xb672, 0x0001, 0xb671, 0x0001, 0xae50,
    0x0001, 0xae30, 0x0001, 0xa62f, 0x0001, 0xa60e, 0x0001, 0x9ded, 0x0001, 0x9dec, 0x0001, 0x95cc, 0x0001, 0x95ab, 0x0001, 0x8daa,
    0x0001, 0x8d89, 0x0001, 0x8d69, 0x0001, 0x8568, 0x0001, 0x8547, 0x0001, 0x7d47, 0x0002, 0x7d26, 0x0001, 0x7d25, 0x0002, 0x7505,
    0x0002, 0x7504, 0x0001, 0x74e4, 0x0002, 0x7504, 0x0004, 0x74e4, 0x0003, 0x7504, 0x0001, 0x7505, 0x0002, 0x7525, 0x0001, 0x7d26,
    0x0001, 0x7d46, 0x0001, 0x7d47, 0x0001, 0x8567, 0x0001, 0x8568, 0x0002, 0x8d89, 0x0001, 0x95aa, 0x0001, 0x95ab, 0x0001, 0x95cc,
    0x0001, 0x9dec, 0x0001, 0x9e0d, 0x0001, 0xa60e, 0x0001, 0xa62f, 0x0002, 0xae50, 0x0001, 0xb671, 0x0001, 0xb672, 0x0001, 0xb692,
    0x0001, 0xbe93, 0x0001, 0xbeb4, 0x0002, 0xc6b4, 0x0002, 0xc6d5, 0x0001, 0xc6f6, 0x0005, 0xcef6, 0x0002, 0xcef7, 0x0001, 0xcf17,
    0x0001, 0xcef7, 0x0052, 0xcf17, 0x0001, 0xcef7, 0x0001, 0xcf17, 0x0003, 0xcef7, 0x0003, 0xcef6, 0x0001, 0xced6, 0x0001, 0x3a06,
    0x0002, 0x0040, 0x0002, 0x0860, 0x0001, 0x0880, 0x0001, 0x08a0, 0x0001, 0x8d0e, 0x0001, 0xbe92, 0x0001, 0xb672, 0x0001, 0xb671,
    0x0001, 0xae50, 0x0001, 0xae2f, 0x0001, 0xa62f, 0x0001, 0xa60e, 0x0001, 0x9e0d, 0x0001, 0x9dec, 0x0001, 0x95cc, 0x0001, 0x95ab,
    0x0001, 0x8daa, 0x0002, 0x8d89, 0x0001, 0x8568, 0x0001, 0x8547, 0x0001, 0x7d47, 0x0001, 0x7d46, 0x0001, 0x7d26, 0x0001, 0x7d25,
    0x0002, 0x7505, 0x0002, 0x7504, 0x0002, 0x74e4, 0x0001, 0x7504, 0x0004, 0x74e4, 0x0003, 0x7504, 0x0001, 0x7505, 0x0001, 0x7525,
    0x0001, 0x7d25, 0x0001, 0x7d26, 0x0001, 0x7d46, 0x0001, 0x8547, 0x0001, 0x8567, 0x0001, 0x8568, 0x0002, 0x8d89, 0x0001, 0x95aa,
    0x0001, 0x95ab, 0x0001, 0x95cc, 0x0001, 0x9dec, 0x0001, 0xa60d, 0x0001, 0xa60e, 0x0001, 0xa62f, 0x0002, 0xae50, 0x0001, 0xb671,
    0x0001, 0xb672, 0x0001, 0xb692, 0x0001, 0xbe93, 0x0001, 0xbeb4, 0x0001, 0xc6b4, 0x0001, 0xc6d4, 0x0002, 0xc6d5, 0x0001, 0xc6f6,
    0x0005, 0xcef6, 0x0002, 0xcef7, 0x0001, 0xcf17, 0x0001, 0xcef7, 0x001f, 0xcf17, 0x001d, 0xcf17, 0x0001, 0xcef7, 0x0001, 0xcf17,
    0x0003, 0xcef7, 0x0004, 0xcef6, 0x0001, 0xc6f6, 0x0003, 0xc6d5, 0x0001, 0xc6b4, 0x0001, 0xbeb4, 0x0001, 0xbeb3, 0x0001, 0xbe93,
    0x0001, 0xb672, 0x0001, 0xb671, 0x0001, 0xb651, 0x0001, 0xae50, 0x0001, 0xa62f, 0x0001, 0xa60e, 0x0001, 0xa60d, 0x0001, 0x9ded,
    0x0001, 0x95cc, 0x0001, 0x95cb, 0x0001, 0x95aa, 0x0002, 0x8d89, 0x0001, 0x8568, 0x0001, 0x8547, 0x0001, 0x7d47, 0x0002, 0x7d26,
    0x0001, 0x7525, 0x0001, 0x7505, 0x0002, 0x7504, 0x0002, 0x74e4, 0x0008, 0x6ce3, 0x0002, 0x74e4, 0x0002, 0x7504, 0x0001, 0x7505,
    0x0001, 0x7525, 0x0002, 0x7d26, 0x0001, 0x7d47, 0x0001, 0x8567, 0x0001, 0x8568, 0x0001, 0x8d89, 0x0001, 0x8daa, 0x0001, 0x95aa,
    0x0001, 0x95cb, 0x0001, 0x9dcc, 0x0001, 0x9ded, 0x0002, 0xa60e, 0x0001, 0xae2f, 0x0001, 0xae50, 0x0001, 0xae51, 0x0001, 0xb671,
    0x0001, 0xb672, 0x0001, 0xbe93, 0x0001, 0xbeb3, 0x0001, 0xbeb4, 0x0001, 0xc6b4, 0x0003, 0xc6d5, 0x0005, 0xcef6, 0x0002, 0xcef7,
    0x0054, 0xcf17, 0x0001, 0xcef7, 0x0001, 0xcf17, 0x0003, 0xcef7, 0x0003, 0xcef6, 0x0001, 0x7c4d, 0x0001, 0x0020, 0x0002, 0x0040,
    0x0001, 0x0860, 0x0002, 0x0880, 0x0001, 0x08a0, 0x0001, 0x9d6f, 0x0001, 0xb672, 0x0001, 0xb671, 0x0001, 0xae51, 0x0001, 0xae50,
    0x0001, 0xae2f, 0x0001, 0xa60e, 0x0001, 0x9e0d, 0x0001, 0x9ded, 0x0001, 0x9dcc, 0x0001, 0x95cb, 0x0001, 0x95aa, 0x0001, 0x8d89,
    0x0001, 0x8d69, 0x0001, 0x8568, 0x0001, 0x8567, 0x0001, 0x7d47, 0x0002, 0x7d26, 0x0001, 0x7525, 0x0001, 0x7505, 0x0002, 0x7504,
    0x0002, 0x74e4, 0x0008, 0x6ce3, 0x0001, 0x6ce4, 0x0001, 0x74e4, 0x0002, 0x7504, 0x0001, 0x7505, 0x0001, 0x7525, 0x0001, 0x7d26,
    0x0001, 0x7d46, 0x0001, 0x8547, 0x0001, 0x8567, 0x0001, 0x8568, 0x0001, 0x8d89, 0x0001, 0x8daa, 0x0001, 0x95aa, 0x0001, 0x95cb,
    0x0001, 0x9dcc, 0x0001, 0x9ded, 0x0002, 0xa60e, 0x0001, 0xae2f, 0x0001, 0xae50, 0x0001, 0xb651, 0x0001, 0xb671, 0x0001, 0xb672,
    0x0001, 0xbe93, 0x0001, 0xbeb3, 0x0001, 0xbeb4, 0x0001, 0xc6b4, 0x0003, 0xc6d5, 0x0001, 0xced6, 0x0004, 0xcef6, 0x0002, 0xcef7,
    0x0021, 0xcf17, 0x001d, 0xcf17, 0x0001, 0xcef7, 0x0001, 0xcf17, 0x0003, 0xcef7, 0x0005, 0xcef6, 0x0003, 0xc6d5, 0x0001, 0xc6b4,
    0x0001, 0xbeb4, 0x0001, 0xbe93, 0x0001, 0xb692, 0x0001, 0xb672, 0x0001, 0xb671, 0x0001, 0xae50, 0x0001, 0xae2f, 0x0001, 0xa62f,
    0x0001, 0xa60e, 0x0001, 0x9ded, 0x0001, 0x9dcc, 0x0001, 0x95cb, 0x0001, 0x95ab, 0x0001, 0x8daa, 0x0001, 0x8d89, 0x0001, 0x8568,
    0x0001, 0x8547, 0x0001, 0x7d47, 0x0002, 0x7d26, 0x0001, 0x7525, 0x0002, 0x7504, 0x0001, 0x74e4, 0x0006, 0x6ce3, 0x0002, 0x6cc3,
    0x0006, 0x6ce3, 0x0002, 0x7504, 0x0001, 0x7505, 0x0001, 0x7525, 0x0002, 0x7d26, 0x0001, 0x7d47, 0x0001, 0x8547, 0x0001, 0x8568,
    0x0001, 0x8d89, 0x0001, 0x8daa, 0x0001, 0x95ab, 0x0001, 0x95cb, 0x0001, 0x9dec, 0x0001, 0x9ded, 0x0001, 0xa60e, 0x0001, 0xa62f,
    0x0001, 0xae2f, 0x0001, 0xae50, 0x0001, 0xb671, 0x0001, 0xb672, 0x0001, 0xb692, 0x0001, 0x84cd, 0x0001, 0x3a45, 0x0001, 0x31c4,
    0x0001, 0x638a, 0x0001, 0xbe74, 0x0001, 0xc6d5, 0x0005, 0xcef6, 0x0002, 0xcef7, 0x0054, 0xcf17, 0x0001, 0xcef7, 0x0001, 0xcf17,
    0x0002, 0xcef7, 0x0003, 0xcef6, 0x0001, 0xc6b5, 0x0001, 0x18e2, 0x0002, 0x0040, 0x0001, 0x0840, 0x0001, 0x0860, 0x0001, 0x0880,
    0x0001, 0x08a0, 0x0001, 0x3a45, 0x0001, 0xb692, 0x0001, 0xb672, 0x0001, 0xb671, 0x0001, 0xae50, 0x0001, 0xae2f, 0x0001, 0xa62f,
    0x0001, 0xa60e, 0x0001, 0x9ded, 0x0001, 0x9dcc, 0x0001, 0x95cb, 0x0001, 0x95aa, 0x0001, 0x8d8a, 0x0001, 0x8d89, 0x0001, 0x8568,
    0x0001, 0x8547, 0x0001, 0x7d47, 0x0001, 0x7d26, 0x0001, 0x7d25, 0x0001, 0x7505, 0x0002, 0x7504, 0x0001, 0x74e4, 0x0006, 0x6ce3,
    0x0002, 0x6cc3, 0x0005, 0x6ce3, 0x0001, 0x74e4, 0x0002, 0x7504, 0x0001, 0x7505, 0x0001, 0x7525, 0x0001, 0x7d26, 0x0001, 0x7d46,
    0x0002, 0x8547, 0x0001, 0x8568, 0x0001, 0x8d89, 0x0001, 0x8daa, 0x0001, 0x95ab, 0x0001, 0x95cb, 0x0001, 0x9dec, 0x0001, 0x9ded,
    0x0001, 0xa60e, 0x0001, 0xa62f, 0x0002, 0xae50, 0x0001, 0xb671, 0x0001, 0xb672, 0x0001, 0xbe92, 0x0001, 0xbeb3, 0x0001, 0xbeb4,
    0x0001, 0xc6b4, 0x0003, 0xc6d5, 0x0001, 0xc6f6, 0x0004, 0xcef6, 0x0002, 0xcef7, 0x0021, 0xcf17, 0x001d, 0xcf17, 0x0001, 0xcef7,
    0x0001, 0xcf17, 0x0003, 0xcef7, 0x0004, 0xcef6, 0x0001, 0xc6f5, 0x0002, 0xc6d5, 0x0001, 0xc6b4, 0x0001, 0xbeb4, 0x0001, 0xbeb3,
    0x0001, 0xbe93, 0x0001, 0xb672, 0x0001, 0xb671, 0x0001, 0xae51, 0x0001, 0xae30, 0x0001, 0xa62f, 0x0001, 0xa60e, 0x0001, 0xa60d,
    0x0001, 0x9dec, 0x0001, 0x95cc, 0x0001, 0x95ab, 0x0001, 0x8d8a, 0x0001, 0x8d89, 0x0001, 0x8568, 0x0001, 0x8548, 0x0001, 0x7d47,
    0x0002, 0x7d26, 0x0001, 0x7505, 0x0002, 0x7504, 0x0001, 0x6ce4, 0x0003, 0x6ce3, 0x000a, 0x6cc2, 0x0003, 0x6ce3, 0x0001, 0x74e4,
    0x0001, 0x7504, 0x0001, 0x7505, 0x0001, 0x7525, 0x0001, 0x7d26, 0x0001, 0x7d46, 0x0001, 0x8547, 0x0001, 0x8567, 0x0001, 0x8568,
    0x0001, 0x8d89, 0x0001, 0x8daa, 0x0001, 0x95ab, 0x0001, 0x95cc, 0x0001, 0x9ded, 0x0001, 0xa60d, 0x0001, 0xa60e, 0x0001, 0xa62f,
    0x0001, 0xae50, 0x0001, 0xae51, 0x0001, 0xb671, 0x0001, 0x7cac, 0x0001, 0x10c0, 0x0001, 0x08a0, 0x0001, 0x0880, 0x0001, 0x0860,
    0x0001, 0x18e2, 0x0001, 0x84ae, 0x0006, 0xcef6, 0x0002, 0xcef7, 0x0053, 0xcf17, 0x0001, 0xcef7, 0x0001, 0xcf17, 0x0002, 0xcef7,
    0x0003, 0xcef6, 0x0001, 0x6bcc, 0x0001, 0x0020, 0x0002, 0x0040, 0x0002, 0x0860, 0x0001, 0x0880, 0x0001, 0x31e3, 0x0001, 0xb632,
    0x0001, 0xb672, 0x0001, 0xb671, 0x0001, 0xae51, 0x0001, 0xae30, 0x0001, 0xae2f, 0x0001, 0xa60e, 0x0001, 0x9e0d, 0x0001, 0x9dec,
    0x0001, 0x95cc, 0x0001, 0x95ab, 0x0001, 0x8d8a, 0x0001, 0x8d89, 0x0002, 0x8568, 0x0001, 0x8547, 0x0001, 0x7d26, 0x0001, 0x7d25,
    0x0001, 0x7505, 0x0002, 0x7504, 0x0001, 0x74e4, 0x0002, 0x6ce3, 0x0001, 0x6cc3, 0x0009, 0x6cc2, 0x0001, 0x6cc3, 0x0003, 0x6ce3,
    0x0001, 0x6ce4, 0x0001, 0x7504, 0x0001, 0x7505, 0x0001, 0x7525, 0x0002, 0x7d26, 0x0001, 0x8547, 0x0002, 0x8568, 0x0001, 0x8d89,
    0x0001, 0x8daa, 0x0001, 0x95ab, 0x0001, 0x95cc, 0x0001, 0x9ded, 0x0002, 0xa60e, 0x0001, 0xae2f, 0x0001, 0xae50, 0x0001, 0xb651,
    0x0001, 0xb671, 0x0001, 0xb692, 0x0001, 0xbe93, 0x0001, 0xbeb3, 0x0001, 0xc6b4, 0x0001, 0xc6d4, 0x0002, 0xc6d5, 0x0001, 0xc6f6,
    0x0004, 0xcef6, 0x0003, 0xcef7, 0x0020, 0xcf17, 0x001b, 0xcf17, 0x0002, 0xcef7, 0x0001, 0xcf17, 0x0004, 0xcef7, 0x0003, 0xcef6,
    0x0001, 0xc6f6, 0x0003, 0xc6d5, 0x0001, 0xc6b4, 0x0001, 0xbeb4, 0x0002, 0xbe93, 0x0001, 0xb672, 0x0001, 0xb671, 0x0001, 0xae50,
    0x0001, 0xae30, 0x0001, 0xa62f, 0x0001, 0xa60e, 0x0001, 0x9ded, 0x0001, 0x9dcc, 0x0001, 0x95ab, 0x0001, 0x95aa, 0x0001, 0x8d89,
    0x0001, 0x8d69, 0x0001, 0x8568, 0x0001, 0x8547, 0x0001, 0x7d46, 0x0001, 0x7d26, 0x0001, 0x7505, 0x0002, 0x7504, 0x0001, 0x74e4,
    0x0003, 0x6ce3, 0x0003, 0x6cc2, 0x0007, 0x64c2, 0x0002, 0x6cc2, 0x0001, 0x6cc3, 0x0002, 0x6ce3, 0x0001, 0x74e4, 0x0001, 0x7504,
    0x0001, 0x7505, 0x0001, 0x7525, 0x0001, 0x7d26, 0x0001, 0x7d46, 0x0001, 0x8547, 0x0001, 0x8568, 0x0001, 0x8d89, 0x0001, 0x8d8a,
    0x0001, 0x95aa, 0x0001, 0x95cb, 0x0001, 0x9dcc, 0x0001, 0x9ded, 0x0001, 0xa60e, 0x0001, 0xa62f, 0x0001, 0xae30, 0x0001, 0xae50,
    0x0001, 0xb671, 0x0001, 0x3203, 0x0001, 0x10c0, 0x0001, 0x08a0, 0x0001, 0x0880, 0x0002, 0x0860, 0x0001, 0x0040, 0x0001, 0x5309,
    0x0001, 0xc6d5, 0x0004, 0xcef6, 0x0002, 0xcef7, 0x0001, 0xcf17, 0x0001, 0xcef7, 0x004f, 0xcf17, 0x0002, 0xcef7, 0x0001, 0xcf17,
    0x0003, 0xcef7, 0x0003, 0xcef6, 0x0001, 0x1902, 0x0001, 0x0020, 0x0002, 0x0040, 0x0001, 0x0860, 0x0001, 0x0880, 0x0001, 0x10e1,
    0x0001, 0xadf1, 0x0001, 0xbe93, 0x0001, 0xb672, 0x0001, 0xb671, 0x0001, 0xae50, 0x0001, 0xae2f, 0x0001, 0xa62f, 0x0001, 0xa60e,
    0x0001, 0x9ded, 0x0001, 0x9dcc, 0x0001, 0x95cb, 0x0001, 0x95aa, 0x0001, 0x8d89, 0x0002, 0x8568, 0x0001, 0x8547, 0x0002, 0x7d26,
    0x0001, 0x7525, 0x0002, 0x7504, 0x0001, 0x74e4, 0x0002, 0x6ce3, 0x0004, 0x6cc2, 0x0007, 0x64c2, 0x0002, 0x6cc2, 0x0001, 0x6cc3,
    0x0002, 0x6ce3, 0x0002, 0x7504, 0x0001, 0x7505, 0x0001, 0x7525, 0x0001, 0x7d26, 0x0001, 0x7d46, 0x0001, 0x8547, 0x0001, 0x8568,
    0x0001, 0x8d89, 0x0001, 0x8daa, 0x0001, 0x95aa, 0x0001, 0x95cb, 0x0001, 0x9dec, 0x0001, 0x9ded, 0x0001, 0xa60e, 0x0001, 0xae2f,
    0x0001, 0xae30, 0x0001, 0xae50, 0x0001, 0xb671, 0x0001, 0xb672, 0x0002, 0xbe93, 0x0001, 0xbeb4, 0x0001, 0xc6b4, 0x0002, 0xc6d5,
    0x0001, 0xced6, 0x0005, 0xcef6, 0x0002, 0xcef7, 0x0001, 0xcf17, 0x0001, 0xcef7, 0x001e, 0xcf17, 0x001b, 0xcf17, 0x0002, 0xcef7,
    0x0001, 0xcf17, 0x0003, 0xcef7, 0x0004, 0xcef6, 0x0001, 0xc6f6, 0x0003, 0xc6d5, 0x0001, 0xc6b4, 0x0001, 0xbeb4, 0x0001, 0xbe93,
    0x0001, 0xb692, 0x0001, 0xb672, 0x0001, 0xb651, 0x0001, 0xae50, 0x0001, 0xae2f, 0x0001, 0xa60e, 0x0001, 0x9e0d, 0x0001, 0x9ded,
    0x0001, 0x95cc, 0x0001, 0x95ab, 0x0001, 0x8d8a, 0x0001, 0x8d89, 0x0001, 0x8568, 0x0001, 0x8567, 0x0001, 0x7d47, 0x0001, 0x7d26,
    0x0002, 0x7505, 0x0001, 0x7504, 0x0001, 0x74e4, 0x0001, 0x6ce3, 0x0001, 0x6cc3, 0x0002, 0x6cc2, 0x0001, 0x64c2, 0x0001, 0x64a2,
    0x0008, 0x64a1, 0x0002, 0x64c2, 0x0002, 0x6cc2, 0x0002, 0x6ce3, 0x0002, 0x74e4, 0x0001, 0x7505, 0x0001, 0x7525, 0x0001, 0x7d26,
    0x0001, 0x7d47, 0x0001, 0x8567, 0x0001, 0x8568, 0x0001, 0x8d89, 0x0001, 0x8d8a, 0x0001, 0x95ab, 0x0001, 0x95cc, 0x0001, 0x9ded,
    0x0002, 0xa60e, 0x0001, 0xae2f, 0x0001, 0xae50, 0x0001, 0xb671, 0x0001, 0x2181, 0x0001, 0x10c0, 0x0001, 0x08c0, 0x0001, 0x08a0,
    0x0001, 0x0880, 0x0001, 0x0860, 0x0002, 0x0040, 0x0001, 0x4a67, 0x0001, 0xced6, 0x0003, 0xcef6, 0x0002, 0xcef7, 0x0051, 0xcf17,
    0x0002, 0xcef7, 0x0001, 0xcf17, 0x0003, 0xcef7, 0x0002, 0xcef6, 0x0001, 0xadd2, 0x0002, 0x0020, 0x0002, 0x0040, 0x0001, 0x0860,
    0x0001, 0x0880, 0x0001, 0x6bca, 0x0001, 0xbe93, 0x0001, 0xb692, 0x0001, 0xb672, 0x0001, 0xb651, 0x0001, 0xae50, 0x0001, 0xae2f,
    0x0001, 0xa60e, 0x0001, 0xa60d, 0x0001, 0x9ded, 0x0001, 0x95cc, 0x0001, 0x95ab, 0x0001, 0x8d8a, 0x0001, 0x8d89, 0x0001, 0x8568,
    0x0001, 0x8547, 0x0001, 0x7d47, 0x0001, 0x7d26, 0x0001, 0x7525, 0x0001, 0x7505, 0x0001, 0x7504, 0x0001, 0x74e4, 0x0001, 0x6ce3,
    0x0001, 0x6cc3, 0x0002, 0x6cc2, 0x0001, 0x64c2, 0x0001, 0x64a2, 0x0007, 0x64a1, 0x0003, 0x64c2, 0x0002, 0x6cc2, 0x0002, 0x6ce3,
    0x0001, 0x74e4, 0x0001, 0x7504, 0x0001, 0x7505, 0x0001, 0x7d25, 0x0001, 0x7d26, 0x0001, 0x7d47, 0x0001, 0x8567, 0x0001, 0x8568,
    0x0001, 0x8d89, 0x0001, 0x8daa, 0x0001, 0x95ab, 0x0001, 0x95cc, 0x0001, 0x9ded, 0x0001, 0xa60e, 0x0001, 0xa62f, 0x0001, 0xae2f,
    0x0001, 0xae50, 0x0001, 0xb671, 0x0001, 0xb672, 0x0001, 0xbe92, 0x0001, 0xbe93, 0x0001, 0xbeb4, 0x0001, 0xc6b4, 0x0003, 0xc6d5,
    0x0001, 0xced6, 0x0004, 0xcef6, 0x0002, 0xcef7, 0x0020, 0xcf17, 0x001b, 0xcf17, 0x0002, 0xcef7, 0x0001, 0xcf17, 0x0002, 0xcef7,
    0x0006, 0xcef6, 0x0002, 0xc6d5, 0x0002, 0xc6b4, 0x0001, 0xbeb3, 0x0001, 0xbe93, 0x0001, 0xb672, 0x0001, 0xb671, 0x0001, 0xae51,
    0x0001, 0xae50, 0x0001, 0xae2f, 0x0001, 0xa60e, 0x0001, 0x9ded, 0x0001, 0x9dec, 0x0001, 0x95cb, 0x0001, 0x95aa, 0x0001, 0x8d8a,
    0x0001, 0x8d69, 0x0001, 0x8568, 0x0001, 0x8547, 0x0001, 0x7d26, 0x0001, 0x7d25, 0x0001, 0x7505, 0x0001, 0x7504, 0x0001, 0x6ce4,
    0x0002, 0x6ce3, 0x0002, 0x6cc2, 0x0001, 0x64c2, 0x000b, 0x64a1, 0x0002, 0x64c2, 0x0002, 0x6cc2, 0x0002, 0x6ce3, 0x0001, 0x74e4,
    0x0001, 0x7504, 0x0001, 0x7505, 0x0001, 0x7d25, 0x0001, 0x7d26, 0x0001, 0x7d47, 0x0001, 0x8568, 0x0001, 0x8d89, 0x0001, 0x8d8a,
    0x0001, 0x95aa, 0x0001, 0x95cb, 0x0001, 0x9dec, 0x0001, 0x9ded, 0x0001, 0xa60e, 0x0001, 0xae2f, 0x0001, 0xae30, 0x0001, 0xae51,
    0x0001, 0x4ae6, 0x0001, 0x10e0, 0x0001, 0x08c0, 0x0001, 0x08a0, 0x0001, 0x0880, 0x0001, 0x0860, 0x0001, 0x0060, 0x0001, 0x0040,
    0x0001, 0x0020, 0x0001, 0x52e9, 0x0003, 0xcef6, 0x0002, 0xcef7, 0x0051, 0xcf17, 0x0002, 0xcef7, 0x0001, 0xcf17, 0x0002, 0xcef7,
    0x0003, 0xcef6, 0x0001, 0x73ec, 0x0002, 0x0020, 0x0001, 0x0040, 0x0002, 0x0860, 0x0001, 0x10e1, 0x0001, 0xb673, 0x0001, 0xbe93,
    0x0001, 0xb672, 0x0001, 0xb671, 0x0001, 0xae51, 0x0001, 0xae50, 0x0001, 0xa62f, 0x0001, 0xa60e, 0x0001, 0x9ded, 0x0001, 0x9dcc,
    0x0001, 0x95cb, 0x0001, 0x95aa, 0x0002, 0x8d89, 0x0001, 0x8568, 0x0001, 0x8547, 0x0001, 0x7d26, 0x0001, 0x7d25, 0x0001, 0x7505,
    0x0001, 0x7504, 0x0001, 0x6ce4, 0x0001, 0x6ce3, 0x0001, 0x6cc3, 0x0002, 0x6cc2, 0x0001, 0x64c2, 0x000a, 0x64a1, 0x0001, 0x64c1,
    0x0001, 0x64a2, 0x0001, 0x64c2, 0x0002, 0x6cc2, 0x0002, 0x6ce3, 0x0001, 0x74e4, 0x0001, 0x7504, 0x0001, 0x7525, 0x0001, 0x7d25,
    0x0001, 0x7d46, 0x0001, 0x8547, 0x0001, 0x8568, 0x0001, 0x8d89, 0x0001, 0x8d8a, 0x0001, 0x95aa, 0x0001, 0x95cb, 0x0001, 0x9dec,
    0x0001, 0x9e0d, 0x0001, 0xa60e, 0x0001, 0xa62f, 0x0001, 0xae50, 0x0001, 0xb651, 0x0001, 0xb671, 0x0001, 0xbe92, 0x0001, 0xbe93,
    0x0001, 0xbeb3, 0x0001, 0xc6b4, 0x0003, 0xc6d5, 0x0005, 0xcef6, 0x0002, 0xcef7, 0x0020, 0xcf17, 0x001b, 0xcf17, 0x0002, 0xcef7,
    0x0001, 0xcf17, 0x0002, 0xcef7, 0x0006, 0xcef6, 0x0002, 0xc6d5, 0x0001, 0xc6b4, 0x0001, 0xbeb4, 0x0001, 0xbeb3, 0x0001, 0xbe93,
    0x0001, 0xb672, 0x0001, 0xb671, 0x0001, 0xae50, 0x0001, 0xae30, 0x0001, 0xa62f, 0x0001, 0xa60e, 0x0001, 0x9ded, 0x0001, 0x9dcc,
    0x0001, 0x95ab, 0x0001, 0x95aa, 0x0001, 0x8d89, 0x0001, 0x8568, 0x0001, 0x8567, 0x0001, 0x7d47, 0x0001, 0x7d26, 0x0001, 0x7525,
    0x0001, 0x7504, 0x0001, 0x74e4, 0x0002, 0x6ce3, 0x0002, 0x6cc2, 0x0001, 0x64c2, 0x0001, 0x64a1, 0x0001, 0x64c1, 0x000c, 0x64a1,
    0x0001, 0x64c2, 0x0002, 0x6cc2, 0x0002, 0x6ce3, 0x0001, 0x74e4, 0x0001, 0x7504, 0x0001, 0x7d25, 0x0001, 0x7d26, 0x0001, 0x7d47,
    0x0001, 0x8567, 0x0001, 0x8568, 0x0001, 0x8d89, 0x0001, 0x8daa, 0x0001, 0x95cb, 0x0001, 0x9dcc, 0x0001, 0x9ded, 0x0001, 0xa60e,
    0x0001, 0xa62f, 0x0002, 0xae50, 0x0001, 0xa5ef, 0x0001, 0x29e3, 0x0001, 0x10c0, 0x0001, 0x08a0, 0x0001, 0x0880, 0x0001, 0x0860,
    0x0001, 0x0060, 0x0001, 0x0040, 0x0002, 0x0020, 0x0001, 0x848e, 0x0003, 0xcef6, 0x0001, 0xcef7, 0x0051, 0xcf17, 0x0002, 0xcef7,
    0x0001, 0xcf17, 0x0002, 0xcef7, 0x0003, 0xcef6, 0x0001, 0x4247, 0x0001, 0x0020, 0x0002, 0x0040, 0x0002, 0x0860, 0x0001, 0x4266,
    0x0001, 0xbeb3, 0x0001, 0xbe93, 0x0001, 0xb672, 0x0001, 0xb671, 0x0002, 0xae50, 0x0001, 0xa62f, 0x0001, 0xa60e, 0x0001, 0x9ded,
    0x0001, 0x9dcc, 0x0001, 0x95cb, 0x0001, 0x8d8a, 0x0001, 0x8d89, 0x0001, 0x8568, 0x0001, 0x8547, 0x0001, 0x7d47, 0x0001, 0x7d26,
    0x0001, 0x7525, 0x0001, 0x7504, 0x0001, 0x74e4, 0x0002, 0x6ce3, 0x0002, 0x6cc2, 0x0001, 0x64c2, 0x0001, 0x64a1, 0x0001, 0x64c1,
    0x000b, 0x64a1, 0x0002, 0x64c2, 0x0002, 0x6cc2, 0x0002, 0x6ce3, 0x0001, 0x7504, 0x0001, 0x7505, 0x0001, 0x7d05, 0x0001, 0x7d26,
    0x0001, 0x7d47, 0x0001, 0x8567, 0x0001, 0x8568, 0x0001, 0x8d89, 0x0001, 0x95aa, 0x0001, 0x95cb, 0x0001, 0x9dcc, 0x0001, 0x9ded,
    0x0001, 0xa60e, 0x0001, 0xa62f, 0x0002, 0xae50, 0x0001, 0xb671, 0x0001, 0xb672, 0x0001, 0xbe93, 0x0001, 0xbeb3, 0x0001, 0xbeb4,
    0x0001, 0xc6b4, 0x0002, 0xc6d5, 0x0001, 0xced6, 0x0004, 0xcef6, 0x0002, 0xcef7, 0x0020, 0xcf17, 0x001b, 0xcf17, 0x0002, 0xcef7,
    0x0001, 0xcf17, 0x0002, 0xcef7, 0x0005, 0xcef6, 0x0003, 0xc6d5, 0x0001, 0xc6b4, 0x0001, 0xbeb4, 0x0001, 0xbeb3, 0x0001, 0xbe93,
    0x0001, 0xb672, 0x0001, 0xb671, 0x0001, 0xae50, 0x0001, 0xae2f, 0x0002, 0xa60e, 0x0001, 0x9ded, 0x0001, 0x95cc, 0x0001, 0x95ab,
    0x0001, 0x8d8a, 0x0001, 0x8d89, 0x0001, 0x8568, 0x0001, 0x8547, 0x0001, 0x7d46, 0x0001, 0x7d25, 0x0001, 0x7505, 0x0001, 0x7504,
    0x0001, 0x74e4, 0x0001, 0x6ce3, 0x0001, 0x6cc3, 0x0001, 0x6cc2, 0x0001, 0x64c2, 0x0001, 0x64a1, 0x0001, 0x64c1, 0x000e, 0x64a1,
    0x0001, 0x64c2, 0x0001, 0x6cc2, 0x0001, 0x6cc3, 0x0001, 0x6ce3, 0x0001, 0x74e4, 0x0001, 0x7504, 0x0001, 0x7505, 0x0001, 0x7d25,
    0x0001, 0x7d46, 0x0001, 0x8547, 0x0001, 0x8568, 0x0001, 0x8d89, 0x0001, 0x8d8a, 0x0001, 0x95ab, 0x0001, 0x95cc, 0x0001, 0x9ded,
    0x0001, 0xa60e, 0x0001, 0xa62f, 0x0001, 0xae2f, 0x0001, 0xae50, 0x0001, 0xb671, 0x0001, 0xb651, 0x0001, 0x6bea, 0x0001, 0x10e0,
    0x0002, 0x0880, 0x0001, 0x0860, 0x0002, 0x0040, 0x0001, 0x0020, 0x0001, 0x10a1, 0x0001, 0xbe75, 0x0002, 0xcef6, 0x0001, 0xcef7,
    0x0051, 0xcf17, 0x0002, 0xcef7, 0x0001, 0xcf17, 0x0002, 0xcef7, 0x0001, 0xcef6, 0x0001, 0xbe54, 0x0001, 0x73ec, 0x0001, 0x0861,
    0x0001, 0x0020, 0x0002, 0x0040, 0x0002, 0x0860, 0x0001, 0x73eb, 0x0001, 0xbeb3, 0x0001, 0xbe92, 0x0001, 0xb672, 0x0001, 0xb671,
    0x0001, 0xae50, 0x0001, 0xae2f, 0x0001, 0xa62e, 0x0001, 0xa60e, 0x0001, 0x9ded, 0x0001, 0x95cc, 0x0001, 0x95ab, 0x0001, 0x8d8a,
    0x0001, 0x8d89, 0x0001, 0x8568, 0x0001, 0x8547, 0x0001, 0x7d26, 0x0001, 0x7d25, 0x0001, 0x7505, 0x0001, 0x7504, 0x0002, 0x6ce3,
    0x0001, 0x6cc3, 0x0001, 0x6cc2, 0x0001, 0x64c2, 0x0001, 0x64a1, 0x0001, 0x64c1, 0x000d, 0x64a1, 0x0002, 0x64c2, 0x0001, 0x6cc2,
    0x0001, 0x6cc3, 0x0001, 0x6ce3, 0x0001, 0x6ce4, 0x0001, 0x7504, 0x0001, 0x7505, 0x0001, 0x7d26, 0x0001, 0x7d46, 0x0001, 0x8547,
    0x0001, 0x8568, 0x0001, 0x8d89, 0x0001, 0x8d8a, 0x0001, 0x95ab, 0x0001, 0x95cc, 0x0001, 0x9ded, 0x0001, 0xa60e, 0x0001, 0xa62f,
    0x0001, 0xae2f, 0x0001, 0xae50, 0x0001, 0xb671, 0x0001, 0xb672, 0x0001, 0xbe93, 0x0001, 0xbeb3, 0x0001, 0xbeb4, 0x0001, 0xc6b4,
    0x0002, 0xc6d5, 0x0001, 0xced6, 0x0005, 0xcef6, 0x0001, 0xcef7, 0x0020, 0xcf17, 0x001b, 0xcf17, 0x0002, 0xcef7, 0x0001, 0xcf17,
    0x0002, 0xcef7, 0x0005, 0xcef6, 0x0001, 0xc6f5, 0x0002, 0xc6d5, 0x0001, 0xc6b4, 0x0001, 0xbeb4, 0x0001, 0xbe93, 0x0001, 0xb692,
    0x0001, 0xb672, 0x0001, 0xb671, 0x0001, 0xae50, 0x0001, 0xae2f, 0x0001, 0xa60e, 0x0001, 0x9e0d, 0x0001, 0x9dec, 0x0001, 0x95cb,
    0x0001, 0x95aa, 0x0001, 0x8d8a, 0x0001, 0x8d69, 0x0001, 0x8568, 0x0001, 0x7d47, 0x0001, 0x7d26, 0x0001, 0x7525, 0x0001, 0x7505,
    0x0001, 0x7504, 0x0002, 0x6ce3, 0x0002, 0x6cc2, 0x0005, 0x64a1, 0x0008, 0x64a0, 0x0004, 0x64a1, 0x0001, 0x64a2, 0x0001, 0x64c2,
    0x0001, 0x6cc2, 0x0002, 0x6ce3, 0x0001, 0x7504, 0x0002, 0x7505, 0x0001, 0x7d26, 0x0001, 0x8547, 0x0002, 0x8568, 0x0001, 0x8d8a,
    0x0001, 0x95ab, 0x0001, 0x95cb, 0x0001, 0x9dec, 0x0001, 0xa60d, 0x0001, 0xa60e, 0x0001, 0xae2f, 0x0001, 0xae50, 0x0001, 0xb671,
    0x0001, 0xb672, 0x0001, 0xb692, 0x0001, 0x956f, 0x0001, 0x1901, 0x0001, 0x0880, 0x0001, 0x0860, 0x0002, 0x0040, 0x0002, 0x0020,
    0x0001, 0x5b4a, 0x0002, 0xcef6, 0x0002, 0xcef7, 0x0050, 0xcf17, 0x0002, 0xcef7, 0x0001, 0xcf17, 0x0001, 0xc695, 0x0001, 0x7c4e,
    0x0001, 0x31e6, 0x0001, 0x0020, 0x0001, 0x0000, 0x0002, 0x0020, 0x0002, 0x0040, 0x0001, 0x0860, 0x0001, 0x0880, 0x0001, 0x84ad,
    0x0001, 0xbe93, 0x0001, 0xb692, 0x0001, 0xb672, 0x0001, 0xb651, 0x0001, 0xae50, 0x0001, 0xae2f, 0x0001, 0xa60e, 0x0001, 0xa60d,
    0x0001, 0x9dec, 0x0001, 0x95cb, 0x0001, 0x95aa, 0x0001, 0x8d8a, 0x0001, 0x8d69, 0x0001, 0x8568, 0x0001, 0x7d47, 0x0001, 0x7d26,
    0x0001, 0x7505, 0x0001, 0x7504, 0x0001, 0x74e4, 0x0002, 0x6ce3, 0x0001, 0x6cc2, 0x0001, 0x64c2, 0x0005, 0x64a1, 0x0008, 0x64a0,
    0x0004, 0x64a1, 0x0001, 0x64a2, 0x0001, 0x64c2, 0x0001, 0x6cc2, 0x0002, 0x6ce3, 0x0001, 0x7504, 0x0001, 0x7505, 0x0001, 0x7d25,
    0x0001, 0x7d26, 0x0001, 0x8547, 0x0001, 0x8568, 0x0001, 0x8d89, 0x0001, 0x8d8a, 0x0001, 0x95ab, 0x0001, 0x95cc, 0x0001, 0x9ded,
    0x0002, 0xa60e, 0x0001, 0xae2f, 0x0001, 0xae50, 0x0001, 0xb671, 0x0001, 0xb672, 0x0001, 0xbe92, 0x0001, 0xbe93, 0x0001, 0xbeb4,
    0x0001, 0xc6b4, 0x0002, 0xc6d5, 0x0001, 0xced5, 0x0005, 0xcef6, 0x0002, 0xcef7, 0x001f, 0xcf17, 0x001b, 0xcf17, 0x0002, 0xcef7,
    0x0001, 0xcf17, 0x0002, 0xcef7, 0x0005, 0xcef6, 0x0003, 0xc6d5, 0x0001, 0xc6b4, 0x0001, 0xbeb4, 0x0001, 0xbe93, 0x0001, 0xbe92,
    0x0001, 0xb672, 0x0001, 0xb651, 0x0001, 0xae50, 0x0001, 0xae2f, 0x0001, 0xa60e, 0x0001, 0x9ded, 0x0001, 0x9dcc, 0x0001, 0x95cb,
    0x0001, 0x95aa, 0x0001, 0x8d89, 0x0001, 0x8568, 0x0001, 0x8567, 0x0001, 0x7d47, 0x0001, 0x7d26, 0x0001, 0x7505, 0x0001, 0x7504,
    0x0001, 0x6ce4, 0x0001, 0x6ce3, 0x0001, 0x6cc3, 0x0001, 0x6cc2, 0x0001, 0x64c2, 0x0004, 0x64a1, 0x0001, 0x64a0, 0x0004, 0x5c80,
    0x0001, 0x6480, 0x0003, 0x5c80, 0x0001, 0x64a0, 0x0004, 0x64a1, 0x0001, 0x64c2, 0x0001, 0x6cc2, 0x0001, 0x6cc3, 0x0001, 0x6ce3,
    0x0001, 0x74e4, 0x0001, 0x7504, 0x0001, 0x7525, 0x0001, 0x7d26, 0x0001, 0x7d47, 0x0001, 0x8567, 0x0001, 0x8568, 0x0001, 0x8d89,
    0x0001, 0x95aa, 0x0001, 0x95cb, 0x0001, 0x9dcc, 0x0001, 0x9ded, 0x0001, 0xa60e, 0x0001, 0xa62f, 0x0001, 0xae50, 0x0001, 0xb651,
    0x0001, 0xb672, 0x0001, 0xbe92, 0x0001, 0xbe93, 0x0001, 0x9d70, 0x0001, 0x08a0, 0x0001, 0x0860, 0x0002, 0x0040, 0x0002, 0x0020,
    0x0001, 0x0840, 0x0001, 0x94f0, 0x0001, 0xced6, 0x0002, 0xcef7, 0x0050, 0xcf17, 0x0001, 0xbe75, 0x0001, 0x7c4e, 0x0001, 0x3a27,
    0x0001, 0x0020, 0x0003, 0x0000, 0x0003, 0x0020, 0x0002, 0x0040, 0x0001, 0x0860, 0x0001, 0x0880, 0x0001, 0x7c8c, 0x0001, 0xbe93,
    0x0001, 0xbe92, 0x0001, 0xb671, 0x0001, 0xb651, 0x0001, 0xae30, 0x0001, 0xae2f, 0x0001, 0xa60e, 0x0001, 0x9ded, 0x0001, 0x9dec,
    0x0001, 0x95cb, 0x0001, 0x95aa, 0x0001, 0x8d89, 0x0001, 0x8568, 0x0001, 0x8567, 0x0001, 0x7d47, 0x0001, 0x7d26, 0x0001, 0x7505,
    0x0001, 0x7504, 0x0001, 0x74e4, 0x0001, 0x6ce3, 0x0001, 0x6cc3, 0x0001, 0x6cc2, 0x0001, 0x64c2, 0x0004, 0x64a1, 0x0001, 0x64a0,
    0x0004, 0x5c80, 0x0001, 0x6480, 0x0002, 0x5c80, 0x0002, 0x64a0, 0x0004, 0x64a1, 0x0001, 0x64c2, 0x0001, 0x6cc2, 0x0001, 0x6cc3,
    0x0001, 0x6ce3, 0x0001, 0x74e4, 0x0001, 0x7504, 0x0001, 0x7525, 0x0001, 0x7d26, 0x0001, 0x7d47, 0x0001, 0x8567, 0x0001, 0x8568,
    0x0001, 0x8d89, 0x0001, 0x95aa, 0x0001, 0x95cb, 0x0001, 0x9dec, 0x0001, 0x9ded, 0x0001, 0xa60e, 0x0001, 0xa62f, 0x0001, 0xae50,
    0x0001, 0xb651, 0x0001, 0xb672, 0x0001, 0xbe92, 0x0001, 0xbe93, 0x0001, 0xbeb4, 0x0001, 0xc6b4, 0x0002, 0xc6d5, 0x0001, 0xced5,
    0x0005, 0xcef6, 0x0002, 0xcef7, 0x001f, 0xcf17, 0x001b, 0xcf17, 0x0001, 0xcef7, 0x0002, 0xcf17, 0x0002, 0xcef7, 0x0004, 0xcef6,
    0x0001, 0xced6, 0x0003, 0xc6d5, 0x0001, 0xc6b4, 0x0001, 0xbeb4, 0x0001, 0xbe93, 0x0001, 0xb692, 0x0001, 0xb671, 0x0001, 0xae51,
    0x0001, 0xae50, 0x0001, 0xae2f, 0x0001, 0xa60e, 0x0001, 0x9ded, 0x0001, 0x9dcc, 0x0001, 0x95cb, 0x0001, 0x95aa, 0x0001, 0x8d89,
    0x0001, 0x8568, 0x0001, 0x8547, 0x0001, 0x7d46, 0x0001, 0x7d26, 0x0001, 0x7505, 0x0001, 0x7504, 0x0002, 0x6ce3, 0x0001, 0x6cc2,
    0x0001, 0x64c2, 0x0001, 0x64a2, 0x0004, 0x64a1, 0x0008, 0x5c80, 0x0001, 0x5ca0, 0x0001, 0x64a0, 0x0004, 0x64a1, 0x0001, 0x64c2,
    0x0002, 0x6cc2, 0x0001, 0x6ce3, 0x0001, 0x74e4, 0x0001, 0x7504, 0x0001, 0x7505, 0x0001, 0x7d26, 0x0001, 0x7d46, 0x0001, 0x8567,
    0x0001, 0x8568, 0x0001, 0x8d89, 0x0001, 0x95aa, 0x0001, 0x95cb, 0x0001, 0x9dec, 0x0001, 0x9ded, 0x0001, 0xa60e, 0x0001, 0xae2f,
    0x0001, 0xae50, 0x0001, 0xae51, 0x0001, 0xb672, 0x0001, 0xbe92, 0x0002, 0xbe93, 0x0001, 0x6beb, 0x0001, 0x0860, 0x0002, 0x0040,
    0x0003, 0x0020, 0x0001, 0x0000, 0x0001, 0x0861, 0x0001, 0x4267, 0x0001, 0x846e, 0x0001, 0xbe75, 0x004c, 0xcf17, 0x0001, 0xadd3,
    0x0001, 0x6bac, 0x0001, 0x2985, 0x0007, 0x0000, 0x0003, 0x0020, 0x0001, 0x0040, 0x0001, 0x0060, 0x0001, 0x0860, 0x0001, 0x0880,
    0x0001, 0x6bca, 0x0001, 0xbe93, 0x0001, 0xb692, 0x0001, 0xb671, 0x0001, 0xae51, 0x0001, 0xae50, 0x0001, 0xa62f, 0x0001, 0xa60e,
    0x0001, 0x9ded, 0x0001, 0x9dcc, 0x0001, 0x95cb, 0x0001, 0x95aa, 0x0001, 0x8d89, 0x0001, 0x8568, 0x0001, 0x8547, 0x0001, 0x7d46,
    0x0001, 0x7d26, 0x0001, 0x7505, 0x0001, 0x7504, 0x0002, 0x6ce3, 0x0002, 0x6cc2, 0x0001, 0x64a2, 0x0004, 0x64a1, 0x0008, 0x5c80,
    0x0001, 0x5ca0, 0x0001, 0x64a0, 0x0004, 0x64a1, 0x0001, 0x64c2, 0x0002, 0x6cc2, 0x0001, 0x6ce3, 0x0001, 0x74e4, 0x0001, 0x7504,
    0x0001, 0x7525, 0x0001, 0x7d26, 0x0001, 0x7d47, 0x0001, 0x8567, 0x0001, 0x8568, 0x0001, 0x8d89, 0x0001, 0x95aa, 0x0001, 0x95cb,
    0x0001, 0x9dcc, 0x0001, 0x9ded, 0x0001, 0xa60e, 0x0001, 0xae2f, 0x0001, 0xae50, 0x0001, 0xb651, 0x0001, 0xb672, 0x0001, 0xbe92,
    0x0001, 0xbe93, 0x0002, 0xbeb4, 0x0003, 0xc6d5, 0x0005, 0xcef6, 0x0002, 0xcef7, 0x001f, 0xcf17, 0x001b, 0xcf17, 0x0001, 0xcef7,
    0x0002, 0xcf17, 0x0002, 0xcef7, 0x0004, 0xcef6, 0x0001, 0xced6, 0x0003, 0xc6d5, 0x0001, 0xc6b4, 0x0001, 0xbeb3, 0x0001, 0xbe93,
    0x0001, 0xb692, 0x0001, 0xb671, 0x0001, 0xae51, 0x0001, 0xae30, 0x0001, 0xa62f, 0x0001, 0xa60e, 0x0001, 0x9ded, 0x0001, 0x9dcc,
    0x0001, 0x95cb, 0x0001, 0x8daa, 0x0001, 0x8d89, 0x0001, 0x8568, 0x0001, 0x8547, 0x0001, 0x7d26, 0x0001, 0x7d25, 0x0001, 0x7505,
    0x0001, 0x7504, 0x0002, 0x6ce3, 0x0001, 0x6cc2, 0x0001, 0x64c2, 0x0004, 0x64a1, 0x0001, 0x64a0, 0x0008, 0x5c80, 0x0001, 0x6480,
    0x0001, 0x5c80, 0x0001, 0x64a0, 0x0004, 0x64a1, 0x0001, 0x64c2, 0x0001, 0x6cc2, 0x0002, 0x6ce3, 0x0001, 0x7504, 0x0001, 0x7505,
    0x0001, 0x7d25, 0x0001, 0x7d26, 0x0001, 0x8547, 0x0001, 0x8568, 0x0001, 0x8d89, 0x0001, 0x8daa, 0x0001, 0x95cb, 0x0001, 0x9dcc,
    0x0001, 0x9ded, 0x0001, 0xa60e, 0x0001, 0xa62f, 0x0001, 0xae30, 0x0001, 0xae51, 0x0001, 0xb671, 0x0001, 0xb692, 0x0001, 0xbe93,
    0x0001, 0xbeb3, 0x0001, 0xbe94, 0x0001, 0x1922, 0x0001, 0x0860, 0x0001, 0x0040, 0x0003, 0x0020, 0x0004, 0x0000, 0x0001, 0x0020,
    0x0001, 0x2985, 0x0001, 0x636b, 0x0001, 0x9510, 0x0001, 0xc6d6, 0x0044, 0xcf17, 0x0001, 0xbe54, 0x0001, 0x846e, 0x0001, 0x4a88,
    0x0001, 0x10c2, 0x000a, 0x0000, 0x0003, 0x0020, 0x0001, 0x0040, 0x0001, 0x0060, 0x0001, 0x0860, 0x0001, 0x0880, 0x0001, 0x3a65,
    0x0001, 0xbe93, 0x0001, 0xb672, 0x0001, 0xb671, 0x0001, 0xae51, 0x0001, 0xae30, 0x0001, 0xa62f, 0x0001, 0xa60e, 0x0001, 0x9ded,
    0x0001, 0x9dcc, 0x0001, 0x95ab, 0x0001, 0x8daa, 0x0001, 0x8d89, 0x0001, 0x8568, 0x0001, 0x8547, 0x0001, 0x7d26, 0x0001, 0x7d25,
    0x0001, 0x7505, 0x0001, 0x7504, 0x0002, 0x6ce3, 0x0001, 0x6cc2, 0x0001, 0x64c2, 0x0004, 0x64a1, 0x0001, 0x64a0, 0x0008, 0x5c80,
    0x0001, 0x6480, 0x0002, 0x64a0, 0x0004, 0x64a1, 0x0001, 0x64c2, 0x0001, 0x6cc2, 0x0002, 0x6ce3, 0x0001, 0x7504, 0x0001, 0x7505,
    0x0001, 0x7d26, 0x0001, 0x7d46, 0x0001, 0x8567, 0x0001, 0x8568, 0x0001, 0x8d89, 0x0001, 0x8daa, 0x0001, 0x95cb, 0x0001, 0x9dcc,
    0x0001, 0x9ded, 0x0001, 0xa60e, 0x0001, 0xa62f, 0x0001, 0xae50, 0x0001, 0xae51, 0x0001, 0xb671, 0x0001, 0xb692, 0x0001, 0xbe93,
    0x0002, 0xbeb4, 0x0001, 0xc6d4, 0x0002, 0xc6d5, 0x0005, 0xcef6, 0x0002, 0xcef7, 0x0001, 0xcf17, 0x0003, 0xcef7, 0x001b, 0xcf17,
    0x001b, 0xcf17, 0x0001, 0xcef7, 0x0002, 0xcf17, 0x0002, 0xcef7, 0x0004, 0xcef6, 0x0001, 0xced6, 0x0003, 0xc6d5, 0x0001, 0xc6b4,
    0x0001, 0xbeb3, 0x0001, 0xbe93, 0x0001, 0xb672, 0x0001, 0xb671, 0x0001, 0xae51, 0x0001, 0xae30, 0x0001, 0xa62f, 0x0001, 0xa60e,
    0x0001, 0x9ded, 0x0001, 0x9dcc, 0x0001, 0x95cb, 0x0001, 0x8d8a, 0x0001, 0x8d89, 0x0001, 0x8568, 0x0001, 0x8547, 0x0001, 0x7d26,
    0x0001, 0x7d25, 0x0001, 0x7505, 0x0001, 0x7504, 0x0002, 0x6ce3, 0x0001, 0x6cc2, 0x0001, 0x64c2, 0x0004, 0x64a1, 0x0001, 0x64a0,
    0x0009, 0x5c80, 0x0001, 0x5ca0, 0x0001, 0x64a0, 0x0004, 0x64a1, 0x0001, 0x64c2, 0x0001, 0x6cc2, 0x0002, 0x6ce3, 0x0001, 0x7504,
    0x0001, 0x7505, 0x0001, 0x7d25, 0x0001, 0x7d46, 0x0001, 0x8547, 0x0001, 0x8568, 0x0001, 0x8d89, 0x0001, 0x8daa, 0x0001, 0x95cb,
    0x0001, 0x9dcc, 0x0001, 0x9ded, 0x0001, 0xa60e, 0x0001, 0xa62f, 0x0001, 0xae30, 0x0001, 0xae51, 0x0001, 0xb671, 0x0001, 0xb672,
    0x0002, 0xbe93, 0x0001, 0xc6b4, 0x0001, 0x5b69, 0x0001, 0x0860, 0x0002, 0x0040, 0x0002, 0x0020, 0x0008, 0x0000, 0x0001, 0x0020,
    0x0001, 0x31a5, 0x0001, 0x638b, 0x0001, 0x9511, 0x0001, 0xc695, 0x003b, 0xcf17, 0x0001, 0xcef7, 0x0001, 0xadf3, 0x0001, 0x846e,
    0x0001, 0x52c9, 0x0001, 0x2103, 0x000e, 0x0000, 0x0003, 0x0020, 0x0002, 0x0040, 0x0001, 0x0860, 0x0001, 0x0880, 0x0001, 0x08c0,
    0x0001, 0xa5f1, 0x0001, 0xb672, 0x0001, 0xb671, 0x0001, 0xae51, 0x0001, 0xae50, 0x0001, 0xa62f, 0x0001, 0xa60e, 0x0001, 0x9ded,
    0x0001, 0x95cc, 0x0001, 0x95ab, 0x0001, 0x8d8a, 0x0001, 0x8d89, 0x0001, 0x8568, 0x0001, 0x8547, 0x0001, 0x7d26, 0x0001, 0x7d25,
    0x0001, 0x7505, 0x0001, 0x7504, 0x0002, 0x6ce3, 0x0001, 0x6cc2, 0x0001, 0x64c2, 0x0004, 0x64a1, 0x0001, 0x64a0, 0x0009, 0x5c80,
    0x0001, 0x5ca0, 0x0001, 0x64a0, 0x0004, 0x64a1, 0x0001, 0x64c2, 0x0001, 0x6cc2, 0x0002, 0x6ce3, 0x0001, 0x7504, 0x0001, 0x7505,
    0x0001, 0x7d25, 0x0001, 0x7d46, 0x0001, 0x8547, 0x0001, 0x8568, 0x0001, 0x8d89, 0x0001, 0x8daa, 0x0001, 0x95cb, 0x0001, 0x9dcc,
    0x0001, 0x9ded, 0x0001, 0xa60e, 0x0001, 0xa62f, 0x0001, 0xae30, 0x0001, 0xae51, 0x0001, 0xb671, 0x0001, 0xbe92, 0x0001, 0xbe93,
    0x0001, 0xbeb4, 0x0001, 0xc6b4, 0x0001, 0xc6d4, 0x0002, 0xc6d5, 0x0005, 0xcef6, 0x0002, 0xcef7, 0x0001, 0xcf17, 0x0003, 0xcef7,
    0x001b, 0xcf17, 0x001b, 0xcf17, 0x0001, 0xcef7, 0x0002, 0xcf17, 0x0002, 0xcef7, 0x0004, 0xcef6, 0x0001, 0xced6, 0x0002, 0xc6d5,
    0x0002, 0xc6b4, 0x0001, 0xbeb3, 0x0001, 0xbe93, 0x0001, 0xb692, 0x0001, 0xb671, 0x0001, 0xae51, 0x0001, 0xae30, 0x0001, 0xa62f,
    0x0001, 0xa60e, 0x0001, 0x9ded, 0x0001, 0x95cc, 0x0001, 0x95cb, 0x0001, 0x8d8a, 0x0001, 0x8d89, 0x0001, 0x8568, 0x0001, 0x8547,
    0x0001, 0x7d26, 0x0001, 0x7d25, 0x0001, 0x7505, 0x0001, 0x74e4, 0x0002, 0x6ce3, 0x0001, 0x6cc2, 0x0001, 0x64c2, 0x0004, 0x64a1,
    0x0001, 0x64a0, 0x0001, 0x6480, 0x0009, 0x5c80, 0x0001, 0x64a0, 0x0004, 0x64a1, 0x0001, 0x64c2, 0x0001, 0x6cc2, 0x0002, 0x6ce3,
    0x0001, 0x74e4, 0x0001, 0x7505, 0x0001, 0x7d25, 0x0001, 0x7d26, 0x0001, 0x8547, 0x0001, 0x8568, 0x0001, 0x8d89, 0x0001, 0x8d8a,
    0x0001, 0x95ab, 0x0001, 0x9dcc, 0x0001, 0x9ded, 0x0001, 0xa60e, 0x0001, 0xa62f, 0x0001, 0xae30, 0x0001, 0xae51, 0x0001, 0xb671,
    0x0001, 0xb672, 0x0001, 0xbe93, 0x0001, 0xbeb3, 0x0001, 0xc6b4, 0x0001, 0x950f, 0x0001, 0x0860, 0x0002, 0x0040, 0x0002, 0x0020,
    0x000d, 0x0000, 0x0001, 0x2103, 0x0001, 0x4a88, 0x0001, 0x73ed, 0x0001, 0xa572, 0x0001, 0xc6b6, 0x0032, 0xcf17, 0x0001, 0xb634,
    0x0001, 0x94f0, 0x0001, 0x638b, 0x0001, 0x3a06, 0x0001, 0x0881, 0x0012, 0x0000, 0x0001, 0x0020, 0x0001, 0x2143, 0x0001, 0x0020,
    0x0001, 0x0040, 0x0001, 0x0060, 0x0001, 0x0860, 0x0001, 0x0880, 0x0001, 0x08a0, 0x0001, 0x5b48, 0x0001, 0xb672, 0x0001, 0xb671,
    0x0001, 0xae51, 0x0001, 0xae50, 0x0001, 0xa60f, 0x0001, 0xa60e, 0x0001, 0x9ded, 0x0001, 0x95cc, 0x0001, 0x95ab, 0x0001, 0x8d8a,
    0x0001, 0x8d89, 0x0001, 0x8568, 0x0001, 0x8547, 0x0001, 0x7d26, 0x0001, 0x7d25, 0x0001, 0x7505, 0x0001, 0x74e4, 0x0001, 0x6ce3,
    0x0001, 0x6cc3, 0x0001, 0x6cc2, 0x0001, 0x64c2, 0x0004, 0x64a1, 0x0001, 0x64a0, 0x0001, 0x6480, 0x0009, 0x5c80, 0x0001, 0x64a0,
    0x0004, 0x64a1, 0x0001, 0x64c2, 0x0001, 0x6cc2, 0x0002, 0x6ce3, 0x0001, 0x7504, 0x0001, 0x7505, 0x0001, 0x7d25, 0x0001, 0x7d26,
    0x0001, 0x8567, 0x0001, 0x8568, 0x0001, 0x8d89, 0x0001, 0x8daa, 0x0001, 0x95ab, 0x0001, 0x9dcc, 0x0001, 0x9ded, 0x0001, 0xa60e,
    0x0001, 0xa62f, 0x0001, 0xae30, 0x0001, 0xae51, 0x0001, 0xb671, 0x0001, 0xbe92, 0x0001, 0xbe93, 0x0001, 0xbeb3, 0x0001, 0xc6b4,
    0x0001, 0xc6d4, 0x0002, 0xc6d5, 0x0005, 0xcef6, 0x0002, 0xcef7, 0x0001, 0xcf17, 0x0003, 0xcef7, 0x001b, 0xcf17, 0x001b, 0xcf17,
    0x0001, 0xcef7, 0x0002, 0xcf17, 0x0002, 0xcef7, 0x0004, 0xcef6, 0x0001, 0xced6, 0x0002, 0xc6d5, 0x0002, 0xc6b4, 0x0001, 0xbeb3,
    0x0001, 0xbe93, 0x0001, 0xb692, 0x0001, 0xb671, 0x0001, 0xae51, 0x0001, 0xae30, 0x0001, 0xa62f, 0x0001, 0xa60e, 0x0001, 0x9ded,
    0x0001, 0x9dcc, 0x0001, 0x95ab, 0x0001, 0x8d8a, 0x0001, 0x8d89, 0x0001, 0x8568, 0x0001, 0x8547, 0x0001, 0x7d26, 0x0001, 0x7d25,
    0x0001, 0x7505, 0x0001, 0x7504, 0x0001, 0x6ce3, 0x0001, 0x6cc3, 0x0001, 0x6cc2, 0x0001, 0x64c2, 0x0004, 0x64a1, 0x0001, 0x64a0,
    0x000a, 0x5c80, 0x0001, 0x64a0, 0x0004, 0x64a1, 0x0001, 0x64c2, 0x0001, 0x6cc2, 0x0002, 0x6ce3, 0x0001, 0x7504, 0x0001, 0x7505,
    0x0001, 0x7d25, 0x0001, 0x7d46, 0x0001, 0x8547, 0x0001, 0x8568, 0x0001, 0x8d89, 0x0001, 0x8daa, 0x0001, 0x95cb, 0x0001, 0x9dcc,
    0x0001, 0x9ded, 0x0001, 0xa60e, 0x0001, 0xa62f, 0x0001, 0xae30, 0x0001, 0xae51, 0x0001, 0xb671, 0x0001, 0xb672, 0x0001, 0xbe93,
    0x0001, 0xbeb3, 0x0001, 0xc6b4, 0x0001, 0xae12, 0x0001, 0x0860, 0x0002, 0x0040, 0x0002, 0x0020, 0x0012, 0x0000, 0x0001, 0x18e3,
    0x0001, 0x3a06, 0x0001, 0x5b4a, 0x0001, 0x846e, 0x0001, 0xa592, 0x0001, 0xbe75, 0x0025, 0xcf17, 0x0001, 0xcef6, 0x0001, 0xb614,
    0x0001, 0x9531, 0x0001, 0x740d, 0x0001, 0x52c9, 0x0001, 0x2985, 0x0001, 0x0861, 0x0015, 0x0000, 0x0001, 0x2103, 0x0001, 0x638b,
    0x0001, 0xadf3, 0x0001, 0xcef6, 0x0001, 0x31c5, 0x0001, 0x0040, 0x0001, 0x0060, 0x0001, 0x0860, 0x0001, 0x0880, 0x0001, 0x08a0,
    0x0001, 0x10e0, 0x0001, 0x8d2d, 0x0001, 0xb671, 0x0001, 0xae51, 0x0001, 0xae30, 0x0001, 0xa60f, 0x0001, 0xa60e, 0x0001, 0x9ded,
    0x0001, 0x95cc, 0x0001, 0x95cb, 0x0001, 0x8d8a, 0x0001, 0x8d89, 0x0001, 0x8568, 0x0001, 0x8547, 0x0001, 0x7d26, 0x0001, 0x7d25,
    0x0001, 0x7505, 0x0001, 0x74e4, 0x0002, 0x6ce3, 0x0001, 0x6cc2, 0x0001, 0x64c2, 0x0004, 0x64a1, 0x0001, 0x64a0, 0x000a, 0x5c80,
    0x0001, 0x64a0, 0x0003, 0x64a1, 0x0001, 0x64a2, 0x0001, 0x64c2, 0x0001, 0x6cc2, 0x0001, 0x6ce3, 0x0001, 0x74e3, 0x0001, 0x7504,
    0x0001, 0x7505, 0x0002, 0x7d26, 0x0001, 0x8547, 0x0001, 0x8568, 0x0001, 0x8d89, 0x0001, 0x8daa, 0x0001, 0x95cb, 0x0001, 0x9dcc,
    0x0001, 0x9ded, 0x0001, 0xa60e, 0x0001, 0xa62f, 0x0001, 0xae30, 0x0001, 0xae51, 0x0001, 0xb671, 0x0001, 0xb672, 0x0001, 0xbe93,
    0x0001, 0xbeb3, 0x0001, 0xc6b4, 0x0001, 0xc6d4, 0x0002, 0xc6d5, 0x0005, 0xcef6, 0x0002, 0xcef7, 0x0001, 0xcf17, 0x0002, 0xcef7,
    0x001c, 0xcf17, 0x001b, 0xcf17, 0x0001, 0xcef7, 0x0002, 0xcf17, 0x0002, 0xcef7, 0x0004, 0xcef6, 0x0001, 0xced6, 0x0002, 0xc6d5,
    0x0002, 0xc6b4, 0x0001, 0xbeb3, 0x0001, 0xbe93, 0x0001, 0xbe92, 0x0001, 0xb671, 0x0001, 0xae51, 0x0001, 0xae30, 0x0001, 0xa62f,
    0x0001, 0xa60e, 0x0001, 0x9ded, 0x0001, 0x9dec, 0x0001, 0x95ab, 0x0001, 0x8daa, 0x0001, 0x8d89, 0x0001, 0x8568, 0x0001, 0x8547,
    0x0001, 0x7d26, 0x0001, 0x7d25, 0x0001, 0x7505, 0x0001, 0x7504, 0x0002, 0x6ce3, 0x0001, 0x6cc2, 0x0001, 0x64c2, 0x0004, 0x64a1,
    0x0001, 0x64a0, 0x0009, 0x5c80, 0x0002, 0x64a0, 0x0004, 0x64a1, 0x0002, 0x6cc2, 0x0002, 0x6ce3, 0x0001, 0x7504, 0x0001, 0x7505,
    0x0001, 0x7d25, 0x0001, 0x7d46, 0x0001, 0x8547, 0x0001, 0x8568, 0x0001, 0x8d89, 0x0001, 0x8daa, 0x0001, 0x95cb, 0x0001, 0x9dcc,
    0x0001, 0x9ded, 0x0001, 0xa60e, 0x0001, 0xae2f, 0x0001, 0xae30, 0x0001, 0xae51, 0x0001, 0xb671, 0x0001, 0xb672, 0x0001, 0xbe93,
    0x0001, 0xbeb3, 0x0001, 0xbeb4, 0x0001, 0xb633, 0x0001, 0x0060, 0x0001, 0x0040, 0x0003, 0x0020, 0x0018, 0x0000, 0x0001, 0x0841,
    0x0001, 0x2123, 0x0001, 0x3a06, 0x0001, 0x52e9, 0x0001, 0x6bac, 0x0001, 0x846e, 0x0001, 0x94f0, 0x0001, 0xa572, 0x0001, 0xb614,
    0x0001, 0xc6b6, 0x0012, 0xcf17, 0x0001, 0xbe75, 0x0001, 0xadf3, 0x0001, 0x9d51, 0x0001, 0x8caf, 0x0001, 0x740d, 0x0001, 0x638b,
    0x0001, 0x4aa8, 0x0001, 0x31c5, 0x0001, 0x18c2, 0x0019, 0x0000, 0x0001, 0x2964, 0x0001, 0x638b, 0x0001, 0xa5b2, 0x0004, 0xcef6,
    0x0001, 0x848e, 0x0001, 0x0040, 0x0001, 0x0060, 0x0001, 0x0860, 0x0001, 0x0880, 0x0001, 0x08a0, 0x0001, 0x10c0, 0x0001, 0x2161,
    0x0001, 0x9daf, 0x0001, 0xae51, 0x0001, 0xae30, 0x0001, 0xa62f, 0x0001, 0xa60e, 0x0001, 0x9ded, 0x0001, 0x95cc, 0x0001, 0x95ab,
    0x0001, 0x8daa, 0x0001, 0x8d89, 0x0001, 0x8568, 0x0001, 0x8547, 0x0001, 0x7d46, 0x0001, 0x7d25, 0x0001, 0x7505, 0x0001, 0x74e4,
    0x0002, 0x6ce3, 0x0001, 0x6cc2, 0x0001, 0x64c2, 0x0004, 0x64a1, 0x0001, 0x64a0, 0x0009, 0x5c80, 0x0002, 0x64a0, 0x0003, 0x64a1,
    0x0001, 0x64c2, 0x0002, 0x6cc2, 0x0002, 0x6ce3, 0x0001, 0x7504, 0x0001, 0x7505, 0x0001, 0x7d26, 0x0001, 0x7d46, 0x0001, 0x8567,
    0x0001, 0x8568, 0x0001, 0x8d89, 0x0001, 0x8daa, 0x0001, 0x95cb, 0x0001, 0x9dcc, 0x0001, 0x9ded, 0x0001, 0xa60e, 0x0001, 0xa62f,
    0x0001, 0xae50, 0x0001, 0xae51, 0x0001, 0xb671, 0x0001, 0xb692, 0x0001, 0xbe93, 0x0002, 0xbeb4, 0x0003, 0xc6d5, 0x0005, 0xcef6,
    0x0002, 0xcef7, 0x001f, 0xcf17, 0x001b, 0xcf17, 0x0001, 0xcef7, 0x0002, 0xcf17, 0x0002, 0xcef7, 0x0004, 0xcef6, 0x0001, 0xced6,
    0x0003, 0xc6d5, 0x0001, 0xc6b4, 0x0001, 0xbeb3, 0x0001, 0xbe93, 0x0001, 0xb692, 0x0001, 0xb671, 0x0001, 0xae51, 0x0001, 0xae30,
    0x0001, 0xa62f, 0x0001, 0xa60e, 0x0001, 0x9ded, 0x0001, 0x9dcc, 0x0001, 0x95cb, 0x0001, 0x8daa, 0x0001, 0x8d89, 0x0001, 0x8568,
    0x0001, 0x8547, 0x0001, 0x7d46, 0x0001, 0x7d26, 0x0001, 0x7505, 0x0001, 0x7504, 0x0002, 0x6ce3, 0x0001, 0x6cc2, 0x0001, 0x64c2,
    0x0001, 0x64a2, 0x0003, 0x64a1, 0x0001, 0x64a0, 0x0009, 0x5c80, 0x0001, 0x64a0, 0x0004, 0x64a1, 0x0001, 0x64a2, 0x0002, 0x6cc2,
    0x0001, 0x6ce3, 0x0001, 0x74e4, 0x0001, 0x7504, 0x0001, 0x7505, 0x0001, 0x7d26, 0x0001, 0x7d46, 0x0001, 0x8547, 0x0001, 0x8568,
    0x0001, 0x8d89, 0x0001, 0x8daa, 0x0001, 0x95cb, 0x0001, 0x9dcc, 0x0001, 0x9ded, 0x0001, 0xa60e, 0x0001, 0xa62f, 0x0001, 0xae50,
    0x0001, 0xae51, 0x0001, 0xb671, 0x0001, 0xb692, 0x0001, 0xbe93, 0x0001, 0xbeb3, 0x0001, 0xc6b4, 0x0001, 0xa5d1, 0x0002, 0x0040,
    0x0003, 0x0020, 0x0001, 0x0000, 0x0001, 0x5b09, 0x0001, 0x2144, 0x001f, 0x0000, 0x0001, 0x0020, 0x0001, 0x0861, 0x0001, 0x10a2,
    0x0001, 0x18e3, 0x0001, 0x2144, 0x0001, 0x2964, 0x0006, 0x31e6, 0x0001, 0x2964, 0x0001, 0x2124, 0x0001, 0x18e3, 0x0001, 0x0881,
    0x0001, 0x0840, 0x001f, 0x0000, 0x0001, 0x0020, 0x0001, 0x39e6, 0x0001, 0x7c0d, 0x0001, 0xb634, 0x0001, 0xcf17, 0x0002, 0xcef7,
    0x0004, 0xcef6, 0x0001, 0xc6b5, 0x0001, 0x2143, 0x0001, 0x0060, 0x0001, 0x0860, 0x0001, 0x0880, 0x0001, 0x08a0, 0x0001, 0x10c0,
    0x0001, 0x10e0, 0x0001, 0x2161, 0x0001, 0x8d2d, 0x0001, 0xae50, 0x0001, 0xa62f, 0x0001, 0xa60e, 0x0001, 0x9ded, 0x0001, 0x9dcc,
    0x0001, 0x95cb, 0x0001, 0x8daa, 0x0001, 0x8d89, 0x0001, 0x8568, 0x0001, 0x8567, 0x0001, 0x7d46, 0x0001, 0x7d25, 0x0001, 0x7505,
    0x0001, 0x7504, 0x0002, 0x6ce3, 0x0001, 0x6cc2, 0x0001, 0x64c2, 0x0004, 0x64a1, 0x0001, 0x64a0, 0x0009, 0x5c80, 0x0001, 0x64a0,
    0x0004, 0x64a1, 0x0001, 0x64c2, 0x0002, 0x6cc2, 0x0001, 0x6ce3, 0x0001, 0x74e4, 0x0001, 0x7504, 0x0001, 0x7505, 0x0001, 0x7d26,
    0x0001, 0x7d46, 0x0001, 0x8567, 0x0001, 0x8568, 0x0001, 0x8d89, 0x0001, 0x8daa, 0x0001, 0x95cb, 0x0001, 0x9dcc, 0x0001, 0x9ded,
    0x0001, 0xa60e, 0x0001, 0xa62f, 0x0001, 0xae50, 0x0002, 0xb671, 0x0001, 0xb672, 0x0001, 0xbe93, 0x0001, 0xbeb4, 0x0001, 0xc6b4,
    0x0003, 0xc6d5, 0x0005, 0xcef6, 0x0002, 0xcef7, 0x001f, 0xcf17, 0x001b, 0xcf17, 0x0001, 0xcef7, 0x0002, 0xcf17, 0x0002, 0xcef7,
    0x0004, 0xcef6, 0x0001, 0xced6, 0x0002, 0xc6d5, 0x0001, 0xc6b5, 0x0001, 0xc6b4, 0x0001, 0xbeb4, 0x0001, 0xbe93, 0x0001, 0xbe92,
    0x0001, 0xb672, 0x0001, 0xb651, 0x0001, 0xae50, 0x0001, 0xa62f, 0x0001, 0xa60e, 0x0001, 0x9ded, 0x0001, 0x9dcc, 0x0001, 0x95cb,
    0x0001, 0x95aa, 0x0001, 0x8d89, 0x0001, 0x8568, 0x0001, 0x8567, 0x0001, 0x7d46, 0x0001, 0x7d26, 0x0001, 0x7505, 0x0002, 0x7504,
    0x0001, 0x6ce3, 0x0001, 0x6cc3, 0x0001, 0x6cc2, 0x0001, 0x64c2, 0x0004, 0x64a1, 0x0001, 0x64a0, 0x0001, 0x5ca0, 0x0001, 0x5c80,
    0x0001, 0x6480, 0x0004, 0x5c80, 0x0002, 0x64a0, 0x0003, 0x64a1, 0x0001, 0x64c1, 0x0001, 0x64c2, 0x0001, 0x6cc2, 0x0002, 0x6ce3,
    0x0001, 0x6ce4, 0x0001, 0x7504, 0x0001, 0x7525, 0x0001, 0x7d26, 0x0001, 0x7d47, 0x0001, 0x8547, 0x0001, 0x8568, 0x0001, 0x8d89,
    0x0001, 0x95aa, 0x0001, 0x95cb, 0x0001, 0x9dec, 0x0001, 0x9ded, 0x0001, 0xa60e, 0x0001, 0xae2f, 0x0001, 0xae50, 0x0001, 0xb651,
    0x0001, 0xb672, 0x0001, 0xbe92, 0x0001, 0xbe93, 0x0001, 0xbeb4, 0x0001, 0xc6b4, 0x0001, 0x84ad, 0x0002, 0x0040, 0x0003, 0x0020,
    0x0001, 0x0860, 0x0001, 0xcef6, 0x0001, 0xcef7, 0x0001, 0xb634, 0x0001, 0x7c4e, 0x0001, 0x4a88, 0x0001, 0x10c2, 0x0048, 0x0000,
    0x0001, 0x2964, 0x0001, 0x634a, 0x0001, 0x9510, 0x0001, 0xc6b6, 0x0001, 0xcf17, 0x0001, 0xcef7, 0x0002, 0xcf17, 0x0002, 0xcef7,
    0x0004, 0xcef6, 0x0001, 0xced6, 0x0001, 0x9d71, 0x0002, 0x0860, 0x0001, 0x0880, 0x0001, 0x08a0, 0x0001, 0x08c0, 0x0001, 0x10e0,
    0x0001, 0x1100, 0x0001, 0x2181, 0x0001, 0xa60f, 0x0001, 0xa62f, 0x0001, 0xa60e, 0x0001, 0x9ded, 0x0001, 0x9dcc, 0x0001, 0x95cb,
    0x0001, 0x95aa, 0x0001, 0x8d89, 0x0001, 0x8568, 0x0001, 0x8567, 0x0001, 0x7d46, 0x0001, 0x7d26, 0x0001, 0x7505, 0x0001, 0x7504,
    0x0001, 0x74e4, 0x0001, 0x6ce3, 0x0002, 0x6cc2, 0x0001, 0x64c2, 0x0004, 0x64a1, 0x0001, 0x64a0, 0x0001, 0x5ca0, 0x0001, 0x6480,
    0x0005, 0x5c80, 0x0002, 0x64a0, 0x0003, 0x64a1, 0x0001, 0x64c1, 0x0001, 0x64c2, 0x0001, 0x6cc2, 0x0002, 0x6ce3, 0x0001, 0x74e4,
    0x0001, 0x7504, 0x0001, 0x7505, 0x0001, 0x7d26, 0x0001, 0x7d47, 0x0002, 0x8568, 0x0001, 0x8d89, 0x0001, 0x95aa, 0x0001, 0x95cb,
    0x0001, 0x9dec, 0x0001, 0x9e0d, 0x0001, 0xa60e, 0x0001, 0xae2f, 0x0001, 0xae50, 0x0001, 0xb671, 0x0001, 0xb672, 0x0001, 0xbe92,
    0x0001, 0xbe93, 0x0001, 0xbeb4, 0x0001, 0xc6b4, 0x0003, 0xc6d5, 0x0001, 0xc6f6, 0x0004, 0xcef6, 0x0002, 0xcef7, 0x001f, 0xcf17,
    0x001b, 0xcf17, 0x0002, 0xcef7, 0x0001, 0xcf17, 0x0002, 0xcef7, 0x0005, 0xcef6, 0x0001, 0xc6f5, 0x0002, 0xc6d5, 0x0001, 0xc6b4,
    0x0001, 0xbeb4, 0x0001, 0xbe93, 0x0001, 0xbe92, 0x0001, 0xb672, 0x0001, 0xb651, 0x0001, 0xae50, 0x0001, 0xa62f, 0x0001, 0xa60e,
    0x0001, 0x9e0d, 0x0001, 0x9dec, 0x0001, 0x95cb, 0x0001, 0x95aa, 0x0001, 0x8d89, 0x0001, 0x8568, 0x0001, 0x8548, 0x0001, 0x8547,
    0x0001, 0x7d26, 0x0001, 0x7d05, 0x0001, 0x7504, 0x0001, 0x74e4, 0x0002, 0x6ce3, 0x0001, 0x6cc2, 0x0001, 0x64c2, 0x0005, 0x64a1,
    0x0002, 0x64a0, 0x0001, 0x5c80, 0x0002, 0x5ca0, 0x0003, 0x64a0, 0x0004, 0x64a1, 0x0001, 0x64a2, 0x0001, 0x64c2, 0x0001, 0x6cc2,
    0x0002, 0x6ce3, 0x0001, 0x74e4, 0x0001, 0x7505, 0x0001, 0x7d25, 0x0001, 0x7d26, 0x0001, 0x8547, 0x0001, 0x8568, 0x0001, 0x8d68,
    0x0001, 0x8d8a, 0x0001, 0x95ab, 0x0001, 0x95cc, 0x0001, 0x9dec, 0x0001, 0x9e0d, 0x0001, 0xa60e, 0x0001, 0xae2f, 0x0001, 0xae50,
    0x0001, 0xb651, 0x0001, 0xb672, 0x0001, 0xb692, 0x0001, 0xbeb3, 0x0001, 0xbeb4, 0x0001, 0xc6b4, 0x0001, 0x4ac7, 0x0003, 0x0040,
    0x0002, 0x0020, 0x0001, 0x2964, 0x0001, 0xcef6, 0x0002, 0xcef7, 0x0003, 0xcf17, 0x0001, 0xb5f3, 0x0001, 0x7c2e, 0x0001, 0x4a68,
    0x0001, 0x18e3, 0x003f, 0x0000, 0x0001, 0x0020, 0x0001, 0x2985, 0x0001, 0x5b0a, 0x0001, 0x8cd0, 0x0001, 0xc695, 0x0005, 0xcf17,
    0x0002, 0xcef7, 0x0001, 0xcf17, 0x0002, 0xcef7, 0x0005, 0xcef6, 0x0001, 0xc6d5, 0x0001, 0x636a, 0x0001, 0x0860, 0x0001, 0x0880,
    0x0001, 0x08a0, 0x0001, 0x08c0, 0x0001, 0x10e0, 0x0001, 0x1100, 0x0001, 0x1920, 0x0001, 0x7ccb, 0x0001, 0xa62f, 0x0001, 0xa60e,
    0x0001, 0x9e0d, 0x0001, 0x9dcc, 0x0001, 0x95cb, 0x0001, 0x95aa, 0x0001, 0x8d89, 0x0002, 0x8568, 0x0001, 0x7d47, 0x0001, 0x7d26,
    0x0001, 0x7525, 0x0001, 0x7504, 0x0001, 0x74e4, 0x0001, 0x6ce3, 0x0001, 0x6cc3, 0x0001, 0x6cc2, 0x0001, 0x64c2, 0x0005, 0x64a1,
    0x0002, 0x64a0, 0x0002, 0x5c80, 0x0001, 0x5ca0, 0x0003, 0x64a0, 0x0004, 0x64a1, 0x0001, 0x64a2, 0x0001, 0x64c2, 0x0001, 0x6cc2,
    0x0002, 0x6ce3, 0x0001, 0x7504, 0x0001, 0x7505, 0x0001, 0x7d25, 0x0001, 0x7d26, 0x0001, 0x8547, 0x0001, 0x8568, 0x0001, 0x8d89,
    0x0001, 0x8daa, 0x0001, 0x95ab, 0x0001, 0x95cc, 0x0001, 0x9dec, 0x0001, 0xa60d, 0x0001, 0xa60e, 0x0001, 0xae2f, 0x0001, 0xae50,
    0x0001, 0xb671, 0x0001, 0xb672, 0x0001, 0xbe92, 0x0001, 0xbeb3, 0x0001, 0xbeb4, 0x0001, 0xc6b4, 0x0003, 0xc6d5, 0x0001, 0xc6f6,
    0x0004, 0xcef6, 0x0002, 0xcef7, 0x001f, 0xcf17, 0x001b, 0xcf17, 0x0002, 0xcef7, 0x0001, 0xcf17, 0x0002, 0xcef7, 0x0005, 0xcef6,
    0x0003, 0xc6d5, 0x0001, 0xc6d4, 0x0001, 0xbeb4, 0x0001, 0xbe93, 0x0001, 0xbe92, 0x0001, 0xb672, 0x0001, 0xb671, 0x0001, 0xae50,
    0x0001, 0xae2f, 0x0001, 0xa62e, 0x0001, 0xa60e, 0x0001, 0x9ded, 0x0001, 0x95cc, 0x0001, 0x95ab, 0x0001, 0x8d8a, 0x0001, 0x8d89,
    0x0001, 0x8568, 0x0001, 0x7d47, 0x0001, 0x7d26, 0x0001, 0x7d25, 0x0001, 0x7505, 0x0001, 0x7504, 0x0002, 0x6ce3, 0x0002, 0x6cc2,
    0x0001, 0x64a2, 0x0006, 0x64a1, 0x0004, 0x64a0, 0x0006, 0x64a1, 0x0001, 0x64a2, 0x0001, 0x6cc2, 0x0001, 0x6cc3, 0x0001, 0x6ce3,
    0x0001, 0x74e4, 0x0001, 0x7504, 0x0001, 0x7505, 0x0001, 0x7d25, 0x0001, 0x7d46, 0x0001, 0x8547, 0x0001, 0x8568, 0x0001, 0x8d89,
    0x0001, 0x8d8a, 0x0001, 0x95ab, 0x0001, 0x95cc, 0x0001, 0x9ded, 0x0001, 0xa60e, 0x0001, 0xa62f, 0x0001, 0xae2f, 0x0001, 0xae50,
    0x0001, 0xb671, 0x0001, 0xb692, 0x0001, 0xbe92, 0x0001, 0xbe93, 0x0001, 0xbeb4, 0x0001, 0xae12, 0x0001, 0x0880, 0x0002, 0x0040,
    0x0003, 0x0020, 0x0001, 0x5b2a, 0x0001, 0xcef6, 0x0002, 0xcef7, 0x0007, 0xcf17, 0x0001, 0xbe75, 0x0001, 0x94f0, 0x0001, 0x638b,
    0x0001, 0x3a06, 0x0001, 0x1081, 0x0036, 0x0000, 0x0001, 0x2103, 0x0001, 0x4a88, 0x0001, 0x740d, 0x0001, 0xa592, 0x0001, 0xcef6,
    0x0009, 0xcf17, 0x0002, 0xcef7, 0x0001, 0xcf17, 0x0002, 0xcef7, 0x0005, 0xcef6, 0x0001, 0xc6d5, 0x0001, 0xc6b5, 0x0001, 0x4266,
    0x0001, 0x0880, 0x0002, 0x08a0, 0x0001, 0x10e0, 0x0001, 0x1100, 0x0001, 0x1120, 0x0001, 0x84eb, 0x0001, 0xae2f, 0x0001, 0xa60e,
    0x0001, 0xa60d, 0x0001, 0x9dec, 0x0001, 0x95cc, 0x0001, 0x95ab, 0x0001, 0x8daa, 0x0001, 0x8d89, 0x0001, 0x8568, 0x0001, 0x7d47,
    0x0001, 0x7d26, 0x0001, 0x7d25, 0x0001, 0x7505, 0x0001, 0x7504, 0x0002, 0x6ce3, 0x0002, 0x6cc2, 0x0001, 0x64c2, 0x0006, 0x64a1,
    0x0004, 0x64a0, 0x0006, 0x64a1, 0x0001, 0x64a2, 0x0001, 0x6cc2, 0x0001, 0x6cc3, 0x0001, 0x6ce3, 0x0002, 0x7504, 0x0001, 0x7525,
    0x0001, 0x7d26, 0x0001, 0x7d46, 0x0001, 0x8547, 0x0001, 0x8568, 0x0001, 0x8d89, 0x0001, 0x8daa, 0x0001, 0x95ab, 0x0001, 0x9dcc,
    0x0001, 0x9ded, 0x0001, 0xa60e, 0x0001, 0xa60f, 0x0001, 0xae2f, 0x0001, 0xae50, 0x0001, 0xb671, 0x0001, 0xb672, 0x0001, 0xbe93,
    0x0001, 0xbeb3, 0x0001, 0xbeb4, 0x0001, 0xc6b4, 0x0002, 0xc6d5, 0x0001, 0xc6f5, 0x0005, 0xcef6, 0x0002, 0xcef7, 0x001f, 0xcf17,
    0x001b, 0xcf17, 0x0002, 0xcef7, 0x0001, 0xcf17, 0x0002, 0xcef7, 0x0005, 0xcef6, 0x0003, 0xc6d5, 0x0001, 0xc6b4, 0x0001, 0xbeb4,
    0x0001, 0xbeb3, 0x0001, 0xbe93, 0x0001, 0xb692, 0x0001, 0xb671, 0x0001, 0xae50, 0x0001, 0xae2f, 0x0001, 0xa62f, 0x0001, 0xa60e,
    0x0001, 0x9ded, 0x0001, 0x9dcc, 0x0001, 0x95cb, 0x0001, 0x8daa, 0x0001, 0x8d89, 0x0001, 0x8568, 0x0001, 0x8547, 0x0002, 0x7d26,
    0x0001, 0x7525, 0x0001, 0x7504, 0x0001, 0x74e4, 0x0002, 0x6ce3, 0x0001, 0x6cc2, 0x0002, 0x64c2, 0x000e, 0x64a1, 0x0001, 0x64c2,
    0x0002, 0x6cc2, 0x0002, 0x6ce3, 0x0001, 0x74e4, 0x0001, 0x7504, 0x0001, 0x7525, 0x0001, 0x7d26, 0x0001, 0x7d47, 0x0001, 0x8547,
    0x0001, 0x8568, 0x0001, 0x8d89, 0x0001, 0x8daa, 0x0001, 0x95cb, 0x0001, 0x9dcc, 0x0001, 0x9ded, 0x0001, 0xa60e, 0x0001, 0xa62f,
    0x0001, 0xae30, 0x0001, 0xae50, 0x0001, 0xb671, 0x0001, 0xb672, 0x0001, 0xbe93, 0x0001, 0xbeb3, 0x0001, 0xbeb4, 0x0001, 0x4aa7,
    0x0001, 0x0060, 0x0001, 0x0040, 0x0004, 0x0020, 0x0001, 0x9d51, 0x0001, 0xcef6, 0x0002, 0xcef7, 0x0001, 0xcf17, 0x0001, 0xcef7,
    0x000a, 0xcf17, 0x0001, 0xbe55, 0x0001, 0x9d31, 0x0001, 0x740d, 0x0001, 0x52c9, 0x0001, 0x31a5, 0x0001, 0x0881, 0x0029, 0x0000,
    0x0001, 0x0020, 0x0001, 0x18e3, 0x0001, 0x3a06, 0x0001, 0x634a, 0x0001, 0x846e, 0x0001, 0xa5b2, 0x0001, 0xced6, 0x000e, 0xcf17,
    0x0002, 0xcef7, 0x0001, 0xcf17, 0x0002, 0xcef7, 0x0005, 0xcef6, 0x0002, 0xc6d5, 0x0001, 0xbe94, 0x0001, 0x4286, 0x0002, 0x08a0,
    0x0001, 0x10c0, 0x0001, 0x10e0, 0x0001, 0x29c2, 0x0001, 0xae30, 0x0001, 0xae2f, 0x0001, 0xa62f, 0x0001, 0xa60e, 0x0001, 0x9ded,
    0x0001, 0x95cc, 0x0001, 0x95cb, 0x0001, 0x8daa, 0x0001, 0x8d89, 0x0001, 0x8568, 0x0001, 0x8547, 0x0001, 0x7d46, 0x0001, 0x7d26,
    0x0001, 0x7505, 0x0001, 0x7504, 0x0001, 0x6ce4, 0x0002, 0x6ce3, 0x0001, 0x6cc2, 0x0002, 0x64c2, 0x000e, 0x64a1, 0x0001, 0x64a2,
    0x0002, 0x6cc2, 0x0001, 0x6cc3, 0x0001, 0x6ce3, 0x0001, 0x7504, 0x0001, 0x7505, 0x0001, 0x7d25, 0x0001, 0x7d26, 0x0001, 0x7d47,
    0x0001, 0x8547, 0x0001, 0x8568, 0x0001, 0x8d89, 0x0001, 0x95aa, 0x0001, 0x95cb, 0x0001, 0x9dcc, 0x0001, 0x9ded, 0x0001, 0xa60e,
    0x0001, 0xa62f, 0x0002, 0xae50, 0x0001, 0xb671, 0x0001, 0xb672, 0x0001, 0xbe93, 0x0001, 0xbeb3, 0x0001, 0xbeb4, 0x0001, 0xc6b4,
    0x0002, 0xc6d5, 0x0001, 0xced6, 0x0005, 0xcef6, 0x0002, 0xcef7, 0x0001, 0xcf17, 0x0001, 0xcef7, 0x001d, 0xcf17, 0x001b, 0xcf17,
    0x0002, 0xcef7, 0x0001, 0xcf17, 0x0002, 0xcef7, 0x0005, 0xcef6, 0x0001, 0xc6f6, 0x0002, 0xc6d5, 0x0001, 0xc6d4, 0x0001, 0xbeb4,
    0x0001, 0xbeb3, 0x0001, 0xbe93, 0x0001, 0xb692, 0x0001, 0xb671, 0x0002, 0xae50, 0x0001, 0xa62f, 0x0001, 0xa60e, 0x0001, 0x9ded,
    0x0001, 0x9dcc, 0x0001, 0x95cb, 0x0001, 0x95aa, 0x0001, 0x8d89, 0x0002, 0x8568, 0x0001, 0x7d47, 0x0001, 0x7d26, 0x0001, 0x7d25,
    0x0001, 0x7505, 0x0001, 0x7504, 0x0001, 0x74e4, 0x0002, 0x6ce3, 0x0001, 0x6cc2, 0x0002, 0x64c2, 0x000c, 0x64a1, 0x0001, 0x64c2,
    0x0002, 0x6cc2, 0x0002, 0x6ce3, 0x0001, 0x74e4, 0x0001, 0x7504, 0x0001, 0x7505, 0x0002, 0x7d26, 0x0001, 0x7d47, 0x0001, 0x8568,
    0x0001, 0x8d69, 0x0001, 0x8d8a, 0x0001, 0x95aa, 0x0001, 0x95cb, 0x0001, 0x9dcc, 0x0001, 0x9ded, 0x0001, 0xa60e, 0x0001, 0xa62f,
    0x0001, 0xae30, 0x0001, 0xae51, 0x0001, 0xb671, 0x0001, 0xb672, 0x0002, 0xbe93, 0x0001, 0x740b, 0x0001, 0x0860, 0x0001, 0x0060,
    0x0001, 0x0040, 0x0003, 0x0020, 0x0001, 0x2123, 0x0001, 0xcef6, 0x0003, 0xcef7, 0x0001, 0xcf17, 0x0001, 0xcef7, 0x0010, 0xcf17,
    0x0001, 0xc695, 0x0001, 0xadd3, 0x0001, 0x94f0, 0x0001, 0x73ed, 0x0001, 0x5b2a, 0x0001, 0x4247, 0x0001, 0x31a5, 0x0001, 0x1903,
    0x0001, 0x0861, 0x0017, 0x0000, 0x0001, 0x0020, 0x0001, 0x10a2, 0x0001, 0x2144, 0x0001, 0x31e6, 0x0001, 0x4a88, 0x0001, 0x636b,
    0x0001, 0x7c4e, 0x0001, 0x9d31, 0x0001, 0xb614, 0x0001, 0xcef6, 0x0014, 0xcf17, 0x0002, 0xcef7, 0x0001, 0xcf17, 0x0002, 0xcef7,
    0x0006, 0xcef6, 0x0002, 0xc6d5, 0x0001, 0xc6b4, 0x0001, 0x6bea, 0x0001, 0x1921, 0x0001, 0x10c0, 0x0001, 0x3a44, 0x0001, 0x9daf,
    0x0002, 0xae50, 0x0001, 0xa62f, 0x0001, 0xa60e, 0x0001, 0x9ded, 0x0001, 0x9dcc, 0x0001, 0x95cb, 0x0001, 0x95aa, 0x0001, 0x8d89,
    0x0001, 0x8568, 0x0001, 0x8547, 0x0001, 0x7d47, 0x0001, 0x7d26, 0x0001, 0x7525, 0x0001, 0x7505, 0x0001, 0x7504, 0x0003, 0x6ce3,
    0x0001, 0x6cc2, 0x0002, 0x64c2, 0x000c, 0x64a1, 0x0001, 0x64a2, 0x0002, 0x6cc2, 0x0002, 0x6ce3, 0x0001, 0x6ce4, 0x0001, 0x7504,
    0x0001, 0x7505, 0x0002, 0x7d26, 0x0001, 0x8547, 0x0001, 0x8568, 0x0001, 0x8d69, 0x0001, 0x8d8a, 0x0001, 0x95ab, 0x0001, 0x95cb,
    0x0001, 0x9dec, 0x0001, 0x9ded, 0x0001, 0xa60e, 0x0001, 0xa62f, 0x0001, 0xae50, 0x0001, 0xb651, 0x0001, 0xb671, 0x0001, 0xb692,
    0x0001, 0xbe93, 0x0001, 0xbeb4, 0x0002, 0xc6b4, 0x0002, 0xc6d5, 0x0001, 0xced6, 0x0004, 0xcef6, 0x0003, 0xcef7, 0x0001, 0xcf17,
    0x0001, 0xcef7, 0x001d, 0xcf17, 0x001b, 0xcf17, 0x0002, 0xcef7, 0x0002, 0xcf17, 0x0002, 0xcef7, 0x0004, 0xcef6, 0x0001, 0xc6f6,
    0x0003, 0xc6d5, 0x0001, 0xc6b4, 0x0001, 0xbeb3, 0x0001, 0xbe93, 0x0001, 0xbe92, 0x0001, 0xb672, 0x0001, 0xb671, 0x0001, 0xae50,
    0x0001, 0xae2f, 0x0001, 0xa60e, 0x0001, 0xa60d, 0x0001, 0x9ded, 0x0001, 0x95cc, 0x0001, 0x95ab, 0x0001, 0x8d8a, 0x0001, 0x8d89,
    0x0001, 0x8568, 0x0001, 0x8547, 0x0001, 0x7d46, 0x0001, 0x7d26, 0x0001, 0x7525, 0x0002, 0x7504, 0x0002, 0x6ce3, 0x0001, 0x6cc3,
    0x0002, 0x6cc2, 0x0001, 0x64c2, 0x0009, 0x64a1, 0x0001, 0x64a2, 0x0001, 0x64c2, 0x0002, 0x6cc2, 0x0002, 0x6ce3, 0x0002, 0x74e4,
    0x0001, 0x7505, 0x0001, 0x7525, 0x0001, 0x7d26, 0x0001, 0x7d46, 0x0001, 0x8567, 0x0001, 0x8568, 0x0001, 0x8d89, 0x0001, 0x8d8a,
    0x0001, 0x95ab, 0x0001, 0x95cc, 0x0001, 0x9ded, 0x0001, 0xa5ee, 0x0001, 0xa60e, 0x0001, 0xae2f, 0x0001, 0xae50, 0x0001, 0xb671,
    0x0001, 0xb672, 0x0001, 0xb692, 0x0001, 0xbe93, 0x0001, 0x63aa, 0x0001, 0x0880, 0x0001, 0x0860, 0x0002, 0x0040, 0x0003, 0x0020,
    0x0001, 0x7c6e, 0x0001, 0xcef6, 0x0002, 0xcef7, 0x0002, 0xcf17, 0x0001, 0xcef7, 0x0019, 0xcf17, 0x0001, 0xcef6, 0x0001, 0xbe55,
    0x0001, 0xadd3, 0x0001, 0x9d51, 0x0001, 0x9531, 0x0001, 0x8caf, 0x0001, 0x848f, 0x0001, 0x7c2e, 0x0001, 0x73ed, 0x0006, 0x6bac,
    0x0001, 0x73ed, 0x0001, 0x7c2e, 0x0001, 0x8caf, 0x0001, 0x94f0, 0x0001, 0x9531, 0x0001, 0xa592, 0x0001, 0xadd3, 0x0001, 0xbe75,
    0x001e, 0xcf17, 0x0002, 0xcef7, 0x0002, 0xcf17, 0x0002, 0xcef7, 0x0004, 0xcef6, 0x0001, 0xc6f6, 0x0003, 0xc6d5, 0x0001, 0xc6b4,
    0x0001, 0xbeb3, 0x0001, 0xbe93, 0x0001, 0xb692, 0x0001, 0xb671, 0x0001, 0xb651, 0x0001, 0xae50, 0x0001, 0xa62f, 0x0001, 0xa60e,
    0x0001, 0x9e0d, 0x0001, 0x9dec, 0x0001, 0x95cc, 0x0001, 0x95ab, 0x0001, 0x8daa, 0x0001, 0x8d89, 0x0001, 0x8568, 0x0001, 0x8547,
    0x0002, 0x7d26, 0x0001, 0x7505, 0x0001, 0x7504, 0x0001, 0x74e4, 0x0002, 0x6ce3, 0x0001, 0x6cc3, 0x0001, 0x6cc2, 0x0002, 0x64c2,
    0x0009, 0x64a1, 0x0002, 0x64c2, 0x0002, 0x6cc2, 0x0002, 0x6ce3, 0x0001, 0x74e4, 0x0001, 0x7504, 0x0002, 0x7505, 0x0001, 0x7d26,
    0x0001, 0x7d47, 0x0001, 0x8567, 0x0001, 0x8568, 0x0001, 0x8d89, 0x0001, 0x8daa, 0x0001, 0x95cb, 0x0001, 0x9dcc, 0x0001, 0x9ded,
    0x0001, 0xa60e, 0x0001, 0xa62f, 0x0001, 0xae2f, 0x0001, 0xae50, 0x0001, 0xb671, 0x0001, 0xb672, 0x0001, 0xb692, 0x0001, 0xbe93,
    0x0001, 0xbeb4, 0x0001, 0xc6b4, 0x0001, 0xc6b5, 0x0002, 0xc6d5, 0x0005, 0xcef6, 0x0002, 0xcef7, 0x0002, 0xcf17, 0x0001, 0xcef7,
    0x001d, 0xcf17, 0x001b, 0xcf17, 0x0002, 0xcef7, 0x0002, 0xcf17, 0x0003, 0xcef7, 0x0003, 0xcef6, 0x0001, 0xc6f6, 0x0003, 0xc6d5,
    0x0001, 0xc6d4, 0x0001, 0xbeb4, 0x0001, 0xbe93, 0x0001, 0xbe92, 0x0001, 0xb672, 0x0001, 0xb671, 0x0001, 0xae50, 0x0001, 0xae2f,
    0x0001, 0xa62f, 0x0001, 0xa60e, 0x0001, 0x9ded, 0x0001, 0x9dec, 0x0001, 0x95cb, 0x0001, 0x95aa, 0x0001, 0x8d89, 0x0002, 0x8568,
    0x0001, 0x8547, 0x0001, 0x7d26, 0x0001, 0x7d25, 0x0001, 0x7505, 0x0001, 0x7504, 0x0001, 0x74e4, 0x0003, 0x6ce3, 0x0002, 0x6cc2,
    0x0005, 0x64c2, 0x0001, 0x64a2, 0x0003, 0x64c2, 0x0003, 0x6cc2, 0x0001, 0x6cc3, 0x0001, 0x6ce3, 0x0001, 0x74e3, 0x0001, 0x74e4,
    0x0001, 0x7504, 0x0001, 0x7525, 0x0002, 0x7d26, 0x0001, 0x7d47, 0x0001, 0x8568, 0x0001, 0x8d69, 0x0001, 0x8d8a, 0x0001, 0x95aa,
    0x0001, 0x95cb, 0x0001, 0x9dcc, 0x0001, 0x9ded, 0x0001, 0xa60e, 0x0001, 0xa62f, 0x0001, 0xae30, 0x0001, 0xae50, 0x0001, 0xb671,
    0x0001, 0xb692, 0x0001, 0xbe92, 0x0001, 0x4ac6, 0x0002, 0x0880, 0x0001, 0x0860, 0x0002, 0x0040, 0x0002, 0x0020, 0x0001, 0x2984,
    0x0002, 0xcef6, 0x0002, 0xcef7, 0x0001, 0xcf17, 0x0001, 0xcef7, 0x004f, 0xcf17, 0x0002, 0xcef7, 0x0002, 0xcf17, 0x0002, 0xcef7,
    0x0004, 0xcef6, 0x0001, 0xc6f6, 0x0003, 0xc6d5, 0x0001, 0xc6b4, 0x0001, 0xbeb4, 0x0001, 0xbe93, 0x0001, 0xbe92, 0x0001, 0xb672,
    0x0001, 0xb651, 0x0001, 0xae50, 0x0001, 0xae2f, 0x0001, 0xa60f, 0x0001, 0xa60e, 0x0001, 0x9ded, 0x0001, 0x95cc, 0x0001, 0x95ab,
    0x0001, 0x8daa, 0x0001, 0x8d89, 0x0001, 0x8568, 0x0001, 0x8548, 0x0001, 0x8547, 0x0001, 0x7d26, 0x0001, 0x7d25, 0x0001, 0x7505,
    0x0002, 0x7504, 0x0003, 0x6ce3, 0x0002, 0x6cc2, 0x0005, 0x64c2, 0x0001, 0x64a2, 0x0003, 0x64c2, 0x0003, 0x6cc2, 0x0001, 0x6cc3,
    0x0002, 0x6ce3, 0x0002, 0x7504, 0x0001, 0x7525, 0x0001, 0x7d26, 0x0001, 0x7d46, 0x0001, 0x8547, 0x0001, 0x8568, 0x0001, 0x8d89,
    0x0001, 0x8d8a, 0x0001, 0x95aa, 0x0001, 0x95cb, 0x0001, 0x9dcc, 0x0001, 0x9ded, 0x0001, 0xa60e, 0x0001, 0xa62f, 0x0002, 0xae50,
    0x0001, 0xb671, 0x0001, 0xb672, 0x0001, 0xbe93, 0x0001, 0xbeb3, 0x0001, 0xbeb4, 0x0001, 0xc6b4, 0x0003, 0xc6d5, 0x0001, 0xc6f6,
    0x0004, 0xcef6, 0x0002, 0xcef7, 0x0001, 0xcf17, 0x0001, 0xcef7, 0x001e, 0xcf17, 0x001b, 0xcf17, 0x0002, 0xcef7, 0x0002, 0xcf17,
    0x0003, 0xcef7, 0x0003, 0xcef6, 0x0001, 0xced6, 0x0003, 0xc6d5, 0x0001, 0xc6b4, 0x0001, 0xbeb4, 0x0001, 0xbeb3, 0x0001, 0xbe93,
    0x0001, 0xb672, 0x0001, 0xb671, 0x0001, 0xae51, 0x0001, 0xae50, 0x0001, 0xa62f, 0x0001, 0xa60e, 0x0001, 0x9e0d, 0x0001, 0x9dec,
    0x0001, 0x95cb, 0x0001, 0x95ab, 0x0001, 0x8d8a, 0x0001, 0x8d89, 0x0001, 0x8568, 0x0001, 0x8567, 0x0001, 0x7d47, 0x0001, 0x7d26,
    0x0001, 0x7d25, 0x0001, 0x7505, 0x0001, 0x7504, 0x0001, 0x74e4, 0x0003, 0x6ce3, 0x0004, 0x6cc2, 0x0002, 0x64c2, 0x0005, 0x6cc2,
    0x0003, 0x6ce3, 0x0002, 0x74e4, 0x0001, 0x7504, 0x0001, 0x7505, 0x0001, 0x7d25, 0x0001, 0x7d26, 0x0001, 0x7d47, 0x0001, 0x8547,
    0x0001, 0x8568, 0x0001, 0x8d89, 0x0001, 0x8daa, 0x0001, 0x95ab, 0x0001, 0x95cc, 0x0001, 0x9ded, 0x0001, 0xa60d, 0x0001, 0xa60e,
    0x0001, 0xa62f, 0x0001, 0xae50, 0x0001, 0xae51, 0x0001, 0xb671, 0x0001, 0xb692, 0x0001, 0x84cd, 0x0001, 0x08a0, 0x0001, 0x0880,
    0x0002, 0x0860, 0x0002, 0x0040, 0x0001, 0x0020, 0x0001, 0x0881, 0x0001, 0xadd3, 0x0002, 0xcef6, 0x0001, 0xcef7, 0x0002, 0xcf17,
    0x0001, 0xcef7, 0x004f, 0xcf17, 0x0002, 0xcef7, 0x0002, 0xcf17, 0x0002, 0xcef7, 0x0005, 0xcef6, 0x0003, 0xc6d5, 0x0001, 0xc6b4,
    0x0001, 0xbeb4, 0x0002, 0xbe93, 0x0001, 0xb672, 0x0001, 0xb671, 0x0002, 0xae50, 0x0001, 0xa62f, 0x0001, 0xa60e, 0x0001, 0x9ded,
    0x0001, 0x9dcc, 0x0001, 0x95cb, 0x0001, 0x95ab, 0x0001, 0x8daa, 0x0001, 0x8d89, 0x0001, 0x8568, 0x0001, 0x8567, 0x0001, 0x7d47,
    0x0001, 0x7d26, 0x0001, 0x7d25, 0x0001, 0x7505, 0x0001, 0x7504, 0x0001, 0x74e4, 0x0003, 0x6ce3, 0x0004, 0x6cc2, 0x0002, 0x64c2,
    0x0005, 0x6cc2, 0x0003, 0x6ce3, 0x0001, 0x74e4, 0x0002, 0x7504, 0x0001, 0x7505, 0x0002, 0x7d26, 0x0001, 0x7d47, 0x0001, 0x8547,
    0x0001, 0x8568, 0x0001, 0x8d89, 0x0001, 0x95aa, 0x0001, 0x95ab, 0x0001, 0x95cc, 0x0001, 0x9ded, 0x0002, 0xa60e, 0x0001, 0xae2f,
    0x0001, 0xae50, 0x0001, 0xb651, 0x0002, 0xb672, 0x0001, 0xbe93, 0x0001, 0xbeb3, 0x0001, 0xbeb4, 0x0001, 0xc6d4, 0x0003, 0xc6d5,
    0x0005, 0xcef6, 0x0001, 0xcef7, 0x0002, 0xcf17, 0x0001, 0xcef7, 0x001e, 0xcf17, 0x001b, 0xcf17, 0x0003, 0xcef7, 0x0001, 0xcf17,
    0x0003, 0xcef7, 0x0005, 0xcef6, 0x0002, 0xc6d5, 0x0002, 0xc6b4, 0x0001, 0xbeb3, 0x0001, 0xbe93, 0x0001, 0xbe92, 0x0001, 0xb672,
    0x0001, 0xb651, 0x0001, 0xae50, 0x0001, 0xae2f, 0x0002, 0xa60e, 0x0001, 0x9ded, 0x0001, 0x9dcc, 0x0001, 0x95cb, 0x0001, 0x95aa,
    0x0002, 0x8d89, 0x0001, 0x8568, 0x0001, 0x8547, 0x0001, 0x7d46, 0x0001, 0x7d26, 0x0001, 0x7d25, 0x0001, 0x7505, 0x0001, 0x7504,
    0x0002, 0x74e4, 0x0004, 0x6ce3, 0x0005, 0x6cc2, 0x0002, 0x6cc3, 0x0003, 0x6ce3, 0x0001, 0x6ce4, 0x0002, 0x7504, 0x0001, 0x7505,
    0x0001, 0x7d25, 0x0001, 0x7d26, 0x0001, 0x7d47, 0x0001, 0x8547, 0x0001, 0x8568, 0x0001, 0x8d89, 0x0001, 0x8d8a, 0x0002, 0x95ab,
    0x0001, 0x9dcc, 0x0001, 0x9ded, 0x0001, 0xa60e, 0x0001, 0xa62f, 0x0001, 0xae30, 0x0001, 0xae50, 0x0001, 0xb671, 0x0001, 0xb672,
    0x0001, 0xbe92, 0x0001, 0x6389, 0x0001, 0x08a0, 0x0001, 0x0880, 0x0001, 0x0860, 0x0004, 0x0040, 0x0001, 0x84af, 0x0003, 0xcef6,
    0x0001, 0xcef7, 0x0002, 0xcf17, 0x0001, 0xcef7, 0x004f, 0xcf17, 0x0003, 0xcef7, 0x0001, 0xcf17, 0x0003, 0xcef7, 0x0004, 0xcef6,
    0x0003, 0xc6d5, 0x0002, 0xc6b4, 0x0001, 0xbeb3, 0x0001, 0xbe93, 0x0001, 0xbe92, 0x0001, 0xb672, 0x0001, 0xb651, 0x0001, 0xae50,
    0x0001, 0xae2f, 0x0002, 0xa60e, 0x0001, 0x9ded, 0x0001, 0x9dcc, 0x0001, 0x95ab, 0x0001, 0x95aa, 0x0002, 0x8d89, 0x0001, 0x8568,
    0x0001, 0x8547, 0x0001, 0x7d46, 0x0001, 0x7d26, 0x0001, 0x7d25, 0x0001, 0x7505, 0x0001, 0x7504, 0x0002, 0x74e4, 0x0003, 0x6ce3,
    0x0001, 0x6cc3, 0x0005, 0x6cc2, 0x0001, 0x6cc3, 0x0004, 0x6ce3, 0x0001, 0x6ce4, 0x0002, 0x7504, 0x0001, 0x7525, 0x0001, 0x7d25,
    0x0001, 0x7d26, 0x0001, 0x7d47, 0x0001, 0x8567, 0x0001, 0x8568, 0x0001, 0x8d89, 0x0001, 0x8daa, 0x0001, 0x95ab, 0x0001, 0x95cb,
    0x0001, 0x9dcc, 0x0001, 0x9ded, 0x0001, 0xa60e, 0x0001, 0xa62f, 0x0001, 0xae30, 0x0001, 0xae50, 0x0001, 0xb671, 0x0001, 0xb672,
    0x0002, 0xbe93, 0x0001, 0xbeb4, 0x0001, 0xc6b4, 0x0003, 0xc6d5, 0x0001, 0xc6f6, 0x0005, 0xcef6, 0x0001, 0xcef7, 0x0002, 0xcf17,
    0x0001, 0xcef7, 0x001e, 0xcf17, 0x001b, 0xcf17, 0x0001, 0xcef7, 0x0003, 0xcf17, 0x0003, 0xcef7, 0x0004, 0xcef6, 0x0001, 0xc6f6,
    0x0003, 0xc6d5, 0x0001, 0xc6b4, 0x0001, 0xbeb4, 0x0002, 0xbe93, 0x0001, 0xb672, 0x0001, 0xb671, 0x0001, 0xae50, 0x0001, 0xae30,
    0x0001, 0xa62f, 0x0001, 0xa60e, 0x0001, 0x9ded, 0x0001, 0x9dec, 0x0001, 0x95cc, 0x0001, 0x95ab, 0x0001, 0x8daa, 0x0001, 0x8d89,
    0x0002, 0x8568, 0x0001, 0x8547, 0x0001, 0x7d46, 0x0001, 0x7d26, 0x0001, 0x7d25, 0x0001, 0x7525, 0x0002, 0x7504, 0x0002, 0x74e4,
    0x000a, 0x6ce3, 0x0001, 0x74e4, 0x0002, 0x7504, 0x0002, 0x7505, 0x0002, 0x7d26, 0x0001, 0x7d47, 0x0001, 0x8567, 0x0001, 0x8568,
    0x0001, 0x8d89, 0x0001, 0x8d8a, 0x0001, 0x95aa, 0x0001, 0x95cb, 0x0001, 0x95cc, 0x0001, 0x9ded, 0x0002, 0xa60e, 0x0001, 0xae2f,
    0x0001, 0xae50, 0x0001, 0xae51, 0x0001, 0xb671, 0x0001, 0xb672, 0x0001, 0xbe93, 0x0001, 0x7c4c, 0x0002, 0x0880, 0x0001, 0x0860,
    0x0003, 0x0040, 0x0001, 0x846e, 0x0003, 0xcef6, 0x0002, 0xcef7, 0x0052, 0xcf17, 0x0001, 0xcef7, 0x0003, 0xcf17, 0x0003, 0xcef7,
    0x0004, 0xcef6, 0x0001, 0xc6f6, 0x0003, 0xc6d5, 0x0001, 0xc6d4, 0x0001, 0xbeb4, 0x0002, 0xbe93, 0x0001, 0xb672, 0x0001, 0xb671,
    0x0002, 0xae50, 0x0001, 0xa62f, 0x0001, 0xa60e, 0x0001, 0x9ded, 0x0001, 0x9dec, 0x0001, 0x95cc, 0x0001, 0x95ab, 0x0001, 0x8daa,
    0x0001, 0x8d89, 0x0002, 0x8568, 0x0001, 0x8547, 0x0001, 0x7d46, 0x0001, 0x7d26, 0x0002, 0x7525, 0x0002, 0x7504, 0x0002, 0x74e4,
    0x000a, 0x6ce3, 0x0001, 0x74e4, 0x0002, 0x7504, 0x0001, 0x7505, 0x0001, 0x7525, 0x0002, 0x7d26, 0x0001, 0x7d47, 0x0001, 0x8547,
    0x0001, 0x8568, 0x0001, 0x8d89, 0x0001, 0x8d8a, 0x0001, 0x95aa, 0x0001, 0x95cb, 0x0001, 0x9dcc, 0x0001, 0x9ded, 0x0002, 0xa60e,
    0x0001, 0xae2f, 0x0001, 0xae50, 0x0001, 0xb651, 0x0001, 0xb671, 0x0001, 0xb672, 0x0001, 0xbe93, 0x0001, 0xbeb3, 0x0001, 0xbeb4,
    0x0001, 0xc6b4, 0x0003, 0xc6d5, 0x0005, 0xcef6, 0x0002, 0xcef7, 0x0021, 0xcf17, 0x0020, 0xcf17, 0x0002, 0xcef7, 0x0004, 0xcef6,
    0x0001, 0xced6, 0x0001, 0xcef6, 0x0002, 0xc6d5, 0x0001, 0xc6b4, 0x0001, 0xbeb4, 0x0001, 0xbeb3, 0x0001, 0xbe93, 0x0001, 0xbe92,
    0x0001, 0xb672, 0x0001, 0xb651, 0x0001, 0xae50, 0x0001, 0xae2f, 0x0001, 0xa62f, 0x0001, 0xa60e, 0x0001, 0x9ded, 0x0001, 0x9dcc,
    0x0001, 0x95cb, 0x0001, 0x95ab, 0x0001, 0x8daa, 0x0001, 0x8d89, 0x0002, 0x8568, 0x0001, 0x8547, 0x0001, 0x7d47, 0x0002, 0x7d26,
    0x0001, 0x7525, 0x0001, 0x7505, 0x0004, 0x7504, 0x0001, 0x6ce4, 0x0001, 0x74e4, 0x0001, 0x6ce3, 0x0001, 0x74e4, 0x0001, 0x7504,
    0x0001, 0x6ce4, 0x0001, 0x74e4, 0x0002, 0x7504, 0x0001, 0x7505, 0x0001, 0x7525, 0x0001, 0x7d25, 0x0002, 0x7d26, 0x0001, 0x7d47,
    0x0001, 0x8567, 0x0001, 0x8568, 0x0002, 0x8d89, 0x0001, 0x95aa, 0x0001, 0x95ab, 0x0001, 0x95cc, 0x0001, 0x9dec, 0x0001, 0x9ded,
    0x0001, 0xa60e, 0x0001, 0xa62f, 0x0001, 0xae30, 0x0001, 0xae50, 0x0001, 0xb671, 0x0001, 0xb672, 0x0001, 0xbe92, 0x0001, 0xbe93,
    0x0001, 0xb673, 0x0001, 0x29a3, 0x0001, 0x0860, 0x0001, 0x0060, 0x0001, 0x0040, 0x0001, 0x10c1, 0x0001, 0x9510, 0x0004, 0xcef6,
    0x0002, 0xcef7, 0x0001, 0xcf17, 0x0001, 0xcef7, 0x0055, 0xcf17, 0x0002, 0xcef7, 0x0004, 0xcef6, 0x0001, 0xced6, 0x0003, 0xc6d5,
    0x0001, 0xc6d4, 0x0001, 0xbeb4, 0x0001, 0xbeb3, 0x0001, 0xbe93, 0x0001, 0xb692, 0x0001, 0xb672, 0x0001, 0xb651, 0x0001, 0xae50,
    0x0001, 0xae2f, 0x0001, 0xa60f, 0x0001, 0xa60e, 0x0001, 0x9ded, 0x0001, 0x9dcc, 0x0001, 0x95cb, 0x0001, 0x95ab, 0x0001, 0x8d8a,
    0x0001, 0x8d89, 0x0002, 0x8568, 0x0001, 0x8547, 0x0001, 0x7d46, 0x0002, 0x7d26, 0x0001, 0x7525, 0x0001, 0x7505, 0x0004, 0x7504,
    0x0001, 0x6ce4, 0x0001, 0x74e4, 0x0001, 0x6ce3, 0x0001, 0x74e4, 0x0001, 0x6d04, 0x0002, 0x74e4, 0x0002, 0x7504, 0x0002, 0x7505,
    0x0001, 0x7d25, 0x0002, 0x7d26, 0x0001, 0x7d47, 0x0001, 0x8567, 0x0001, 0x8568, 0x0002, 0x8d89, 0x0001, 0x95aa, 0x0001, 0x95cb,
    0x0001, 0x95cc, 0x0001, 0x9dec, 0x0001, 0x9e0d, 0x0001, 0xa60e, 0x0001, 0xae2f, 0x0002, 0xae50, 0x0001, 0xb671, 0x0001, 0xb672,
    0x0001, 0xb692, 0x0001, 0xbe93, 0x0002, 0xbeb4, 0x0001, 0xc6b4, 0x0002, 0xc6d5, 0x0005, 0xcef6, 0x0003, 0xcef7, 0x0001, 0xcf17,
    0x0001, 0xcef7, 0x001f, 0xcf17, 0x001d, 0xcf17, 0x0001, 0xcef7, 0x0002, 0xcf17, 0x0003, 0xcef7, 0x0005, 0xcef6, 0x0003, 0xc6d5,
    0x0001, 0xc6b4, 0x0001, 0xbeb4, 0x0002, 0xbe93, 0x0001, 0xb692, 0x0001, 0xb671, 0x0001, 0xae51, 0x0001, 0xae50, 0x0001, 0xae2f,
    0x0002, 0xa60e, 0x0001, 0x9ded, 0x0001, 0x9dcc, 0x0001, 0x95cb, 0x0001, 0x95aa, 0x0001, 0x8d8a, 0x0001, 0x8d89, 0x0001, 0x8d88,
    0x0001, 0x8568, 0x0001, 0x8547, 0x0001, 0x7d47, 0x0002, 0x7d26, 0x0001, 0x7d25, 0x0001, 0x7525, 0x0002, 0x7505, 0x0008, 0x7504,
    0x0002, 0x7505, 0x0001, 0x7d25, 0x0002, 0x7d26, 0x0001, 0x7d46, 0x0002, 0x8547, 0x0001, 0x8568, 0x0002, 0x8d89, 0x0001, 0x8daa,
    0x0001, 0x95ab, 0x0001, 0x95cb, 0x0001, 0x9dec, 0x0001, 0x9ded, 0x0001, 0xa60e, 0x0001, 0xa60f, 0x0001, 0xae2f, 0x0001, 0xae50,
    0x0001, 0xb651, 0x0001, 0xb671, 0x0001, 0xb672, 0x0001, 0xbe93, 0x0001, 0xbeb3, 0x0001, 0xbeb4, 0x0001, 0xb653, 0x0001, 0x638a,
    0x0001, 0x3a26, 0x0001, 0x5b49, 0x0001, 0xb633, 0x0004, 0xcef6, 0x0003, 0xcef7, 0x0001, 0xcf17, 0x0001, 0xcef7, 0x0052, 0xcf17,
    0x0001, 0xcef7, 0x0002, 0xcf17, 0x0003, 0xcef7, 0x0005, 0xcef6, 0x0003, 0xc6d5, 0x0002, 0xbeb4, 0x0002, 0xbe93, 0x0001, 0xb692,
    0x0001, 0xb671, 0x0001, 0xae51, 0x0001, 0xae30, 0x0001, 0xae2f, 0x0001, 0xa60e, 0x0001, 0xa60d, 0x0001, 0x9ded, 0x0001, 0x9dcc,
    0x0001, 0x95cb, 0x0001, 0x95aa, 0x0001, 0x8daa, 0x0001, 0x8d89, 0x0002, 0x8568, 0x0001, 0x8547, 0x0001, 0x7d47, 0x0002, 0x7d26,
    0x0001, 0x7d25, 0x0001, 0x7525, 0x0002, 0x7505, 0x0008, 0x7504, 0x0001, 0x7505, 0x0001, 0x7525, 0x0001, 0x7d25, 0x0002, 0x7d26,
    0x0001, 0x7d46, 0x0001, 0x8547, 0x0001, 0x8567, 0x0001, 0x8568, 0x0001, 0x8d69, 0x0001, 0x8d89, 0x0001, 0x8daa, 0x0001, 0x95ab,
    0x0001, 0x95cc, 0x0001, 0x9dcc, 0x0001, 0x9ded, 0x0001, 0xa60e, 0x0001, 0xa62f, 0x0001, 0xae2f, 0x0001, 0xae50, 0x0001, 0xb651,
    0x0001, 0xb671, 0x0001, 0xb692, 0x0001, 0xbe93, 0x0001, 0xbeb3, 0x0001, 0xbeb4, 0x0001, 0xc6b4, 0x0003, 0xc6d5, 0x0001, 0xced6,
    0x0004, 0xcef6, 0x0003, 0xcef7, 0x0001, 0xcf17, 0x0001, 0xcef7, 0x001f, 0xcf17, 0x001d, 0xcf17, 0x0002, 0xcef7, 0x0001, 0xcf17,
    0x0003, 0xcef7, 0x0004, 0xcef6, 0x0001, 0xc6f6, 0x0003, 0xc6d5, 0x0001, 0xc6b4, 0x0001, 0xbeb4, 0x0001, 0xbeb3, 0x0001, 0xbe93,
    0x0001, 0xbe92, 0x0001, 0xb672, 0x0001, 0xb671, 0x0001, 0xae50, 0x0001, 0xae30, 0x0001, 0xa62f, 0x0001, 0xa60e, 0x0002, 0x9ded,
    0x0001, 0x95cc, 0x0001, 0x95cb, 0x0001, 0x95aa, 0x0001, 0x8d8a, 0x0002, 0x8d89, 0x0001, 0x8568, 0x0001, 0x8567, 0x0001, 0x7d47,
    0x0001, 0x7d46, 0x0003, 0x7d26, 0x0001, 0x7d25, 0x0002, 0x7525, 0x0004, 0x7505, 0x0002, 0x7525, 0x0001, 0x7d25, 0x0002, 0x7d26,
    0x0001, 0x7d46, 0x0001, 0x7d47, 0x0001, 0x8547, 0x0002, 0x8568, 0x0002, 0x8d89, 0x0001, 0x8daa, 0x0001, 0x95ab, 0x0001, 0x95cb,
    0x0001, 0x9dcc, 0x0001, 0x9ded, 0x0001, 0xa5ee, 0x0001, 0xa60e, 0x0001, 0xae2f, 0x0001, 0xae30, 0x0001, 0xae50, 0x0001, 0xb671,
    0x0001, 0xb672, 0x0001, 0xb692, 0x0001, 0xbe93, 0x0001, 0xbeb4, 0x0001, 0xc6b4, 0x0001, 0xc6d4, 0x0003, 0xc6d5, 0x0001, 0xced6,
    0x0004, 0xcef6, 0x0003, 0xcef7, 0x0001, 0xcf17, 0x0001, 0xcef7, 0x0052, 0xcf17, 0x0002, 0xcef7, 0x0001, 0xcf17, 0x0003, 0xcef7,
    0x0004, 0xcef6, 0x0001, 0xc6f6, 0x0003, 0xc6d5, 0x0001, 0xc6b4, 0x0001, 0xbeb4, 0x0001, 0xbeb3, 0x0001, 0xbe93, 0x0001, 0xbe92,
    0x0001, 0xb672, 0x0001, 0xb651, 0x0002, 0xae50, 0x0001, 0xa62f, 0x0001, 0xa60e, 0x0001, 0x9e0d, 0x0001, 0x9ded, 0x0001, 0x95cc,
    0x0001, 0x95cb, 0x0001, 0x95aa, 0x0001, 0x8daa, 0x0001, 0x8d89, 0x0002, 0x8568, 0x0001, 0x8567, 0x0001, 0x7d47, 0x0001, 0x7d46,
    0x0003, 0x7d26, 0x0001, 0x7d25, 0x0002, 0x7525, 0x0004, 0x7505, 0x0001, 0x7525, 0x0001, 0x7505, 0x0001, 0x7d25, 0x0003, 0x7d26,
    0x0001, 0x7d47, 0x0001, 0x8547, 0x0001, 0x8548, 0x0001, 0x8568, 0x0002, 0x8d89, 0x0001, 0x8d8a, 0x0001, 0x95ab, 0x0001, 0x95cb,
    0x0001, 0x9dcc, 0x0001, 0x9ded, 0x0002, 0xa60e, 0x0001, 0xae2f, 0x0002, 0xae50, 0x0001, 0xb671, 0x0001, 0xb672, 0x0001, 0xbe92,
    0x0001, 0xbe93, 0x0002, 0xbeb4, 0x0001, 0xc6b4, 0x0003, 0xc6d5, 0x0001, 0xced6, 0x0004, 0xcef6, 0x0003, 0xcef7, 0x0001, 0xcf17,
    0x0001, 0xcef7, 0x001f, 0xcf17, 0x001d, 0xcf17, 0x0002, 0xcef7, 0x0003, 0xcf17, 0x0001, 0xcef7, 0x0006, 0xcef6, 0x0003, 0xc6d5,
    0x0001, 0xc6d4, 0x0001, 0xbeb4, 0x0001, 0xbeb3, 0x0001, 0xbe93, 0x0001, 0xb672, 0x0001, 0xb671, 0x0001, 0xb651, 0x0001, 0xae50,
    0x0001, 0xae2f, 0x0001, 0xa62f, 0x0001, 0xa60e, 0x0001, 0x9e0d, 0x0001, 0x9ded, 0x0001, 0x95cc, 0x0001, 0x95cb, 0x0001, 0x95ab,
    0x0001, 0x8daa, 0x0002, 0x8d89, 0x0002, 0x8568, 0x0001, 0x8567, 0x0002, 0x7d47, 0x0001, 0x7d46, 0x000a, 0x7d26, 0x0001, 0x7d46,
    0x0001, 0x7d47, 0x0002, 0x8547, 0x0002, 0x8568, 0x0001, 0x8d89, 0x0001, 0x8d8a, 0x0001, 0x95aa, 0x0001, 0x95ab, 0x0001, 0x95cb,
    0x0001, 0x9dcc, 0x0001, 0x9ded, 0x0001, 0xa60d, 0x0001, 0xa60e, 0x0001, 0xa62f, 0x0002, 0xae50, 0x0001, 0xb671, 0x0001, 0xb672,
    0x0001, 0xb692, 0x0001, 0xbe93, 0x0001, 0xbeb3, 0x0001, 0xbeb4, 0x0001, 0xc6b4, 0x0003, 0xc6d5, 0x0001, 0xc6d6, 0x0004, 0xcef6,
    0x0005, 0xcef7, 0x0053, 0xcf17, 0x0002, 0xcef7, 0x0002, 0xcf17, 0x0002, 0xcef7, 0x0006, 0xcef6, 0x0003, 0xc6d5, 0x0001, 0xc6b4,
    0x0001, 0xbeb4, 0x0002, 0xbe93, 0x0001, 0xb672, 0x0001, 0xb671, 0x0001, 0xb651, 0x0001, 0xae50, 0x0001, 0xae2f, 0x0001, 0xa62f,
    0x0001, 0xa60e, 0x0001, 0x9ded, 0x0001, 0x9dec, 0x0001, 0x95cc, 0x0001, 0x95cb, 0x0001, 0x95ab, 0x0001, 0x8daa, 0x0002, 0x8d89,
    0x0002, 0x8568, 0x0001, 0x8567, 0x0002, 0x7d47, 0x0001, 0x7d46, 0x000a, 0x7d26, 0x0001, 0x7d46, 0x0001, 0x7d47, 0x0002, 0x8547,
    0x0002, 0x8568, 0x0001, 0x8d89, 0x0001, 0x8d8a, 0x0001, 0x95aa, 0x0001, 0x95ab, 0x0001, 0x95cb, 0x0001, 0x9dec, 0x0001, 0x9ded,
    0x0002, 0xa60e, 0x0001, 0xa62f, 0x0002, 0xae50, 0x0001, 0xb671, 0x0001, 0xb672, 0x0001, 0xbe92, 0x0001, 0xbe93, 0x0001, 0xbeb3,
    0x0001, 0xbeb4, 0x0001, 0xc6b4, 0x0003, 0xc6d5, 0x0001, 0xc6f6, 0x0004, 0xcef6, 0x0005, 0xcef7, 0x0020, 0xcf17, 0x001e, 0xcf17,
    0x0001, 0xcef7, 0x0003, 0xcf17, 0x0001, 0xcef7, 0x0005, 0xcef6, 0x0001, 0xced6, 0x0003, 0xc6d5, 0x0002, 0xc6b4, 0x0001, 0xbeb3,
    0x0001, 0xbe93, 0x0001, 0xb692, 0x0001, 0xb672, 0x0001, 0xb671, 0x0001, 0xae51, 0x0001, 0xae50, 0x0001, 0xae2f, 0x0001, 0xa60f,
    0x0001, 0xa60e, 0x0002, 0x9ded, 0x0001, 0x9dcc, 0x0001, 0x95cb, 0x0001, 0x95ab, 0x0001, 0x95aa, 0x0001, 0x8d8a, 0x0001, 0x8d89,
    0x0001, 0x8d69, 0x0002, 0x8568, 0x0001, 0x8567, 0x0002, 0x8547, 0x0003, 0x7d47, 0x0002, 0x7d46, 0x0002, 0x7d47, 0x0003, 0x8547,
    0x0001, 0x8548, 0x0002, 0x8568, 0x0002, 0x8d89, 0x0001, 0x8d8a, 0x0001, 0x95aa, 0x0001, 0x95cb, 0x0001, 0x95cc, 0x0001, 0x9dcc,
    0x0001, 0x9ded, 0x0001, 0xa60d, 0x0001, 0xa60e, 0x0001, 0xa62f, 0x0001, 0xae2f, 0x0001, 0xae50, 0x0001, 0xb651, 0x0001, 0xb671,
    0x0001, 0xb672, 0x0002, 0xbe93, 0x0001, 0xbeb4, 0x0002, 0xc6b4, 0x0003, 0xc6d5, 0x0001, 0xced6, 0x0004, 0xcef6, 0x0003, 0xcef7,
    0x0001, 0xcf17, 0x0001, 0xcef7, 0x0054, 0xcf17, 0x0001, 0xcef7, 0x0002, 0xcf17, 0x0002, 0xcef7, 0x0005, 0xcef6, 0x0001, 0xc6d6,
    0x0001, 0xced5, 0x0002, 0xc6d5, 0x0001, 0xc6b4, 0x0001, 0xbeb4, 0x0001, 0xbeb3, 0x0001, 0xbe93, 0x0001, 0xbe92, 0x0001, 0xb672,
    0x0001, 0xb671, 0x0001, 0xae51, 0x0001, 0xae50, 0x0001, 0xae2f, 0x0001, 0xa60f, 0x0001, 0xa60e, 0x0002, 0x9ded, 0x0001, 0x9dcc,
    0x0001, 0x95cb, 0x0001, 0x95ab, 0x0001, 0x8daa, 0x0001, 0x8d8a, 0x0002, 0x8d89, 0x0002, 0x8568, 0x0001, 0x8567, 0x0002, 0x8547,
    0x0003, 0x7d47, 0x0002, 0x7d46, 0x0002, 0x7d47, 0x0003, 0x8547, 0x0003, 0x8568, 0x0002, 0x8d89, 0x0001, 0x8d8a, 0x0001, 0x95aa,
    0x0001, 0x95cb, 0x0001, 0x95cc, 0x0001, 0x9dcc, 0x0001, 0x9ded, 0x0001, 0xa60d, 0x0001, 0xa60e, 0x0001, 0xa60f, 0x0001, 0xae2f,
    0x0001, 0xae50, 0x0001, 0xb651, 0x0001, 0xb671, 0x0001, 0xb692, 0x0001, 0xbe93, 0x0001, 0xbeb3, 0x0001, 0xbeb4, 0x0002, 0xc6b4,
    0x0002, 0xc6d5, 0x0001, 0xc6f5, 0x0001, 0xced6, 0x0004, 0xcef6, 0x0003, 0xcef7, 0x0001, 0xcf17, 0x0001, 0xcef7, 0x0020, 0xcf17,
    0x001e, 0xcf17, 0x0002, 0xcef7, 0x0003, 0xcf17, 0x0001, 0xcef7, 0x0005, 0xcef6, 0x0001, 0xced6, 0x0003, 0xc6d5, 0x0001, 0xc6b4,
    0x0001, 0xbeb4, 0x0001, 0xbeb3, 0x0001, 0xbe93, 0x0001, 0xbe92, 0x0001, 0xb672, 0x0001, 0xb671, 0x0001, 0xae51, 0x0001, 0xae50,
    0x0001, 0xae2f, 0x0001, 0xa62f, 0x0001, 0xa60e, 0x0001, 0x9e0d, 0x0001, 0x9ded, 0x0001, 0x9dcc, 0x0001, 0x95cc, 0x0001, 0x95cb,
    0x0001, 0x95aa, 0x0001, 0x8daa, 0x0003, 0x8d89, 0x0004, 0x8568, 0x0005, 0x8567, 0x0005, 0x8568, 0x0002, 0x8d89, 0x0001, 0x8d8a,
    0x0001, 0x8daa, 0x0001, 0x95ab, 0x0001, 0x95cb, 0x0002, 0x9dcc, 0x0001, 0x9ded, 0x0002, 0xa60e, 0x0001, 0xa62f, 0x0001, 0xae2f,
    0x0001, 0xae50, 0x0001, 0xae51, 0x0001, 0xb671, 0x0001, 0xb692, 0x0001, 0xbe92, 0x0001, 0xbe93, 0x0001, 0xbeb3, 0x0001, 0xbeb4,
    0x0001, 0xc6b4, 0x0003, 0xc6d5, 0x0001, 0xc6f6, 0x0005, 0xcef6, 0x0003, 0xcef7, 0x0001, 0xcf17, 0x0001, 0xcef7, 0x0054, 0xcf17,
    0x0002, 0xcef7, 0x0003, 0xcf17, 0x0001, 0xcef7, 0x0006, 0xcef6, 0x0003, 0xc6d5, 0x0001, 0xc6b4, 0x0001, 0xbeb4, 0x0002, 0xbe93,
    0x0001, 0xbe92, 0x0001, 0xb672, 0x0001, 0xb671, 0x0002, 0xae50, 0x0001, 0xae2f, 0x0001, 0xa60f, 0x0001, 0xa60e, 0x0002, 0x9ded,
    0x0001, 0x9dcc, 0x0001, 0x95cb, 0x0001, 0x95ab, 0x0001, 0x95aa, 0x0001, 0x8daa, 0x0003, 0x8d89, 0x0004, 0x8568, 0x0005, 0x8567,
    0x0005, 0x8568, 0x0002, 0x8d89, 0x0001, 0x8d8a, 0x0001, 0x95aa, 0x0001, 0x95ab, 0x0001, 0x95cb, 0x0001, 0x9dcc, 0x0001, 0x9dec,
    0x0001, 0x9ded, 0x0002, 0xa60e, 0x0001, 0xa62f, 0x0001, 0xae2f, 0x0001, 0xae50, 0x0001, 0xb651, 0x0001, 0xb671, 0x0001, 0xb672,
    0x0001, 0xbe92, 0x0001, 0xbe93, 0x0001, 0xbeb3, 0x0001, 0xbeb4, 0x0001, 0xc6b4, 0x0003, 0xc6d5, 0x0001, 0xc6f6, 0x0005, 0xcef6,
    0x0003, 0xcef7, 0x0001, 0xcf17, 0x0001, 0xcef7, 0x0020, 0xcf17, 0x001f, 0xcf17, 0x0001, 0xcef7, 0x0003, 0xcf17, 0x0002, 0xcef7,
    0x0005, 0xcef6, 0x0003, 0xc6d5, 0x0002, 0xc6b4, 0x0001, 0xbeb4, 0x0001, 0xbeb3, 0x0001, 0xbe93, 0x0001, 0xb692, 0x0001, 0xb672,
    0x0001, 0xb671, 0x0002, 0xae50, 0x0001, 0xae2f, 0x0001, 0xa62f, 0x0001, 0xa60e, 0x0001, 0xa60d, 0x0001, 0x9ded, 0x0001, 0x9dec,
    0x0001, 0x9dcc, 0x0001, 0x95cb, 0x0001, 0x95ab, 0x0001, 0x95aa, 0x0002, 0x8d8a, 0x0004, 0x8d89, 0x0006, 0x8568, 0x0001, 0x8d69,
    0x0003, 0x8d89, 0x0001, 0x8d8a, 0x0001, 0x8daa, 0x0001, 0x95aa, 0x0001, 0x95ab, 0x0001, 0x95cb, 0x0001, 0x9dcc, 0x0001, 0x9dec,
    0x0001, 0x9ded, 0x0002, 0xa60e, 0x0001, 0xa60f, 0x0001, 0xae2f, 0x0001, 0xae50, 0x0001, 0xae51, 0x0001, 0xb671, 0x0001, 0xb692,
    0x0001, 0xbe92, 0x0001, 0xbe93, 0x0001, 0xbeb3, 0x0001, 0xbeb4, 0x0001, 0xc6b4, 0x0003, 0xc6d5, 0x0002, 0xced6, 0x0005, 0xcef6,
    0x0002, 0xcef7, 0x0058, 0xcf17, 0x0001, 0xcef7, 0x0003, 0xcf17, 0x0002, 0xcef7, 0x0004, 0xcef6, 0x0001, 0xc6f6, 0x0003, 0xc6d5,
    0x0001, 0xc6d4, 0x0001, 0xc6b4, 0x0001, 0xbeb4, 0x0002, 0xbe93, 0x0002, 0xb672, 0x0001, 0xb671, 0x0002, 0xae50, 0x0001, 0xae2f,
    0x0001, 0xa62f, 0x0001, 0xa60e, 0x0001, 0x9e0d, 0x0001, 0x9ded, 0x0001, 0x9dec, 0x0001, 0x95cc, 0x0001, 0x95cb, 0x0001, 0x95ab,
    0x0001, 0x95aa, 0x0002, 0x8d8a, 0x0002, 0x8d89, 0x0001, 0x8d69, 0x0007, 0x8568, 0x0001, 0x8d69, 0x0003, 0x8d89, 0x0002, 0x8daa,
    0x0001, 0x95aa, 0x0001, 0x95ab, 0x0001, 0x95cb, 0x0001, 0x9dcc, 0x0002, 0x9ded, 0x0002, 0xa60e, 0x0001, 0xa60f, 0x0001, 0xae2f,
    0x0001, 0xae50, 0x0001, 0xae51, 0x0001, 0xb671, 0x0001, 0xb672, 0x0001, 0xb692, 0x0001, 0xbe93, 0x0001, 0xbeb3, 0x0001, 0xbeb4,
    0x0001, 0xc6b4, 0x0003, 0xc6d5, 0x0002, 0xced6, 0x0004, 0xcef6, 0x0003, 0xcef7, 0x0023, 0xcf17, 0x001f, 0xcf17, 0x0003, 0xcef7,
    0x0002, 0xcf17, 0x0001, 0xcef7, 0x0005, 0xcef6, 0x0001, 0xced6, 0x0003, 0xc6d5, 0x0002, 0xc6b4, 0x0001, 0xbeb4, 0x0002, 0xbe93,
    0x0002, 0xb672, 0x0001, 0xb671, 0x0002, 0xae50, 0x0001, 0xae2f, 0x0001, 0xa62f, 0x0002, 0xa60e, 0x0001, 0x9e0d, 0x0001, 0x9ded,
    0x0001, 0x9dcc, 0x0001, 0x95cc, 0x0001, 0x95cb, 0x0001, 0x95ab, 0x0001, 0x95aa, 0x0004, 0x8daa, 0x0006, 0x8d89, 0x0002, 0x8d8a,
    0x0002, 0x95aa, 0x0001, 0x95ab, 0x0002, 0x95cb, 0x0002, 0x9dcc, 0x0001, 0x9ded, 0x0001, 0x9e0d, 0x0002, 0xa60e, 0x0002, 0xae2f,
    0x0001, 0xae50, 0x0001, 0xae51, 0x0001, 0xb671, 0x0001, 0xb672, 0x0001, 0xbe92, 0x0002, 0xbe93, 0x0001, 0xbeb4, 0x0001, 0xc6b4,
    0x0004, 0xc6d5, 0x0001, 0xced6, 0x0005, 0xcef6, 0x0002, 0xcef7, 0x0002, 0xcf17, 0x0001, 0xcef7, 0x0056, 0xcf17, 0x0002, 0xcef7,
    0x0003, 0xcf17, 0x0001, 0xcef7, 0x0006, 0xcef6, 0x0003, 0xc6d5, 0x0001, 0xc6b4, 0x0002, 0xbeb4, 0x0002, 0xbe93, 0x0002, 0xb672,
    0x0001, 0xb671, 0x0002, 0xae50, 0x0001, 0xae2f, 0x0001, 0xa62f, 0x0002, 0xa60e, 0x0002, 0x9ded, 0x0001, 0x9dcc, 0x0001, 0x95cc,
    0x0001, 0x95cb, 0x0001, 0x95ab, 0x0002, 0x95aa, 0x0001, 0x8d8a, 0x0002, 0x8daa, 0x0006, 0x8d89, 0x0002, 0x8d8a, 0x0002, 0x95aa,
    0x0001, 0x95ab, 0x0002, 0x95cb, 0x0001, 0x9dcc, 0x0001, 0x9dec, 0x0002, 0x9ded, 0x0002, 0xa60e, 0x0001, 0xae2f, 0x0001, 0xae30,
    0x0001, 0xae50, 0x0001, 0xae51, 0x0001, 0xb671, 0x0001, 0xb672, 0x0001, 0xbe92, 0x0001, 0xbe93, 0x0001, 0xbeb3, 0x0001, 0xbeb4,
    0x0001, 0xc6b4, 0x0004, 0xc6d5, 0x0001, 0xced6, 0x0005, 0xcef6, 0x0002, 0xcef7, 0x0002, 0xcf17, 0x0001, 0xcef7, 0x0021, 0xcf17,
    0x001f, 0xcf17, 0x0003, 0xcef7, 0x0002, 0xcf17, 0x0002, 0xcef7, 0x0004, 0xcef6, 0x0001, 0xced6, 0x0004, 0xc6d5, 0x0001, 0xc6d4,
    0x0001, 0xc6b4, 0x0001, 0xbeb4, 0x0002, 0xbe93, 0x0002, 0xb672, 0x0001, 0xb671, 0x0001, 0xae51, 0x0001, 0xae50, 0x0001, 0xae2f,
    0x0001, 0xa62f, 0x0002, 0xa60e, 0x0001, 0xa60d, 0x0002, 0x9ded, 0x0001, 0x9dec, 0x0001, 0x95cc, 0x0002, 0x95cb, 0x0003, 0x95ab,
    0x0006, 0x95aa, 0x0002, 0x95ab, 0x0002, 0x95cb, 0x0002, 0x95cc, 0x0001, 0x9dcc, 0x0001, 0x9ded, 0x0001, 0x9e0d, 0x0002, 0xa60e,
    0x0001, 0xa62f, 0x0001, 0xae2f, 0x0002, 0xae50, 0x0001, 0xb651, 0x0001, 0xb671, 0x0001, 0xb672, 0x0001, 0xbe92, 0x0001, 0xbe93,
    0x0001, 0xbeb3, 0x0001, 0xbeb4, 0x0002, 0xc6b4, 0x0003, 0xc6d5, 0x0001, 0xc6d6, 0x0006, 0xcef6, 0x0002, 0xcef7, 0x0002, 0xcf17,
    0x0001, 0xcef7, 0x0056, 0xcf17, 0x0002, 0xcef7, 0x0003, 0xcf17, 0x0002, 0xcef7, 0x0005, 0xcef6, 0x0004, 0xc6d5, 0x0002, 0xc6b4,
    0x0003, 0xbe93, 0x0002, 0xb672, 0x0001, 0xb671, 0x0002, 0xae50, 0x0001, 0xae2f, 0x0001, 0xa62f, 0x0002, 0xa60e, 0x0001, 0x9e0d,
    0x0002, 0x9ded, 0x0001, 0x9dcc, 0x0001, 0x95cc, 0x0002, 0x95cb, 0x0003, 0x95ab, 0x0006, 0x95aa, 0x0002, 0x95ab, 0x0002, 0x95cb,
    0x0001, 0x95cc, 0x0001, 0x9dcc, 0x0001, 0x9dec, 0x0002, 0x9ded, 0x0002, 0xa60e, 0x0001, 0xa62f, 0x0001, 0xae2f, 0x0001, 0xae30,
    0x0001, 0xae50, 0x0001, 0xb651, 0x0001, 0xb671, 0x0001, 0xb672, 0x0001, 0xbe92, 0x0002, 0xbe93, 0x0001, 0xbeb4, 0x0002, 0xc6b4,
    0x0003, 0xc6d5, 0x0001, 0xc6d6, 0x0006, 0xcef6, 0x0002, 0xcef7, 0x0002, 0xcf17, 0x0001, 0xcef7, 0x0021, 0xcf17, 0x0024, 0xcf17,
    0x0002, 0xcef7, 0x0005, 0xcef6, 0x0001, 0xc6f6, 0x0001, 0xcef6, 0x0003, 0xc6d5, 0x0001, 0xc6d4, 0x0001, 0xc6b4, 0x0001, 0xbeb4,
    0x0002, 0xbe93, 0x0001, 0xb692, 0x0001, 0xb672, 0x0001, 0xb671, 0x0001, 0xae51, 0x0001, 0xae50, 0x0001, 0xae30, 0x0001, 0xae2f,
    0x0001, 0xa62f, 0x0002, 0xa60e, 0x0001, 0xa60d, 0x0002, 0x9ded, 0x0002, 0x9dcc, 0x0002, 0x95cc, 0x0007, 0x95cb, 0x0002, 0x95cc,
    0x0002, 0x9dcc, 0x0003, 0x9ded, 0x0002, 0xa60e, 0x0002, 0xa62f, 0x0001, 0xae2f, 0x0002, 0xae50, 0x0001, 0xb651, 0x0001, 0xb671,
    0x0001, 0xb672, 0x0001, 0xbe92, 0x0002, 0xbe93, 0x0001, 0xbeb4, 0x0001, 0xc6b4, 0x0001, 0xc6d4, 0x0003, 0xc6d5, 0x0001, 0xc6f6,
    0x0006, 0xcef6, 0x0003, 0xcef7, 0x0001, 0xcf17, 0x0002, 0xcef7, 0x005b, 0xcf17, 0x0002, 0xcef7, 0x0005, 0xcef6, 0x0001, 0xc6f6,
    0x0004, 0xc6d5, 0x0001, 0xc6d4, 0x0001, 0xc6b4, 0x0003, 0xbe93, 0x0001, 0xb692, 0x0001, 0xb672, 0x0001, 0xb671, 0x0001, 0xae51,
    0x0001, 0xae50, 0x0001, 0xae30, 0x0001, 0xae2f, 0x0001, 0xa62f, 0x0002, 0xa60e, 0x0001, 0xa60d, 0x0002, 0x9ded, 0x0002, 0x9dcc,
    0x0002, 0x95cc, 0x0007, 0x95cb, 0x0002, 0x95cc, 0x0002, 0x9dcc, 0x0003, 0x9ded, 0x0002, 0xa60e, 0x0001, 0xa60f, 0x0001, 0xa62f,
    0x0001, 0xae4f, 0x0002, 0xae50, 0x0002, 0xb671, 0x0001, 0xb672, 0x0001, 0xbe92, 0x0001, 0xbe93, 0x0001, 0xbeb3, 0x0001, 0xbeb4,
    0x0002, 0xc6b4, 0x0003, 0xc6d5, 0x0001, 0xc6f6, 0x0006, 0xcef6, 0x0003, 0xcef7, 0x0001, 0xcf17, 0x0002, 0xcef7, 0x0021, 0xcf17,
    0x0022, 0xcf17, 0x0001, 0xcef7, 0x0001, 0xcf17, 0x0003, 0xcef7, 0x0005, 0xcef6, 0x0001, 0xc6f6, 0x0004, 0xc6d5, 0x0002, 0xc6b4,
    0x0001, 0xbeb4, 0x0002, 0xbe93, 0x0002, 0xb672, 0x0002, 0xb671, 0x0003, 0xae50, 0x0002, 0xa62f, 0x0003, 0xa60e, 0x0001, 0x9e0d,
    0x0003, 0x9ded, 0x0001, 0x9dec, 0x0003, 0x9dcc, 0x0001, 0x9dec, 0x0002, 0x9dcc, 0x0001, 0x9dec, 0x0003, 0x9ded, 0x0001, 0x9e0d,
    0x0003, 0xa60e, 0x0001, 0xa62f, 0x0001, 0xae2f, 0x0002, 0xae50, 0x0001, 0xae51, 0x0002, 0xb671, 0x0001, 0xb672, 0x0001, 0xb692,
    0x0001, 0xbe93, 0x0001, 0xbeb3, 0x0002, 0xbeb4, 0x0001, 0xc6b4, 0x0004, 0xc6d5, 0x0001, 0xced6, 0x0005, 0xcef6, 0x0003, 0xcef7,
    0x0001, 0xcf17, 0x0003, 0xcef7, 0x0058, 0xcf17, 0x0002, 0xcef7, 0x0001, 0xcf17, 0x0003, 0xcef7, 0x0005, 0xcef6, 0x0001, 0xc6f6,
    0x0003, 0xc6d5, 0x0003, 0xc6b4, 0x0003, 0xbe93, 0x0001, 0xbe92, 0x0001, 0xb672, 0x0002, 0xb671, 0x0003, 0xae50, 0x0002, 0xa62f,
    0x0003, 0xa60e, 0x0004, 0x9ded, 0x0001, 0x9dec, 0x0003, 0x9dcc, 0x0001, 0x9dec, 0x0002, 0x9dcc, 0x0004, 0x9ded, 0x0001, 0x9e0d,
    0x0003, 0xa60e, 0x0001, 0xa62f, 0x0001, 0xae2f, 0x0001, 0xae30, 0x0001, 0xae50, 0x0001, 0xae51, 0x0001, 0xb671, 0x0002, 0xb672,
    0x0001, 0xb692, 0x0001, 0xbe93, 0x0001, 0xbeb3, 0x0002, 0xbeb4, 0x0001, 0xc6b4, 0x0003, 0xc6d5, 0x0001, 0xcef6, 0x0001, 0xced6,
    0x0005, 0xcef6, 0x0003, 0xcef7, 0x0001, 0xcf17, 0x0003, 0xcef7, 0x0021, 0xcf17, 0x0024, 0xcf17, 0x0004, 0xcef7, 0x0004, 0xcef6,
    0x0001, 0xced6, 0x0001, 0xcef6, 0x0001, 0xc6f5, 0x0003, 0xc6d5, 0x0002, 0xc6b4, 0x0001, 0xbeb3, 0x0002, 0xbe93, 0x0001, 0xb692,
    0x0002, 0xb672, 0x0001, 0xb671, 0x0001, 0xb651, 0x0002, 0xae50, 0x0002, 0xae2f, 0x0002, 0xa62f, 0x0003, 0xa60e, 0x0001, 0xa5ee,
    0x0001, 0xa60d, 0x0003, 0x9e0d, 0x0003, 0x9ded, 0x0001, 0xa60d, 0x0004, 0xa60e, 0x0002, 0xa62f, 0x0001, 0xae2f, 0x0003, 0xae50,
    0x0001, 0xb651, 0x0001, 0xb671, 0x0002, 0xb672, 0x0001, 0xbe92, 0x0002, 0xbe93, 0x0001, 0xbeb4, 0x0001, 0xc6b4, 0x0001, 0xc6d4,
    0x0004, 0xc6d5, 0x0001, 0xc6f6, 0x0005, 0xcef6, 0x0003, 0xcef7, 0x0002, 0xcf17, 0x0002, 0xcef7, 0x005c, 0xcf17, 0x0004, 0xcef7,
    0x0004, 0xcef6, 0x0001, 0xced6, 0x0001, 0xcef6, 0x0003, 0xc6d5, 0x0002, 0xc6b4, 0x0001, 0xbeb4, 0x0001, 0xbeb3, 0x0002, 0xbe93,
    0x0001, 0xbe92, 0x0002, 0xb672, 0x0001, 0xb671, 0x0001, 0xae51, 0x0002, 0xae50, 0x0002, 0xae2f, 0x0001, 0xa62f, 0x0004, 0xa60e,
    0x0001, 0xa5ee, 0x0001, 0xa60d, 0x0003, 0x9e0d, 0x0003, 0x9ded, 0x0001, 0xa60d, 0x0004, 0xa60e, 0x0002, 0xa62f, 0x0001, 0xae2f,
    0x0001, 0xae30, 0x0002, 0xae50, 0x0001, 0xb651, 0x0001, 0xb671, 0x0002, 0xb672, 0x0001, 0xbe92, 0x0001, 0xbe93, 0x0001, 0xbeb3,
    0x0001, 0xbeb4, 0x0001, 0xc6b4, 0x0001, 0xc6d4, 0x0004, 0xc6d5, 0x0001, 0xc6f6, 0x0005, 0xcef6, 0x0003, 0xcef7, 0x0002, 0xcf17,
    0x0002, 0xcef7, 0x0022, 0xcf17, 0x0025, 0xcf17, 0x0004, 0xcef7, 0x0004, 0xcef6, 0x0001, 0xced6, 0x0001, 0xcef6, 0x0004, 0xc6d5,
    0x0001, 0xc6b4, 0x0002, 0xbeb4, 0x0001, 0xbeb3, 0x0001, 0xbe93, 0x0001, 0xbe92, 0x0002, 0xb672, 0x0002, 0xb671, 0x0001, 0xae51,
    0x0001, 0xae50, 0x0002, 0xae30, 0x0001, 0xae2f, 0x0003, 0xa62f, 0x0009, 0xa60e, 0x0001, 0xa60f, 0x0002, 0xa62f, 0x0002, 0xae2f,
    0x0003, 0xae50, 0x0001, 0xb651, 0x0002, 0xb671, 0x0001, 0xb672, 0x0001, 0xbe92, 0x0002, 0xbe93, 0x0001, 0xbeb3, 0x0001, 0xbeb4,
    0x0002, 0xc6b4, 0x0004, 0xc6d5, 0x0001, 0xc6f6, 0x0006, 0xcef6, 0x0003, 0xcef7, 0x0061, 0xcf17, 0x0004, 0xcef7, 0x0004, 0xcef6,
    0x0001, 0xced6, 0x0001, 0xcef6, 0x0004, 0xc6d5, 0x0001, 0xc6b4, 0x0002, 0xbeb4, 0x0002, 0xbe93, 0x0001, 0xbe92, 0x0001, 0xb692,
    0x0001, 0xb672, 0x0002, 0xb671, 0x0001, 0xae51, 0x0002, 0xae50, 0x0001, 0xae30, 0x0002, 0xae2f, 0x0002, 0xa62f, 0x0009, 0xa60e,
    0x0001, 0xa60f, 0x0002, 0xa62f, 0x0002, 0xae2f, 0x0003, 0xae50, 0x0002, 0xb671, 0x0002, 0xb672, 0x0001, 0xbe92, 0x0002, 0xbe93,
    0x0001, 0xbeb3, 0x0001, 0xbeb4, 0x0002, 0xc6b4, 0x0004, 0xc6d5, 0x0001, 0xc6f6, 0x0006, 0xcef6, 0x0003, 0xcef7, 0x0026, 0xcf17,
    0x0023, 0xcf17, 0x0002, 0xcef7, 0x0001, 0xcf17, 0x0003, 0xcef7, 0x0005, 0xcef6, 0x0001, 0xced6, 0x0001, 0xcef6, 0x0004, 0xc6d5,
    0x0002, 0xc6b4, 0x0001, 0xbeb4, 0x0001, 0xbeb3, 0x0002, 0xbe93, 0x0001, 0xb692, 0x0002, 0xb672, 0x0002, 0xb671, 0x0001, 0xb651,
    0x0003, 0xae50, 0x0002, 0xae30, 0x000a, 0xae2f, 0x0002, 0xae30, 0x0002, 0xae50, 0x0001, 0xae51, 0x0002, 0xb671, 0x0001, 0xb672,
    0x0002, 0xb692, 0x0001, 0xbe92, 0x0002, 0xbe93, 0x0001, 0xbeb3, 0x0001, 0xbeb4, 0x0002, 0xc6b4, 0x0004, 0xc6d5, 0x0001, 0xc6f6,
    0x0006, 0xcef6, 0x0003, 0xcef7, 0x0060, 0xcf17, 0x0002, 0xcef7, 0x0001, 0xcf17, 0x0003, 0xcef7, 0x0005, 0xcef6, 0x0001, 0xced6,
    0x0001, 0xcef6, 0x0004, 0xc6d5, 0x0002, 0xc6b4, 0x0001, 0xbeb4, 0x0001, 0xbeb3, 0x0002, 0xbe93, 0x0001, 0xbe92, 0x0002, 0xb672,
    0x0002, 0xb671, 0x0001, 0xb651, 0x0004, 0xae50, 0x000b, 0xae2f, 0x0002, 0xae30, 0x0002, 0xae50, 0x0001, 0xae51, 0x0001, 0xb651,
    0x0001, 0xb671, 0x0002, 0xb672, 0x0001, 0xb692, 0x0001, 0xbe92, 0x0001, 0xbe93, 0x0001, 0xbeb3, 0x0002, 0xbeb4, 0x0002, 0xc6b4,
    0x0004, 0xc6d5, 0x0001, 0xc6f6, 0x0006, 0xcef6, 0x0002, 0xcef7, 0x0028, 0xcf17, 0x0024, 0xcf17, 0x0001, 0xcef7, 0x0002, 0xcf17,
    0x0003, 0xcef7, 0x0005, 0xcef6, 0x0001, 0xced6, 0x0001, 0xcef6, 0x0001, 0xc6f5, 0x0003, 0xc6d5, 0x0002, 0xc6b4, 0x0002, 0xbeb4,
    0x0003, 0xbe93, 0x0001, 0xb692, 0x0002, 0xb672, 0x0003, 0xb671, 0x0001, 0xb651, 0x0001, 0xae51, 0x0006, 0xae50, 0x0001, 0xae30,
    0x0005, 0xae50, 0x0001, 0xae51, 0x0001, 0xb651, 0x0002, 0xb671, 0x0001, 0xb672, 0x0002, 0xb692, 0x0001, 0xbe92, 0x0002, 0xbe93,
    0x0001, 0xbeb3, 0x0002, 0xbeb4, 0x0001, 0xc6b4, 0x0005, 0xc6d5, 0x0001, 0xc6f6, 0x0006, 0xcef6, 0x0004, 0xcef7, 0x0001, 0xcf17,
    0x0001, 0xcef7, 0x005f, 0xcf17, 0x0001, 0xcef7, 0x0002, 0xcf17, 0x0003, 0xcef7, 0x0005, 0xcef6, 0x0002, 0xced6, 0x0004, 0xc6d5,
    0x0002, 0xc6b4, 0x0002, 0xbeb4, 0x0001, 0xbeb3, 0x0002, 0xbe93, 0x0001, 0xb692, 0x0002, 0xb672, 0x0003, 0xb671, 0x0001, 0xb651,
    0x0001, 0xae51, 0x0006, 0xae50, 0x0001, 0xae30, 0x0005, 0xae50, 0x0001, 0xae51, 0x0001, 0xb651, 0x0002, 0xb671, 0x0002, 0xb672,
    0x0001, 0xb692, 0x0001, 0xbe92, 0x0003, 0xbe93, 0x0001, 0xbeb4, 0x0002, 0xc6b4, 0x0005, 0xc6d5, 0x0001, 0xc6f6, 0x0006, 0xcef6,
    0x0003, 0xcef7, 0x0002, 0xcf17, 0x0001, 0xcef7, 0x0025, 0xcf17, 0x0024, 0xcf17, 0x0002, 0xcef7, 0x0001, 0xcf17, 0x0004, 0xcef7,
    0x0005, 0xcef6, 0x0002, 0xced6, 0x0004, 0xc6d5, 0x0001, 0xc6b5, 0x0002, 0xc6b4, 0x0001, 0xbeb4, 0x0001, 0xbeb3, 0x0003, 0xbe93,
    0x0002, 0xb692, 0x0003, 0xb672, 0x0005, 0xb671, 0x0003, 0xb651, 0x0001, 0xb671, 0x0001, 0xb651, 0x0004, 0xb671, 0x0002, 0xb672,
    0x0001, 0xb692, 0x0001, 0xbe92, 0x0003, 0xbe93, 0x0001, 0xbeb3, 0x0002, 0xbeb4, 0x0002, 0xc6b4, 0x0004, 0xc6d5, 0x0001, 0xcef6,
    0x0001, 0xc6f6, 0x0006, 0xcef6, 0x0007, 0xcef7, 0x005f, 0xcf17, 0x0002, 0xcef7, 0x0001, 0xcf17, 0x0004, 0xcef7, 0x0005, 0xcef6,
    0x0002, 0xced6, 0x0005, 0xc6d5, 0x0002, 0xc6b4, 0x0001, 0xbeb4, 0x0002, 0xbeb3, 0x0002, 0xbe93, 0x0002, 0xb692, 0x0003, 0xb672,
    0x0005, 0xb671, 0x0003, 0xb651, 0x0006, 0xb671, 0x0002, 0xb672, 0x0001, 0xb692, 0x0001, 0xbe92, 0x0002, 0xbe93, 0x0002, 0xbeb3,
    0x0002, 0xbeb4, 0x0001, 0xc6d4, 0x0001, 0xc6b4, 0x0004, 0xc6d5, 0x0008, 0xcef6, 0x0004, 0xcef7, 0x0001, 0xcf17, 0x0002, 0xcef7,
    0x0025, 0xcf17, 0x0028, 0xcf17, 0x0004, 0xcef7, 0x0006, 0xcef6, 0x0001, 0xc6f6, 0x0001, 0xc6f5, 0x0004, 0xc6d5, 0x0001, 0xc6d4,
    0x0001, 0xc6b4, 0x0003, 0xbeb4, 0x0001, 0xbeb3, 0x0003, 0xbe93, 0x0002, 0xbe92, 0x000c, 0xb672, 0x0001, 0xb692, 0x0001, 0xb672,
    0x0002, 0xbe92, 0x0003, 0xbe93, 0x0001, 0xbeb3, 0x0003, 0xbeb4, 0x0001, 0xc6b4, 0x0005, 0xc6d5, 0x0001, 0xc6d6, 0x0001, 0xced6,
    0x0006, 0xcef6, 0x0008, 0xcef7, 0x0063, 0xcf17, 0x0004, 0xcef7, 0x0006, 0xcef6, 0x0001, 0xc6f6, 0x0001, 0xc6f5, 0x0004, 0xc6d5,
    0x0002, 0xc6b4, 0x0003, 0xbeb4, 0x0001, 0xbeb3, 0x0003, 0xbe93, 0x0001, 0xbe92, 0x0001, 0xb692, 0x000c, 0xb672, 0x0001, 0xb692,
    0x0001, 0xb672, 0x0002, 0xbe92, 0x0003, 0xbe93, 0x0001, 0xbeb3, 0x0002, 0xbeb4, 0x0002, 0xc6b4, 0x0005, 0xc6d5, 0x0001, 0xc6f6,
    0x0001, 0xced6, 0x0006, 0xcef6, 0x0008, 0xcef7, 0x0025, 0xcf17, 0x0028, 0xcf17, 0x0005, 0xcef7, 0x0006, 0xcef6, 0x0002, 0xced6,
    0x0005, 0xc6d5, 0x0003, 0xc6b4, 0x0002, 0xbeb4, 0x0003, 0xbeb3, 0x0004, 0xbe93, 0x0001, 0xbe92, 0x0001, 0xb692, 0x0003, 0xbe92,
    0x0002, 0xb692, 0x0001, 0xbe92, 0x0005, 0xbe93, 0x0002, 0xbeb3, 0x0002, 0xbeb4, 0x0003, 0xc6b4, 0x0005, 0xc6d5, 0x0001, 0xc6f6,
    0x0007, 0xcef6, 0x0002, 0xcef7, 0x006a, 0xcf17, 0x0005, 0xcef7, 0x0007, 0xcef6, 0x0001, 0xced6, 0x0005, 0xc6d5, 0x0003, 0xc6b4,
    0x0002, 0xbeb4, 0x0002, 0xbeb3, 0x0005, 0xbe93, 0x0001, 0xbe92, 0x0001, 0xb692, 0x0003, 0xbe92, 0x0002, 0xb692, 0x0001, 0xbe92,
    0x0005, 0xbe93, 0x0002, 0xbeb3, 0x0002, 0xbeb4, 0x0003, 0xc6b4, 0x0005, 0xc6d5, 0x0001, 0xc6f6, 0x0007, 0xcef6, 0x0002, 0xcef7,
    0x002c, 0xcf17, 0x0026, 0xcf17, 0x0002, 0xcef7, 0x0001, 0xcf17, 0x0005, 0xcef7, 0x0006, 0xcef6, 0x0001, 0xced6, 0x0001, 0xcef6,
    0x0001, 0xc6f5, 0x0005, 0xc6d5, 0x0004, 0xc6b4, 0x0002, 0xbeb4, 0x0004, 0xbeb3, 0x0006, 0xbe93, 0x0001, 0xbeb3, 0x0001, 0xbe93,
    0x0003, 0xbeb3, 0x0003, 0xbeb4, 0x0004, 0xc6b4, 0x0005, 0xc6d5, 0x0002, 0xced6, 0x0007, 0xcef6, 0x0003, 0xcef7, 0x0002, 0xcf17,
    0x0001, 0xcef7, 0x0065, 0xcf17, 0x0002, 0xcef7, 0x0001, 0xcf17, 0x0005, 0xcef7, 0x0006, 0xcef6, 0x0001, 0xced6, 0x0001, 0xc6f6,
    0x0001, 0xc6f5, 0x0005, 0xc6d5, 0x0004, 0xc6b4, 0x0002, 0xbeb4, 0x0004, 0xbeb3, 0x0006, 0xbe93, 0x0001, 0xbeb3, 0x0001, 0xbe93,
    0x0003, 0xbeb3, 0x0003, 0xbeb4, 0x0004, 0xc6b4, 0x0005, 0xc6d5, 0x0002, 0xced6, 0x0007, 0xcef6, 0x0003, 0xcef7, 0x0002, 0xcf17,
    0x0001, 0xcef7, 0x0029, 0xcf17, 0x0027, 0xcf17, 0x0002, 0xcef7, 0x0001, 0xcf17, 0x0005, 0xcef7, 0x0009, 0xcef6, 0x0006, 0xc6d5,
    0x0001, 0xc6b5, 0x0004, 0xc6b4, 0x000d, 0xbeb4, 0x0004, 0xc6b4, 0x0001, 0xc6d4, 0x0007, 0xc6d5, 0x0001, 0xc6f6, 0x0001, 0xced6,
    0x0007, 0xcef6, 0x0003, 0xcef7, 0x0002, 0xcf17, 0x0002, 0xcef7, 0x0066, 0xcf17, 0x0002, 0xcef7, 0x0001, 0xcf17, 0x0005, 0xcef7,
    0x0009, 0xcef6, 0x0007, 0xc6d5, 0x0004, 0xc6b4, 0x000d, 0xbeb4, 0x0004, 0xc6b4, 0x0001, 0xc6d4, 0x0007, 0xc6d5, 0x0001, 0xc6f6,
    0x0008, 0xcef6, 0x0003, 0xcef7, 0x0002, 0xcf17, 0x0002, 0xcef7, 0x0029, 0xcf17, 0x0029, 0xcf17, 0x0001, 0xcef7, 0x0003, 0xcf17,
    0x0003, 0xcef7, 0x0007, 0xcef6, 0x0002, 0xced6, 0x0001, 0xcef6, 0x0009, 0xc6d5, 0x0003, 0xc6b4, 0x0001, 0xc6d4, 0x0009, 0xc6b4,
    0x0001, 0xc6d4, 0x0008, 0xc6d5, 0x0001, 0xced6, 0x0001, 0xc6f6, 0x0001, 0xced6, 0x0008, 0xcef6, 0x0004, 0xcef7, 0x0001, 0xcf17,
    0x0002, 0xcef7, 0x0069, 0xcf17, 0x0001, 0xcef7, 0x0003, 0xcf17, 0x0003, 0xcef7, 0x0007, 0xcef6, 0x0001, 0xced6, 0x0002, 0xcef6,
    0x0008, 0xc6d5, 0x0001, 0xc6d4, 0x0003, 0xc6b4, 0x0001, 0xc6d4, 0x0009, 0xc6b4, 0x0001, 0xc6d4, 0x0008, 0xc6d5, 0x0001, 0xced6,
    0x0001, 0xc6f6, 0x0009, 0xcef6, 0x0004, 0xcef7, 0x0001, 0xcf17, 0x0002, 0xcef7, 0x002a, 0xcf17, 0x002a, 0xcf17, 0x0002, 0xcef7,
    0x0002, 0xcf17, 0x0005, 0xcef7, 0x0008, 0xcef6, 0x0001, 0xc6f6, 0x0001, 0xcef6, 0x0019, 0xc6d5, 0x0001, 0xc6f5, 0x0001, 0xcef6,
    0x0002, 0xced6, 0x0008, 0xcef6, 0x0006, 0xcef7, 0x006d, 0xcf17, 0x0002, 0xcef7, 0x0002, 0xcf17, 0x0005, 0xcef7, 0x0008, 0xcef6,
    0x0001, 0xc6f6, 0x0001, 0xcef6, 0x0019, 0xc6d5, 0x0001, 0xc6f5, 0x0001, 0xcef6, 0x0002, 0xced6, 0x0008, 0xcef6, 0x0006, 0xcef7,
    0x002d, 0xcf17, 0x002c, 0xcf17, 0x0001, 0xcef7, 0x0002, 0xcf17, 0x0005, 0xcef7, 0x000a, 0xcef6, 0x0001, 0xc6f6, 0x0002, 0xcef6,
    0x0013, 0xc6d5, 0x0001, 0xcef6, 0x0001, 0xc6f6, 0x000b, 0xcef6, 0x0003, 0xcef7, 0x0004, 0xcf17, 0x0001, 0xcef7, 0x006e, 0xcf17,
    0x0001, 0xcef7, 0x0002, 0xcf17, 0x0005, 0xcef7, 0x000a, 0xcef6, 0x0001, 0xc6f6, 0x0002, 0xcef6, 0x0013, 0xc6d5, 0x0001, 0xcef6,
    0x0001, 0xc6f6, 0x000b, 0xcef6, 0x0003, 0xcef7, 0x0003, 0xcf17, 0x0002, 0xcef7, 0x002c, 0xcf17, 0x002e, 0xcf17, 0x0001, 0xcef7,
    0x0001, 0xcf17, 0x0005, 0xcef7, 0x000d, 0xcef6, 0x0002, 0xc6f6, 0x0001, 0xcef6, 0x0001, 0xced6, 0x0009, 0xc6d5, 0x0001, 0xcef6,
    0x0003, 0xc6f6, 0x0001, 0xcef6, 0x0001, 0xc6f6, 0x000a, 0xcef6, 0x0004, 0xcef7, 0x0002, 0xcf17, 0x0003, 0xcef7, 0x0071, 0xcf17,
    0x0001, 0xcef7, 0x0001, 0xcf17, 0x0005, 0xcef7, 0x000a, 0xcef6, 0x0001, 0xced6, 0x0002, 0xcef6, 0x0002, 0xc6f6, 0x0001, 0xcef6,
    0x0001, 0xced6, 0x0009, 0xc6d5, 0x0001, 0xcef6, 0x0003, 0xc6f6, 0x0001, 0xcef6, 0x0001, 0xc6f6, 0x0009, 0xcef6, 0x0005, 0xcef7,
    0x0002, 0xcf17, 0x0003, 0xcef7, 0x002d, 0xcf17, 0x0033, 0xcf17, 0x0005, 0xcef7, 0x000e, 0xcef6, 0x0002, 0xced6, 0x0003, 0xcef6,
    0x0003, 0xced6, 0x0001, 0xc6f6, 0x000c, 0xcef6, 0x0006, 0xcef7, 0x007d, 0xcf17, 0x0005, 0xcef7, 0x000e, 0xcef6, 0x0002, 0xced6,
    0x0003, 0xcef6, 0x0003, 0xced6, 0x0001, 0xc6f6, 0x000c, 0xcef6, 0x0006, 0xcef7, 0x0034, 0xcf17, 0x0031, 0xcf17, 0x0001, 0xcef7,
    0x0002, 0xcf17, 0x0005, 0xcef7, 0x0021, 0xcef6, 0x0005, 0xcef7, 0x0002, 0xcf17, 0x0002, 0xcef7, 0x0079, 0xcf17, 0x0001, 0xcef7,
    0x0002, 0xcf17, 0x0005, 0xcef7, 0x0021, 0xcef6, 0x0005, 0xcef7, 0x0002, 0xcf17, 0x0002, 0xcef7, 0x0032, 0xcf17, 0x0032, 0xcf17,
    0x0001, 0xcef7, 0x0003, 0xcf17, 0x0008, 0xcef7, 0x0019, 0xcef6, 0x0007, 0xcef7, 0x0002, 0xcf17, 0x0003, 0xcef7, 0x007a, 0xcf17,
    0x0001, 0xcef7, 0x0003, 0xcf17, 0x0008, 0xcef7, 0x0019, 0xcef6, 0x0007, 0xcef7, 0x0002, 0xcf17, 0x0003, 0xcef7, 0x0032, 0xcf17,
    0x0032, 0xcf17, 0x0001, 0xcef7, 0x0004, 0xcf17, 0x0008, 0xcef7, 0x0017, 0xcef6, 0x0008, 0xcef7, 0x0002, 0xcf17, 0x0003, 0xcef7,
    0x007a, 0xcf17, 0x0001, 0xcef7, 0x0004, 0xcf17, 0x0008, 0xcef7, 0x0017, 0xcef6, 0x0008, 0xcef7, 0x0002, 0xcf17, 0x0003, 0xcef7,
    0x0032, 0xcf17, 0x0033, 0xcf17, 0x0004, 0xcef7, 0x0003, 0xcf17, 0x0009, 0xcef7, 0x000e, 0xcef6, 0x000b, 0xcef7, 0x0002, 0xcf17,
    0x0004, 0xcef7, 0x007c, 0xcf17, 0x0004, 0xcef7, 0x0003, 0xcf17, 0x0009, 0xcef7, 0x000e, 0xcef6, 0x000b, 0xcef7, 0x0002, 0xcf17,
    0x0004, 0xcef7, 0x0033, 0xcf17, 0x0037, 0xcf17, 0x0002, 0xcef7, 0x0006, 0xcf17, 0x0015, 0xcef7, 0x0007, 0xcf17, 0x0003, 0xcef7,
    0x0084, 0xcf17, 0x0002, 0xcef7, 0x0006, 0xcf17, 0x0015, 0xcef7, 0x0006, 0xcf17, 0x0004, 0xcef7, 0x0037, 0xcf17, 0x0039, 0xcf17,
    0x0003, 0xcef7, 0x0008, 0xcf17, 0x000e, 0xcef7, 0x0005, 0xcf17, 0x0004, 0xcef7, 0x0089, 0xcf17, 0x0003, 0xcef7, 0x0008, 0xcf17,
    0x000e, 0xcef7, 0x0005, 0xcf17, 0x0003, 0xcef7, 0x003b, 0xcf17, 0x003f, 0xcf17, 0x0001, 0xcef7, 0x0013, 0xcf17, 0x0003, 0xcef7,
    0x0094, 0xcf17, 0x0001, 0xcef7, 0x0013, 0xcf17, 0x0003, 0xcef7, 0x003f, 0xcf17, 0x0048, 0xcf17, 0x0004, 0xcef7, 0x0004, 0xcf17,
    0x0003, 0xcef7, 0x009f, 0xcf17, 0x0005, 0xcef7, 0x0004, 0xcf17, 0x0003, 0xcef7, 0x0042, 0xcf17, 0x0047, 0xcf17, 0x0005, 0xcef7,
    0x00a6, 0xcf17, 0x0005, 0xcef7, 0x0049, 0xcf17, 0x0140, 0xcf17, 0x0140, 0xcf17, 0x0140, 0xcf17, 0x0140, 0xcf17, 0x0140, 0xcf17,
    0x0140, 0xcf17, 0x0140, 0xcf17, 0x0140, 0xcf17, 0x0140, 0xcf17, 0x0140, 0xcf17, 0x0140, 0xcf17, 0x0140, 0xcf17, 0x0140, 0xcf17,
    0x0140, 0xcf17, 0x0140, 0xcf17, 0x0140, 0xcf17, 0x0140, 0xcf17, 0x0140, 0xcf17, 0x0140, 0xcf17, 0x0140, 0xcf17, 0x0140, 0xcf17,
    0x0140, 0xcf17, 0x0140, 0xcf17, 0x0140, 0xcf17, 0x0140, 0xcf17, 0x0140, 0xcf17, 0x0140, 0xcf17, 0x0140, 0xcf17, 0x0140, 0xcf17,
    0x0140, 0xcf17, 0x0140, 0xcf17, 0x0140, 0xcf17, 0x0140, 0xcf17, 0x0140, 0xcf17, 0x0140, 0xcf17, 0x0140, 0xcf17, 0x0140, 0xcf17,
    0x0140, 0xcf17, 0x0140, 0xcf17, 0x0140, 0xcf17, 0x0140, 0xcf17, 0x0140, 0xcf17, 0x0140, 0xcf17, 0x0140, 0xcf17, 0x0140, 0xcf17,
    0x0140, 0xcf17, 0x0140, 0xcf17, 0x0140, 0xcf17, 0x0140, 0xcf17, 0x0140, 0xcf17, 0x0140, 0xcf17, 0x0140, 0xcf17, 0x0140, 0xcf17,
    0x0140, 0xcf17, 0x0140, 0xcf17, 0x0140, 0xcf17, 0x0140, 0xcf17, 0x0140, 0xcf17, 0x0140, 0xcf17, 0x0140, 0xcf17,
};

// Asset 7: 1373 runs, 5492 bytes
static const uint16_t s_asset_7_data[2746] = {
    0x0140, 0xcf17, 0x0140, 0xcf17, 0x0140, 0xcf17, 0x0140, 0xcf17, 0x0140, 0xcf17, 0x0140, 0xcf17, 0x0140, 0xcf17, 0x0140, 0xcf17,
    0x0140, 0xcf17, 0x0140, 0xcf17, 0x0140, 0xcf17, 0x0140, 0xcf17, 0x0140, 0xcf17, 0x0140, 0xcf17, 0x0140, 0xcf17, 0x0140, 0xcf17,
    0x0140, 0xcf17, 0x0140, 0xcf17, 0x0140, 0xcf17, 0x0140, 0xcf17, 0x0140, 0xcf17, 0x0140, 0xcf17, 0x0140, 0xcf17, 0x0140, 0xcf17,
    0x0140, 0xcf17, 0x0140, 0xcf17, 0x0140, 0xcf17, 0x0140, 0xcf17, 0x0140, 0xcf17, 0x0140, 0xcf17, 0x0140, 0xcf17, 0x0140, 0xcf17,
    0x0140, 0xcf17, 0x0140, 0xcf17, 0x0140, 0xcf17, 0x0140, 0xcf17, 0x0140, 0xcf17, 0x0140, 0xcf17, 0x0140, 0xcf17, 0x0140, 0xcf17,
    0x0140, 0xcf17, 0x0140, 0xcf17, 0x0140, 0xcf17, 0x0140, 0xcf17, 0x0140, 0xcf17, 0x0140, 0xcf17, 0x0140, 0xcf17, 0x0140, 0xcf17,
    0x0140, 0xcf17, 0x0140, 0xcf17, 0x0140, 0xcf17, 0x0140, 0xcf17, 0x0140, 0xcf17, 0x0140, 0xcf17, 0x0140, 0xcf17, 0x0140, 0xcf17,
    0x0140, 0xcf17, 0x0140, 0xcf17, 0x0140, 0xcf17, 0x0140, 0xcf17, 0x0140, 0xcf17, 0x0140, 0xcf17, 0x0140, 0xcf17, 0x0140, 0xcf17,
    0x0140, 0xcf17, 0x0140, 0xcf17, 0x0140, 0xcf17, 0x0140, 0xcf17, 0x0140, 0xcf17, 0x0140, 0xcf17, 0x0140, 0xcf17, 0x0140, 0xcf17,
    0x0140, 0xcf17, 0x0140, 0xcf17, 0x0140, 0xcf17, 0x0140, 0xcf17, 0x0140, 0xcf17, 0x0140, 0xcf17, 0x0140, 0xcf17, 0x0140, 0xcf17,
    0x0140, 0xcf17, 0x0140, 0xcf17, 0x0140, 0xcf17, 0x0140, 0xcf17, 0x0140, 0xcf17, 0x0140, 0xcf17, 0x0140, 0xcf17, 0x0140, 0xcf17,
    0x0140, 0xcf17, 0x0140, 0xcf17, 0x0140, 0xcf17, 0x0140, 0xcf17, 0x0140, 0xcf17, 0x0140, 0xcf17, 0x0140, 0xcf17, 0x0140, 0xcf17,
    0x0140, 0xcf17, 0x0140, 0xcf17, 0x0140, 0xcf17, 0x0140, 0xcf17, 0x0140, 0xcf17, 0x0140, 0xcf17, 0x0140, 0xcf17, 0x003a, 0xcf17,
    0x0001, 0x6bac, 0x0005, 0x2964, 0x0001, 0xb5f3, 0x005c, 0xcf17, 0x0001, 0x6b8c, 0x0005, 0x2964, 0x0001, 0xadd3, 0x0004, 0xcf17,
    0x0001, 0xa572, 0x0005, 0x2964, 0x0001, 0x7c2e, 0x0091, 0xcf17, 0x003a, 0xcf17, 0x0001, 0x52c9, 0x0005, 0x0000, 0x0001, 0xa5b2,
    0x005c, 0xcf17, 0x0001, 0x4aa8, 0x0005, 0x0000, 0x0001, 0xa592, 0x0004, 0xcf17, 0x0001, 0x9510, 0x0005, 0x0000, 0x0001, 0x636b,
    0x0091, 0xcf17, 0x003a, 0xcf17, 0x0001, 0x52c9, 0x0005, 0x0000, 0x0001, 0xa5b2, 0x005c, 0xcf17, 0x0001, 0x4aa8, 0x0005, 0x0000,
    0x0001, 0xa592, 0x0004, 0xcf17, 0x0001, 0x9510, 0x0005, 0x0000, 0x0001, 0x636b, 0x0091, 0xcf17, 0x003a, 0xcf17, 0x0001, 0x52c9,
    0x0005, 0x0000, 0x0001, 0xa5b2, 0x005c, 0xcf17, 0x0001, 0x4aa8, 0x0005, 0x0000, 0x0001, 0xa592, 0x0004, 0xcf17, 0x0001, 0x9510,
    0x0005, 0x0000, 0x0001, 0x636b, 0x0091, 0xcf17, 0x003a, 0xcf17, 0x0001, 0x52c9, 0x0005, 0x0000, 0x0001, 0xa5b2, 0x005c, 0xcf17,
    0x0001, 0x4aa8, 0x0005, 0x0000, 0x0001, 0xa592, 0x0004, 0xcf17, 0x0001, 0x9510, 0x0005, 0x0000, 0x0001, 0x636b, 0x0091, 0xcf17,
    0x003a, 0xcf17, 0x0001, 0x52c9, 0x0005, 0x0000, 0x0001, 0xa5b2, 0x005c, 0xcf17, 0x0001, 0x4aa8, 0x0005, 0x0000, 0x0001, 0xa592,
    0x0004, 0xcf17, 0x0001, 0x9510, 0x0005, 0x0000, 0x0001, 0x636b, 0x0091, 0xcf17, 0x003a, 0xcf17, 0x0001, 0x52c9, 0x0005, 0x0000,
    0x0001, 0xa5b2, 0x005c, 0xcf17, 0x0001, 0x4aa8, 0x0005, 0x0000, 0x0001, 0xa592, 0x0004, 0xcf17, 0x0001, 0xb614, 0x0005, 0x6bcc,
    0x0001, 0x9d71, 0x0091, 0xcf17, 0x003a, 0xcf17, 0x0001, 0x52c9, 0x0005, 0x0000, 0x0001, 0xa5b2, 0x005c, 0xcf17, 0x0001, 0x4aa8,
    0x0005, 0x0000, 0x0001, 0xa592, 0x009c, 0xcf17, 0x003a, 0xcf17, 0x0001, 0x52c9, 0x0005, 0x0000, 0x0001, 0xa5b2, 0x0017, 0xcf17,
    0x0001, 0x6b8b, 0x000d, 0x0000, 0x0001, 0x848f, 0x000c, 0xcf17, 0x0001, 0xced6, 0x000d, 0x0000, 0x0001, 0x2144, 0x000f, 0xcf17,
    0x0001, 0x31c6, 0x0011, 0x0000, 0x0001, 0xa592, 0x0004, 0xcf17, 0x0001, 0x9510, 0x0005, 0x0000, 0x0001, 0x636b, 0x0004, 0xcf17,
    0x0001, 0x2964, 0x0011, 0x0000, 0x0001, 0xc6b6, 0x000b, 0xcf17, 0x0001, 0x9d51, 0x000d, 0x0000, 0x0001, 0x4268, 0x0060, 0xcf17,
    0x003a, 0xcf17, 0x0001, 0x52c9, 0x0005, 0x0000, 0x0001, 0xa5b2, 0x0017, 0xcf17, 0x0001, 0x6b8b, 0x000d, 0x0000, 0x0001, 0x848f,
    0x000c, 0xcf17, 0x0001, 0xced6, 0x000d, 0x0000, 0x0001, 0x2144, 0x000f, 0xcf17, 0x0001, 0x31c6, 0x0011, 0x0000, 0x0001, 0xa592,
    0x0004, 0xcf17, 0x0001, 0x9510, 0x0005, 0x0000, 0x0001, 0x636b, 0x0004, 0xcf17, 0x0001, 0x2964, 0x0011, 0x0000, 0x0001, 0xc6b6,
    0x000b, 0xcf17, 0x0001, 0x9d51, 0x000d, 0x0000, 0x0001, 0x4268, 0x0060, 0xcf17, 0x003a, 0xcf17, 0x0001, 0x52c9, 0x0005, 0x0000,
    0x0001, 0xa5b2, 0x0017, 0xcf17, 0x0001, 0x6b8b, 0x000d, 0x0000, 0x0001, 0x848f, 0x000c, 0xcf17, 0x0001, 0xced6, 0x000d, 0x0000,
    0x0001, 0x2144, 0x000f, 0xcf17, 0x0001, 0x31c6, 0x0011, 0x0000, 0x0001, 0xa592, 0x0004, 0xcf17, 0x0001, 0x9510, 0x0005, 0x0000,
    0x0001, 0x636b, 0x0004, 0xcf17, 0x0001, 0x2964, 0x0011, 0x0000, 0x0001, 0xc6b6, 0x000b, 0xcf17, 0x0001, 0x9d51, 0x000d, 0x0000,
    0x0001, 0x4268, 0x0060, 0xcf17, 0x003a, 0xcf17, 0x0001, 0x52c9, 0x0005, 0x0000, 0x0001, 0xa5b2, 0x0013, 0xcf17, 0x0001, 0xc6d6,
    0x0003, 0xbe75, 0x0001, 0x634b, 0x000d, 0x0000, 0x0001, 0x7c2e, 0x0003, 0xbe75, 0x0001, 0xced6, 0x0005, 0xcf17, 0x0003, 0xbe75,
    0x0001, 0xbe55, 0x000d, 0x0000, 0x0001, 0x2123, 0x0003, 0xbe75, 0x0001, 0xc695, 0x0007, 0xcf17, 0x0001, 0xc6b6, 0x0003, 0xbe75,
    0x0001, 0x31a5, 0x0011, 0x0000, 0x0001, 0xa592, 0x0004, 0xcf17, 0x0001, 0x9510, 0x0005, 0x0000, 0x0001, 0x636b, 0x0004, 0xcf17,
    0x0001, 0x2964, 0x0011, 0x0000, 0x0001, 0xb634, 0x0003, 0xbe75, 0x0001, 0xcef7, 0x0003, 0xcf17, 0x0001, 0xcef6, 0x0003, 0xbe75,
    0x0001, 0x94f0, 0x000d, 0x0000, 0x0001, 0x4247, 0x0003, 0xbe75, 0x0001, 0xc6b6, 0x005c, 0xcf17, 0x003a, 0xcf17, 0x0001, 0x52c9,
    0x0005, 0x0000, 0x0001, 0xa5b2, 0x0013, 0xcf17, 0x0001, 0x638b, 0x0015, 0x0000, 0x0001, 0x7c0d, 0x0004, 0xcf17, 0x0001, 0xc6d6,
    0x0015, 0x0000, 0x0001, 0x18c2, 0x0007, 0xcf17, 0x0001, 0x31c5, 0x0015, 0x0000, 0x0001, 0xa592, 0x0004, 0xcf17, 0x0001, 0x9510,
    0x0005, 0x0000, 0x0001, 0x636b, 0x0004, 0xcf17, 0x0001, 0x2964, 0x0015, 0x0000, 0x0001, 0xbe54, 0x0003, 0xcf17, 0x0001, 0x9d51,
    0x0015, 0x0000, 0x0001, 0x4267, 0x005c, 0xcf17, 0x003a, 0xcf17, 0x0001, 0x52c9, 0x0005, 0x0000, 0x0001, 0xa5b2, 0x0013, 0xcf17,
    0x0001, 0x638b, 0x0015, 0x0000, 0x0001, 0x7c0d, 0x0004, 0xcf17, 0x0001, 0xc6d6, 0x0015, 0x0000, 0x0001, 0x18c2, 0x0007, 0xcf17,
    0x0001, 0x31c5, 0x0015, 0x0000, 0x0001, 0xa592, 0x0004, 0xcf17, 0x0001, 0x9510, 0x0005, 0x0000, 0x0001, 0x636b, 0x0004, 0xcf17,
    0x0001, 0x2964, 0x0015, 0x0000, 0x0001, 0xbe54, 0x0003, 0xcf17, 0x0001, 0x9d51, 0x0015, 0x0000, 0x0001, 0x4267, 0x005c, 0xcf17,
    0x003a, 0xcf17, 0x0001, 0x52c9, 0x0005, 0x0000, 0x0001, 0xa5b2, 0x0013, 0xcf17, 0x0001, 0x638b, 0x0005, 0x0000, 0x0001, 0x73ed,
    0x0009, 0xa592, 0x0001, 0x5b4a, 0x0005, 0x0000, 0x0001, 0x7c0d, 0x0004, 0xcf17, 0x0001, 0xc6d6, 0x0005, 0x0000, 0x0001, 0x2964,
    0x000a, 0xa592, 0x0001, 0x0040, 0x0004, 0x0000, 0x0001, 0x18c2, 0x0007, 0xcf17, 0x0001, 0x31c5, 0x0005, 0x0000, 0x0001, 0x9d51,
    0x0009, 0xa592, 0x0001, 0x31e6, 0x0005, 0x0000, 0x0001, 0xa592, 0x0004, 0xcf17, 0x0001, 0x9510, 0x0005, 0x0000, 0x0001, 0x636b,
    0x0004, 0xcf17, 0x0001, 0x2964, 0x0005, 0x0000, 0x000a, 0xa592, 0x0001, 0x2985, 0x0005, 0x0000, 0x0001, 0xbe54, 0x0003, 0xcf17,
    0x0001, 0x9d51, 0x0005, 0x0000, 0x0001, 0x4a88, 0x0009, 0xa592, 0x0001, 0x94f0, 0x0005, 0x0000, 0x0001, 0x4267, 0x005c, 0xcf17,
    0x003a, 0xcf17, 0x0001, 0x52c9, 0x0005, 0x0000, 0x0001, 0xa5b2, 0x0013, 0xcf17, 0x0001, 0x638b, 0x0005, 0x0000, 0x0001, 0x9510,
    0x0009, 0xcf17, 0x0001, 0x7c0d, 0x0005, 0x0000, 0x0001, 0x7c0d, 0x0004, 0xcf17, 0x0001, 0xc6d6, 0x0005, 0x0000, 0x0001, 0x31c5,
    0x000a, 0xcf17, 0x0001, 0x0841, 0x0004, 0x0000, 0x0001, 0x18c2, 0x0007, 0xcf17, 0x0001, 0x31c5, 0x0005, 0x0000, 0x0001, 0xc6b6,
    0x0009, 0xcf17, 0x0001, 0x4247, 0x0005, 0x0000, 0x0001, 0xa592, 0x0004, 0xcf17, 0x0001, 0x9510, 0x0005, 0x0000, 0x0001, 0x636b,
    0x0004, 0xcf17, 0x0001, 0x2964, 0x0004, 0x0000, 0x0001, 0x0020, 0x000a, 0xcf17, 0x0001, 0x39e6, 0x0005, 0x0000, 0x0001, 0xbe54,
    0x0003, 0xcf17, 0x0001, 0x9d51, 0x0005, 0x0000, 0x0001, 0x5b2a, 0x0009, 0xcf17, 0x0001, 0xb634, 0x0005, 0x0000, 0x0001, 0x4267,
    0x005c, 0xcf17, 0x003a, 0xcf17, 0x0001, 0x52c9, 0x0005, 0x0000, 0x0001, 0xa5b2, 0x0013, 0xcf17, 0x0001, 0x638b, 0x0005, 0x0000,
    0x0001, 0x9510, 0x0009, 0xcf17, 0x0001, 0x7c0d, 0x0005, 0x0000, 0x0001, 0x7c0d, 0x0004, 0xcf17, 0x0001, 0xc6d6, 0x0005, 0x0000,
    0x0001, 0x31c5, 0x000a, 0xcf17, 0x0001, 0x0841, 0x0004, 0x0000, 0x0001, 0x18c2, 0x0007, 0xcf17, 0x0001, 0x31c5, 0x0005, 0x0000,
    0x0001, 0xc6b6, 0x0009, 0xcf17, 0x0001, 0x4247, 0x0005, 0x0000, 0x0001, 0xa592, 0x0004, 0xcf17, 0x0001, 0x9510, 0x0005, 0x0000,
    0x0001, 0x636b, 0x0004, 0xcf17, 0x0001, 0x2964, 0x0004, 0x0000, 0x0001, 0x0020, 0x000a, 0xcf17, 0x0001, 0x39e6, 0x0005, 0x0000,
    0x0001, 0xbe54, 0x0003, 0xcf17, 0x0001, 0x9d51, 0x0005, 0x0000, 0x0001, 0x5b2a, 0x0009, 0xcf17, 0x0001, 0xb634, 0x0005, 0x0000,
    0x0001, 0x4267, 0x005c, 0xcf17, 0x003a, 0xcf17, 0x0001, 0x52c9, 0x0005, 0x0000, 0x0001, 0xa5b2, 0x0013, 0xcf17, 0x0001, 0x638b,
    0x0005, 0x0000, 0x0001, 0x9510, 0x0009, 0xcf17, 0x0001, 0x7c0d, 0x0005, 0x0000, 0x0001, 0x7c0d, 0x0004, 0xcf17, 0x0001, 0xc6d6,
    0x0005, 0x0000, 0x0001, 0x31c5, 0x000a, 0xcf17, 0x0001, 0x0841, 0x0004, 0x0000, 0x0001, 0x18c2, 0x0007, 0xcf17, 0x0001, 0x31c5,
    0x0005, 0x0000, 0x0001, 0xc6b6, 0x0009, 0xcf17, 0x0001, 0x4247, 0x0005, 0x0000, 0x0001, 0xa592, 0x0004, 0xcf17, 0x0001, 0x9510,
    0x0005, 0x0000, 0x0001, 0x636b, 0x0004, 0xcf17, 0x0001, 0x2964, 0x0004, 0x0000, 0x0001, 0x0020, 0x000a, 0xcf17, 0x0001, 0x39e6,
    0x0005, 0x0000, 0x0001, 0xbe54, 0x0003, 0xcf17, 0x0001, 0x9d51, 0x0005, 0x0000, 0x0001, 0x5b2a, 0x0009, 0xcf17, 0x0001, 0xb634,
    0x0005, 0x0000, 0x0001, 0x4267, 0x005c, 0xcf17, 0x003a, 0xcf17, 0x0001, 0x52c9, 0x0005, 0x0000, 0x0001, 0xa5b2, 0x0013, 0xcf17,
    0x0001, 0x638b, 0x0005, 0x0000, 0x0001, 0x9510, 0x0009, 0xcf17, 0x0001, 0x7c0d, 0x0005, 0x0000, 0x0001, 0x7c0d, 0x0004, 0xcf17,
    0x0001, 0xc6d6, 0x0005, 0x0000, 0x0001, 0x31c5, 0x000a, 0xcf17, 0x0001, 0x0841, 0x0004, 0x0000, 0x0001, 0x18c2, 0x0007, 0xcf17,
    0x0001, 0x31c5, 0x0005, 0x0000, 0x0001, 0xc6b6, 0x0009, 0xcf17, 0x0001, 0x4247, 0x0005, 0x0000, 0x0001, 0xa592, 0x0004, 0xcf17,
    0x0001, 0x9510, 0x0005, 0x0000, 0x0001, 0x636b, 0x0004, 0xcf17, 0x0001, 0x2964, 0x0004, 0x0000, 0x0001, 0x0020, 0x000a, 0xcf17,
    0x0001, 0x39e6, 0x0005, 0x0000, 0x0001, 0xbe54, 0x0003, 0xcf17, 0x0001, 0x9d51, 0x0005, 0x0000, 0x0001, 0x5b2a, 0x0009, 0xcf17,
    0x0001, 0xb634, 0x0005, 0x0000, 0x0001, 0x4267, 0x005c, 0xcf17, 0x003a, 0xcf17, 0x0001, 0x52c9, 0x0005, 0x0000, 0x0001, 0xa5b2,
    0x0009, 0xcf17, 0x0001, 0xadd3, 0x0005, 0x8caf, 0x0001, 0xbe54, 0x0003, 0xcf17, 0x0001, 0x638b, 0x0005, 0x0000, 0x0001, 0x9510,
    0x0009, 0xcf17, 0x0001, 0x7c0d, 0x0005, 0x0000, 0x0001, 0x7c0d, 0x0004, 0xcf17, 0x0001, 0xc6d6, 0x0005, 0x0000, 0x0001, 0x31c5,
    0x000a, 0xcf17, 0x0001, 0x0841, 0x0004, 0x0000, 0x0001, 0x18c2, 0x0007, 0xcf17, 0x0001, 0x31c5, 0x0005, 0x0000, 0x0001, 0xc6b6,
    0x0009, 0xcf17, 0x0001, 0x4247, 0x0005, 0x0000, 0x0001, 0xa592, 0x0004, 0xcf17, 0x0001, 0x9510, 0x0005, 0x0000, 0x0001, 0x636b,
    0x0004, 0xcf17, 0x0001, 0x2964, 0x0004, 0x0000, 0x0001, 0x0020, 0x000a, 0xcf17, 0x0001, 0x39e6, 0x0005, 0x0000, 0x0001, 0xbe54,
    0x0003, 0xcf17, 0x0001, 0x9d51, 0x0005, 0x0000, 0x0001, 0x3a06, 0x0009, 0x846e, 0x0001, 0x73ec, 0x0005, 0x0000, 0x0001, 0x4267,
    0x005c, 0xcf17, 0x003a, 0xcf17, 0x0001, 0x52c9, 0x0005, 0x0000, 0x0001, 0xa5b2, 0x0009, 0xcf17, 0x0001, 0x634b, 0x0005, 0x0000,
    0x0001, 0x8cd0, 0x0003, 0xcf17, 0x0001, 0x638b, 0x0005, 0x0000, 0x0001, 0x9510, 0x0009, 0xcf17, 0x0001, 0x7c0d, 0x0005, 0x0000,
    0x0001, 0x7c0d, 0x0004, 0xcf17, 0x0001, 0xc6d6, 0x0005, 0x0000, 0x0001, 0x31c5, 0x000a, 0xcf17, 0x0001, 0x0841, 0x0004, 0x0000,
    0x0001, 0x18c2, 0x0007, 0xcf17, 0x0001, 0x31c5, 0x0005, 0x0000, 0x0001, 0xc6b6, 0x0009, 0xcf17, 0x0001, 0x4247, 0x0005, 0x0000,
    0x0001, 0xa592, 0x0004, 0xcf17, 0x0001, 0x9510, 0x0005, 0x0000, 0x0001, 0x636b, 0x0004, 0xcf17, 0x0001, 0x2964, 0x0004, 0x0000,
    0x0001, 0x0020, 0x000a, 0xcf17, 0x0001, 0x39e6, 0x0005, 0x0000, 0x0001, 0xbe54, 0x0003, 0xcf17, 0x0001, 0x9d51, 0x0015, 0x0000,
    0x0001, 0x4267, 0x005c, 0xcf17, 0x003a, 0xcf17, 0x0001, 0x52c9, 0x0005, 0x0000, 0x0001, 0xa5b2, 0x0009, 0xcf17, 0x0001, 0x634b,
    0x0005, 0x0000, 0x0001, 0x8cd0, 0x0003, 0xcf17, 0x0001, 0x638b, 0x0005, 0x0000, 0x0001, 0x9510, 0x0009, 0xcf17, 0x0001, 0x7c0d,
    0x0005, 0x0000, 0x0001, 0x7c0d, 0x0004, 0xcf17, 0x0001, 0xc6d6, 0x0005, 0x0000, 0x0001, 0x31c5, 0x000a, 0xcf17, 0x0001, 0x0841,
    0x0004, 0x0000, 0x0001, 0x18c2, 0x0007, 0xcf17, 0x0001, 0x31c5, 0x0005, 0x0000, 0x0001, 0xc6b6, 0x0009, 0xcf17, 0x0001, 0x4247,
    0x0005, 0x0000, 0x0001, 0xa592, 0x0004, 0xcf17, 0x0001, 0x9510, 0x0005, 0x0000, 0x0001, 0x636b, 0x0004, 0xcf17, 0x0001, 0x2964,
    0x0004, 0x0000, 0x0001, 0x0020, 0x000a, 0xcf17, 0x0001, 0x39e6, 0x0005, 0x0000, 0x0001, 0xbe54, 0x0003, 0xcf17, 0x0001, 0x9d71,
    0x0003, 0x0040, 0x0001, 0x0020, 0x0011, 0x0000, 0x0001, 0x4267, 0x005c, 0xcf17, 0x003a, 0xcf17, 0x0001, 0x52c9, 0x0005, 0x0000,
    0x0001, 0xa5b2, 0x0009, 0xcf17, 0x0001, 0x634b, 0x0005, 0x0000, 0x0001, 0x8cd0, 0x0003, 0xcf17, 0x0001, 0x638b, 0x0005, 0x0000,
    0x0001, 0x9510, 0x0009, 0xcf17, 0x0001, 0x7c0d, 0x0005, 0x0000, 0x0001, 0x7c0d, 0x0004, 0xcf17, 0x0001, 0xc6d6, 0x0005, 0x0000,
    0x0001, 0x31c5, 0x000a, 0xcf17, 0x0001, 0x0841, 0x0004, 0x0000, 0x0001, 0x18c2, 0x0007, 0xcf17, 0x0001, 0x31c5, 0x0005, 0x0000,
    0x0001, 0xc6b6, 0x0009, 0xcf17, 0x0001, 0x4247, 0x0005, 0x0000, 0x0001, 0xa592, 0x0004, 0xcf17, 0x0001, 0x9510, 0x0005, 0x0000,
    0x0001, 0x636b, 0x0004, 0xcf17, 0x0001, 0x2964, 0x0004, 0x0000, 0x0001, 0x0020, 0x000a, 0xcf17, 0x0001, 0x39e6, 0x0005, 0x0000,
    0x0001, 0xbe54, 0x0007, 0xcf17, 0x0001, 0x9d51, 0x0011, 0x0000, 0x0001, 0x4267, 0x0006, 0xcf17, 0x0005, 0xcef7, 0x0006, 0xcf17,
    0x0005, 0xcef7, 0x0006, 0xcf17, 0x0005, 0xcef7, 0x003b, 0xcf17, 0x003a, 0xcf17, 0x0001, 0x52c9, 0x0005, 0x0000, 0x0001, 0x634b,
    0x0009, 0x7c0d, 0x0001, 0x39e6, 0x0005, 0x0000, 0x0001, 0x8cd0, 0x0003, 0xcf17, 0x0001, 0x638b, 0x0005, 0x0000, 0x0001, 0x52e9,
    0x0009, 0x7c0d, 0x0001, 0x4267, 0x0005, 0x0000, 0x0001, 0x7c0d, 0x0004, 0xcf17, 0x0001, 0xc6d6, 0x0005, 0x0000, 0x0001, 0x1903,
    0x000a, 0x7c0d, 0x0001, 0x0020, 0x0004, 0x0000, 0x0001, 0x0881, 0x0003, 0x7c0d, 0x0001, 0x7c4e, 0x0003, 0xcf17, 0x0001, 0x31c5,
    0x0005, 0x0000, 0x0001, 0x73ed, 0x0009, 0x7c0d, 0x0001, 0x2964, 0x0005, 0x0000, 0x0001, 0xa592, 0x0004, 0xcf17, 0x0001, 0x9510,
    0x0005, 0x0000, 0x0001, 0x636b, 0x0004, 0xcf17, 0x0001, 0x2964, 0x0004, 0x0000, 0x0001, 0x0020, 0x000a, 0xcf17, 0x0001, 0x39e6,
    0x0005, 0x0000, 0x0001, 0xbe54, 0x0007, 0xcf17, 0x0001, 0x9d51, 0x0011, 0x0000, 0x0001, 0x4267, 0x0005, 0xcf17, 0x0001, 0x2985,
    0x0005, 0x0000, 0x0001, 0xcef7, 0x0004, 0xcf17, 0x0001, 0x73ed, 0x0005, 0x0000, 0x0001, 0x8cd0, 0x0004, 0xcf17, 0x0001, 0xbe55,
    0x0005, 0x0000, 0x0001, 0x4227, 0x003a, 0xcf17, 0x003a, 0xcf17, 0x0001, 0x52c9, 0x0015, 0x0000, 0x0001, 0x8cd0, 0x0003, 0xcf17,
    0x0001, 0x638b, 0x0015, 0x0000, 0x0001, 0x7c0d, 0x0004, 0xcf17, 0x0001, 0xc6d6, 0x0019, 0x0000, 0x0001, 0x0861, 0x0003, 0xcf17,
    0x0001, 0x31c5, 0x0015, 0x0000, 0x0001, 0xa592, 0x0004, 0xcf17, 0x0001, 0x9510, 0x0005, 0x0000, 0x0001, 0x636b, 0x0004, 0xcf17,
    0x0001, 0x2964, 0x0004, 0x0000, 0x0001, 0x0020, 0x000a, 0xcf17, 0x0001, 0x39e6, 0x0005, 0x0000, 0x0001, 0xbe54, 0x0007, 0xcf17,
    0x0001, 0x9d51, 0x0011, 0x0000, 0x0001, 0x4267, 0x0005, 0xcf17, 0x0001, 0x2985, 0x0005, 0x0000, 0x0001, 0xcef7, 0x0004, 0xcf17,
    0x0001, 0x73ed, 0x0005, 0x0000, 0x0001, 0x8cd0, 0x0004, 0xcf17, 0x0001, 0xbe55, 0x0005, 0x0000, 0x0001, 0x4227, 0x003a, 0xcf17,
    0x003a, 0xcf17, 0x0001, 0x5b2a, 0x0003, 0x10a2, 0x0001, 0x0040, 0x000d, 0x0000, 0x0001, 0x0881, 0x0003, 0x10a2, 0x0001, 0x9510,
    0x0003, 0xcf17, 0x0001, 0x73cc, 0x0003, 0x10a2, 0x0001, 0x0841, 0x000d, 0x0000, 0x0001, 0x0861, 0x0003, 0x10a2, 0x0001, 0x846e,
    0x0004, 0xcf17, 0x0001, 0xced6, 0x0004, 0x10a2, 0x000d, 0x0000, 0x0001, 0x0020, 0x0002, 0x10a2, 0x0005, 0x0000, 0x0001, 0x0861,
    0x0003, 0xcf17, 0x0001, 0x4247, 0x0003, 0x10a2, 0x0001, 0x0020, 0x000d, 0x0000, 0x0001, 0x1081, 0x0003, 0x10a2, 0x0001, 0xa5b2,
    0x0004, 0xcf17, 0x0001, 0x9510, 0x0005, 0x0000, 0x0001, 0x636b, 0x0004, 0xcf17, 0x0001, 0x2964, 0x0004, 0x0000, 0x0001, 0x0020,
    0x000a, 0xcf17, 0x0001, 0x39e6, 0x0005, 0x0000, 0x0001, 0xbe54, 0x0007, 0xcf17, 0x0001, 0xa592, 0x000b, 0x18c2, 0x0001, 0x10c2,
    0x0005, 0x0000, 0x0001, 0x4267, 0x0005, 0xcf17, 0x0001, 0x2985, 0x0005, 0x0000, 0x0001, 0xcef7, 0x0004, 0xcf17, 0x0001, 0x73ed,
    0x0005, 0x0000, 0x0001, 0x8cd0, 0x0004, 0xcf17, 0x0001, 0xbe55, 0x0005, 0x0000, 0x0001, 0x4227, 0x003a, 0xcf17, 0x003e, 0xcf17,
    0x0001, 0x52c9, 0x000d, 0x0000, 0x0001, 0xa572, 0x000b, 0xcf17, 0x0001, 0x6b8b, 0x000d, 0x0000, 0x0001, 0x848f, 0x000c, 0xcf17,
    0x0001, 0xced6, 0x000d, 0x0000, 0x0001, 0x2144, 0x0002, 0xcf17, 0x0001, 0x18e3, 0x0004, 0x0000, 0x0001, 0x0861, 0x0007, 0xcf17,
    0x0001, 0x31c6, 0x000d, 0x0000, 0x0001, 0xb634, 0x0008, 0xcf17, 0x0001, 0x9510, 0x0005, 0x0000, 0x0001, 0x636b, 0x0004, 0xcf17,
    0x0001, 0x2964, 0x0004, 0x0000, 0x0001, 0x0020, 0x000a, 0xcf17, 0x0001, 0x39e6, 0x0005, 0x0000, 0x0001, 0xbe54, 0x0013, 0xcf17,
    0x0001, 0xb634, 0x0005, 0x0000, 0x0001, 0x4267, 0x0005, 0xcf17, 0x0001, 0x2985, 0x0005, 0x0000, 0x0001, 0xcef7, 0x0004, 0xcf17,
    0x0001, 0x73ed, 0x0005, 0x0000, 0x0001, 0x8cd0, 0x0004, 0xcf17, 0x0001, 0xbe55, 0x0005, 0x0000, 0x0001, 0x4227, 0x003a, 0xcf17,
    0x003e, 0xcf17, 0x0001, 0x52c9, 0x000d, 0x0000, 0x0001, 0xa572, 0x000b, 0xcf17, 0x0001, 0x6b8b, 0x000d, 0x0000, 0x0001, 0x848f,
    0x000c, 0xcf17, 0x0001, 0xced6, 0x000d, 0x0000, 0x0001, 0x2144, 0x0002, 0xcf17, 0x0001, 0x18e3, 0x0004, 0x0000, 0x0001, 0x0861,
    0x0007, 0xcf17, 0x0001, 0x31c6, 0x000d, 0x0000, 0x0001, 0xb634, 0x0008, 0xcf17, 0x0001, 0x9510, 0x0005, 0x0000, 0x0001, 0x636b,
    0x0004, 0xcf17, 0x0001, 0x2964, 0x0004, 0x0000, 0x0001, 0x0020, 0x000a, 0xcf17, 0x0001, 0x39e6, 0x0005, 0x0000, 0x0001, 0xbe54,
    0x0003, 0xcf17, 0x0001, 0xb634, 0x0005, 0x638b, 0x0001, 0x9511, 0x0009, 0xcf17, 0x0001, 0xb634, 0x0005, 0x0000, 0x0001, 0x4267,
    0x0005, 0xcf17, 0x0001, 0x2985, 0x0005, 0x0000, 0x0001, 0xcef7, 0x0004, 0xcf17, 0x0001, 0x73ed, 0x0005, 0x0000, 0x0001, 0x8cd0,
    0x0004, 0xcf17, 0x0001, 0xbe55, 0x0005, 0x0000, 0x0001, 0x4227, 0x003a, 0xcf17, 0x003e, 0xcf17, 0x0001, 0x52c9, 0x000d, 0x0000,
    0x0001, 0xa572, 0x000b, 0xcf17, 0x0001, 0x6b8b, 0x000d, 0x0000, 0x0001, 0x848f, 0x000c, 0xcf17, 0x0001, 0xced6, 0x000d, 0x0000,
    0x0001, 0x2144, 0x0002, 0xcf17, 0x0001, 0x18e3, 0x0004, 0x0000, 0x0001, 0x0861, 0x0007, 0xcf17, 0x0001, 0x31c6, 0x000d, 0x0000,
    0x0001, 0xb634, 0x0008, 0xcf17, 0x0001, 0x9510, 0x0005, 0x0000, 0x0001, 0x636b, 0x0004, 0xcf17, 0x0001, 0x2964, 0x0004, 0x0000,
    0x0001, 0x0020, 0x000a, 0xcf17, 0x0001, 0x39e6, 0x0005, 0x0000, 0x0001, 0xbe54, 0x0003, 0xcf17, 0x0001, 0x9d51, 0x0005, 0x0000,
    0x0001, 0x5b2a, 0x0009, 0xcf17, 0x0001, 0xb634, 0x0005, 0x0000, 0x0001, 0x4267, 0x0005, 0xcf17, 0x0001, 0x2985, 0x0005, 0x0000,
    0x0001, 0xcef7, 0x0004, 0xcf17, 0x0001, 0x73ed, 0x0005, 0x0000, 0x0001, 0x8cd0, 0x0004, 0xcf17, 0x0001, 0xbe55, 0x0005, 0x0000,
    0x0001, 0x4227, 0x003a, 0xcf17, 0x003e, 0xcf17, 0x0001, 0x6bcc, 0x000d, 0x2985, 0x0001, 0xadd3, 0x000b, 0xcf17, 0x0001, 0x844e,
    0x000d, 0x2985, 0x0001, 0x9511, 0x000c, 0xcf17, 0x0001, 0xcef6, 0x000d, 0x2985, 0x0001, 0x4a88, 0x0002, 0xcf17, 0x0001, 0x4247,
    0x0004, 0x2985, 0x0001, 0x39e6, 0x0007, 0xcf17, 0x0001, 0x5b0a, 0x000d, 0x2985, 0x0001, 0xbe75, 0x0008, 0xcf17, 0x0001, 0xa592,
    0x0005, 0x2985, 0x0001, 0x7c4e, 0x0004, 0xcf17, 0x0001, 0x4aa8, 0x0004, 0x2985, 0x0001, 0x31a5, 0x000a, 0xcf17, 0x0001, 0x5b0a,
    0x0005, 0x2985, 0x0001, 0xbe75, 0x0003, 0xcf17, 0x0001, 0x9d51, 0x0005, 0x0000, 0x0001, 0x5b2a, 0x0009, 0xcf17, 0x0001, 0xb634,
    0x0005, 0x0000, 0x0001, 0x4267, 0x0005, 0xcf17, 0x0001, 0xadd3, 0x0005, 0x9d71, 0x0005, 0xcf17, 0x0001, 0xbe55, 0x0005, 0x9d71,
    0x0001, 0xbe95, 0x0004, 0xcf17, 0x0001, 0xcef6, 0x0005, 0x9d71, 0x0001, 0xadf3, 0x003a, 0xcf17, 0x00cd, 0xcf17, 0x0001, 0x9d51,
    0x0005, 0x0000, 0x0001, 0x5b2a, 0x0009, 0xcf17, 0x0001, 0xb634, 0x0005, 0x0000, 0x0001, 0x4267, 0x005c, 0xcf17, 0x00cd, 0xcf17,
    0x0001, 0x9d51, 0x0005, 0x0000, 0x0001, 0x2103, 0x0009, 0x4267, 0x0001, 0x3a06, 0x0005, 0x0000, 0x0001, 0x4267, 0x005c, 0xcf17,
    0x00cd, 0xcf17, 0x0001, 0x9d51, 0x0015, 0x0000, 0x0001, 0x4267, 0x005c, 0xcf17, 0x00cd, 0xcf17, 0x0001, 0xadd3, 0x0003, 0x3a27,
    0x0001, 0x31a5, 0x000d, 0x0000, 0x0001, 0x10c2, 0x0003, 0x3a27, 0x0001, 0x6bcc, 0x005c, 0xcf17, 0x00d1, 0xcf17, 0x0001, 0x9d51,
    0x000d, 0x0000, 0x0001, 0x4268, 0x0060, 0xcf17, 0x00d1, 0xcf17, 0x0001, 0x9d51, 0x000d, 0x0000, 0x0001, 0x4268, 0x0060, 0xcf17,
    0x00d1, 0xcf17, 0x0001, 0x9d51, 0x000d, 0x0000, 0x0001, 0x4268, 0x0060, 0xcf17, 0x00d1, 0xcf17, 0x0001, 0xb614, 0x000d, 0x5b0a,
    0x0001, 0x846e, 0x0060, 0xcf17, 0x0140, 0xcf17, 0x0140, 0xcf17, 0x0140, 0xcf17, 0x0140, 0xcf17, 0x0140, 0xcf17, 0x0140, 0xcf17,
    0x0140, 0xcf17, 0x0140, 0xcf17, 0x0140, 0xcf17, 0x0140, 0xcf17, 0x0140, 0xcf17, 0x0140, 0xcf17, 0x0140, 0xcf17, 0x0140, 0xcf17,
    0x0140, 0xcf17, 0x0140, 0xcf17, 0x0140, 0xcf17, 0x0140, 0xcf17, 0x0140, 0xcf17, 0x0140, 0xcf17, 0x0140, 0xcf17, 0x0140, 0xcf17,
    0x0140, 0xcf17, 0x0140, 0xcf17, 0x0140, 0xcf17, 0x0140, 0xcf17, 0x0140, 0xcf17, 0x0140, 0xcf17, 0x0140, 0xcf17, 0x0140, 0xcf17,
    0x0140, 0xcf17, 0x0140, 0xcf17, 0x0140, 0xcf17, 0x0140, 0xcf17, 0x0140, 0xcf17, 0x0140, 0xcf17, 0x0140, 0xcf17, 0x0140, 0xcf17,
    0x0140, 0xcf17, 0x0140, 0xcf17, 0x0140, 0xcf17, 0x0140, 0xcf17, 0x0140, 0xcf17, 0x0140, 0xcf17, 0x0140, 0xcf17, 0x0140, 0xcf17,
    0x0140, 0xcf17, 0x0140, 0xcf17, 0x0140, 0xcf17, 0x0140, 0xcf17, 0x0140, 0xcf17, 0x0140, 0xcf17, 0x0140, 0xcf17, 0x0140, 0xcf17,
    0x0140, 0xcf17, 0x0140, 0xcf17, 0x0140, 0xcf17, 0x0140, 0xcf17, 0x0140, 0xcf17, 0x0140, 0xcf17, 0x0140, 0xcf17, 0x0140, 0xcf17,
    0x0140, 0xcf17, 0x0140, 0xcf17, 0x0140, 0xcf17, 0x0140, 0xcf17, 0x0140, 0xcf17, 0x0140, 0xcf17, 0x0140, 0xcf17, 0x0140, 0xcf17,
    0x0140, 0xcf17, 0x0140, 0xcf17, 0x0140, 0xcf17, 0x0140, 0xcf17, 0x0140, 0xcf17, 0x0140, 0xcf17, 0x0140, 0xcf17, 0x0140, 0xcf17,
    0x0140, 0xcf17, 0x0140, 0xcf17, 0x0140, 0xcf17, 0x0140, 0xcf17, 0x0140, 0xcf17, 0x0140, 0xcf17, 0x0140, 0xcf17, 0x0140, 0xcf17,
    0x0140, 0xcf17, 0x0140, 0xcf17, 0x0140, 0xcf17, 0x0140, 0xcf17, 0x0140, 0xcf17, 0x0140, 0xcf17, 0x0140, 0xcf17, 0x0140, 0xcf17,
    0x0140, 0xcf17, 0x0140, 0xcf17, 0x0140, 0xcf17, 0x0140, 0xcf17, 0x0140, 0xcf17,
};

// Asset 8: 616 runs, 2464 bytes
static const uint16_t s_asset_8_data[1232] = {
    0x0140, 0xcf17, 0x0140, 0xcf17, 0x0140, 0xcf17, 0x0140, 0xcf17, 0x0140, 0xcf17, 0x0140, 0xcf17, 0x0140, 0xcf17, 0x0140, 0xcf17,
    0x0140, 0xcf17, 0x0140, 0xcf17, 0x0140, 0xcf17, 0x0140, 0xcf17, 0x0140, 0xcf17, 0x0140, 0xcf17, 0x0140, 0xcf17, 0x0140, 0xcf17,
    0x0140, 0xcf17, 0x0140, 0xcf17, 0x0140, 0xcf17, 0x0140, 0xcf17, 0x0140, 0xcf17, 0x0140, 0xcf17, 0x0140, 0xcf17, 0x0140, 0xcf17,
    0x0140, 0xcf17, 0x0140, 0xcf17, 0x0140, 0xcf17, 0x0140, 0xcf17, 0x0140, 0xcf17, 0x0140, 0xcf17, 0x0140, 0xcf17, 0x0140, 0xcf17,
    0x0140, 0xcf17, 0x0140, 0xcf17, 0x0140, 0xcf17, 0x0140, 0xcf17, 0x0140, 0xcf17, 0x0140, 0xcf17, 0x0140, 0xcf17, 0x0140, 0xcf17,
    0x0140, 0xcf17, 0x0140, 0xcf17, 0x0140, 0xcf17, 0x0140, 0xcf17, 0x0140, 0xcf17, 0x0140, 0xcf17, 0x0140, 0xcf17, 0x0140, 0xcf17,
    0x0140, 0xcf17, 0x0140, 0xcf17, 0x0140, 0xcf17, 0x0140, 0xcf17, 0x0140, 0xcf17, 0x0140, 0xcf17, 0x0140, 0xcf17, 0x0140, 0xcf17,
    0x0140, 0xcf17, 0x0140, 0xcf17, 0x0140, 0xcf17, 0x0140, 0xcf17, 0x0140, 0xcf17, 0x0140, 0xcf17, 0x0140, 0xcf17, 0x0140, 0xcf17,
    0x0140, 0xcf17, 0x0140, 0xcf17, 0x0140, 0xcf17, 0x0140, 0xcf17, 0x0140, 0xcf17, 0x0140, 0xcf17, 0x0140, 0xcf17, 0x0140, 0xcf17,
    0x0140, 0xcf17, 0x0140, 0xcf17, 0x0045, 0xcf17, 0x0001, 0xbe75, 0x0001, 0x8cd0, 0x0001, 0x636b, 0x0001, 0x4a88, 0x0001, 0x31a5,
    0x0001, 0x10a2, 0x0002, 0x0861, 0x0001, 0x0000, 0x0001, 0x0861, 0x0001, 0x18e3, 0x0001, 0x2985, 0x0001, 0x4247, 0x0001, 0x6b8b,
    0x0001, 0x8cd0, 0x0001, 0xb634, 0x008b, 0xcf17, 0x0001, 0xcef6, 0x0001, 0xa572, 0x0001, 0x7c2e, 0x0001, 0x52e9, 0x0001, 0x31c6,
    0x0001, 0x2124, 0x0001, 0x10a2, 0x0002, 0x0020, 0x0002, 0x0861, 0x0001, 0x2123, 0x0001, 0x3a06, 0x0001, 0x52e9, 0x0001, 0x740d,
    0x0001, 0xa5b2, 0x0001, 0xcef7, 0x004f, 0xcf17, 0x0042, 0xcf17, 0x0001, 0xcef7, 0x0001, 0x6bac, 0x0001, 0x2123, 0x0010, 0x0000,
    0x0001, 0x2124, 0x0001, 0x5b2a, 0x0001, 0x9d51, 0x0001, 0xcef7, 0x0084, 0xcf17, 0x0001, 0xbe75, 0x0001, 0x7c2d, 0x0001, 0x4227,
    0x0001, 0x0841, 0x000f, 0x0000, 0x0001, 0x0841, 0x0001, 0x3a27, 0x0001, 0xadd3, 0x004d, 0xcf17, 0x0042, 0xcf17, 0x0001, 0x5b0a,
    0x0015, 0x0000, 0x0001, 0x1903, 0x0001, 0x6bac, 0x0001, 0xbe75, 0x007f, 0xcf17, 0x0001, 0xcef7, 0x0001, 0x9531, 0x0001, 0x4267,
    0x0001, 0x0020, 0x0014, 0x0000, 0x0001, 0x0861, 0x0001, 0xb614, 0x004c, 0xcf17, 0x0041, 0xcf17, 0x0001, 0xc6b6, 0x0001, 0x0020,
    0x0017, 0x0000, 0x0001, 0x0040, 0x0001, 0x5b2a, 0x0001, 0xbe75, 0x007c, 0xcf17, 0x0001, 0x9510, 0x0001, 0x2964, 0x0018, 0x0000,
    0x0001, 0x634b, 0x004c, 0xcf17, 0x0041, 0xcf17, 0x0001, 0xbe55, 0x001a, 0x0000, 0x0001, 0x0841, 0x0001, 0x6bac, 0x0001, 0xcef7,
    0x0078, 0xcf17, 0x0001, 0xb614, 0x0001, 0x31a5, 0x001a, 0x0000, 0x0001, 0x52a9, 0x004c, 0xcf17, 0x0042, 0xcf17, 0x0001, 0x2123,
    0x001b, 0x0000, 0x0001, 0x73ed, 0x0077, 0xcf17, 0x0001, 0xc6b6, 0x0001, 0x18c2, 0x001b, 0x0000, 0x0001, 0x848f, 0x004c, 0xcf17,
    0x0042, 0xcf17, 0x0001, 0xa5b2, 0x0001, 0x10a2, 0x0003, 0x0000, 0x0001, 0x2123, 0x0001, 0x4aa8, 0x0001, 0x6bac, 0x0001, 0x846e,
    0x0002, 0x9531, 0x0001, 0xa572, 0x0001, 0x9510, 0x0001, 0x846e, 0x0001, 0x3a06, 0x000d, 0x0000, 0x0001, 0x2103, 0x0077, 0xcf17,
    0x0001, 0x8ccf, 0x000b, 0x0000, 0x0001, 0x1082, 0x0001, 0x39e6, 0x0001, 0x5b2a, 0x0001, 0x7c2d, 0x0001, 0x8ccf, 0x0001, 0x9d51,
    0x0001, 0x7c4e, 0x0001, 0x1081, 0x0008, 0x0000, 0x0001, 0x0020, 0x0001, 0x9531, 0x004c, 0xcf17, 0x0043, 0xcf17, 0x0001, 0xc6b6,
    0x0002, 0x9510, 0x0001, 0xbe95, 0x0008, 0xcf17, 0x0001, 0x846e, 0x000e, 0x0000, 0x0001, 0x10c2, 0x0077, 0xcf17, 0x0001, 0x846e,
    0x0008, 0x0000, 0x0001, 0x2124, 0x0001, 0x6bac, 0x0001, 0xa5b2, 0x0001, 0xcef7, 0x0004, 0xcf17, 0x0001, 0xb634, 0x0001, 0x10a2,
    0x000a, 0x0000, 0x0001, 0x0841, 0x0001, 0xadd3, 0x004b, 0xcf17, 0x004e, 0xcf17, 0x0001, 0xbe75, 0x0001, 0x0861, 0x000e, 0x0000,
    0x0001, 0x52e9, 0x0077, 0xcf17, 0x0001, 0xbe55, 0x0001, 0x0841, 0x0005, 0x0000, 0x0001, 0x4a88, 0x0001, 0xa572, 0x0008, 0xcf17,
    0x0001, 0x4247, 0x000c, 0x0000, 0x0001, 0x2964, 0x0001, 0xcef7, 0x004a, 0xcf17, 0x004e, 0xcf17, 0x0001, 0x636b, 0x000e, 0x0000,
    0x0001, 0x3a06, 0x0001, 0xc6b6, 0x0078, 0xcf17, 0x0001, 0x8cd0, 0x0001, 0x0881, 0x0002, 0x0000, 0x0001, 0x4247, 0x0001, 0xadd3,
    0x0009, 0xcf17, 0x0001, 0xadf3, 0x000e, 0x0000, 0x0001, 0x9531, 0x004a, 0xcf17, 0x004e, 0xcf17, 0x0001, 0x2144, 0x000e, 0x0000,
    0x0001, 0xa592, 0x007a, 0xcf17, 0x0001, 0xc6d6, 0x0001, 0xa5b2, 0x0001, 0xbe54, 0x000b, 0xcf17, 0x0001, 0x73cc, 0x000e, 0x0000,
    0x0001, 0x5b0a, 0x004a, 0xcf17, 0x004e, 0xcf17, 0x0001, 0x0840, 0x000e, 0x0000, 0x0001, 0x846e, 0x0088, 0xcf17, 0x0001, 0x52c9,
    0x000e, 0x0000, 0x0001, 0x39e6, 0x004a, 0xcf17, 0x004d, 0xcf17, 0x0001, 0xcef7, 0x000f, 0x0000, 0x0001, 0x7c2d, 0x0088, 0xcf17,
    0x0001, 0x4a88, 0x000e, 0x0000, 0x0001, 0x31a5, 0x004a, 0xcf17, 0x004e, 0xcf17, 0x0001, 0x10a2, 0x000e, 0x0000, 0x0001, 0x8cd0,
    0x0088, 0xcf17, 0x0001, 0x5b2a, 0x000e, 0x0000, 0x0001, 0x4267, 0x004a, 0xcf17, 0x004e, 0xcf17, 0x0001, 0x4267, 0x000e, 0x0000,
    0x0001, 0xbe75, 0x0088, 0xcf17, 0x0001, 0x94f0, 0x000e, 0x0000, 0x0001, 0x7c0d, 0x004a, 0xcf17, 0x004e, 0xcf17, 0x0001, 0x9510,
    0x000d, 0x0000, 0x0001, 0x4227, 0x0089, 0xcf17, 0x0001, 0xced6, 0x0001, 0x10c2, 0x000c, 0x0000, 0x0001, 0x0841, 0x0001, 0xbe75,
    0x004a, 0xcf17, 0x004f, 0xcf17, 0x0001, 0x39e6, 0x000b, 0x0000, 0x0001, 0x0840, 0x0001, 0xadf3, 0x008a, 0xcf17, 0x0001, 0x848f,
    0x000c, 0x0000, 0x0001, 0x6bac, 0x004b, 0xcf17, 0x004f, 0xcf17, 0x0001, 0xbe75, 0x0001, 0x2103, 0x0009, 0x0000, 0x0001, 0x0020,
    0x0001, 0x8caf, 0x008c, 0xcf17, 0x0001, 0x5b2a, 0x000a, 0x0000, 0x0001, 0x4247, 0x0001, 0xcef7, 0x004b, 0xcf17, 0x0050, 0xcf17,
    0x0001, 0xbe95, 0x0001, 0x3a27, 0x0007, 0x0000, 0x0001, 0x10c2, 0x0001, 0x9531, 0x008e, 0xcf17, 0x0001, 0x73ed, 0x0001, 0x0841,
    0x0006, 0x0000, 0x0001, 0x0020, 0x0001, 0x634b, 0x0001, 0xcef7, 0x004c, 0xcf17, 0x0052, 0xcf17, 0x0001, 0x9d51, 0x0001, 0x52a9,
    0x0001, 0x2103, 0x0001, 0x0861, 0x0001, 0x10c2, 0x0001, 0x39e6, 0x0001, 0x7c0d, 0x0001, 0xc6d6, 0x0090, 0xcf17, 0x0001, 0xbe55,
    0x0001, 0x6b8b, 0x0001, 0x2985, 0x0001, 0x10a2, 0x0001, 0x0881, 0x0001, 0x2144, 0x0001, 0x5b4a, 0x0001, 0xb5f3, 0x004e, 0xcf17,
    0x0140, 0xcf17, 0x0140, 0xcf17, 0x0140, 0xcf17, 0x0140, 0xcf17, 0x0140, 0xcf17, 0x0140, 0xcf17, 0x0140, 0xcf17, 0x0140, 0xcf17,
    0x0140, 0xcf17, 0x0140, 0xcf17, 0x0140, 0xcf17, 0x0140, 0xcf17, 0x00ce, 0xcf17, 0x0001, 0xcef7, 0x0001, 0x8cd0, 0x0001, 0x52e9,
    0x0001, 0x6bac, 0x0001, 0xbe55, 0x006d, 0xcf17, 0x00ce, 0xcf17, 0x0001, 0x52c9, 0x0003, 0x0000, 0x0001, 0x1082, 0x0001, 0xb614,
    0x006c, 0xcf17, 0x00cd, 0xcf17, 0x0001, 0x9d31, 0x0005, 0x0000, 0x0001, 0x4a88, 0x006c, 0xcf17, 0x00cd, 0xcf17, 0x0001, 0x2964,
    0x0005, 0x0000, 0x0001, 0x2944, 0x006c, 0xcf17, 0x00cc, 0xcf17, 0x0001, 0xa5b2, 0x0006, 0x0000, 0x0001, 0x4a88, 0x006c, 0xcf17,
    0x0070, 0xcf17, 0x0001, 0x9d31, 0x0001, 0x5b4a, 0x005a, 0x52c9, 0x0001, 0x2144, 0x0006, 0x0000, 0x0001, 0xadd3, 0x006c, 0xcf17,
    0x006f, 0xcf17, 0x0001, 0x636b, 0x0062, 0x0000, 0x0001, 0x4247, 0x006d, 0xcf17, 0x006e, 0xcf17, 0x0001, 0xb634, 0x0063, 0x0000,
    0x0001, 0x7c4e, 0x006d, 0xcf17, 0x006e, 0xcf17, 0x0001, 0x9510, 0x0063, 0x0000, 0x0001, 0x9510, 0x006d, 0xcf17, 0x006e, 0xcf17,
    0x0001, 0xb614, 0x0063, 0x0000, 0x0001, 0x848f, 0x006d, 0xcf17, 0x006f, 0xcf17, 0x0001, 0x5b0a, 0x0062, 0x0000, 0x0001, 0x52c9,
    0x006d, 0xcf17, 0x006f, 0xcf17, 0x0001, 0xcef7, 0x0001, 0x8caf, 0x0001, 0x52a9, 0x005a, 0x4247, 0x0001, 0x1903, 0x0005, 0x0000,
    0x0001, 0x0861, 0x0001, 0xbe75, 0x006c, 0xcf17, 0x00cc, 0xcf17, 0x0001, 0x9510, 0x0006, 0x0000, 0x0001, 0x39e6, 0x0001, 0xcef6,
    0x006b, 0xcf17, 0x00cc, 0xcf17, 0x0001, 0xcef7, 0x0001, 0x18c2, 0x0006, 0x0000, 0x0001, 0x5b0a, 0x006b, 0xcf17, 0x00cd, 0xcf17,
    0x0001, 0x7c4e, 0x0006, 0x0000, 0x0001, 0x0020, 0x0001, 0xced6, 0x006a, 0xcf17, 0x00cd, 0xcf17, 0x0001, 0xcef7, 0x0001, 0x2985,
    0x0006, 0x0000, 0x0001, 0xbe75, 0x006a, 0xcf17, 0x00ce, 0xcf17, 0x0001, 0xbe54, 0x0001, 0x18c2, 0x0004, 0x0000, 0x0001, 0x2964,
    0x006b, 0xcf17, 0x00cf, 0xcf17, 0x0001, 0xadf3, 0x0001, 0x18e3, 0x0002, 0x0000, 0x0001, 0x18c2, 0x0001, 0xadd3, 0x006b, 0xcf17,
    0x00d0, 0xcf17, 0x0001, 0xced6, 0x0002, 0x9d31, 0x0001, 0xced6, 0x006c, 0xcf17, 0x0140, 0xcf17, 0x0140, 0xcf17, 0x0140, 0xcf17,
    0x0140, 0xcf17, 0x0140, 0xcf17, 0x0140, 0xcf17, 0x0140, 0xcf17, 0x0140, 0xcf17, 0x0140, 0xcf17, 0x0140, 0xcf17, 0x0140, 0xcf17,
    0x0140, 0xcf17, 0x0140, 0xcf17, 0x0140, 0xcf17, 0x0140, 0xcf17, 0x0140, 0xcf17, 0x0140, 0xcf17, 0x0140, 0xcf17, 0x0140, 0xcf17,
    0x0140, 0xcf17, 0x0140, 0xcf17, 0x0140, 0xcf17, 0x0140, 0xcf17, 0x0140, 0xcf17, 0x0140, 0xcf17, 0x0140, 0xcf17, 0x0140, 0xcf17,
    0x0140, 0xcf17, 0x0140, 0xcf17, 0x0140, 0xcf17, 0x0140, 0xcf17, 0x0140, 0xcf17, 0x0140, 0xcf17, 0x0140, 0xcf17, 0x0140, 0xcf17,
    0x0140, 0xcf17, 0x0140, 0xcf17, 0x0140, 0xcf17, 0x0140, 0xcf17, 0x0140, 0xcf17, 0x0140, 0xcf17, 0x0140, 0xcf17, 0x0140, 0xcf17,
    0x0140, 0xcf17, 0x0140, 0xcf17, 0x0140, 0xcf17, 0x0140, 0xcf17, 0x0140, 0xcf17, 0x0140, 0xcf17, 0x0140, 0xcf17, 0x0140, 0xcf17,
    0x0140, 0xcf17, 0x0140, 0xcf17, 0x0140, 0xcf17, 0x0140, 0xcf17, 0x0140, 0xcf17, 0x0140, 0xcf17, 0x0140, 0xcf17, 0x0140, 0xcf17,
    0x0140, 0xcf17, 0x0140, 0xcf17, 0x0140, 0xcf17, 0x0140, 0xcf17, 0x0140, 0xcf17, 0x0140, 0xcf17, 0x0140, 0xcf17, 0x0140, 0xcf17,
    0x0140, 0xcf17, 0x0140, 0xcf17, 0x0140, 0xcf17, 0x0140, 0xcf17, 0x0140, 0xcf17, 0x0140, 0xcf17, 0x0140, 0xcf17, 0x0140, 0xcf17,
    0x0140, 0xcf17, 0x0140, 0xcf17, 0x0140, 0xcf17, 0x0140, 0xcf17, 0x0140, 0xcf17, 0x0140, 0xcf17, 0x0140, 0xcf17, 0x0140, 0xcf17,
    0x0140, 0xcf17, 0x0140, 0xcf17, 0x0140, 0xcf17, 0x0140, 0xcf17, 0x0140, 0xcf17, 0x0140, 0xcf17, 0x0140, 0xcf17, 0x0140, 0xcf17,
    0x0140, 0xcf17, 0x0140, 0xcf17, 0x0140, 0xcf17, 0x0140, 0xcf17, 0x0140, 0xcf17, 0x0140, 0xcf17, 0x0140, 0xcf17, 0x0140, 0xcf17,
    0x0140, 0xcf17, 0x0140, 0xcf17, 0x0140, 0xcf17, 0x0140, 0xcf17, 0x0140, 0xcf17, 0x0140, 0xcf17, 0x0140, 0xcf17, 0x0140, 0xcf17,
    0x0140, 0xcf17, 0x0140, 0xcf17, 0x0140, 0xcf17, 0x0140, 0xcf17, 0x0140, 0xcf17, 0x0140, 0xcf17, 0x0140, 0xcf17, 0x0140, 0xcf17,
};

// Asset 9: 615 runs, 2460 bytes
static const uint16_t s_asset_9_data[1230] = {
    0x0140, 0xcf17, 0x0140, 0xcf17, 0x0140, 0xcf17, 0x0140, 0xcf17, 0x0140, 0xcf17, 0x0140, 0xcf17, 0x0140, 0xcf17, 0x0140, 0xcf17,
    0x0140, 0xcf17, 0x0140, 0xcf17, 0x0140, 0xcf17, 0x0140, 0xcf17, 0x0140, 0xcf17, 0x0140, 0xcf17, 0x0140, 0xcf17, 0x0140, 0xcf17,
    0x0140, 0xcf17, 0x0140, 0xcf17, 0x0140, 0xcf17, 0x0140, 0xcf17, 0x0140, 0xcf17, 0x0140, 0xcf17, 0x0140, 0xcf17, 0x0140, 0xcf17,
    0x0140, 0xcf17, 0x0140, 0xcf17, 0x0140, 0xcf17, 0x0140, 0xcf17, 0x0140, 0xcf17, 0x0140, 0xcf17, 0x0140, 0xcf17, 0x0140, 0xcf17,
    0x0140, 0xcf17, 0x0140, 0xcf17, 0x0140, 0xcf17, 0x0140, 0xcf17, 0x0140, 0xcf17, 0x0140, 0xcf17, 0x0140, 0xcf17, 0x0140, 0xcf17,
    0x0140, 0xcf17, 0x0140, 0xcf17, 0x0140, 0xcf17, 0x0140, 0xcf17, 0x0140, 0xcf17, 0x0140, 0xcf17, 0x0140, 0xcf17, 0x0140, 0xcf17,
    0x0140, 0xcf17, 0x0140, 0xcf17, 0x0140, 0xcf17, 0x0140, 0xcf17, 0x0140, 0xcf17, 0x0140, 0xcf17, 0x0140, 0xcf17, 0x0140, 0xcf17,
    0x0140, 0xcf17, 0x0140, 0xcf17, 0x0140, 0xcf17, 0x0140, 0xcf17, 0x0140, 0xcf17, 0x0140, 0xcf17, 0x0140, 0xcf17, 0x0140, 0xcf17,
    0x0140, 0xcf17, 0x0140, 0xcf17, 0x0140, 0xcf17, 0x0140, 0xcf17, 0x0140, 0xcf17, 0x0140, 0xcf17, 0x0140, 0xcf17, 0x0140, 0xcf17,
    0x0140, 0xcf17, 0x0140, 0xcf17, 0x004a, 0xcf17, 0x0001, 0xc6d6, 0x0001, 0x9d51, 0x0001, 0x6bac, 0x0001, 0x4aa8, 0x0001, 0x31c6,
    0x0001, 0x18e3, 0x0002, 0x0861, 0x0001, 0x0000, 0x0001, 0x0840, 0x0001, 0x10c2, 0x0001, 0x2944, 0x0001, 0x3a27, 0x0001, 0x634a,
    0x0001, 0x848f, 0x0001, 0xadd3, 0x008c, 0xcf17, 0x0001, 0xadd3, 0x0001, 0x848f, 0x0001, 0x634a, 0x0001, 0x3a27, 0x0001, 0x2944,
    0x0001, 0x10c2, 0x0001, 0x0840, 0x0001, 0x0000, 0x0002, 0x0861, 0x0001, 0x18e3, 0x0001, 0x31c6, 0x0001, 0x4aa8, 0x0001, 0x6bac,
    0x0001, 0x9d51, 0x0001, 0xc6b6, 0x004a, 0xcf17, 0x0048, 0xcf17, 0x0001, 0x8cd0, 0x0001, 0x31a5, 0x0001, 0x0020, 0x000f, 0x0000,
    0x0001, 0x10a2, 0x0001, 0x4aa8, 0x0001, 0x8caf, 0x0001, 0xced6, 0x0084, 0xcf17, 0x0001, 0xced6, 0x0001, 0x8caf, 0x0001, 0x4aa8,
    0x0001, 0x10a2, 0x000f, 0x0000, 0x0001, 0x0020, 0x0001, 0x2985, 0x0001, 0x8ccf, 0x0048, 0xcf17, 0x0047, 0xcf17, 0x0001, 0x8cd0,
    0x0015, 0x0000, 0x0001, 0x0881, 0x0001, 0x5b0a, 0x0001, 0xadd3, 0x0080, 0xcf17, 0x0001, 0xadd3, 0x0001, 0x5b0a, 0x0001, 0x0881,
    0x0015, 0x0000, 0x0001, 0x8caf, 0x0047, 0xcf17, 0x0047, 0xcf17, 0x0001, 0x31a5, 0x0018, 0x0000, 0x0001, 0x4247, 0x0001, 0xadd3,
    0x007c, 0xcf17, 0x0001, 0xadd3, 0x0001, 0x4247, 0x0018, 0x0000, 0x0001, 0x2985, 0x0047, 0xcf17, 0x0047, 0xcf17, 0x0001, 0x2103,
    0x001a, 0x0000, 0x0001, 0x4a88, 0x0001, 0xc6b6, 0x0078, 0xcf17, 0x0001, 0xc6b6, 0x0001, 0x4aa8, 0x001a, 0x0000, 0x0001, 0x18e3,
    0x0047, 0xcf17, 0x0047, 0xcf17, 0x0001, 0x52e9, 0x001b, 0x0000, 0x0001, 0x4227, 0x0078, 0xcf17, 0x0001, 0x4247, 0x001b, 0x0000,
    0x0001, 0x52c9, 0x0047, 0xcf17, 0x0047, 0xcf17, 0x0001, 0x636b, 0x0009, 0x0000, 0x0001, 0x2103, 0x0001, 0x94f0, 0x0001, 0x9d31,
    0x0001, 0x848f, 0x0001, 0x740d, 0x0001, 0x52c9, 0x0001, 0x31a5, 0x0001, 0x0841, 0x000b, 0x0000, 0x0001, 0xbe55, 0x0076, 0xcf17,
    0x0001, 0xbe75, 0x000d, 0x0000, 0x0001, 0x0020, 0x0001, 0x52e9, 0x0001, 0x848f, 0x0001, 0x9d31, 0x0001, 0xa572, 0x0001, 0x9531,
    0x0001, 0x9510, 0x0001, 0x7c4e, 0x0001, 0x636b, 0x0001, 0x4267, 0x0001, 0x10c2, 0x0003, 0x0000, 0x0001, 0x2964, 0x0001, 0xbe75,
    0x0047, 0xcf17, 0x0046, 0xcf17, 0x0001, 0x7c2e, 0x000b, 0x0000, 0x0001, 0x2985, 0x0001, 0xced6, 0x0004, 0xcf17, 0x0001, 0xced6,
    0x0001, 0x9d31, 0x0001, 0x5b2a, 0x0001, 0x10a2, 0x0008, 0x0000, 0x0001, 0xb614, 0x0076, 0xcf17, 0x0001, 0xb634, 0x000e, 0x0000,
    0x0001, 0x0841, 0x0001, 0xadd3, 0x0008, 0xcf17, 0x0001, 0xb634, 0x0001, 0x8cd0, 0x0001, 0x9d51, 0x0001, 0xcef7, 0x0048, 0xcf17,
    0x0045, 0xcf17, 0x0001, 0xbe55, 0x0001, 0x0841, 0x000c, 0x0000, 0x0001, 0x73cc, 0x0007, 0xcf17, 0x0001, 0xcef6, 0x0001, 0x8ccf,
    0x0001, 0x31a5, 0x0005, 0x0000, 0x0001, 0x2144, 0x0001, 0xcef7, 0x0077, 0xcf17, 0x0001, 0x2144, 0x000e, 0x0000, 0x0001, 0x2964,
    0x0001, 0xcef7, 0x0053, 0xcf17, 0x0045, 0xcf17, 0x0001, 0x634b, 0x000d, 0x0000, 0x0001, 0x10a2, 0x0001, 0xcef7, 0x0009, 0xcf17,
    0x0001, 0x9510, 0x0001, 0x2985, 0x0002, 0x0000, 0x0001, 0x2123, 0x0001, 0xadf3, 0x0078, 0xcf17, 0x0001, 0xadf3, 0x0001, 0x18e3,
    0x000e, 0x0000, 0x0001, 0x9531, 0x0053, 0xcf17, 0x0045, 0xcf17, 0x0001, 0x2124, 0x000e, 0x0000, 0x0001, 0xa572, 0x000b, 0xcf17,
    0x0001, 0xb5f3, 0x0001, 0xadd3, 0x0001, 0xcef7, 0x007a, 0xcf17, 0x0001, 0x6bcc, 0x000e, 0x0000, 0x0001, 0x5b0a, 0x0053, 0xcf17,
    0x0044, 0xcf17, 0x0001, 0xcef7, 0x0001, 0x0020, 0x000e, 0x0000, 0x0001, 0x846e, 0x0088, 0xcf17, 0x0001, 0x52c9, 0x000e, 0x0000,
    0x0001, 0x39e6, 0x0053, 0xcf17, 0x0044, 0xcf17, 0x0001, 0xcef6, 0x000f, 0x0000, 0x0001, 0x7c2d, 0x0088, 0xcf17, 0x0001, 0x4a88,
    0x000e, 0x0000, 0x0001, 0x31a5, 0x0053, 0xcf17, 0x0045, 0xcf17, 0x0001, 0x1082, 0x000e, 0x0000, 0x0001, 0x8cd0, 0x0088, 0xcf17,
    0x0001, 0x5b2a, 0x000e, 0x0000, 0x0001, 0x4267, 0x0053, 0xcf17, 0x0045, 0xcf17, 0x0001, 0x4247, 0x000e, 0x0000, 0x0001, 0xbe75,
    0x0088, 0xcf17, 0x0001, 0x94f0, 0x000e, 0x0000, 0x0001, 0x7c0d, 0x0053, 0xcf17, 0x0045, 0xcf17, 0x0001, 0x94f0, 0x000d, 0x0000,
    0x0001, 0x4227, 0x0089, 0xcf17, 0x0001, 0xced6, 0x0001, 0x10c2, 0x000c, 0x0000, 0x0001, 0x0841, 0x0001, 0xbe75, 0x0053, 0xcf17,
    0x0046, 0xcf17, 0x0001, 0x39e6, 0x000b, 0x0000, 0x0001, 0x0840, 0x0001, 0xadf3, 0x008a, 0xcf17, 0x0001, 0x848f, 0x000c, 0x0000,
    0x0001, 0x6bac, 0x0054, 0xcf17, 0x0046, 0xcf17, 0x0001, 0xbe75, 0x0001, 0x2103, 0x0009, 0x0000, 0x0001, 0x0020, 0x0001, 0x8caf,
    0x008c, 0xcf17, 0x0001, 0x5b2a, 0x000a, 0x0000, 0x0001, 0x4247, 0x0001, 0xcef7, 0x0054, 0xcf17, 0x0047, 0xcf17, 0x0001, 0xbe95,
    0x0001, 0x3a27, 0x0007, 0x0000, 0x0001, 0x10c2, 0x0001, 0x9531, 0x008e, 0xcf17, 0x0001, 0x73ed, 0x0001, 0x0841, 0x0006, 0x0000,
    0x0001, 0x0020, 0x0001, 0x634b, 0x0001, 0xcef7, 0x0055, 0xcf17, 0x0049, 0xcf17, 0x0001, 0x9d51, 0x0001, 0x52c9, 0x0001, 0x2103,
    0x0001, 0x0861, 0x0001, 0x10c2, 0x0001, 0x39e6, 0x0001, 0x7c0d, 0x0001, 0xc6d6, 0x0090, 0xcf17, 0x0001, 0xbe55, 0x0001, 0x638b,
    0x0001, 0x2985, 0x0001, 0x10a2, 0x0001, 0x0881, 0x0001, 0x2144, 0x0001, 0x5b4a, 0x0001, 0xb5f3, 0x0057, 0xcf17, 0x0140, 0xcf17,
    0x0140, 0xcf17, 0x0140, 0xcf17, 0x0140, 0xcf17, 0x0140, 0xcf17, 0x0140, 0xcf17, 0x0140, 0xcf17, 0x0140, 0xcf17, 0x0140, 0xcf17,
    0x0140, 0xcf17, 0x0140, 0xcf17, 0x0140, 0xcf17, 0x00ce, 0xcf17, 0x0001, 0xcef7, 0x0001, 0x8cd0, 0x0001, 0x52e9, 0x0001, 0x6bac,
    0x0001, 0xbe55, 0x006d, 0xcf17, 0x00ce, 0xcf17, 0x0001, 0x52c9, 0x0003, 0x0000, 0x0001, 0x1082, 0x0001, 0xb614, 0x006c, 0xcf17,
    0x00cd, 0xcf17, 0x0001, 0x9d31, 0x0005, 0x0000, 0x0001, 0x4a88, 0x006c, 0xcf17, 0x00cd, 0xcf17, 0x0001, 0x2964, 0x0005, 0x0000,
    0x0001, 0x2944, 0x006c, 0xcf17, 0x00cc, 0xcf17, 0x0001, 0xa5b2, 0x0006, 0x0000, 0x0001, 0x4a88, 0x006c, 0xcf17, 0x0070, 0xcf17,
    0x0001, 0x9d31, 0x0001, 0x5b4a, 0x005a, 0x52c9, 0x0001, 0x2144, 0x0006, 0x0000, 0x0001, 0xadd3, 0x006c, 0xcf17, 0x006f, 0xcf17,
    0x0001, 0x636b, 0x0062, 0x0000, 0x0001, 0x4247, 0x006d, 0xcf17, 0x006e, 0xcf17, 0x0001, 0xb634, 0x0063, 0x0000, 0x0001, 0x7c4e,
    0x006d, 0xcf17, 0x006e, 0xcf17, 0x0001, 0x9510, 0x0063, 0x0000, 0x0001, 0x9510, 0x006d, 0xcf17, 0x006e, 0xcf17, 0x0001, 0xb614,
    0x0063, 0x0000, 0x0001, 0x848f, 0x006d, 0xcf17, 0x006f, 0xcf17, 0x0001, 0x5b0a, 0x0062, 0x0000, 0x0001, 0x52c9, 0x006d, 0xcf17,
    0x006f, 0xcf17, 0x0001, 0xcef7, 0x0001, 0x8caf, 0x0001, 0x52a9, 0x005a, 0x4247, 0x0001, 0x1903, 0x0005, 0x0000, 0x0001, 0x0861,
    0x0001, 0xbe75, 0x006c, 0xcf17, 0x00cc, 0xcf17, 0x0001, 0x9510, 0x0006, 0x0000, 0x0001, 0x39e6, 0x0001, 0xcef6, 0x006b, 0xcf17,
    0x00cc, 0xcf17, 0x0001, 0xcef7, 0x0001, 0x18c2, 0x0006, 0x0000, 0x0001, 0x5b0a, 0x006b, 0xcf17, 0x00cd, 0xcf17, 0x0001, 0x7c4e,
    0x0006, 0x0000, 0x0001, 0x0020, 0x0001, 0xced6, 0x006a, 0xcf17, 0x00cd, 0xcf17, 0x0001, 0xcef7, 0x0001, 0x2985, 0x0006, 0x0000,
    0x0001, 0xbe75, 0x006a, 0xcf17, 0x00ce, 0xcf17, 0x0001, 0xbe54, 0x0001, 0x18c2, 0x0004, 0x0000, 0x0001, 0x2964, 0x006b, 0xcf17,
    0x00cf, 0xcf17, 0x0001, 0xadf3, 0x0001, 0x18e3, 0x0002, 0x0000, 0x0001, 0x18c2, 0x0001, 0xadd3, 0x006b, 0xcf17, 0x00d0, 0xcf17,
    0x0001, 0xced6, 0x0002, 0x9d31, 0x0001, 0xced6, 0x006c, 0xcf17, 0x0140, 0xcf17, 0x0140, 0xcf17, 0x0140, 0xcf17, 0x0140, 0xcf17,
    0x0140, 0xcf17, 0x0140, 0xcf17, 0x0140, 0xcf17, 0x0140, 0xcf17, 0x0140, 0xcf17, 0x0140, 0xcf17, 0x0140, 0xcf17, 0x0140, 0xcf17,
    0x0140, 0xcf17, 0x0140, 0xcf17, 0x0140, 0xcf17, 0x0140, 0xcf17, 0x0140, 0xcf17, 0x0140, 0xcf17, 0x0140, 0xcf17, 0x0140, 0xcf17,
    0x0140, 0xcf17, 0x0140, 0xcf17, 0x0140, 0xcf17, 0x0140, 0xcf17, 0x0140, 0xcf17, 0x0140, 0xcf17, 0x0140, 0xcf17, 0x0140, 0xcf17,
    0x0140, 0xcf17, 0x0140, 0xcf17, 0x0140, 0xcf17, 0x0140, 0xcf17, 0x0140, 0xcf17, 0x0140, 0xcf17, 0x0140, 0xcf17, 0x0140, 0xcf17,
    0x0140, 0xcf17, 0x0140, 0xcf17, 0x0140, 0xcf17, 0x0140, 0xcf17, 0x0140, 0xcf17, 0x0140, 0xcf17, 0x0140, 0xcf17, 0x0140, 0xcf17,
    0x0140, 0xcf17, 0x0140, 0xcf17, 0x0140, 0xcf17, 0x0140, 0xcf17, 0x0140, 0xcf17, 0x0140, 0xcf17, 0x0140, 0xcf17, 0x0140, 0xcf17,
    0x0140, 0xcf17, 0x0140, 0xcf17, 0x0140, 0xcf17, 0x0140, 0xcf17, 0x0140, 0xcf17, 0x0140, 0xcf17, 0x0140, 0xcf17, 0x0140, 0xcf17,
    0x0140, 0xcf17, 0x0140, 0xcf17, 0x0140, 0xcf17, 0x0140, 0xcf17, 0x0140, 0xcf17, 0x0140, 0xcf17, 0x0140, 0xcf17, 0x0140, 0xcf17,
    0x0140, 0xcf17, 0x0140, 0xcf17, 0x0140, 0xcf17, 0x0140, 0xcf17, 0x0140, 0xcf17, 0x0140, 0xcf17, 0x0140, 0xcf17, 0x0140, 0xcf17,
    0x0140, 0xcf17, 0x0140, 0xcf17, 0x0140, 0xcf17, 0x0140, 0xcf17, 0x0140, 0xcf17, 0x0140, 0xcf17, 0x0140, 0xcf17, 0x0140, 0xcf17,
    0x0140, 0xcf17, 0x0140, 0xcf17, 0x0140, 0xcf17, 0x0140, 0xcf17, 0x0140, 0xcf17, 0x0140, 0xcf17, 0x0140, 0xcf17, 0x0140, 0xcf17,
    0x0140, 0xcf17, 0x0140, 0xcf17, 0x0140, 0xcf17, 0x0140, 0xcf17, 0x0140, 0xcf17, 0x0140, 0xcf17, 0x0140, 0xcf17, 0x0140, 0xcf17,
    0x0140, 0xcf17, 0x0140, 0xcf17, 0x0140, 0xcf17, 0x0140, 0xcf17, 0x0140, 0xcf17, 0x0140, 0xcf17, 0x0140, 0xcf17, 0x0140, 0xcf17,
    0x0140, 0xcf17, 0x0140, 0xcf17, 0x0140, 0xcf17, 0x0140, 0xcf17, 0x0140, 0xcf17, 0x0140, 0xcf17, 0x0140, 0xcf17,
};

// Asset 10: 784 runs, 3136 bytes
static const uint16_t s_asset_10_data[1568] = {
    0x0140, 0xcf17, 0x0140, 0xcf17, 0x0140, 0xcf17, 0x0140, 0xcf17, 0x0140, 0xcf17, 0x0140, 0xcf17, 0x0140, 0xcf17, 0x0140, 0xcf17,
    0x0140, 0xcf17, 0x0140, 0xcf17, 0x0140, 0xcf17, 0x0140, 0xcf17, 0x0140, 0xcf17, 0x0140, 0xcf17, 0x0140, 0xcf17, 0x0140, 0xcf17,
    0x0140, 0xcf17, 0x0140, 0xcf17, 0x0140, 0xcf17, 0x0140, 0xcf17, 0x0140, 0xcf17, 0x0140, 0xcf17, 0x0140, 0xcf17, 0x0140, 0xcf17,
    0x0140, 0xcf17, 0x0140, 0xcf17, 0x0140, 0xcf17, 0x0140, 0xcf17, 0x0140, 0xcf17, 0x0140, 0xcf17, 0x0140, 0xcf17, 0x0140, 0xcf17,
    0x0140, 0xcf17, 0x0140, 0xcf17, 0x0140, 0xcf17, 0x0140, 0xcf17, 0x0140, 0xcf17, 0x0140, 0xcf17, 0x0140, 0xcf17, 0x0140, 0xcf17,
    0x0140, 0xcf17, 0x0140, 0xcf17, 0x0140, 0xcf17, 0x0140, 0xcf17, 0x0140, 0xcf17, 0x0140, 0xcf17, 0x0140, 0xcf17, 0x0140, 0xcf17,
    0x0140, 0xcf17, 0x0140, 0xcf17, 0x0140, 0xcf17, 0x0140, 0xcf17, 0x0140, 0xcf17, 0x0140, 0xcf17, 0x0140, 0xcf17, 0x0140, 0xcf17,
    0x0140, 0xcf17, 0x0140, 0xcf17, 0x0140, 0xcf17, 0x0140, 0xcf17, 0x0140, 0xcf17, 0x0140, 0xcf17, 0x0140, 0xcf17, 0x0140, 0xcf17,
    0x0140, 0xcf17, 0x0140, 0xcf17, 0x0140, 0xcf17, 0x0140, 0xcf17, 0x0140, 0xcf17, 0x0140, 0xcf17, 0x0140, 0xcf17, 0x0140, 0xcf17,
    0x0140, 0xcf17, 0x0140, 0xcf17, 0x004a, 0xcf17, 0x0001, 0xc6d6, 0x0001, 0x9d51, 0x0001, 0x6bac, 0x0001, 0x4aa8, 0x0001, 0x31c6,
    0x0001, 0x18e3, 0x0002, 0x0861, 0x0001, 0x0000, 0x0001, 0x0840, 0x0001, 0x10c2, 0x0001, 0x2944, 0x0001, 0x3a27, 0x0001, 0x634a,
    0x0001, 0x848f, 0x0001, 0xadd3, 0x008c, 0xcf17, 0x0001, 0xadd3, 0x0001, 0x848f, 0x0001, 0x634a, 0x0001, 0x3a27, 0x0001, 0x2944,
    0x0001, 0x10c2, 0x0001, 0x0840, 0x0001, 0x0000, 0x0002, 0x0861, 0x0001, 0x18e3, 0x0001, 0x31c6, 0x0001, 0x4aa8, 0x0001, 0x6bac,
    0x0001, 0x9d51, 0x0001, 0xc6b6, 0x004a, 0xcf17, 0x0048, 0xcf17, 0x0001, 0x8cd0, 0x0001, 0x31a5, 0x0001, 0x0020, 0x000f, 0x0000,
    0x0001, 0x10a2, 0x0001, 0x4aa8, 0x0001, 0x8caf, 0x0001, 0xced6, 0x0084, 0xcf17, 0x0001, 0xced6, 0x0001, 0x8caf, 0x0001, 0x4aa8,
    0x0001, 0x10a2, 0x000f, 0x0000, 0x0001, 0x0020, 0x0001, 0x2985, 0x0001, 0x8ccf, 0x0048, 0xcf17, 0x0047, 0xcf17, 0x0001, 0x8cd0,
    0x0015, 0x0000, 0x0001, 0x0881, 0x0001, 0x5b0a, 0x0001, 0xadd3, 0x0080, 0xcf17, 0x0001, 0xadd3, 0x0001, 0x5b0a, 0x0001, 0x0881,
    0x0015, 0x0000, 0x0001, 0x8caf, 0x0047, 0xcf17, 0x0047, 0xcf17, 0x0001, 0x31a5, 0x0018, 0x0000, 0x0001, 0x4247, 0x0001, 0xadd3,
    0x007c, 0xcf17, 0x0001, 0xadd3, 0x0001, 0x4247, 0x0018, 0x0000, 0x0001, 0x2985, 0x0047, 0xcf17, 0x0047, 0xcf17, 0x0001, 0x2103,
    0x001a, 0x0000, 0x0001, 0x4a88, 0x0001, 0xc6b6, 0x0078, 0xcf17, 0x0001, 0xc6b6, 0x0001, 0x4aa8, 0x001a, 0x0000, 0x0001, 0x18e3,
    0x0047, 0xcf17, 0x0047, 0xcf17, 0x0001, 0x52e9, 0x001b, 0x0000, 0x0001, 0x4227, 0x0078, 0xcf17, 0x0001, 0x4247, 0x001b, 0x0000,
    0x0001, 0x52c9, 0x0047, 0xcf17, 0x0047, 0xcf17, 0x0001, 0xc695, 0x0001, 0x2985, 0x0003, 0x0000, 0x0001, 0x10c2, 0x0001, 0x4267,
    0x0001, 0x636b, 0x0001, 0x4a68, 0x0014, 0x0000, 0x0001, 0xbe55, 0x0076, 0xcf17, 0x0001, 0xbe75, 0x0014, 0x0000, 0x0001, 0x4a88,
    0x0001, 0x636b, 0x0001, 0x4267, 0x0001, 0x10c2, 0x0003, 0x0000, 0x0001, 0x2964, 0x0001, 0xbe75, 0x0047, 0xcf17, 0x0048, 0xcf17,
    0x0001, 0xcef7, 0x0001, 0x9d51, 0x0001, 0x8cd0, 0x0001, 0xb634, 0x0002, 0xcf17, 0x0001, 0x848f, 0x000b, 0x0000, 0x0001, 0x1082,
    0x0001, 0x10a2, 0x0008, 0x0000, 0x0001, 0xb614, 0x0076, 0xcf17, 0x0001, 0xb634, 0x0008, 0x0000, 0x0002, 0x10a2, 0x000b, 0x0000,
    0x0001, 0x8caf, 0x0002, 0xcf17, 0x0001, 0xb634, 0x0001, 0x8cd0, 0x0001, 0x9d51, 0x0001, 0xcef7, 0x0048, 0xcf17, 0x004d, 0xcf17,
    0x0001, 0xc695, 0x0001, 0x0881, 0x000c, 0x0000, 0x0001, 0x636b, 0x0001, 0x8ccf, 0x0001, 0x31a5, 0x0005, 0x0000, 0x0001, 0x2144,
    0x0001, 0xcef7, 0x0077, 0xcf17, 0x0001, 0x2144, 0x0005, 0x0000, 0x0001, 0x31a5, 0x0001, 0x8ccf, 0x0001, 0x6b8b, 0x000c, 0x0000,
    0x0001, 0x0861, 0x0001, 0xbe95, 0x004d, 0xcf17, 0x004d, 0xcf17, 0x0001, 0x6bac, 0x000d, 0x0000, 0x0001, 0x0861, 0x0001, 0xced6,
    0x0001, 0xcf17, 0x0001, 0x9510, 0x0001, 0x2985, 0x0002, 0x0000, 0x0001, 0x2123, 0x0001, 0xadf3, 0x0078, 0xcf17, 0x0001, 0xadf3,
    0x0001, 0x2123, 0x0002, 0x0000, 0x0001, 0x2964, 0x0001, 0x9510, 0x0001, 0xcf17, 0x0001, 0xcef6, 0x0001, 0x0861, 0x000d, 0x0000,
    0x0001, 0x6bcc, 0x004d, 0xcf17, 0x004d, 0xcf17, 0x0001, 0x2985, 0x000e, 0x0000, 0x0001, 0x9511, 0x0003, 0xcf17, 0x0001, 0xb5f3,
    0x0001, 0xadd3, 0x0001, 0xcef7, 0x007a, 0xcf17, 0x0001, 0xcef7, 0x0001, 0xadd3, 0x0001, 0xadf3, 0x0003, 0xcf17, 0x0001, 0x9d31,
    0x000e, 0x0000, 0x0001, 0x31a5, 0x004d, 0xcf17, 0x004d, 0xcf17, 0x0001, 0x0881, 0x000e, 0x0000, 0x0001, 0x740d, 0x0086, 0xcf17,
    0x0001, 0x7c2d, 0x000e, 0x0000, 0x0001, 0x1081, 0x004d, 0xcf17, 0x004d, 0xcf17, 0x0001, 0x0840, 0x000e, 0x0000, 0x0001, 0x6bcc,
    0x0086, 0xcf17, 0x0001, 0x73ec, 0x000e, 0x0000, 0x0001, 0x0840, 0x004d, 0xcf17, 0x004d, 0xcf17, 0x0001, 0x18e3, 0x000e, 0x0000,
    0x0001, 0x846e, 0x0086, 0xcf17, 0x0001, 0x848f, 0x000e, 0x0000, 0x0001, 0x1903, 0x004d, 0xcf17, 0x004d, 0xcf17, 0x0001, 0x4aa8,
    0x000e, 0x0000, 0x0001, 0xb634, 0x0086, 0xcf17, 0x0001, 0xbe54, 0x000e, 0x0000, 0x0001, 0x52c9, 0x004d, 0xcf17, 0x004d, 0xcf17,
    0x0001, 0x9d51, 0x000d, 0x0000, 0x0001, 0x31c6, 0x0088, 0xcf17, 0x0001, 0x39e6, 0x000d, 0x0000, 0x0001, 0x9d71, 0x004d, 0xcf17,
    0x004e, 0xcf17, 0x0001, 0x4247, 0x000b, 0x0000, 0x0001, 0x0020, 0x0001, 0xa5b2, 0x0088, 0xcf17, 0x0001, 0xadb3, 0x0001, 0x0020,
    0x000b, 0x0000, 0x0001, 0x4247, 0x004e, 0xcf17, 0x004e, 0xcf17, 0x0001, 0xc6b6, 0x0001, 0x2144, 0x000a, 0x0000, 0x0001, 0x844e,
    0x008a, 0xcf17, 0x0001, 0x846e, 0x000a, 0x0000, 0x0001, 0x2144, 0x0001, 0xc6b6, 0x004e, 0xcf17, 0x004f, 0xcf17, 0x0001, 0xc6b6,
    0x0001, 0x4267, 0x0007, 0x0000, 0x0001, 0x10a2, 0x0001, 0x94f0, 0x008c, 0xcf17, 0x0001, 0x94f0, 0x0001, 0x10a2, 0x0007, 0x0000,
    0x0001, 0x4267, 0x0001, 0xc6b6, 0x004f, 0xcf17, 0x0051, 0xcf17, 0x0001, 0xa572, 0x0001, 0x52c9, 0x0001, 0x2123, 0x0001, 0x0861,
    0x0001, 0x10a2, 0x0001, 0x31c6, 0x0001, 0x73ed, 0x0001, 0xc6b6, 0x008e, 0xcf17, 0x0001, 0xc6b6, 0x0001, 0x73ed, 0x0001, 0x31c6,
    0x0001, 0x10c2, 0x0001, 0x0861, 0x0001, 0x2123, 0x0001, 0x52c9, 0x0001, 0xa572, 0x0051, 0xcf17, 0x0140, 0xcf17, 0x0140, 0xcf17,
    0x0140, 0xcf17, 0x0140, 0xcf17, 0x0140, 0xcf17, 0x0140, 0xcf17, 0x0140, 0xcf17, 0x0140, 0xcf17, 0x0140, 0xcf17, 0x0140, 0xcf17,
    0x0140, 0xcf17, 0x0140, 0xcf17, 0x0070, 0xcf17, 0x0001, 0xa592, 0x0001, 0x638b, 0x0001, 0x740d, 0x0001, 0xbe75, 0x0059, 0xcf17,
    0x0001, 0xbe54, 0x0001, 0xadd3, 0x0001, 0xcef6, 0x0070, 0xcf17, 0x006f, 0xcf17, 0x0001, 0x6bac, 0x0003, 0x0000, 0x0001, 0x0840,
    0x0001, 0x5b0a, 0x0001, 0xb634, 0x0054, 0xcf17, 0x0001, 0xb634, 0x0001, 0x6bcc, 0x0001, 0x2964, 0x0002, 0x0000, 0x0001, 0x10c2,
    0x0001, 0x9d71, 0x006f, 0xcf17, 0x006e, 0xcf17, 0x0001, 0xbe54, 0x0006, 0x0000, 0x0001, 0x0020, 0x0001, 0x52c9, 0x0001, 0xb614,
    0x004f, 0xcf17, 0x0001, 0xb634, 0x0001, 0x73ed, 0x0001, 0x2985, 0x0006, 0x0000, 0x0001, 0x1082, 0x0001, 0xc6b6, 0x006e, 0xcf17,
    0x006e, 0xcf17, 0x0001, 0x9510, 0x0009, 0x0000, 0x0001, 0x4247, 0x0001, 0x9511, 0x0001, 0xcef7, 0x0049, 0xcf17, 0x0001, 0xadb3,
    0x0001, 0x6b8b, 0x0001, 0x2964, 0x000a, 0x0000, 0x0001, 0x9510, 0x006e, 0xcf17, 0x006e, 0xcf17, 0x0001, 0xadf3, 0x000b, 0x0000,
    0x0001, 0x18e3, 0x0001, 0x6b8c, 0x0001, 0xbe54, 0x0043, 0xcf17, 0x0001, 0xc6d6, 0x0001, 0x9510, 0x0001, 0x5b0a, 0x0001, 0x18e2,
    0x000d, 0x0000, 0x0001, 0x9d51, 0x006e, 0xcf17, 0x006f, 0xcf17, 0x0001, 0x52c9, 0x000d, 0x0000, 0x0001, 0x3a06, 0x0001, 0x846e,
    0x0001, 0xbe75, 0x003c, 0xcf17, 0x0001, 0xcef7, 0x0001, 0xa5b2, 0x0001, 0x6bcc, 0x0001, 0x31e6, 0x0001, 0x0020, 0x000f, 0x0000,
    0x0001, 0x2124, 0x0001, 0xcef7, 0x006e, 0xcf17, 0x006f, 0xcf17, 0x0001, 0xcef7, 0x0001, 0x7c2e, 0x0001, 0x18e3, 0x000e, 0x0000,
    0x0001, 0x31a5, 0x0001, 0x73ed, 0x0001, 0xb614, 0x0035, 0xcf17, 0x0001, 0xcef6, 0x0001, 0xa592, 0x0001, 0x73ed, 0x0001, 0x4247,
    0x0001, 0x1082, 0x0012, 0x0000, 0x0001, 0x3a27, 0x0001, 0xb634, 0x006f, 0xcf17, 0x0071, 0xcf17, 0x0001, 0xcef6, 0x0001, 0x846e,
    0x0001, 0x2123, 0x000f, 0x0000, 0x0001, 0x2103, 0x0001, 0x52c9, 0x0001, 0x846e, 0x0001, 0xb634, 0x002d, 0xcf17, 0x0001, 0xb634,
    0x0001, 0x8ccf, 0x0001, 0x636b, 0x0001, 0x31c6, 0x0001, 0x0841, 0x0013, 0x0000, 0x0001, 0x31a5, 0x0001, 0x7c0d, 0x0001, 0xbe75,
    0x0071, 0xcf17, 0x0073, 0xcf17, 0x0001, 0xcef7, 0x0001, 0x8ccf, 0x0001, 0x2964, 0x0011, 0x0000, 0x0001, 0x18c2, 0x0001, 0x4a88,
    0x0001, 0x73cc, 0x0001, 0x9510, 0x0001, 0xbe54, 0x0022, 0xcf17, 0x0001, 0xbe95, 0x0001, 0xa572, 0x0001, 0x846e, 0x0001, 0x5b2a,
    0x0001, 0x31c6, 0x0001, 0x0861, 0x0015, 0x0000, 0x0001, 0x2985, 0x0001, 0x73ed, 0x0001, 0xbe54, 0x0074, 0xcf17, 0x0076, 0xcf17,
    0x0001, 0xa572, 0x0001, 0x4aa8, 0x0001, 0x0841, 0x0013, 0x0000, 0x0001, 0x0881, 0x0001, 0x31a5, 0x0001, 0x52c9, 0x0001, 0x6bac,
    0x0001, 0x846e, 0x0001, 0x9d51, 0x0001, 0xb614, 0x0001, 0xced6, 0x0012, 0xcf17, 0x0001, 0xbe75, 0x0001, 0xa5b2, 0x0001, 0x94f0,
    0x0001, 0x7c2e, 0x0001, 0x638b, 0x0001, 0x4aa8, 0x0001, 0x31a5, 0x0001, 0x1081, 0x0017, 0x0000, 0x0001, 0x0020, 0x0001, 0x3a06,
    0x0001, 0x7c2e, 0x0001, 0xbe55, 0x0077, 0xcf17, 0x0078, 0xcf17, 0x0001, 0xc6b6, 0x0001, 0x7c2e, 0x0001, 0x2964, 0x0019, 0x0000,
    0x0001, 0x0861, 0x0001, 0x18e2, 0x0001, 0x2144, 0x0001, 0x2985, 0x0001, 0x39e6, 0x0007, 0x4247, 0x0001, 0x3a27, 0x0001, 0x31a5,
    0x0001, 0x2944, 0x0001, 0x18e3, 0x0001, 0x0881, 0x0001, 0x0020, 0x001c, 0x0000, 0x0001, 0x10c2, 0x0001, 0x4aa8, 0x0001, 0x8ccf,
    0x0001, 0xc6b6, 0x007a, 0xcf17, 0x007b, 0xcf17, 0x0001, 0xadd3, 0x0001, 0x636b, 0x0001, 0x2144, 0x0040, 0x0000, 0x0001, 0x0841,
    0x0001, 0x3a06, 0x0001, 0x73ed, 0x0001, 0xadf3, 0x007e, 0xcf17, 0x007e, 0xcf17, 0x0001, 0xb614, 0x0001, 0x73ed, 0x0001, 0x31a5,
    0x0039, 0x0000, 0x0001, 0x0861, 0x0001, 0x3a06, 0x0001, 0x6bac, 0x0001, 0x9d51, 0x0001, 0xced6, 0x0081, 0xcf17, 0x0081, 0xcf17,
    0x0001, 0xbe95, 0x0001, 0x8cd0, 0x0001, 0x5b2a, 0x0001, 0x2985, 0x0001, 0x0020, 0x002f, 0x0000, 0x0001, 0x0020, 0x0001, 0x2144,
    0x0001, 0x4a88, 0x0001, 0x7c0d, 0x0001, 0xadd3, 0x0001, 0xcef7, 0x0085, 0xcf17, 0x0085, 0xcf17, 0x0001, 0xc6b6, 0x0001, 0x9531,
    0x0001, 0x638b, 0x0001, 0x4247, 0x0001, 0x1903, 0x0026, 0x0000, 0x0001, 0x1082, 0x0001, 0x31a5, 0x0001, 0x52c9, 0x0001, 0x7c2e,
    0x0001, 0xa592, 0x0001, 0xced6, 0x008a, 0xcf17, 0x008a, 0xcf17, 0x0001, 0xc6d6, 0x0001, 0xa592, 0x0001, 0x846e, 0x0001, 0x5b2a,
    0x0001, 0x4267, 0x0001, 0x2985, 0x0001, 0x10c2, 0x0017, 0x0000, 0x0001, 0x0841, 0x0001, 0x2103, 0x0001, 0x31c5, 0x0001, 0x4a88,
    0x0001, 0x636b, 0x0001, 0x846e, 0x0001, 0xa592, 0x0001, 0xc695, 0x0090, 0xcf17, 0x0091, 0xcf17, 0x0001, 0xcef6, 0x0001, 0xb634,
    0x0001, 0x9d71, 0x0001, 0x9510, 0x0001, 0x8caf, 0x0001, 0x7c2e, 0x0001, 0x73cc, 0x0001, 0x638b, 0x0001, 0x5b2a, 0x0001, 0x52c9,
    0x0001, 0x52e9, 0x0004, 0x634a, 0x0001, 0x634b, 0x0001, 0x6bac, 0x0001, 0x7c2d, 0x0001, 0x848f, 0x0001, 0x94f0, 0x0001, 0x9d51,
    0x0001, 0xadf3, 0x0001, 0xc6b6, 0x0098, 0xcf17, 0x0140, 0xcf17, 0x0140, 0xcf17, 0x0140, 0xcf17, 0x0140, 0xcf17, 0x0140, 0xcf17,
    0x0140, 0xcf17, 0x0140, 0xcf17, 0x0140, 0xcf17, 0x0140, 0xcf17, 0x0140, 0xcf17, 0x0140, 0xcf17, 0x0140, 0xcf17, 0x0140, 0xcf17,
    0x0140, 0xcf17, 0x0140, 0xcf17, 0x0140, 0xcf17, 0x0140, 0xcf17, 0x0140, 0xcf17, 0x0140, 0xcf17, 0x0140, 0xcf17, 0x0140, 0xcf17,
    0x0140, 0xcf17, 0x0140, 0xcf17, 0x0140, 0xcf17, 0x0140, 0xcf17, 0x0140, 0xcf17, 0x0140, 0xcf17, 0x0140, 0xcf17, 0x0140, 0xcf17,
    0x0140, 0xcf17, 0x0140, 0xcf17, 0x0140, 0xcf17, 0x0140, 0xcf17, 0x0140, 0xcf17, 0x0140, 0xcf17, 0x0140, 0xcf17, 0x0140, 0xcf17,
    0x0140, 0xcf17, 0x0140, 0xcf17, 0x0140, 0xcf17, 0x0140, 0xcf17, 0x0140, 0xcf17, 0x0140, 0xcf17, 0x0140, 0xcf17, 0x0140, 0xcf17,
    0x0140, 0xcf17, 0x0140, 0xcf17, 0x0140, 0xcf17, 0x0140, 0xcf17, 0x0140, 0xcf17, 0x0140, 0xcf17, 0x0140, 0xcf17, 0x0140, 0xcf17,
    0x0140, 0xcf17, 0x0140, 0xcf17, 0x0140, 0xcf17, 0x0140, 0xcf17, 0x0140, 0xcf17, 0x0140, 0xcf17, 0x0140, 0xcf17, 0x0140, 0xcf17,
    0x0140, 0xcf17, 0x0140, 0xcf17, 0x0140, 0xcf17, 0x0140, 0xcf17, 0x0140, 0xcf17, 0x0140, 0xcf17, 0x0140, 0xcf17, 0x0140, 0xcf17,
    0x0140, 0xcf17, 0x0140, 0xcf17, 0x0140, 0xcf17, 0x0140, 0xcf17, 0x0140, 0xcf17, 0x0140, 0xcf17, 0x0140, 0xcf17, 0x0140, 0xcf17,
    0x0140, 0xcf17, 0x0140, 0xcf17, 0x0140, 0xcf17, 0x0140, 0xcf17, 0x0140, 0xcf17, 0x0140, 0xcf17, 0x0140, 0xcf17, 0x0140, 0xcf17,
    0x0140, 0xcf17, 0x0140, 0xcf17, 0x0140, 0xcf17, 0x0140, 0xcf17, 0x0140, 0xcf17, 0x0140, 0xcf17, 0x0140, 0xcf17, 0x0140, 0xcf17,
    0x0140, 0xcf17, 0x0140, 0xcf17, 0x0140, 0xcf17, 0x0140, 0xcf17, 0x0140, 0xcf17, 0x0140, 0xcf17, 0x0140, 0xcf17, 0x0140, 0xcf17,
    0x0140, 0xcf17, 0x0140, 0xcf17, 0x0140, 0xcf17, 0x0140, 0xcf17, 0x0140, 0xcf17, 0x0140, 0xcf17, 0x0140, 0xcf17, 0x0140, 0xcf17,
    0x0140, 0xcf17, 0x0140, 0xcf17, 0x0140, 0xcf17, 0x0140, 0xcf17, 0x0140, 0xcf17, 0x0140, 0xcf17, 0x0140, 0xcf17, 0x0140, 0xcf17,
};

// Asset 11: 2284 runs, 9136 bytes
static const uint16_t s_asset_11_data[4568] = {
    0x0140, 0xcf17, 0x0140, 0xcf17, 0x0140, 0xcf17, 0x0140, 0xcf17, 0x0140, 0xcf17, 0x0140, 0xcf17, 0x0140, 0xcf17, 0x0140, 0xcf17,
    0x0140, 0xcf17, 0x0140, 0xcf17, 0x0140, 0xcf17, 0x0140, 0xcf17, 0x0140, 0xcf17, 0x0140, 0xcf17, 0x0140, 0xcf17, 0x0140, 0xcf17,
    0x0140, 0xcf17, 0x0140, 0xcf17, 0x0140, 0xcf17, 0x0140, 0xcf17, 0x0140, 0xcf17, 0x0140, 0xcf17, 0x0140, 0xcf17, 0x0140, 0xcf17,
    0x0140, 0xcf17, 0x0140, 0xcf17, 0x0140, 0xcf17, 0x0140, 0xcf17, 0x0140, 0xcf17, 0x0140, 0xcf17, 0x0140, 0xcf17, 0x0140, 0xcf17,
    0x0140, 0xcf17, 0x0140, 0xcf17, 0x0140, 0xcf17, 0x0140, 0xcf17, 0x0140, 0xcf17, 0x0140, 0xcf17, 0x0140, 0xcf17, 0x0140, 0xcf17,
    0x0140, 0xcf17, 0x0140, 0xcf17, 0x0140, 0xcf17, 0x0140, 0xcf17, 0x0140, 0xcf17, 0x0140, 0xcf17, 0x0140, 0xcf17, 0x0140, 0xcf17,
    0x0140, 0xcf17, 0x0140, 0xcf17, 0x0140, 0xcf17, 0x00da, 0xcf17, 0x0001, 0xced6, 0x0001, 0x94f0, 0x0001, 0x7c2e, 0x0001, 0x94f0,
    0x0001, 0xc6b6, 0x0061, 0xcf17, 0x00d9, 0xcf17, 0x0001, 0x94f0, 0x0001, 0x10a2, 0x0003, 0x0000, 0x0001, 0x0841, 0x0001, 0x6b8c,
    0x0001, 0xced6, 0x005f, 0xcf17, 0x00d8, 0xcf17, 0x0001, 0x94f0, 0x0001, 0x0020, 0x0006, 0x0000, 0x0001, 0x2985, 0x0001, 0xbe75,
    0x005e, 0xcf17, 0x00d7, 0xcf17, 0x0001, 0xc695, 0x0001, 0x10a2, 0x0008, 0x0000, 0x0001, 0x2144, 0x0001, 0xc6b6, 0x005d, 0xcf17,
    0x00d7, 0xcf17, 0x0001, 0x6bac, 0x000a, 0x0000, 0x0001, 0x4227, 0x0001, 0xcef7, 0x005c, 0xcf17, 0x00d7, 0xcf17, 0x0001, 0x1903,
    0x000b, 0x0000, 0x0001, 0x846e, 0x005c, 0xcf17, 0x00d6, 0xcf17, 0x0001, 0xb634, 0x000c, 0x0000, 0x0001, 0x1082, 0x0001, 0xc695,
    0x005b, 0xcf17, 0x00d6, 0xcf17, 0x0001, 0x8caf, 0x000d, 0x0000, 0x0001, 0x6b8b, 0x005b, 0xcf17, 0x00d6, 0xcf17, 0x0001, 0x6bcc,
    0x000d, 0x0000, 0x0001, 0x1082, 0x0001, 0xced6, 0x005a, 0xcf17, 0x00d6, 0xcf17, 0x0001, 0x634b, 0x000e, 0x0000, 0x0001, 0x8caf,
    0x005a, 0xcf17, 0x00d6, 0xcf17, 0x0001, 0x5b0a, 0x000e, 0x0000, 0x0001, 0x4a68, 0x005a, 0xcf17, 0x00d6, 0xcf17, 0x0001, 0x636b,
    0x000e, 0x0000, 0x0001, 0x0861, 0x0001, 0xcef6, 0x0059, 0xcf17, 0x00d6, 0xcf17, 0x0001, 0x73ed, 0x000f, 0x0000, 0x0001, 0xa592,
    0x0059, 0xcf17, 0x00d6, 0xcf17, 0x0001, 0x8ccf, 0x000f, 0x0000, 0x0001, 0x7c2e, 0x0059, 0xcf17, 0x00d6, 0xcf17, 0x0001, 0xb614,
    0x000f, 0x0000, 0x0001, 0x5b2a, 0x0059, 0xcf17, 0x00d6, 0xcf17, 0x0001, 0xcef7, 0x0001, 0x0861, 0x000e, 0x0000, 0x0001, 0x4a68,
    0x0059, 0xcf17, 0x00d7, 0xcf17, 0x0001, 0x4227, 0x000b, 0x0000, 0x0001, 0x10a2, 0x0001, 0x4a88, 0x0001, 0x7c0d, 0x0001, 0xa5b2,
    0x0059, 0xcf17, 0x00d7, 0xcf17, 0x0001, 0x7c2e, 0x0008, 0x0000, 0x0001, 0x0020, 0x0001, 0x52c9, 0x0001, 0x9d51, 0x0001, 0xcef7,
    0x005c, 0xcf17, 0x00d7, 0xcf17, 0x0001, 0xc695, 0x0001, 0x0020, 0x0005, 0x0000, 0x0001, 0x0020, 0x0001, 0x5b0a, 0x0001, 0xbe55,
    0x001c, 0xcf17, 0x0001, 0xbe55, 0x0001, 0x9531, 0x0001, 0xc6b6, 0x0040, 0xcf17, 0x00d8, 0xcf17, 0x0001, 0x4a88, 0x0004, 0x0000,
    0x0001, 0x2964, 0x0001, 0xadd3, 0x001c, 0xcf17, 0x0001, 0xc6b6, 0x0001, 0x73cd, 0x0001, 0x2124, 0x0001, 0x20e4, 0x0001, 0x39e7,
    0x0001, 0xcef7, 0x003f, 0xcf17, 0x00d8, 0xcf17, 0x0001, 0xadf3, 0x0003, 0x0000, 0x0001, 0x5b2a, 0x0001, 0xcef6, 0x001c, 0xcf17,
    0x0001, 0x94f0, 0x0001, 0x31a6, 0x0004, 0x20e4, 0x0001, 0xbe54, 0x003f, 0xcf17, 0x00d9, 0xcf17, 0x0001, 0x52c9, 0x0001, 0x0000,
    0x0001, 0x7c2e, 0x000f, 0xcf17, 0x0001, 0xcef7, 0x0001, 0x6b8c, 0x0001, 0x2945, 0x0001, 0x52ea, 0x0001, 0xcef6, 0x0008, 0xcf17,
    0x0001, 0xb5f3, 0x0001, 0x4a69, 0x0005, 0x20e4, 0x0001, 0x4aa9, 0x0001, 0xcef7, 0x003f, 0xcf17, 0x00d9, 0xcf17, 0x0001, 0xbe95,
    0x0001, 0x8caf, 0x000f, 0xcf17, 0x0001, 0xcef7, 0x0001, 0x5b2b, 0x0003, 0x20e4, 0x0001, 0x9d31, 0x0006, 0xcf17, 0x0001, 0xc6b6,
    0x0001, 0x6b8c, 0x0001, 0x2104, 0x0004, 0x20e4, 0x0001, 0x2965, 0x0001, 0x846f, 0x0001, 0xcef7, 0x0040, 0xcf17, 0x00e9, 0xcf17,
    0x0001, 0xcef7, 0x0001, 0x5b2b, 0x0004, 0x20e4, 0x0001, 0x8caf, 0x0004, 0xcf17, 0x0001, 0xcef7, 0x0001, 0x8cd0, 0x0001, 0x3186,
    0x0004, 0x20e4, 0x0001, 0x2104, 0x0001, 0x5b2b, 0x0001, 0xbe95, 0x0042, 0xcf17, 0x00e8, 0xcf17, 0x0001, 0xcef7, 0x0001, 0x5b0a,
    0x0005, 0x20e4, 0x0001, 0x846e, 0x0003, 0xcf17, 0x0001, 0xadd3, 0x0001, 0x4248, 0x0005, 0x20e4, 0x0001, 0x4248, 0x0001, 0xadb3,
    0x0044, 0xcf17, 0x00e7, 0xcf17, 0x0001, 0xcef7, 0x0001, 0x5b0b, 0x0006, 0x20e4, 0x0001, 0x7c0e, 0x0001, 0xcf17, 0x0001, 0xc695,
    0x0001, 0x6b8c, 0x0001, 0x2104, 0x0004, 0x20e4, 0x0001, 0x2965, 0x0001, 0x844f, 0x0001, 0xcef7, 0x0045, 0xcf17, 0x00e6, 0xcf17,
    0x0001, 0xcef6, 0x0001, 0x5aea, 0x0003, 0x20e4, 0x0001, 0x2104, 0x0003, 0x20e4, 0x0001, 0x6bac, 0x0001, 0x846f, 0x0001, 0x2965,
    0x0004, 0x20e4, 0x0001, 0x2104, 0x0001, 0x6b8c, 0x0001, 0xc6b6, 0x0047, 0xcf17, 0x00e5, 0xcf17, 0x0001, 0xcef6, 0x0001, 0x52ea,
    0x0003, 0x20e4, 0x0001, 0x2104, 0x0001, 0x8cd0, 0x0001, 0x2104, 0x0002, 0x20e4, 0x0001, 0x2104, 0x0005, 0x20e4, 0x0001, 0x4a69,
    0x0001, 0xb5f3, 0x0049, 0xcf17, 0x00e4, 0xcf17, 0x0001, 0xcef6, 0x0001, 0x52ca, 0x0003, 0x20e4, 0x0001, 0x2104, 0x0001, 0x94f0,
    0x0001, 0xcf17, 0x0001, 0x2965, 0x0006, 0x20e4, 0x0001, 0x31a6, 0x0001, 0x94f0, 0x004b, 0xcf17, 0x00e3, 0xcf17, 0x0001, 0xcef6,
    0x0001, 0x52ca, 0x0003, 0x20e4, 0x0001, 0x2104, 0x0001, 0x8cd0, 0x0002, 0xcf17, 0x0001, 0x31a6, 0x0004, 0x20e4, 0x0001, 0x2104,
    0x0001, 0x6b8c, 0x0001, 0xc6b6, 0x004c, 0xcf17, 0x00e2, 0xcf17, 0x0001, 0xced6, 0x0001, 0x52ca, 0x0003, 0x20e4, 0x0001, 0x2104,
    0x0001, 0x9511, 0x0003, 0xcf17, 0x0001, 0x4248, 0x0003, 0x20e4, 0x0001, 0x52a9, 0x0001, 0xb634, 0x004e, 0xcf17, 0x00da, 0xcf17,
    0x0001, 0xc6b6, 0x0001, 0xa592, 0x0001, 0xc6d6, 0x0004, 0xcf17, 0x0001, 0xced6, 0x0001, 0x52a9, 0x0003, 0x20e4, 0x0001, 0x2104,
    0x0001, 0x9511, 0x0004, 0xcf17, 0x0001, 0xa592, 0x0001, 0x39c7, 0x0001, 0x4207, 0x0001, 0x9d31, 0x0050, 0xcf17, 0x00d9, 0xcf17,
    0x0001, 0xadb3, 0x0001, 0x31a6, 0x0001, 0x20e4, 0x0001, 0x39c7, 0x0001, 0xc6d6, 0x0002, 0xcf17, 0x0001, 0xced6, 0x0001, 0x52a9,
    0x0003, 0x20e4, 0x0001, 0x2104, 0x0001, 0x9511, 0x0059, 0xcf17, 0x00d8, 0xcf17, 0x0001, 0x848f, 0x0001, 0x2104, 0x0003, 0x20e4,
    0x0001, 0xa572, 0x0001, 0xcf17, 0x0001, 0xced6, 0x0001, 0x4aa9, 0x0003, 0x20e4, 0x0001, 0x2104, 0x0001, 0x9d31, 0x005a, 0xcf17,
    0x0050, 0xcf17, 0x0001, 0xadf3, 0x0001, 0x5b0a, 0x0001, 0x4227, 0x0001, 0x4a88, 0x0001, 0x846e, 0x0001, 0xced6, 0x0080, 0xcf17,
    0x0001, 0xc6d6, 0x0001, 0x632b, 0x0005, 0x20e4, 0x0001, 0x94f0, 0x0001, 0xc6d6, 0x0001, 0x4a89, 0x0003, 0x20e4, 0x0001, 0x2124,
    0x0001, 0x9d31, 0x005b, 0xcf17, 0x004f, 0xcf17, 0x0001, 0x7c2d, 0x0005, 0x0000, 0x0001, 0x18e3, 0x0001, 0x9511, 0x007e, 0xcf17,
    0x0001, 0xbe55, 0x0001, 0x4228, 0x0006, 0x20e4, 0x0001, 0x846e, 0x0001, 0x4a89, 0x0003, 0x20e4, 0x0001, 0x2104, 0x0001, 0x9d31,
    0x005c, 0xcf17, 0x004e, 0xcf17, 0x0001, 0x8ccf, 0x0007, 0x0000, 0x0001, 0x0020, 0x0001, 0x844e, 0x007c, 0xcf17, 0x0001, 0x9d31,
    0x0001, 0x2945, 0x0007, 0x20e4, 0x0001, 0x2125, 0x0003, 0x20e4, 0x0001, 0x2125, 0x0001, 0x9d51, 0x005d, 0xcf17, 0x004d, 0xcf17,
    0x0001, 0xc6b6, 0x0001, 0x10a2, 0x0009, 0x0000, 0x0001, 0x8cd0, 0x0079, 0xcf17, 0x0001, 0xcef7, 0x0001, 0x7c2e, 0x0001, 0x2104,
    0x0003, 0x20e4, 0x0001, 0x2945, 0x0001, 0x94d0, 0x0006, 0x20e4, 0x0001, 0x2124, 0x0001, 0x9d31, 0x005e, 0xcf17, 0x004d, 0xcf17,
    0x0001, 0x7c4e, 0x000a, 0x0000, 0x0001, 0x0841, 0x0001, 0xadf3, 0x0077, 0xcf17, 0x0001, 0xc695, 0x0001, 0x52a9, 0x0004, 0x20e4,
    0x0001, 0x39e7, 0x0001, 0xb614, 0x0001, 0xcf17, 0x0001, 0x2125, 0x0004, 0x20e4, 0x0001, 0x2125, 0x0001, 0x9d52, 0x005f, 0xcf17,
    0x004d, 0xcf17, 0x0001, 0x31c5, 0x000b, 0x0000, 0x0001, 0x31c6, 0x0076, 0xcf17, 0x0001, 0xadd3, 0x0001, 0x31c6, 0x0004, 0x20e4,
    0x0001, 0x52ca, 0x0001, 0xc6b6, 0x0002, 0xcf17, 0x0001, 0x3186, 0x0003, 0x20e4, 0x0001, 0x2125, 0x0001, 0xa572, 0x0060, 0xcf17,
    0x004c, 0xcf17, 0x0001, 0xcef6, 0x0001, 0x0040, 0x000c, 0x0000, 0x0001, 0x8caf, 0x0074, 0xcf17, 0x0001, 0x8caf, 0x0001, 0x2125,
    0x0003, 0x20e4, 0x0001, 0x2104, 0x0001, 0x846e, 0x0004, 0xcf17, 0x0001, 0x4228, 0x0002, 0x20e4, 0x0001, 0x2125, 0x0001, 0xa572,
    0x0061, 0xcf17, 0x004c, 0xcf17, 0x0001, 0xadb3, 0x000d, 0x0000, 0x0001, 0x2944, 0x0073, 0xcf17, 0x0001, 0x6b8c, 0x0004, 0x20e4,
    0x0001, 0x3186, 0x0001, 0xa592, 0x0005, 0xcf17, 0x0001, 0x9531, 0x0001, 0x2945, 0x0001, 0x3186, 0x0001, 0xa592, 0x0062, 0xcf17,
    0x004c, 0xcf17, 0x0001, 0x9510, 0x000e, 0x0000, 0x0001, 0x9d51, 0x0071, 0xcf17, 0x0001, 0xb5f3, 0x0004, 0x20e4, 0x0001, 0x4a68,
    0x0001, 0xbe75, 0x0007, 0xcf17, 0x0001, 0xcef7, 0x0064, 0xcf17, 0x004c, 0xcf17, 0x0001, 0x8caf, 0x000e, 0x0000, 0x0001, 0x4a88,
    0x0071, 0xcf17, 0x0001, 0xbe75, 0x0001, 0x2104, 0x0002, 0x20e4, 0x0001, 0x6b8c, 0x0001, 0xcef6, 0x006d, 0xcf17, 0x004c, 0xcf17,
    0x0001, 0x848f, 0x000e, 0x0000, 0x0001, 0x1081, 0x0001, 0xcef7, 0x0071, 0xcf17, 0x0001, 0xa572, 0x0001, 0x6b8c, 0x0001, 0x9d31,
    0x006f, 0xcf17, 0x004c, 0xcf17, 0x0001, 0x94f0, 0x000f, 0x0000, 0x0001, 0x9d72, 0x00e3, 0xcf17, 0x004c, 0xcf17, 0x0001, 0xa572,
    0x000f, 0x0000, 0x0001, 0x7c4e, 0x00e3, 0xcf17, 0x004c, 0xcf17, 0x0001, 0xc695, 0x000f, 0x0000, 0x0001, 0x634b, 0x00e3, 0xcf17,
    0x004d, 0xcf17, 0x0001, 0x18c2, 0x000e, 0x0000, 0x0001, 0x4268, 0x0046, 0xcf17, 0x0001, 0xcef7, 0x0001, 0xbe55, 0x0001, 0xa592,
    0x0001, 0x94f0, 0x0002, 0x8cd0, 0x0001, 0x94f0, 0x0001, 0xa592, 0x0001, 0xbe75, 0x0094, 0xcf17, 0x004d, 0xcf17, 0x0001, 0x4247,
    0x000e, 0x0000, 0x0001, 0x31a5, 0x003f, 0xcf17, 0x0001, 0xadd3, 0x0001, 0x73ed, 0x0001, 0x4267, 0x0001, 0x2144, 0x0001, 0x10a2,
    0x0001, 0x0840, 0x000c, 0x0000, 0x0001, 0x0020, 0x0001, 0x0861, 0x0001, 0x4a88, 0x0001, 0x636b, 0x0001, 0x7c4e, 0x0001, 0xa592,
    0x0001, 0xc6d6, 0x008b, 0xcf17, 0x004d, 0xcf17, 0x0001, 0x846e, 0x000e, 0x0000, 0x0001, 0x2123, 0x003a, 0xcf17, 0x0001, 0xc6d6,
    0x0001, 0x7c4e, 0x0001, 0x4227, 0x0001, 0x10c2, 0x001a, 0x0000, 0x0001, 0x1903, 0x0001, 0x4a88, 0x0001, 0x7c2d, 0x0001, 0xadd3,
    0x0001, 0xcef7, 0x0086, 0xcf17, 0x004d, 0xcf17, 0x0001, 0xbe75, 0x0001, 0x0020, 0x000d, 0x0000, 0x0001, 0x10a2, 0x0038, 0xcf17,
    0x0001, 0x844e, 0x0001, 0x2144, 0x0009, 0x0000, 0x0001, 0x0841, 0x0001, 0x2124, 0x0001, 0x39e7, 0x0001, 0x528a, 0x0001, 0x5b0c,
    0x0001, 0x6b8e, 0x0004, 0x7bef, 0x0001, 0x6b8e, 0x0001, 0x630c, 0x0001, 0x2965, 0x0002, 0x0000, 0x0001, 0x0020, 0x0009, 0x0000,
    0x0001, 0x1081, 0x0001, 0x4a88, 0x0001, 0x8caf, 0x0001, 0xc695, 0x0083, 0xcf17, 0x004e, 0xcf17, 0x0001, 0x3a06, 0x000c, 0x0000,
    0x0001, 0x18e3, 0x0001, 0x6bac, 0x0036, 0xcf17, 0x0001, 0x848e, 0x0001, 0x0881, 0x0009, 0x0000, 0x0001, 0xa534, 0x0001, 0xd6db,
    0x000c, 0xef7d, 0x0001, 0x2965, 0x0002, 0x0000, 0x0001, 0x5400, 0x0001, 0x5c40, 0x0001, 0x4bc0, 0x0001, 0x3b00, 0x0001, 0x2a40,
    0x0001, 0x1980, 0x0001, 0x08a0, 0x0006, 0x0000, 0x0001, 0x0020, 0x0001, 0x39e6, 0x0001, 0x846e, 0x0001, 0xc6b6, 0x0080, 0xcf17,
    0x004e, 0xcf17, 0x0001, 0x9d51, 0x000a, 0x0000, 0x0001, 0x2144, 0x0001, 0x848f, 0x0001, 0xcef7, 0x0035, 0xcf17, 0x0001, 0xb614,
    0x0001, 0x18e3, 0x0004, 0x0000, 0x0001, 0x10a2, 0x0001, 0x634d, 0x0001, 0xa534, 0x0001, 0xd6db, 0x0001, 0x5aeb, 0x0002, 0x0000,
    0x0001, 0x73ae, 0x000c, 0xef7d, 0x0001, 0x8c92, 0x0002, 0x0000, 0x0001, 0x1980, 0x0007, 0x5c80, 0x0001, 0x5420, 0x0001, 0x3b00,
    0x0001, 0x29e0, 0x0001, 0x08c0, 0x0005, 0x0000, 0x0001, 0x0841, 0x0001, 0x4a88, 0x0001, 0x9d51, 0x007e, 0xcf17, 0x004f, 0xcf17,
    0x0001, 0x2985, 0x0007, 0x0000, 0x0001, 0x0840, 0x0001, 0x6bac, 0x0001, 0xcef7, 0x0036, 0xcf17, 0x0001, 0x636b, 0x0004, 0x0000,
    0x0001, 0x31a6, 0x0001, 0xad75, 0x0004, 0xef7d, 0x0001, 0xdf1c, 0x0002, 0x0000, 0x0001, 0x0020, 0x0001, 0xbdf7, 0x000a, 0xef7d,
    0x0001, 0xbe18, 0x0001, 0x0841, 0x0001, 0x0000, 0x0001, 0x0020, 0x0001, 0x53e0, 0x000b, 0x5c80, 0x0001, 0x53e0, 0x0001, 0x3280,
    0x0001, 0x1920, 0x0005, 0x0000, 0x0001, 0x2964, 0x0001, 0x846e, 0x0001, 0xced6, 0x007b, 0xcf17, 0x004f, 0xcf17, 0x0001, 0x9d72,
    0x0006, 0x0000, 0x0001, 0x2985, 0x0001, 0xb634, 0x0036, 0xcf17, 0x0001, 0xced6, 0x0001, 0x2964, 0x0003, 0x0000, 0x0001, 0x1904,
    0x0001, 0xa534, 0x0007, 0xef7d, 0x0001, 0x39e7, 0x0002, 0x0000, 0x0001, 0x18c3, 0x0001, 0xc659, 0x0008, 0xef7d, 0x0001, 0xbe18,
    0x0001, 0x10a2, 0x0002, 0x0000, 0x0001, 0x3280, 0x000f, 0x5c80, 0x0001, 0x5400, 0x0001, 0x3260, 0x0001, 0x10c0, 0x0004, 0x0000,
    0x0001, 0x10a2, 0x0001, 0x73ed, 0x0001, 0xc6d6, 0x0079, 0xcf17, 0x0050, 0xcf17, 0x0001, 0x5b2a, 0x0004, 0x0000, 0x0001, 0x3a06,
    0x0001, 0xc6b6, 0x001a, 0xcf17, 0x0001, 0x8cd0, 0x0001, 0x52a9, 0x0001, 0x7c2e, 0x0001, 0xcef7, 0x0018, 0xcf17, 0x0001, 0xa592,
    0x0001, 0x0020, 0x0003, 0x0000, 0x0001, 0x5b0c, 0x0001, 0xe73c, 0x0008, 0xef7d, 0x0001, 0x8c92, 0x0003, 0x0000, 0x0001, 0x0861,
    0x0001, 0x8c92, 0x0005, 0xef7d, 0x0001, 0xe75d, 0x0001, 0x8430, 0x0001, 0x0861, 0x0002, 0x0000, 0x0001, 0x21a0, 0x0013, 0x5c80,
    0x0001, 0x4360, 0x0001, 0x1980, 0x0004, 0x0000, 0x0001, 0x10a2, 0x0001, 0x73ed, 0x0001, 0xced6, 0x0077, 0xcf17, 0x0050, 0xcf17,
    0x0001, 0xc6d6, 0x0001, 0x2144, 0x0002, 0x0000, 0x0001, 0x4268, 0x0001, 0xcef6, 0x0019, 0xcf17, 0x0001, 0xbe75, 0x0001, 0x52ca,
    0x0003, 0x20e4, 0x0001, 0x9d51, 0x0017, 0xcf17, 0x0001, 0x9d51, 0x0003, 0x0000, 0x0001, 0x0861, 0x0001, 0xa555, 0x000a, 0xef7d,
    0x0001, 0xc638, 0x0005, 0x0000, 0x0001, 0x2104, 0x0001, 0x632c, 0x0001, 0x8451, 0x0001, 0x7bef, 0x0001, 0x5acb, 0x0001, 0x10a2,
    0x0003, 0x0000, 0x0001, 0x21a0, 0x0001, 0x5c60, 0x0015, 0x5c80, 0x0001, 0x5400, 0x0001, 0x2a00, 0x0001, 0x0020, 0x0003, 0x0000,
    0x0001, 0x1903, 0x0001, 0x8cd0, 0x0076, 0xcf17, 0x0051, 0xcf17, 0x0001, 0xb634, 0x0001, 0x2123, 0x0001, 0x31e6, 0x0001, 0xced6,
    0x0019, 0xcf17, 0x0001, 0x94f0, 0x0001, 0x2965, 0x0004, 0x20e4, 0x0001, 0x9d31, 0x0016, 0xcf17, 0x0001, 0x848f, 0x0004, 0x0000,
    0x0001, 0x8430, 0x000b, 0xef7d, 0x0001, 0xe75d, 0x0002, 0x0000, 0x0001, 0x10c0, 0x0001, 0x0020, 0x0008, 0x0000, 0x0001, 0x0040,
    0x0001, 0x3280, 0x0019, 0x5c80, 0x0001, 0x5420, 0x0001, 0x2a20, 0x0001, 0x0020, 0x0003, 0x0000, 0x0001, 0x31e6, 0x0001, 0xadf3,
    0x0074, 0xcf17, 0x0061, 0xcf17, 0x0001, 0xcef7, 0x0001, 0x94d0, 0x0001, 0x7c4e, 0x0001, 0xc6b6, 0x0007, 0xcf17, 0x0001, 0xbe95,
    0x0001, 0x5aea, 0x0004, 0x20e4, 0x0001, 0x2104, 0x0001, 0x6bac, 0x0001, 0xcef7, 0x0015, 0xcf17, 0x0001, 0x73ed, 0x0005, 0x0000,
    0x0001, 0x2124, 0x0001, 0xe75d, 0x000b, 0xef7d, 0x0002, 0x0000, 0x0001, 0x1980, 0x0001, 0x53e0, 0x0001, 0x21c0, 0x0001, 0x0040,
    0x0004, 0x0000, 0x0001, 0x08c0, 0x0001, 0x2a20, 0x0001, 0x5420, 0x001c, 0x5c80, 0x0001, 0x5420, 0x0001, 0x21c0, 0x0003, 0x0000,
    0x0001, 0x0020, 0x0001, 0x6bac, 0x0001, 0xcef6, 0x0072, 0xcf17, 0x0060, 0xcf17, 0x0001, 0xcef6, 0x0001, 0x5b0a, 0x0002, 0x20e4,
    0x0001, 0x52ca, 0x0006, 0xcf17, 0x0001, 0x9511, 0x0001, 0x2965, 0x0004, 0x20e4, 0x0001, 0x31c6, 0x0001, 0xa592, 0x0016, 0xcf17,
    0x0001, 0x73ec, 0x0003, 0x0000, 0x0001, 0x52aa, 0x0001, 0x0020, 0x0002, 0x0000, 0x0001, 0x6b6d, 0x000a, 0xef7d, 0x0001, 0xc659,
    0x0002, 0x0000, 0x0001, 0x2a00, 0x0003, 0x5c80, 0x0001, 0x5400, 0x0001, 0x4380, 0x0001, 0x4ba0, 0x0001, 0x5400, 0x0021, 0x5c80,
    0x0001, 0x4ba0, 0x0001, 0x1100, 0x0003, 0x0000, 0x0001, 0x2944, 0x0001, 0xadd3, 0x0071, 0xcf17, 0x005f, 0xcf17, 0x0001, 0xc6d6,
    0x0001, 0x52a9, 0x0003, 0x20e4, 0x0001, 0x31a6, 0x0004, 0xcf17, 0x0001, 0xc695, 0x0001, 0x5b0a, 0x0004, 0x20e4, 0x0001, 0x2104,
    0x0001, 0x636c, 0x0001, 0xc6b6, 0x0016, 0xcf17, 0x0001, 0x73ed, 0x0003, 0x0000, 0x0001, 0x6b6d, 0x0001, 0xef7d, 0x0001, 0x52aa,
    0x0003, 0x0000, 0x0001, 0x7bef, 0x0009, 0xef7d, 0x0001, 0x738e, 0x0002, 0x0000, 0x0001, 0x3b00, 0x002a, 0x5c80, 0x0001, 0x32a0,
    0x0001, 0x0040, 0x0002, 0x0000, 0x0001, 0x0040, 0x0001, 0x848f, 0x0070, 0xcf17, 0x005e, 0xcf17, 0x0001, 0xc6b6, 0x0001, 0x4a68,
    0x0004, 0x20e4, 0x0001, 0x4228, 0x0003, 0xcf17, 0x0001, 0x9d31, 0x0001, 0x3186, 0x0004, 0x20e4, 0x0001, 0x31a6, 0x0001, 0x9d52,
    0x0017, 0xcf17, 0x0001, 0x846e, 0x0003, 0x0000, 0x0001, 0x6b6d, 0x0002, 0xef7d, 0x0001, 0xad96, 0x0004, 0x0000, 0x0001, 0x4228,
    0x0001, 0xc659, 0x0006, 0xef7d, 0x0001, 0x8c71, 0x0002, 0x0000, 0x0001, 0x0040, 0x0001, 0x5c60, 0x002b, 0x5c80, 0x0001, 0x5400,
    0x0001, 0x1960, 0x0003, 0x0000, 0x0001, 0x634a, 0x0001, 0xcef7, 0x006e, 0xcf17, 0x005d, 0xcf17, 0x0001, 0xbe75, 0x0001, 0x4207,
    0x0005, 0x20e4, 0x0001, 0x52a9, 0x0001, 0xcf17, 0x0001, 0xc6b6, 0x0001, 0x636b, 0x0005, 0x20e4, 0x0001, 0x5b0a, 0x0001, 0xc696,
    0x0017, 0xcf17, 0x0001, 0xa572, 0x0003, 0x0000, 0x0001, 0x634d, 0x0003, 0xef7d, 0x0001, 0xe75d, 0x0001, 0x0020, 0x0005, 0x0000,
    0x0001, 0x31c7, 0x0001, 0x73ae, 0x0002, 0x8c71, 0x0001, 0x738e, 0x0001, 0x2945, 0x0003, 0x0000, 0x0001, 0x3b00, 0x002e, 0x5c80,
    0x0001, 0x3280, 0x0003, 0x0000, 0x0001, 0x3a27, 0x0001, 0xced6, 0x006d, 0xcf17, 0x005c, 0xcf17, 0x0001, 0xbe54, 0x0001, 0x39c7,
    0x0006, 0x20e4, 0x0001, 0x5b2b, 0x0001, 0x9d52, 0x0001, 0x31a6, 0x0004, 0x20e4, 0x0001, 0x3186, 0x0001, 0x9d31, 0x0018, 0xcf17,
    0x0001, 0xb634, 0x0001, 0x0020, 0x0002, 0x0000, 0x0001, 0x52cb, 0x0005, 0xef7d, 0x0001, 0x31a6, 0x0001, 0x0000, 0x0001, 0x0060,
    0x0001, 0x10e0, 0x0009, 0x0000, 0x0001, 0x0020, 0x0001, 0x3ac0, 0x0030, 0x5c80, 0x0001, 0x4340, 0x0001, 0x0040, 0x0002, 0x0000,
    0x0001, 0x3a06, 0x0001, 0xced6, 0x006c, 0xcf17, 0x005b, 0xcf17, 0x0001, 0xb614, 0x0001, 0x31a6, 0x0003, 0x20e4, 0x0001, 0x2945,
    0x0003, 0x20e4, 0x0001, 0x2965, 0x0005, 0x20e4, 0x0001, 0x632b, 0x0001, 0xc6b6, 0x0018, 0xcf17, 0x0001, 0xcef7, 0x0001, 0x10c2,
    0x0002, 0x0000, 0x0001, 0x39c7, 0x0001, 0xe75d, 0x0005, 0xef7d, 0x0001, 0x528a, 0x0002, 0x0000, 0x0001, 0x5c60, 0x0001, 0x4320,
    0x0001, 0x1940, 0x0001, 0x0020, 0x0004, 0x0000, 0x0001, 0x0040, 0x0001, 0x21a0, 0x0001, 0x4bc0, 0x0032, 0x5c80, 0x0001, 0x4be0,
    0x0001, 0x0880, 0x0002, 0x0000, 0x0001, 0x3a06, 0x0001, 0xced6, 0x006b, 0xcf17, 0x005a, 0xcf17, 0x0001, 0xadd3, 0x0001, 0x2965,
    0x0003, 0x20e4, 0x0001, 0x3186, 0x0001, 0x9d51, 0x0007, 0x20e4, 0x0001, 0x3186, 0x0001, 0x9511, 0x001a, 0xcf17, 0x0001, 0x3a27,
    0x0002, 0x0000, 0x0001, 0x2124, 0x0001, 0xdefb, 0x0006, 0xef7d, 0x0001, 0x6b6d, 0x0002, 0x0000, 0x0001, 0x53e0, 0x0002, 0x5c80,
    0x0001, 0x5c60, 0x0001, 0x4ba0, 0x0002, 0x4360, 0x0001, 0x4bc0, 0x0001, 0x5c60, 0x0035, 0x5c80, 0x0001, 0x53e0, 0x0001, 0x0880,
    0x0002, 0x0000, 0x0001, 0x4247, 0x0001, 0xcef7, 0x006a, 0xcf17, 0x0059, 0xcf17, 0x0001, 0xa592, 0x0001, 0x2945, 0x0003, 0x20e4,
    0x0001, 0x31a6, 0x0001, 0xb614, 0x0001, 0xb5f4, 0x0006, 0x20e4, 0x0001, 0x5b0b, 0x0001, 0xc695, 0x001a, 0xcf17, 0x0001, 0x7c4e,
    0x0002, 0x0000, 0x0001, 0x0841, 0x0001, 0xc638, 0x0007, 0xef7d, 0x0001, 0x73ae, 0x0002, 0x0000, 0x0001, 0x4bc0, 0x003e, 0x5c80,
    0x0001, 0x4be0, 0x0001, 0x0880, 0x0002, 0x0000, 0x0001, 0x6b8b, 0x006a, 0xcf17, 0x004f, 0xcf17, 0x0001, 0xbe55, 0x0001, 0xced6,
    0x0007, 0xcf17, 0x0001, 0x9d31, 0x0001, 0x2125, 0x0003, 0x20e4, 0x0001, 0x39e7, 0x0001, 0xbe55, 0x0001, 0xcf17, 0x0001, 0xa592,
    0x0004, 0x20e4, 0x0001, 0x2966, 0x0001, 0x9511, 0x001b, 0xcf17, 0x0001, 0xc695, 0x0001, 0x0020, 0x0002, 0x0000, 0x0001, 0x8c92,
    0x0008, 0xef7d, 0x0001, 0x632c, 0x0002, 0x0000, 0x0001, 0x5420, 0x003f, 0x5c80, 0x0001, 0x4bc0, 0x0001, 0x0020, 0x0002, 0x0000,
    0x0001, 0x94f0, 0x0069, 0xcf17, 0x004d, 0xcf17, 0x0001, 0xcef7, 0x0001, 0x632b, 0x0001, 0x20e4, 0x0001, 0x3186, 0x0001, 0xbe54,
    0x0005, 0xcf17, 0x0001, 0x94d0, 0x0001, 0x2104, 0x0003, 0x20e4, 0x0001, 0x4248, 0x0001, 0xc695, 0x0002, 0xcf17, 0x0001, 0xb634,
    0x0001, 0x2104, 0x0002, 0x20e4, 0x0001, 0x5aea, 0x0001, 0xc695, 0x001c, 0xcf17, 0x0001, 0x2985, 0x0002, 0x0000, 0x0001, 0x4a8a,
    0x0009, 0xef7d, 0x0001, 0x2986, 0x0001, 0x0000, 0x0001, 0x0040, 0x0041, 0x5c80, 0x0001, 0x3b20, 0x0002, 0x0000, 0x0001, 0x0861,
    0x0001, 0xb614, 0x0068, 0xcf17, 0x004d, 0xcf17, 0x0001, 0x6bac, 0x0003, 0x20e4, 0x0001, 0x844e, 0x0004, 0xcf17, 0x0001, 0x846f,
    0x0001, 0x2104, 0x0003, 0x20e4, 0x0001, 0x4a89, 0x0001, 0xc6b6, 0x0004, 0xcf17, 0x0001, 0x9d31, 0x0001, 0x634b, 0x0001, 0x9511,
    0x001d, 0xcf17, 0x0001, 0x8c8f, 0x0002, 0x0000, 0x0001, 0x1082, 0x0001, 0xd6db, 0x0008, 0xef7d, 0x0001, 0xc638, 0x0002, 0x0000,
    0x0001, 0x1980, 0x0042, 0x5c80, 0x0001, 0x2a40, 0x0002, 0x0000, 0x0001, 0x39e6, 0x0068, 0xcf17, 0x004c, 0xcf17, 0x0001, 0x846f,
    0x0004, 0x20e4, 0x0001, 0x8caf, 0x0003, 0xcf17, 0x0001, 0x7c0e, 0x0004, 0x20e4, 0x0001, 0x52ca, 0x0001, 0xced6, 0x0024, 0xcf17,
    0x0001, 0xcef7, 0x0001, 0x0861, 0x0002, 0x0000, 0x0001, 0x2124, 0x0001, 0xc659, 0x0007, 0xef7d, 0x0001, 0xdf1c, 0x0001, 0x31a6,
    0x0002, 0x0000, 0x0001, 0x4320, 0x0043, 0x5c80, 0x0001, 0x1100, 0x0002, 0x0000, 0x0001, 0x8ccf, 0x0067, 0xcf17, 0x004b, 0xcf17,
    0x0001, 0x9d31, 0x0001, 0x2104, 0x0004, 0x20e4, 0x0001, 0xa592, 0x0001, 0xcf17, 0x0001, 0xcef7, 0x0001, 0x6bac, 0x0004, 0x20e4,
    0x0001, 0x5b0b, 0x0001, 0xcef6, 0x0025, 0xcf17, 0x0001, 0x8caf, 0x0005, 0x0000, 0x0001, 0x52aa, 0x0001, 0xb5d7, 0x0003, 0xef7d,
    0x0001, 0xe73c, 0x0001, 0x9cf3, 0x0001, 0x2124, 0x0002, 0x0000, 0x0001, 0x1100, 0x0010, 0x5c80, 0x0001, 0x4340, 0x0001, 0x21c0,
    0x0001, 0x1100, 0x0001, 0x0860, 0x0001, 0x0000, 0x0001, 0x0040, 0x0001, 0x0860, 0x0001, 0x1920, 0x0001, 0x2a00, 0x0001, 0x4320,
    0x0001, 0x5c60, 0x0029, 0x5c80, 0x0001, 0x4ba0, 0x0002, 0x0000, 0x0001, 0x2124, 0x0001, 0xcef7, 0x0066, 0xcf17, 0x004a, 0xcf17,
    0x0001, 0xadd3, 0x0001, 0x2125, 0x0005, 0x20e4, 0x0001, 0xbe55, 0x0001, 0xcef7, 0x0001, 0x634b, 0x0004, 0x20e4, 0x0001, 0x6b6c,
    0x0001, 0xcef7, 0x0025, 0xcf17, 0x0001, 0xcef6, 0x0001, 0x1903, 0x0002, 0x0000, 0x0001, 0x1100, 0x0004, 0x0000, 0x0001, 0x0841,
    0x0001, 0x1904, 0x0001, 0x18e3, 0x0001, 0x0020, 0x0003, 0x0000, 0x0001, 0x08a0, 0x0001, 0x5420, 0x000e, 0x5c80, 0x0001, 0x3ac0,
    0x0001, 0x0860, 0x000a, 0x0000, 0x0001, 0x0040, 0x0001, 0x21c0, 0x0001, 0x4bc0, 0x0028, 0x5c80, 0x0001, 0x21a0, 0x0002, 0x0000,
    0x0001, 0x8ccf, 0x0066, 0xcf17, 0x0049, 0xcf17, 0x0001, 0xb634, 0x0001, 0x2965, 0x0005, 0x20e4, 0x0001, 0x2125, 0x0001, 0xced6,
    0x0001, 0x5aea, 0x0004, 0x20e4, 0x0001, 0x73cd, 0x0027, 0xcf17, 0x0001, 0x7c2d, 0x0002, 0x0000, 0x0001, 0x21c0, 0x0001, 0x5c80,
    0x0001, 0x3b00, 0x0001, 0x10c0, 0x0008, 0x0000, 0x0001, 0x21a0, 0x0001, 0x5440, 0x000d, 0x5c80, 0x0001, 0x4bc0, 0x0001, 0x10e0,
    0x0004, 0x0000, 0x0001, 0x10a2, 0x0001, 0x31a5, 0x0001, 0x4247, 0x0001, 0x3a06, 0x0001, 0x2985, 0x0001, 0x0841, 0x0005, 0x0000,
    0x0001, 0x1960, 0x0001, 0x4bc0, 0x0026, 0x5c80, 0x0001, 0x4bc0, 0x0002, 0x0000, 0x0001, 0x39e6, 0x0066, 0xcf17, 0x0048, 0xcf17,
    0x0001, 0xbe75, 0x0001, 0x31c6, 0x0006, 0x20e4, 0x0001, 0x31a6, 0x0001, 0x4a89, 0x0003, 0x20e4, 0x0001, 0x2104, 0x0001, 0x844f,
    0x0027, 0xcf17, 0x0001, 0xcef7, 0x0001, 0x18e3, 0x0001, 0x0000, 0x0001, 0x0020, 0x0001, 0x5400, 0x0003, 0x5c80, 0x0001, 0x4360,
    0x0001, 0x2a00, 0x0001, 0x1940, 0x0002, 0x10e0, 0x0001, 0x1960, 0x0001, 0x3260, 0x0001, 0x53e0, 0x000e, 0x5c80, 0x0001, 0x4380,
    0x0001, 0x0040, 0x0002, 0x0000, 0x0001, 0x0040, 0x0001, 0x5b0a, 0x0001, 0xa5b2, 0x0005, 0xcf17, 0x0001, 0xcef7, 0x0001, 0xadb3,
    0x0001, 0x638b, 0x0001, 0x2103, 0x0004, 0x0000, 0x0001, 0x2a00, 0x0001, 0x5c60, 0x0025, 0x5c80, 0x0001, 0x1920, 0x0002, 0x0000,
    0x0001, 0xbe54, 0x0065, 0xcf17, 0x0047, 0xcf17, 0x0001, 0xc6b6, 0x0001, 0x4228, 0x0003, 0x20e4, 0x0001, 0x3a07, 0x0001, 0x2945,
    0x0006, 0x20e4, 0x0001, 0x2104, 0x0001, 0x8cd0, 0x0028, 0xcf17, 0x0001, 0x8ccf, 0x0002, 0x0000, 0x0001, 0x21e0, 0x0019, 0x5c80,
    0x0001, 0x4b80, 0x0001, 0x0020, 0x0002, 0x0000, 0x0001, 0x3a06, 0x0001, 0xb634, 0x000a, 0xcf17, 0x0001, 0xcef7, 0x0001, 0x94f0,
    0x0001, 0x2985, 0x0003, 0x0000, 0x0001, 0x10c0, 0x0001, 0x4ba0, 0x0024, 0x5c80, 0x0001, 0x3ae0, 0x0002, 0x0000, 0x0001, 0x7c2d,
    0x0065, 0xcf17, 0x0046, 0xcf17, 0x0001, 0xcef7, 0x0001, 0x52ca, 0x0003, 0x20e4, 0x0001, 0x3186, 0x0001, 0xb614, 0x0001, 0x2104,
    0x0005, 0x20e4, 0x0001, 0x2124, 0x0001, 0x9511, 0x0029, 0xcf17, 0x0001, 0x31a5, 0x0002, 0x0000, 0x0001, 0x4bc0, 0x0018, 0x5c80,
    0x0001, 0x5420, 0x0001, 0x0880, 0x0002, 0x0000, 0x0001, 0x5b0a, 0x0001, 0xcef7, 0x000d, 0xcf17, 0x0001, 0xcef7, 0x0001, 0x848f,
    0x0001, 0x10a2, 0x0002, 0x0000, 0x0001, 0x0020, 0x0001, 0x3b00, 0x0023, 0x5c80, 0x0001, 0x5420, 0x0002, 0x0000, 0x0001, 0x4227,
    0x0065, 0xcf17, 0x0046, 0xcf17, 0x0001, 0x6b6c, 0x0003, 0x20e4, 0x0001, 0x2945, 0x0001, 0xadf3, 0x0001, 0xb5f3, 0x0005, 0x20e4,
    0x0001, 0x2945, 0x0001, 0x9d52, 0x0029, 0xcf17, 0x0001, 0xa5b2, 0x0002, 0x0000, 0x0001, 0x1940, 0x0019, 0x5c80, 0x0001, 0x1940,
    0x0002, 0x0000, 0x0001, 0x52c9, 0x0011, 0xcf17, 0x0001, 0xbe75, 0x0001, 0x4227, 0x0003, 0x0000, 0x0001, 0x3260, 0x0023, 0x5c80,
    0x0001, 0x10c0, 0x0001, 0x0000, 0x0001, 0x10c2, 0x0065, 0xcf17, 0x0045, 0xcf17, 0x0001, 0x7c0d, 0x0003, 0x20e4, 0x0001, 0x2104,
    0x0001, 0xa572, 0x0001, 0xcf17, 0x0001, 0x9531, 0x0004, 0x20e4, 0x0001, 0x2965, 0x0001, 0xadd3, 0x002a, 0xcf17, 0x0001, 0x5b0a,
    0x0002, 0x0000, 0x0001, 0x4340, 0x0018, 0x5c80, 0x0001, 0x4340, 0x0002, 0x0000, 0x0001, 0x2964, 0x0001, 0xced6, 0x0013, 0xcf17,
    0x0001, 0x6bcc, 0x0003, 0x0000, 0x0001, 0x2a00, 0x0022, 0x5c80, 0x0001, 0x21a0, 0x0002, 0x0000, 0x0001, 0xc695, 0x0064, 0xcf17,
    0x0044, 0xcf17, 0x0001, 0x8cb0, 0x0001, 0x2104, 0x0002, 0x20e4, 0x0001, 0x2104, 0x0001, 0x8cd0, 0x0002, 0xcf17, 0x0001, 0x846f,
    0x0003, 0x20e4, 0x0001, 0x31a6, 0x0001, 0xb614, 0x002a, 0xcf17, 0x0001, 0xcef7, 0x0001, 0x10a2, 0x0001, 0x0000, 0x0001, 0x0880,
    0x0019, 0x5c80, 0x0001, 0x10e0, 0x0002, 0x0000, 0x0001, 0xa592, 0x0015, 0xcf17, 0x0001, 0x8cd0, 0x0001, 0x0020, 0x0002, 0x0000,
    0x0001, 0x29e0, 0x0021, 0x5c80, 0x0001, 0x2a40, 0x0002, 0x0000, 0x0001, 0xadd3, 0x0064, 0xcf17, 0x0043, 0xcf17, 0x0001, 0x9d52,
    0x0001, 0x2104, 0x0003, 0x20e4, 0x0001, 0x7c0e, 0x0003, 0xcf17, 0x0001, 0xadf3, 0x0001, 0x2104, 0x0001, 0x20e4, 0x0001, 0x39c7,
    0x0001, 0xb634, 0x002b, 0xcf17, 0x0001, 0x9d31, 0x0002, 0x0000, 0x0001, 0x2a00, 0x0018, 0x5c80, 0x0001, 0x4380, 0x0002, 0x0000,
    0x0001, 0x4247, 0x0017, 0xcf17, 0x0001, 0x9d31, 0x0001, 0x0841, 0x0002, 0x0000, 0x0001, 0x2a20, 0x0020, 0x5c80, 0x0001, 0x32a0,
    0x0002, 0x0000, 0x0001, 0x9d51, 0x0064, 0xcf17, 0x0042, 0xcf17, 0x0001, 0xb614, 0x0001, 0x2945, 0x0003, 0x20e4, 0x0001, 0x636c,
    0x0005, 0xcf17, 0x0001, 0xb614, 0x0001, 0x94f0, 0x0001, 0xc6b6, 0x002c, 0xcf17, 0x0001, 0x52c9, 0x0002, 0x0000, 0x0001, 0x4b80,
    0x0018, 0x5c80, 0x0001, 0x21c0, 0x0002, 0x0000, 0x0001, 0x9d51, 0x0018, 0xcf17, 0x0001, 0x9d51, 0x0001, 0x0840, 0x0002, 0x0000,
    0x0001, 0x3260, 0x001f, 0x5c80, 0x0001, 0x32a0, 0x0002, 0x0000, 0x0001, 0x9d51, 0x0064, 0xcf17, 0x0042, 0xcf17, 0x0001, 0x73cd,
    0x0003, 0x20e4, 0x0001, 0x52ca, 0x0001, 0xcef7, 0x0034, 0xcf17, 0x0001, 0x10c2, 0x0001, 0x0000, 0x0001, 0x0880, 0x0019, 0x5c80,
    0x0001, 0x0040, 0x0001, 0x0000, 0x0001, 0x2103, 0x0001, 0xcef7, 0x0019, 0xcf17, 0x0001, 0x9510, 0x0001, 0x0020, 0x0002, 0x0000,
    0x0001, 0x32a0, 0x001e, 0x5c80, 0x0001, 0x3280, 0x0002, 0x0000, 0x0001, 0xa572, 0x0064, 0xcf17, 0x0042, 0xcf17, 0x0001, 0x9d31,
    0x0001, 0x2104, 0x0001, 0x20e4, 0x0001, 0x4248, 0x0001, 0xc6b6, 0x0034, 0xcf17, 0x0001, 0xadf3, 0x0002, 0x0000, 0x0001, 0x21c0,
    0x0018, 0x5c80, 0x0001, 0x4ba0, 0x0002, 0x0000, 0x0001, 0x5b2a, 0x001b, 0xcf17, 0x0001, 0x8cd0, 0x0001, 0x0020, 0x0002, 0x0000,
    0x0001, 0x3b00, 0x001d, 0x5c80, 0x0001, 0x2a00, 0x0002, 0x0000, 0x0001, 0xb634, 0x0064, 0xcf17, 0x0043, 0xcf17, 0x0001, 0xa592,
    0x0001, 0x8cd0, 0x0001, 0xc6b6, 0x0035, 0xcf17, 0x0001, 0x7c2d, 0x0002, 0x0000, 0x0001, 0x3b00, 0x0018, 0x5c80, 0x0001, 0x3280,
    0x0002, 0x0000, 0x0001, 0x9510, 0x001c, 0xcf17, 0x0001, 0x846e, 0x0002, 0x0000, 0x0001, 0x0020, 0x0001, 0x4340, 0x001c, 0x5c80,
    0x0001, 0x1920, 0x0001, 0x0000, 0x0001, 0x0020, 0x0001, 0xcef7, 0x0064, 0xcf17, 0x007b, 0xcf17, 0x0001, 0x4267, 0x0002, 0x0000,
    0x0001, 0x5420, 0x0018, 0x5c80, 0x0001, 0x21c0, 0x0002, 0x0000, 0x0001, 0xbe95, 0x001d, 0xcf17, 0x0001, 0x73cc, 0x0002, 0x0000,
    0x0001, 0x0020, 0x0001, 0x4b80, 0x001a, 0x5c80, 0x0001, 0x5c60, 0x0001, 0x0020, 0x0001, 0x0000, 0x0001, 0x31a5, 0x0065, 0xcf17,
    0x007b, 0xcf17, 0x0001, 0x18e2, 0x0001, 0x0000, 0x0001, 0x08c0, 0x0019, 0x5c80, 0x0001, 0x1100, 0x0001, 0x0000, 0x0001, 0x1081,
    0x001f, 0xcf17, 0x0001, 0x5b4a, 0x0002, 0x0000, 0x0001, 0x0040, 0x0001, 0x4ba0, 0x0019, 0x5c80, 0x0001, 0x3b00, 0x0002, 0x0000,
    0x0001, 0x6b8b, 0x0065, 0xcf17, 0x007a, 0xcf17, 0x0001, 0xc6b6, 0x0002, 0x0000, 0x0001, 0x2180, 0x0019, 0x5c80, 0x0001, 0x0880,
    0x0001, 0x0000, 0x0001, 0x2964, 0x001f, 0xcf17, 0x0001, 0xcef7, 0x0001, 0x4aa8, 0x0002, 0x0000, 0x0001, 0x0040, 0x0001, 0x4ba0,
    0x0018, 0x5c80, 0x0001, 0x1920, 0x0002, 0x0000, 0x0001, 0xb614, 0x0065, 0xcf17, 0x007a, 0xcf17, 0x0001, 0xa592, 0x0002, 0x0000,
    0x0001, 0x3260, 0x0019, 0x5c80, 0x0001, 0x0040, 0x0001, 0x0000, 0x0001, 0x39e6, 0x0020, 0xcf17, 0x0001, 0xcef7, 0x0001, 0x4a88,
    0x0002, 0x0000, 0x0001, 0x0040, 0x0001, 0x4ba0, 0x0016, 0x5c80, 0x0001, 0x4360, 0x0002, 0x0000, 0x0001, 0x31c6, 0x0066, 0xcf17,
    0x007a, 0xcf17, 0x0001, 0x7c4e, 0x0002, 0x0000, 0x0001, 0x4320, 0x0019, 0x5c80, 0x0002, 0x0000, 0x0001, 0x4227, 0x0021, 0xcf17,
    0x0001, 0xcef7, 0x0001, 0x4a88, 0x0002, 0x0000, 0x0001, 0x0040, 0x0001, 0x4340, 0x0014, 0x5c80, 0x0001, 0x5c60, 0x0001, 0x10c0,
    0x0002, 0x0000, 0x0001, 0x9d51, 0x0066, 0xcf17, 0x007a, 0xcf17, 0x0001, 0x634a, 0x0002, 0x0000, 0x0001, 0x4be0, 0x0019, 0x5c80,
    0x0001, 0x0020, 0x0001, 0x0000, 0x0001, 0x3a27, 0x0022, 0xcf17, 0x0001, 0xcef7, 0x0001, 0x4aa8, 0x0003, 0x0000, 0x0001, 0x3280,
    0x0013, 0x5c80, 0x0001, 0x21c0, 0x0002, 0x0000, 0x0001, 0x4267, 0x0067, 0xcf17, 0x007a, 0xcf17, 0x0001, 0x4a88, 0x0002, 0x0000,
    0x0001, 0x5c40, 0x0019, 0x5c80, 0x0001, 0x0860, 0x0001, 0x0000, 0x0001, 0x31c5, 0x0023, 0xcf17, 0x0001, 0xcef7, 0x0001, 0x5b4a,
    0x0003, 0x0000, 0x0001, 0x1940, 0x0001, 0x5400, 0x0010, 0x5c80, 0x0001, 0x2a20, 0x0002, 0x0000, 0x0001, 0x10c2, 0x0001, 0xbe75,
    0x0067, 0xcf17, 0x007a, 0xcf17, 0x0001, 0x39e6, 0x0001, 0x0000, 0x0001, 0x0040, 0x001a, 0x5c80, 0x0001, 0x0880, 0x0001, 0x0000,
    0x0001, 0x2964, 0x0025, 0xcf17, 0x0001, 0x846e, 0x0001, 0x0040, 0x0002, 0x0000, 0x0001, 0x0040, 0x0001, 0x3260, 0x0001, 0x5c60,
    0x000c, 0x5c80, 0x0001, 0x5c60, 0x0001, 0x21c0, 0x0002, 0x0000, 0x0001, 0x0040, 0x0001, 0x9d51, 0x0068, 0xcf17, 0x007a, 0xcf17,
    0x0001, 0x2144, 0x0001, 0x0000, 0x0001, 0x08a0, 0x001a, 0x5c80, 0x0001, 0x10c0, 0x0001, 0x0000, 0x0001, 0x2123, 0x0026, 0xcf17,
    0x0001, 0xadf3, 0x0001, 0x2964, 0x0003, 0x0000, 0x0001, 0x0880, 0x0001, 0x3260, 0x0001, 0x5420, 0x0009, 0x5c80, 0x0001, 0x3b00,
    0x0001, 0x08a0, 0x0002, 0x0000, 0x0001, 0x0020, 0x0001, 0x9511, 0x0069, 0xcf17, 0x007a, 0xcf17, 0x0001, 0x10c2, 0x0001, 0x0000,
    0x0001, 0x1100, 0x001a, 0x5c80, 0x0001, 0x1100, 0x0001, 0x0000, 0x0001, 0x10c2, 0x0027, 0xcf17, 0x0001, 0xced6, 0x0001, 0x6bcc,
    0x0001, 0x0861, 0x0004, 0x0000, 0x0001, 0x1920, 0x0001, 0x3260, 0x0001, 0x4340, 0x0001, 0x4be0, 0x0001, 0x53e0, 0x0001, 0x4bc0,
    0x0001, 0x3b00, 0x0001, 0x2a20, 0x0001, 0x0880, 0x0003, 0x0000, 0x0001, 0x18c2, 0x0001, 0xa592, 0x006a, 0xcf17, 0x007a, 0xcf17,
    0x0001, 0x10a2, 0x0001, 0x0000, 0x0001, 0x1120, 0x001a, 0x5c80, 0x0001, 0x1960, 0x0001, 0x0000, 0x0001, 0x0020, 0x0001, 0xcef7,
    0x0028, 0xcf17, 0x0001, 0xbe75, 0x0001, 0x5b2a, 0x0001, 0x0861, 0x000d, 0x0000, 0x0001, 0x52c9, 0x0001, 0xbe75, 0x006b, 0xcf17,
    0x007a, 0xcf17, 0x0001, 0x1081, 0x0001, 0x0000, 0x0001, 0x1920, 0x001a, 0x5c80, 0x0001, 0x21c0, 0x0002, 0x0000, 0x0001, 0xbe75,
    0x002a, 0xcf17, 0x0001, 0xc6b6, 0x0001, 0x7c0d, 0x0001, 0x31e6, 0x0001, 0x0020, 0x0007, 0x0000, 0x0001, 0x1081, 0x0001, 0x52e9,
    0x0001, 0xadd3, 0x006d, 0xcf17, 0x007a, 0xcf17, 0x0001, 0x0861, 0x0001, 0x0000, 0x0001, 0x1940, 0x001a, 0x5c80, 0x0001, 0x2a40,
    0x0002, 0x0000, 0x0001, 0xadd3, 0x002d, 0xcf17, 0x0001, 0xc6b6, 0x0001, 0x9d51, 0x0001, 0x7c2d, 0x0001, 0x634b, 0x0001, 0x634a,
    0x0001, 0x636b, 0x0001, 0x846e, 0x0001, 0xa5b2, 0x0001, 0xcef6, 0x006f, 0xcf17, 0x007a, 0xcf17, 0x0001, 0x0861, 0x0001, 0x0000,
    0x0001, 0x1940, 0x001a, 0x5c80, 0x0001, 0x32a0, 0x0002, 0x0000, 0x0001, 0x9511, 0x00a5, 0xcf17, 0x007a, 0xcf17, 0x0001, 0x10c2,
    0x0001, 0x0000, 0x0001, 0x1100, 0x001a, 0x5c80, 0x0001, 0x4320, 0x0002, 0x0000, 0x0001, 0x846e, 0x00a5, 0xcf17, 0x007a, 0xcf17,
    0x0001, 0x2144, 0x0001, 0x0000, 0x0001, 0x08a0, 0x001a, 0x5c80, 0x0001, 0x4380, 0x0002, 0x0000, 0x0001, 0x73ec, 0x00a5, 0xcf17,
    0x007a, 0xcf17, 0x0001, 0x31a5, 0x0001, 0x0000, 0x0001, 0x0860, 0x001a, 0x5c80, 0x0001, 0x4be0, 0x0002, 0x0000, 0x0001, 0x634b,
    0x00a5, 0xcf17, 0x007a, 0xcf17, 0x0001, 0x4227, 0x0001, 0x0000, 0x0001, 0x0020, 0x001a, 0x5c80, 0x0001, 0x5420, 0x0002, 0x0000,
    0x0001, 0x52c9, 0x00a5, 0xcf17, 0x007a, 0xcf17, 0x0001, 0x5b0a, 0x0002, 0x0000, 0x0001, 0x5400, 0x001a, 0x5c80, 0x0002, 0x0000,
    0x0001, 0x4247, 0x00a5, 0xcf17, 0x007a, 0xcf17, 0x0001, 0x740d, 0x0002, 0x0000, 0x0001, 0x4340, 0x001a, 0x5c80, 0x0001, 0x0860,
    0x0001, 0x0000, 0x0001, 0x31c5, 0x00a5, 0xcf17, 0x007a, 0xcf17, 0x0001, 0x9510, 0x0002, 0x0000, 0x0001, 0x32a0, 0x001a, 0x5c80,
    0x0001, 0x0880, 0x0001, 0x0000, 0x0001, 0x31a5, 0x00a5, 0xcf17, 0x007a, 0xcf17, 0x0001, 0xb634, 0x0002, 0x0000, 0x0001, 0x29e0,
    0x001a, 0x5c80, 0x0001, 0x08a0, 0x0001, 0x0000, 0x0001, 0x2964, 0x00a5, 0xcf17, 0x007a, 0xcf17, 0x0001, 0xcef7, 0x0001, 0x0861,
    0x0001, 0x0000, 0x0001, 0x1100, 0x001a, 0x5c80, 0x0001, 0x0880, 0x0001, 0x0000, 0x0001, 0x2985, 0x00a5, 0xcf17, 0x007b, 0xcf17,
    0x0001, 0x3a06, 0x0002, 0x0000, 0x0001, 0x5c40, 0x0019, 0x5c80, 0x0001, 0x0860, 0x0001, 0x0000, 0x0001, 0x31c6, 0x00a5, 0xcf17,
    0x007b, 0xcf17, 0x0001, 0x6bac, 0x0002, 0x0000, 0x0001, 0x4360, 0x0019, 0x5c80, 0x0001, 0x0020, 0x0001, 0x0000, 0x0001, 0x4227,
    0x00a5, 0xcf17, 0x007b, 0xcf17, 0x0001, 0x9d51, 0x0002, 0x0000, 0x0001, 0x2a00, 0x0018, 0x5c80, 0x0001, 0x5400, 0x0002, 0x0000,
    0x0001, 0x5b0a, 0x00a5, 0xcf17, 0x007b, 0xcf17, 0x0001, 0xcef6, 0x0001, 0x10a2, 0x0001, 0x0000, 0x0001, 0x0880, 0x0018, 0x5c80,
    0x0001, 0x4360, 0x0002, 0x0000, 0x0001, 0x73ed, 0x00a5, 0xcf17, 0x007c, 0xcf17, 0x0001, 0x52e9, 0x0002, 0x0000, 0x0001, 0x4360,
    0x0017, 0x5c80, 0x0001, 0x2a40, 0x0002, 0x0000, 0x0001, 0x9d51, 0x00a5, 0xcf17, 0x007c, 0xcf17, 0x0001, 0x9d72, 0x0002, 0x0000,
    0x0001, 0x21a0, 0x0017, 0x5c80, 0x0001, 0x1920, 0x0001, 0x0000, 0x0001, 0x0020, 0x0001, 0xced6, 0x00a5, 0xcf17, 0x007c, 0xcf17,
    0x0001, 0xcef7, 0x0001, 0x2103, 0x0002, 0x0000, 0x0001, 0x53e0, 0x0015, 0x5c80, 0x0001, 0x5420, 0x0002, 0x0000, 0x0001, 0x31c5,
    0x00a6, 0xcf17, 0x007d, 0xcf17, 0x0001, 0x848f, 0x0002, 0x0000, 0x0001, 0x21a0, 0x0015, 0x5c80, 0x0001, 0x3280, 0x0002, 0x0000,
    0x0001, 0x7c2e, 0x00a6, 0xcf17, 0x007d, 0xcf17, 0x0001, 0xcef7, 0x0001, 0x2123, 0x0002, 0x0000, 0x0001, 0x4bc0, 0x0013, 0x5c80,
    0x0001, 0x5c60, 0x0001, 0x08a0, 0x0001, 0x0000, 0x0001, 0x0020, 0x0001, 0xc695, 0x00a6, 0xcf17, 0x007e, 0xcf17, 0x0001, 0x8caf,
    0x0002, 0x0000, 0x0001, 0x10e0, 0x0001, 0x5c60, 0x0012, 0x5c80, 0x0001, 0x3ac0, 0x0002, 0x0000, 0x0001, 0x52e9, 0x00a7, 0xcf17,
    0x007f, 0xcf17, 0x0001, 0x3a06, 0x0002, 0x0000, 0x0001, 0x21a0, 0x0011, 0x5c80, 0x0001, 0x5420, 0x0001, 0x0860, 0x0001, 0x0000,
    0x0001, 0x0020, 0x0001, 0xb634, 0x00a7, 0xcf17, 0x007f, 0xcf17, 0x0001, 0xbe54, 0x0001, 0x10a2, 0x0002, 0x0000, 0x0001, 0x2a20,
    0x000f, 0x5c80, 0x0001, 0x5c60, 0x0001, 0x1920, 0x0002, 0x0000, 0x0001, 0x636b, 0x00a8, 0xcf17, 0x0080, 0xcf17, 0x0001, 0xa572,
    0x0001, 0x0020, 0x0002, 0x0000, 0x0001, 0x21c0, 0x0001, 0x5c60, 0x000c, 0x5c80, 0x0001, 0x5c60, 0x0001, 0x2180, 0x0002, 0x0000,
    0x0001, 0x2964, 0x0001, 0xcef6, 0x00a8, 0xcf17, 0x0081, 0xcf17, 0x0001, 0x9510, 0x0001, 0x0040, 0x0002, 0x0000, 0x0001, 0x10e0,
    0x0001, 0x4b80, 0x000a, 0x5c80, 0x0001, 0x5420, 0x0001, 0x1960, 0x0002, 0x0000, 0x0001, 0x1082, 0x0001, 0xb614, 0x00a9, 0xcf17,
    0x0082, 0xcf17, 0x0001, 0x9d51, 0x0001, 0x10a2, 0x0003, 0x0000, 0x0001, 0x1980, 0x0001, 0x4360, 0x0006, 0x5c80, 0x0001, 0x5440,
    0x0001, 0x3280, 0x0001, 0x0860, 0x0002, 0x0000, 0x0001, 0x1082, 0x0001, 0xadd3, 0x00aa, 0xcf17, 0x0083, 0xcf17, 0x0001, 0xbe55,
    0x0001, 0x3a06, 0x0004, 0x0000, 0x0001, 0x0860, 0x0001, 0x1960, 0x0001, 0x2a00, 0x0001, 0x2a20, 0x0001, 0x2a00, 0x0001, 0x1940,
    0x0001, 0x0020, 0x0003, 0x0000, 0x0001, 0x2144, 0x0001, 0xadf3, 0x00ab, 0xcf17, 0x0085, 0xcf17, 0x0001, 0x94f0, 0x0001, 0x2964,
    0x000a, 0x0000, 0x0001, 0x0840, 0x0001, 0x636b, 0x0001, 0xced6, 0x00ac, 0xcf17, 0x0087, 0xcf17, 0x0001, 0xa572, 0x0001, 0x5b2a,
    0x0001, 0x2144, 0x0001, 0x0020, 0x0003, 0x0000, 0x0001, 0x0040, 0x0001, 0x2985, 0x0001, 0x740d, 0x0001, 0xc695, 0x00ae, 0xcf17,
    0x008a, 0xcf17, 0x0001, 0xcef6, 0x0001, 0xb634, 0x0001, 0xb614, 0x0001, 0xb634, 0x0001, 0xcef7, 0x00b1, 0xcf17, 0x0140, 0xcf17,
    0x0140, 0xcf17, 0x0140, 0xcf17, 0x0140, 0xcf17, 0x0140, 0xcf17, 0x0140, 0xcf17, 0x0140, 0xcf17, 0x0140, 0xcf17, 0x0140, 0xcf17,
    0x0140, 0xcf17, 0x0140, 0xcf17, 0x0140, 0xcf17, 0x0140, 0xcf17, 0x0140, 0xcf17, 0x0140, 0xcf17, 0x0140, 0xcf17, 0x0140, 0xcf17,
    0x0140, 0xcf17, 0x0140, 0xcf17, 0x0140, 0xcf17, 0x0140, 0xcf17, 0x0140, 0xcf17, 0x0140, 0xcf17, 0x0140, 0xcf17, 0x0140, 0xcf17,
    0x0140, 0xcf17, 0x0140, 0xcf17, 0x0140, 0xcf17, 0x0140, 0xcf17, 0x0140, 0xcf17, 0x0140, 0xcf17, 0x0140, 0xcf17, 0x0140, 0xcf17,
    0x0140, 0xcf17, 0x0140, 0xcf17, 0x0140, 0xcf17, 0x0140, 0xcf17, 0x0140, 0xcf17, 0x0140, 0xcf17, 0x0140, 0xcf17, 0x0140, 0xcf17,
    0x0140, 0xcf17, 0x0140, 0xcf17, 0x0140, 0xcf17, 0x0140, 0xcf17, 0x0140, 0xcf17, 0x0140, 0xcf17, 0x0140, 0xcf17, 0x0140, 0xcf17,
    0x0140, 0xcf17, 0x0140, 0xcf17, 0x0140, 0xcf17, 0x0140, 0xcf17, 0x0140, 0xcf17, 0x0140, 0xcf17, 0x0140, 0xcf17, 0x0140, 0xcf17,
    0x0140, 0xcf17, 0x0140, 0xcf17, 0x0140, 0xcf17, 0x0140, 0xcf17,
};

// Asset 14: 1444 runs, 5776 bytes
static const uint16_t s_asset_14_data[2888] = {
    0x0140, 0xcf17, 0x0140, 0xcf17, 0x0140, 0xcf17, 0x0140, 0xcf17, 0x0140, 0xcf17, 0x0140, 0xcf17, 0x0140, 0xcf17, 0x0140, 0xcf17,
    0x0140, 0xcf17, 0x0140, 0xcf17, 0x0140, 0xcf17, 0x0140, 0xcf17, 0x0140, 0xcf17, 0x0140, 0xcf17, 0x0140, 0xcf17, 0x0140, 0xcf17,
    0x0140, 0xcf17, 0x0140, 0xcf17, 0x0140, 0xcf17, 0x0140, 0xcf17, 0x0140, 0xcf17, 0x0140, 0xcf17, 0x0140, 0xcf17, 0x0140, 0xcf17,
    0x0140, 0xcf17, 0x0140, 0xcf17, 0x0140, 0xcf17, 0x0140, 0xcf17, 0x0140, 0xcf17, 0x0140, 0xcf17, 0x0140, 0xcf17, 0x0140, 0xcf17,
    0x0140, 0xcf17, 0x0140, 0xcf17, 0x0140, 0xcf17, 0x0140, 0xcf17, 0x0140, 0xcf17, 0x0140, 0xcf17, 0x0140, 0xcf17, 0x0140, 0xcf17,
    0x0140, 0xcf17, 0x0140, 0xcf17, 0x0140, 0xcf17, 0x0140, 0xcf17, 0x0140, 0xcf17, 0x0140, 0xcf17, 0x0140, 0xcf17, 0x0140, 0xcf17,
    0x0140, 0xcf17, 0x0140, 0xcf17, 0x0140, 0xcf17, 0x0140, 0xcf17, 0x0140, 0xcf17, 0x0140, 0xcf17, 0x0140, 0xcf17, 0x0140, 0xcf17,
    0x0140, 0xcf17, 0x0140, 0xcf17, 0x0140, 0xcf17, 0x0140, 0xcf17, 0x0140, 0xcf17, 0x0140, 0xcf17, 0x0140, 0xcf17, 0x0140, 0xcf17,
    0x0140, 0xcf17, 0x0140, 0xcf17, 0x0140, 0xcf17, 0x0140, 0xcf17, 0x0140, 0xcf17, 0x0140, 0xcf17, 0x0140, 0xcf17, 0x0140, 0xcf17,
    0x0140, 0xcf17, 0x0140, 0xcf17, 0x0140, 0xcf17, 0x0140, 0xcf17, 0x0140, 0xcf17, 0x005d, 0xcf17, 0x0001, 0xcef7, 0x0001, 0xa572,
    0x0001, 0x5b2a, 0x0001, 0x39e6, 0x0001, 0x4aa8, 0x0001, 0xadf3, 0x007a, 0xcf17, 0x0001, 0xa5b2, 0x0001, 0x4227, 0x0001, 0x2964,
    0x0001, 0x4a68, 0x0001, 0x8ccf, 0x0001, 0xced6, 0x005d, 0xcf17, 0x005a, 0xcf17, 0x0001, 0xcef7, 0x0001, 0xa572, 0x0001, 0x5b0a,
    0x0001, 0x18c2, 0x0004, 0x0000, 0x0001, 0x0841, 0x0001, 0xadf3, 0x0078, 0xcf17, 0x0001, 0xadf3, 0x0001, 0x0841, 0x0004, 0x0000,
    0x0001, 0x0861, 0x0001, 0x4a88, 0x0001, 0x94f0, 0x0001, 0xcef6, 0x005a, 0xcf17, 0x0057, 0xcf17, 0x0001, 0xcef7, 0x0001, 0xa572,
    0x0001, 0x5b2a, 0x0001, 0x18c2, 0x0008, 0x0000, 0x0001, 0x52c9, 0x0078, 0xcf17, 0x0001, 0x5b0a, 0x0008, 0x0000, 0x0001, 0x0881,
    0x0001, 0x52c9, 0x0001, 0x9d31, 0x0001, 0xcef7, 0x0057, 0xcf17, 0x0054, 0xcf17, 0x0001, 0xcef7, 0x0001, 0xa572, 0x0001, 0x5b2a,
    0x0001, 0x18c2, 0x000b, 0x0000, 0x0001, 0x39e6, 0x0078, 0xcf17, 0x0001, 0x4a68, 0x000b, 0x0000, 0x0001, 0x10a2, 0x0001, 0x52e9,
    0x0001, 0x9d51, 0x0001, 0xcef7, 0x0054, 0xcf17, 0x0051, 0xcf17, 0x0001, 0xcef7, 0x0001, 0xa572, 0x0001, 0x5b2a, 0x0001, 0x18c2,
    0x000e, 0x0000, 0x0001, 0x6b8b, 0x0078, 0xcf17, 0x0001, 0x7c4e, 0x000e, 0x0000, 0x0001, 0x10c2, 0x0001, 0x5b2a, 0x0001, 0xa592,
    0x0052, 0xcf17, 0x004e, 0xcf17, 0x0001, 0xcef7, 0x0001, 0xa592, 0x0001, 0x5b2a, 0x0001, 0x18c2, 0x0010, 0x0000, 0x0001, 0x2985,
    0x0001, 0xc6b6, 0x0078, 0xcf17, 0x0001, 0xcef7, 0x0001, 0x4268, 0x0010, 0x0000, 0x0001, 0x18e3, 0x0001, 0x634b, 0x0001, 0xadd3,
    0x004f, 0xcf17, 0x004b, 0xcf17, 0x0001, 0xcef7, 0x0001, 0xa592, 0x0001, 0x5b2a, 0x0001, 0x18c2, 0x0010, 0x0000, 0x0001, 0x0840,
    0x0001, 0x4247, 0x0001, 0x8caf, 0x0001, 0xcef7, 0x007b, 0xcf17, 0x0001, 0xa592, 0x0001, 0x5b0a, 0x0001, 0x10a2, 0x0010, 0x0000,
    0x0001, 0x2123, 0x0001, 0x638b, 0x0001, 0xadf3, 0x004c, 0xcf17, 0x0049, 0xcf17, 0x0001, 0xadd3, 0x0001, 0x638b, 0x0001, 0x1903,
    0x0010, 0x0000, 0x0001, 0x0040, 0x0001, 0x3a06, 0x0001, 0x846e, 0x0001, 0xc6b6, 0x0080, 0xcf17, 0x0001, 0xcef7, 0x0001, 0x9d51,
    0x0001, 0x5b0a, 0x0001, 0x10a2, 0x0010, 0x0000, 0x0001, 0x2123, 0x0001, 0x638b, 0x0001, 0xb5f3, 0x0049, 0xcf17, 0x0046, 0xcf17,
    0x0001, 0xcef6, 0x0001, 0x6bac, 0x0001, 0x18c2, 0x0010, 0x0000, 0x0001, 0x0840, 0x0001, 0x4247, 0x0001, 0x8caf, 0x0001, 0xc6b6,
    0x0086, 0xcf17, 0x0001, 0xcef6, 0x0001, 0x9510, 0x0001, 0x4aa8, 0x0001, 0x0861, 0x0010, 0x0000, 0x0001, 0x2985, 0x0001, 0x846e,
    0x0001, 0xcef7, 0x0046, 0xcf17, 0x0046, 0xcf17, 0x0001, 0x4aa8, 0x000f, 0x0000, 0x0001, 0x0840, 0x0001, 0x4247, 0x0001, 0x8caf,
    0x0001, 0xc6b6, 0x008c, 0xcf17, 0x0001, 0xced6, 0x0001, 0x8cd0, 0x0001, 0x4a68, 0x0001, 0x0841, 0x000f, 0x0000, 0x0001, 0x634b,
    0x0046, 0xcf17, 0x0045, 0xcf17, 0x0001, 0xbe75, 0x000d, 0x0000, 0x0001, 0x0840, 0x0001, 0x4247, 0x0001, 0x8caf, 0x0001, 0xc6b6,
    0x0092, 0xcf17, 0x0001, 0xc6b6, 0x0001, 0x8caf, 0x0001, 0x4247, 0x0001, 0x0020, 0x000c, 0x0000, 0x0001, 0x0020, 0x0001, 0xc695,
    0x0045, 0xcf17, 0x0045, 0xcf17, 0x0001, 0xadd3, 0x000a, 0x0000, 0x0001, 0x0840, 0x0001, 0x4247, 0x0001, 0x8caf, 0x0001, 0xc6b6,
    0x0098, 0xcf17, 0x0001, 0xc6b6, 0x0001, 0x846e, 0x0001, 0x3a06, 0x0001, 0x0020, 0x0006, 0x0000, 0x0001, 0x0040, 0x0001, 0x08a0,
    0x0002, 0x0000, 0x0001, 0xadf3, 0x0045, 0xcf17, 0x0045, 0xcf17, 0x0001, 0xcef6, 0x0001, 0x10c2, 0x0006, 0x0000, 0x0001, 0x0840,
    0x0001, 0x4247, 0x0001, 0x8caf, 0x0001, 0xc6b6, 0x009e, 0xcf17, 0x0001, 0xbe95, 0x0001, 0x7c4e, 0x0001, 0x31e6, 0x0004, 0x0000,
    0x0001, 0x32a0, 0x0001, 0x4340, 0x0001, 0x0000, 0x0001, 0x1081, 0x0001, 0xced6, 0x0045, 0xcf17, 0x0046, 0xcf17, 0x0001, 0x9d51,
    0x0001, 0x0861, 0x0002, 0x0000, 0x0001, 0x0840, 0x0001, 0x4247, 0x0001, 0x8caf, 0x0001, 0xc6b6, 0x00a4, 0xcf17, 0x0001, 0xbe75,
    0x0001, 0x7c0d, 0x0001, 0x31a5, 0x0001, 0x10c0, 0x0001, 0x5c60, 0x0001, 0x5c80, 0x0001, 0x2180, 0x0001, 0x8cd0, 0x0046, 0xcf17,
    0x0047, 0xcf17, 0x0001, 0xc695, 0x0001, 0x8ccf, 0x0001, 0x9510, 0x0001, 0xc6b6, 0x00aa, 0xcf17, 0x0001, 0x7505, 0x0002, 0x5c80,
    0x0001, 0x6cc2, 0x0001, 0xcef6, 0x0046, 0xcf17, 0x0048, 0xcf17, 0x0001, 0x95ab, 0x0001, 0xae50, 0x00aa, 0xcf17, 0x0001, 0xae2f,
    0x0004, 0x5c80, 0x0001, 0x9dcc, 0x0046, 0xcf17, 0x0047, 0xcf17, 0x0001, 0xc6b4, 0x0001, 0x64a0, 0x0001, 0x6ce3, 0x0001, 0xcef6,
    0x00a8, 0xcf17, 0x0001, 0xcef6, 0x0001, 0x6ce3, 0x0004, 0x5c80, 0x0001, 0x64a1, 0x0001, 0xc6d5, 0x0045, 0xcf17, 0x0047, 0xcf17,
    0x0001, 0x8547, 0x0002, 0x5c80, 0x0001, 0x9dec, 0x00a8, 0xcf17, 0x0001, 0x9dcc, 0x0006, 0x5c80, 0x0001, 0x8568, 0x0045, 0xcf17,
    0x0046, 0xcf17, 0x0001, 0xb671, 0x0003, 0x5c80, 0x0001, 0x64a1, 0x0001, 0xc6d5, 0x00a6, 0xcf17, 0x0001, 0xc6d5, 0x0001, 0x64a1,
    0x0007, 0x5c80, 0x0001, 0xb692, 0x0044, 0xcf17, 0x0045, 0xcf17, 0x0001, 0xcef7, 0x0001, 0x7504, 0x0004, 0x5c80, 0x0001, 0x8d89,
    0x00a6, 0xcf17, 0x0001, 0x8568, 0x0008, 0x5c80, 0x0001, 0x7505, 0x0044, 0xcf17, 0x0045, 0xcf17, 0x0001, 0xa60d, 0x0006, 0x5c80,
    0x0001, 0xb672, 0x00a4, 0xcf17, 0x0001, 0xb692, 0x000a, 0x5c80, 0x0001, 0xa62f, 0x0043, 0xcf17, 0x0044, 0xcf17, 0x0001, 0xcef6,
    0x0001, 0x64c2, 0x0006, 0x5c80, 0x0001, 0x7505, 0x00a4, 0xcf17, 0x0001, 0x7525, 0x000a, 0x5c80, 0x0001, 0x6cc2, 0x0001, 0xcef6,
    0x0042, 0xcf17, 0x0044, 0xcf17, 0x0001, 0x8daa, 0x0008, 0x5c80, 0x0001, 0xa62f, 0x00a2, 0xcf17, 0x0001, 0xa60e, 0x000c, 0x5c80,
    0x0001, 0x95cb, 0x0042, 0xcf17, 0x0043, 0xcf17, 0x0001, 0xbeb4, 0x0009, 0x5c80, 0x0001, 0x6cc2, 0x0001, 0xcef6, 0x00a0, 0xcf17,
    0x0001, 0xcef6, 0x0001, 0x6cc2, 0x000c, 0x5c80, 0x0001, 0x64a0, 0x0001, 0xc6b4, 0x0041, 0xcf17, 0x0043, 0xcf17, 0x0001, 0x7d46,
    0x000a, 0x5c80, 0x0001, 0x95cb, 0x00a0, 0xcf17, 0x0001, 0x95ab, 0x000e, 0x5c80, 0x0001, 0x8567, 0x0041, 0xcf17, 0x0042, 0xcf17,
    0x0001, 0xae51, 0x000b, 0x5c80, 0x0001, 0x64a0, 0x0001, 0xc6b4, 0x009e, 0xcf17, 0x0001, 0xc6b4, 0x0001, 0x64a0, 0x000f, 0x5c80,
    0x0001, 0xb671, 0x0040, 0xcf17, 0x0041, 0xcf17, 0x0001, 0xcef6, 0x0001, 0x6ce3, 0x000c, 0x5c80, 0x0001, 0x8568, 0x009e, 0xcf17,
    0x0001, 0x8547, 0x0010, 0x5c80, 0x0001, 0x7504, 0x0001, 0xcef7, 0x003f, 0xcf17, 0x0041, 0xcf17, 0x0001, 0x9ded, 0x000e, 0x5c80,
    0x0001, 0xb671, 0x009c, 0xcf17, 0x0001, 0xb671, 0x0012, 0x5c80, 0x0001, 0xa60e, 0x003f, 0xcf17, 0x0040, 0xcf17, 0x0001, 0xc6d5,
    0x0001, 0x64a1, 0x000e, 0x5c80, 0x0001, 0x7504, 0x0001, 0xcef7, 0x009a, 0xcf17, 0x0001, 0xcef7, 0x0001, 0x7504, 0x0012, 0x5c80,
    0x0001, 0x64a2, 0x0001, 0xc6f5, 0x003e, 0xcf17, 0x0040, 0xcf17, 0x0001, 0x8d89, 0x0010, 0x5c80, 0x0001, 0xa60e, 0x009a, 0xcf17,
    0x0001, 0xa60d, 0x0014, 0x5c80, 0x0001, 0x95aa, 0x003e, 0xcf17, 0x003f, 0xcf17, 0x0001, 0xbe93, 0x0011, 0x5c80, 0x0001, 0x64a2,
    0x0001, 0xc6f5, 0x0098, 0xcf17, 0x0001, 0xcef6, 0x0001, 0x64c2, 0x0015, 0x5c80, 0x0001, 0xbeb3, 0x003d, 0xcf17, 0x003f, 0xcf17,
    0x0001, 0x7d25, 0x0012, 0x5c80, 0x0001, 0x95aa, 0x0098, 0xcf17, 0x0001, 0x8daa, 0x0016, 0x5c80, 0x0001, 0x7d46, 0x003d, 0xcf17,
    0x003e, 0xcf17, 0x0001, 0xae2f, 0x0014, 0x5c80, 0x0001, 0xbeb3, 0x0096, 0xcf17, 0x0001, 0xcef6, 0x0018, 0x8d89, 0x0001, 0xc6d5,
    0x003c, 0xcf17, 0x003d, 0xcf17, 0x0001, 0xcef6, 0x0001, 0x6cc3, 0x0014, 0x5c80, 0x0001, 0x7d47, 0x00ec, 0xcf17, 0x003d, 0xcf17,
    0x0001, 0x95cc, 0x0016, 0x5c80, 0x0001, 0xae50, 0x00eb, 0xcf17, 0x003c, 0xcf17, 0x0001, 0xc6b4, 0x0001, 0x64a1, 0x0016, 0x5c80,
    0x0001, 0x6ce3, 0x0001, 0xcef6, 0x00ea, 0xcf17, 0x009c, 0xcf17, 0x0001, 0xcef7, 0x0001, 0xbe75, 0x0001, 0xadf3, 0x0001, 0x9d71,
    0x0001, 0xa572, 0x0001, 0xa592, 0x0001, 0xadf3, 0x0001, 0xb614, 0x0001, 0xbe55, 0x0001, 0xc6b6, 0x009a, 0xcf17, 0x0095, 0xcf17,
    0x0001, 0xcef7, 0x0001, 0xadf3, 0x0001, 0x8caf, 0x0001, 0x634b, 0x0001, 0x3a06, 0x0001, 0x1903, 0x0001, 0x0861, 0x000a, 0x0000,
    0x0001, 0x10a2, 0x0001, 0x31a5, 0x0001, 0x4aa8, 0x0001, 0x6b8c, 0x0001, 0x848f, 0x0001, 0xb614, 0x0094, 0xcf17, 0x0091, 0xcf17,
    0x0001, 0xcef7, 0x0001, 0xa5b2, 0x0001, 0x6bac, 0x0001, 0x31a5, 0x0001, 0x0040, 0x0016, 0x0000, 0x0001, 0x10c2, 0x0001, 0x4a88,
    0x0001, 0x7c4e, 0x0001, 0xb5f3, 0x0090, 0xcf17, 0x008e, 0xcf17, 0x0001, 0xced6, 0x0001, 0x8ccf, 0x0001, 0x52a9, 0x0001, 0x10a2,
    0x001e, 0x0000, 0x0001, 0x18e3, 0x0001, 0x636b, 0x0001, 0xadf3, 0x008d, 0xcf17, 0x008c, 0xcf17, 0x0001, 0xb5f3, 0x0001, 0x634a,
    0x0001, 0x1082, 0x0024, 0x0000, 0x0001, 0x2123, 0x0001, 0x6bac, 0x0001, 0xbe55, 0x008a, 0xcf17, 0x0089, 0xcf17, 0x0001, 0xcef6,
    0x0001, 0x8caf, 0x0001, 0x31c6, 0x0029, 0x0000, 0x0001, 0x0020, 0x0001, 0x4a88, 0x0001, 0xadd3, 0x0088, 0xcf17, 0x0087, 0xcf17,
    0x0001, 0xcef7, 0x0001, 0x846e, 0x0001, 0x18e3, 0x002e, 0x0000, 0x0001, 0x3a27, 0x0001, 0xa572, 0x002e, 0xcf17, 0x0001, 0xbe93,
    0x0057, 0xcf17, 0x0085, 0xcf17, 0x0001, 0xcef7, 0x0001, 0x848f, 0x0001, 0x2103, 0x000f, 0x0000, 0x0001, 0x0841, 0x0001, 0x2964,
    0x0001, 0x52c9, 0x0001, 0x7c0d, 0x0001, 0x94f0, 0x0001, 0xa592, 0x0001, 0xb614, 0x0001, 0xc695, 0x0003, 0xcf17, 0x0001, 0xc6b6,
    0x0001, 0xc695, 0x0001, 0xb634, 0x0001, 0xa592, 0x0001, 0x848f, 0x0001, 0x638b, 0x0001, 0x4a88, 0x0001, 0x2964, 0x0001, 0x0020,
    0x000f, 0x0000, 0x0001, 0x31a5, 0x0001, 0xa572, 0x002b, 0xcf17, 0x0001, 0xc6b4, 0x0001, 0x64a1, 0x0001, 0xb671, 0x0056, 0xcf17,
    0x0084, 0xcf17, 0x0001, 0x9510, 0x0001, 0x2124, 0x000d, 0x0000, 0x0001, 0x0841, 0x0001, 0x4227, 0x0001, 0x7c2d, 0x0001, 0xadf3,
    0x0001, 0xcef7, 0x0012, 0xcf17, 0x0001, 0xc6b6, 0x0001, 0x9d31, 0x0001, 0x636b, 0x0001, 0x31a5, 0x0001, 0x0020, 0x000d, 0x0000,
    0x0001, 0x4aa8, 0x0001, 0xbe55, 0x0029, 0xcf17, 0x0001, 0xa62f, 0x0001, 0x5c80, 0x0001, 0x64a0, 0x0001, 0xae50, 0x0055, 0xcf17,
    0x0082, 0xcf17, 0x0001, 0xbe75, 0x0001, 0x4a68, 0x000c, 0x0000, 0x0001, 0x1082, 0x0001, 0x5b0a, 0x0001, 0x9531, 0x0001, 0xced6,
    0x001a, 0xcf17, 0x0001, 0xc6b6, 0x0001, 0x846e, 0x0001, 0x39e6, 0x000c, 0x0000, 0x0001, 0x0861, 0x0001, 0x73ec, 0x0001, 0xcef6,
    0x0027, 0xcf17, 0x0001, 0x8d89, 0x0003, 0x5c80, 0x0001, 0xa62f, 0x0054, 0xcf17, 0x0080, 0xcf17, 0x0001, 0xcef7, 0x0001, 0x844e,
    0x0001, 0x0881, 0x000b, 0x0000, 0x0001, 0x31c6, 0x0001, 0x8caf, 0x0001, 0xced6, 0x0020, 0xcf17, 0x0001, 0xbe55, 0x0001, 0x73ed,
    0x0001, 0x2144, 0x000b, 0x0000, 0x0001, 0x2123, 0x0001, 0xa572, 0x0026, 0xcf17, 0x0001, 0x74e4, 0x0004, 0x5c80, 0x0001, 0xa60e,
    0x0053, 0xcf17, 0x007f, 0xcf17, 0x0001, 0xb614, 0x0001, 0x31c5, 0x000a, 0x0000, 0x0001, 0x0040, 0x0001, 0x5b0a, 0x0001, 0xadf3,
    0x0025, 0xcf17, 0x0001, 0xcef7, 0x0001, 0x9510, 0x0001, 0x31a5, 0x000a, 0x0000, 0x0001, 0x0020, 0x0001, 0x6b8b, 0x0001, 0xcef7,
    0x0023, 0xcf17, 0x0001, 0xcef6, 0x0006, 0x5c80, 0x0001, 0x9dcc, 0x0052, 0xcf17, 0x007e, 0xcf17, 0x0001, 0x8cd0, 0x0001, 0x0861,
    0x0009, 0x0000, 0x0001, 0x0020, 0x0001, 0x52e9, 0x0001, 0xbe54, 0x002a, 0xcf17, 0x0001, 0xa572, 0x0001, 0x3a27, 0x000a, 0x0000,
    0x0001, 0x31a5, 0x0001, 0xb634, 0x0022, 0xcf17, 0x0001, 0xae50, 0x0007, 0x5c80, 0x0001, 0x95aa, 0x0051, 0xcf17, 0x003e, 0xcf17,
    0x0001, 0x95aa, 0x0001, 0xcef6, 0x003c, 0xcf17, 0x0001, 0xcef6, 0x0001, 0x5b2a, 0x0009, 0x0000, 0x0001, 0x0020, 0x0001, 0x52c9,
    0x0001, 0xb634, 0x002e, 0xcf17, 0x0001, 0x9d72, 0x0001, 0x2964, 0x0009, 0x0000, 0x0001, 0x0861, 0x0001, 0x848f, 0x0021, 0xcf17,
    0x0001, 0x95ab, 0x0008, 0x5c80, 0x0001, 0x8d89, 0x0001, 0xcef7, 0x004f, 0xcf17, 0x003d, 0xcf17, 0x0001, 0xa60e, 0x0001, 0x5c80,
    0x0001, 0xa62f, 0x003b, 0xcf17, 0x0001, 0xbe54, 0x0001, 0x31a5, 0x0009, 0x0000, 0x0001, 0x2944, 0x0001, 0xa592, 0x0031, 0xcf17,
    0x0001, 0xcef7, 0x0001, 0x846e, 0x0001, 0x1082, 0x0009, 0x0000, 0x0001, 0x5b0a, 0x0001, 0xcef7, 0x001f, 0xcf17, 0x0001, 0x7d25,
    0x0009, 0x5c80, 0x0001, 0x8568, 0x0001, 0xcef6, 0x004e, 0xcf17, 0x003c, 0xcf17, 0x0001, 0xbeb4, 0x0001, 0x64a1, 0x0001, 0x5c80,
    0x0001, 0x74e4, 0x003a, 0xcf17, 0x0001, 0x9d72, 0x0001, 0x1082, 0x0008, 0x0000, 0x0001, 0x0841, 0x0001, 0x73ed, 0x0001, 0xcef7,
    0x0034, 0xcf17, 0x0001, 0xc695, 0x0001, 0x52e9, 0x0009, 0x0000, 0x0001, 0x4227, 0x0001, 0xc6b6, 0x001d, 0xcf17, 0x0001, 0xcef6,
    0x0001, 0x64a1, 0x000a, 0x5c80, 0x0001, 0x7d46, 0x0001, 0xcef6, 0x004d, 0xcf17, 0x003b, 0xcf17, 0x0001, 0xcef6, 0x0001, 0x7505,
    0x0003, 0x5c80, 0x0001, 0xb651, 0x0038, 0xcf17, 0x0001, 0x94f0, 0x0001, 0x0840, 0x0008, 0x0000, 0x0001, 0x3a06, 0x0001, 0xb634,
    0x0038, 0xcf17, 0x0001, 0x9510, 0x0001, 0x10a2, 0x0008, 0x0000, 0x0001, 0x2964, 0x0001, 0xbe54, 0x001c, 0xcf17, 0x0001, 0xb692,
    0x000c, 0x5c80, 0x0001, 0x7d25, 0x0001, 0xcef6, 0x004c, 0xcf17, 0x003b, 0xcf17, 0x0001, 0x95ab, 0x0004, 0x5c80, 0x0001, 0x7d26,
    0x0037, 0xcf17, 0x0001, 0x846e, 0x0001, 0x0020, 0x0007, 0x0000, 0x0001, 0x0020, 0x0001, 0x73cc, 0x0001, 0xcef7, 0x003a, 0xcf17,
    0x0001, 0xbe75, 0x0001, 0x3a06, 0x0008, 0x0000, 0x0001, 0x10c2, 0x0001, 0xa5b2, 0x001b, 0xcf17, 0x0001, 0x9ded, 0x000d, 0x5c80,
    0x0001, 0x7504, 0x0001, 0xc6d5, 0x004b, 0xcf17, 0x003a, 0xcf17, 0x0001, 0xb671, 0x0006, 0x5c80, 0x0001, 0xbe93, 0x0035, 0xcf17,
    0x0001, 0x6bac, 0x0008, 0x0000, 0x0001, 0x10c2, 0x0001, 0x9d71, 0x003d, 0xcf17, 0x0001, 0xcef7, 0x0001, 0x740d, 0x0001, 0x0020,
    0x0007, 0x0000, 0x0001, 0x0861, 0x0001, 0xbe54, 0x001a, 0xcf17, 0x0001, 0x8547, 0x000e, 0x5c80, 0x0001, 0x6ce3, 0x0001, 0xc6b4,
    0x004a, 0xcf17, 0x0039, 0xcf17, 0x0001, 0xc6f5, 0x0001, 0x6cc2, 0x0006, 0x5c80, 0x0001, 0x8568, 0x0034, 0xcf17, 0x0001, 0x5b2a,
    0x0008, 0x0000, 0x0001, 0x39e6, 0x0001, 0xbe75, 0x0040, 0xcf17, 0x0001, 0x9d71, 0x0001, 0x1081, 0x0007, 0x0000, 0x0001, 0x6bac,
    0x001a, 0xcf17, 0x0001, 0x64c2, 0x000f, 0x5c80, 0x0001, 0x6cc2, 0x0001, 0xbeb3, 0x0049, 0xcf17, 0x0039, 0xcf17, 0x0001, 0x8568,
    0x0008, 0x5c80, 0x0001, 0xc6b4, 0x0032, 0xcf17, 0x0001, 0x9d31, 0x0008, 0x0000, 0x0001, 0x5b0a, 0x0001, 0xcef7, 0x0042, 0xcf17,
    0x0001, 0xb614, 0x0001, 0x2123, 0x0006, 0x0000, 0x0001, 0x5b2a, 0x0019, 0xcf17, 0x0001, 0xbeb4, 0x0011, 0x5c80, 0x0001, 0x64c2,
    0x0001, 0xbe92, 0x0048, 0xcf17, 0x0038, 0xcf17, 0x0001, 0xa60e, 0x0009, 0x5c80, 0x0001, 0x95aa, 0x0032, 0xcf17, 0x0001, 0x634a,
    0x0007, 0x0000, 0x0001, 0x6bac, 0x0045, 0xcf17, 0x0001, 0xc695, 0x0001, 0x31c6, 0x0005, 0x0000, 0x0001, 0x9510, 0x0019, 0xcf17,
    0x0001, 0xa60e, 0x0012, 0x5c80, 0x0001, 0x64a1, 0x0001, 0xb671, 0x0047, 0xcf17, 0x0037, 0xcf17, 0x0001, 0xbeb4, 0x0001, 0x64a1,
    0x0009, 0x5c80, 0x0001, 0x64a1, 0x0001, 0xc6f5, 0x0031, 0xcf17, 0x0001, 0x6bcc, 0x0005, 0x0000, 0x0001, 0x0020, 0x0001, 0x7c4e,
    0x0047, 0xcf17, 0x0001, 0xcef6, 0x0001, 0x52e9, 0x0003, 0x0000, 0x0001, 0x5b2a, 0x001a, 0xcf17, 0x0001, 0x8d89, 0x0013, 0x5c80,
    0x0001, 0x64a0, 0x0001, 0xae50, 0x0046, 0xcf17, 0x0036, 0xcf17, 0x0001, 0xcef6, 0x0001, 0x7505, 0x000b, 0x5c80, 0x0001, 0x9dec,
    0x0031, 0xcf17, 0x0001, 0xbe55, 0x0001, 0x0881, 0x0003, 0x0000, 0x0001, 0x0040, 0x0001, 0x8cd0, 0x004a, 0xcf17, 0x0001, 0xb614,
    0x0001, 0x8ccf, 0x0001, 0xb614, 0x001b, 0xcf17, 0x0001, 0x6ce3, 0x0012, 0x5c80, 0x0001, 0x64a0, 0x0001, 0x7d47, 0x0001, 0xa60e,
    0x0046, 0xcf17, 0x0036, 0xcf17, 0x0001, 0x95cb, 0x000c, 0x5c80, 0x0001, 0x6cc2, 0x0001, 0xcef6, 0x0031, 0xcf17, 0x0001, 0xadd3,
    0x0001, 0x4227, 0x0001, 0x18e3, 0x0001, 0x3a06, 0x0001, 0xa5b2, 0x0068, 0xcf17, 0x0001, 0xc6d5, 0x0010, 0x5c80, 0x0001, 0x64c1,
    0x0001, 0x8568, 0x0001, 0xae2f, 0x0001, 0xcef6, 0x0048, 0xcf17, 0x0035, 0xcf17, 0x0001, 0xb671, 0x000e, 0x5c80, 0x0001, 0xa60e,
    0x009e, 0xcf17, 0x0001, 0xae50, 0x000d, 0x5c80, 0x0001, 0x6ce3, 0x0001, 0x8d8a, 0x0001, 0xb671, 0x0001, 0xcef7, 0x004b, 0xcf17,
    0x0034, 0xcf17, 0x0001, 0xc6f5, 0x0001, 0x6cc2, 0x000e, 0x5c80, 0x0001, 0x74e4, 0x009e, 0xcf17, 0x0001, 0x95ab, 0x000a, 0x5c80,
    0x0001, 0x7505, 0x0001, 0x9dcc, 0x0001, 0xbeb3, 0x004f, 0xcf17, 0x0034, 0xcf17, 0x0001, 0x8568, 0x0010, 0x5c80, 0x0001, 0xae51,
    0x009d, 0xcf17, 0x0001, 0x7525, 0x0006, 0x5c80, 0x0001, 0x64a1, 0x0001, 0x7d46, 0x0001, 0xa60e, 0x0001, 0xc6d5, 0x0052, 0xcf17,
    0x0033, 0xcf17, 0x0001, 0xa60e, 0x0011, 0x5c80, 0x0001, 0x7d26, 0x009c, 0xcf17, 0x0001, 0xcef6, 0x0004, 0x5c80, 0x0001, 0x6cc2,
    0x0001, 0x8d89, 0x0001, 0xae50, 0x0001, 0xcef6, 0x0055, 0xcf17, 0x0032, 0xcf17, 0x0001, 0xbeb4, 0x0001, 0x64a1, 0x0012, 0x5c80,
    0x0001, 0xbe92, 0x009b, 0xcf17, 0x0001, 0xb672, 0x0001, 0x5c80, 0x0001, 0x6ce3, 0x0001, 0x95cb, 0x0001, 0xb692, 0x0059, 0xcf17,
    0x0031, 0xcf17, 0x0001, 0xcef6, 0x0001, 0x7505, 0x0013, 0x5c80, 0x0001, 0x8568, 0x009b, 0xcf17, 0x0001, 0xc6b4, 0x0001, 0xc6d5,
    0x005c, 0xcf17, 0x0031, 0xcf17, 0x0001, 0x95cb, 0x0015, 0x5c80, 0x0001, 0xc6b4, 0x00f8, 0xcf17, 0x0030, 0xcf17, 0x0001, 0xb671,
    0x0016, 0x5c80, 0x0001, 0x95aa, 0x00bd, 0xcf17, 0x0001, 0xc6d5, 0x0001, 0x9ded, 0x0039, 0xcf17, 0x0031, 0xcf17, 0x0001, 0xcef6,
    0x0001, 0xbeb4, 0x0001, 0xb671, 0x0001, 0xae2f, 0x0001, 0x9ded, 0x0001, 0x95aa, 0x0001, 0x8568, 0x0001, 0x7d46, 0x0001, 0x7504,
    0x0001, 0x64c2, 0x000c, 0x5c80, 0x0001, 0x64a1, 0x0001, 0xc6d5, 0x00bb, 0xcf17, 0x0001, 0xcef7, 0x0001, 0x7d46, 0x0001, 0x64a1,
    0x0001, 0xcef6, 0x0038, 0xcf17, 0x003b, 0xcf17, 0x0001, 0xcef6, 0x0001, 0xc6d4, 0x0001, 0xb692, 0x0001, 0xae50, 0x0001, 0xa60e,
    0x0001, 0x95cb, 0x0001, 0x8d89, 0x0001, 0x7d46, 0x0001, 0x7505, 0x0001, 0x6ce3, 0x0003, 0x5c80, 0x0001, 0x9dcc, 0x00bb, 0xcf17,
    0x0001, 0x95ab, 0x0002, 0x5c80, 0x0001, 0xa62f, 0x0038, 0xcf17, 0x0045, 0xcf17, 0x0001, 0xcef6, 0x0001, 0xc6d4, 0x0001, 0xb692,
    0x0001, 0xb672, 0x00ba, 0xcf17, 0x0001, 0xae30, 0x0003, 0x5c80, 0x0001, 0x7d26, 0x0038, 0xcf17, 0x0102, 0xcf17, 0x0001, 0xbeb3,
    0x0001, 0x64a1, 0x0004, 0x5c80, 0x0001, 0xbeb3, 0x0037, 0xcf17, 0x0101, 0xcf17, 0x0001, 0xcef6, 0x0001, 0x6ce3, 0x0005, 0x5c80,
    0x0001, 0x95aa, 0x0037, 0xcf17, 0x0101, 0xcf17, 0x0001, 0x8567, 0x0006, 0x5c80, 0x0001, 0x64c1, 0x0001, 0xcef6, 0x0036, 0xcf17,
    0x0100, 0xcf17, 0x0001, 0x9dcc, 0x0008, 0x5c80, 0x0001, 0xae2f, 0x0036, 0xcf17, 0x00ff, 0xcf17, 0x0001, 0xb651, 0x0009, 0x5c80,
    0x0001, 0x7d26, 0x0036, 0xcf17, 0x00fe, 0xcf17, 0x0001, 0xc6b4, 0x0001, 0x64a1, 0x000a, 0x5c80, 0x0001, 0xbeb4, 0x0035, 0xcf17,
    0x00fd, 0xcf17, 0x0001, 0xcef6, 0x0001, 0x7504, 0x000b, 0x5c80, 0x0001, 0x95ab, 0x0035, 0xcf17, 0x00fd, 0xcf17, 0x0001, 0x8d68,
    0x000c, 0x5c80, 0x0001, 0x64c2, 0x0001, 0xcef6, 0x0034, 0xcf17, 0x00fc, 0xcf17, 0x0001, 0x9ded, 0x000e, 0x5c80, 0x0001, 0xae2f,
    0x0034, 0xcf17, 0x00fb, 0xcf17, 0x0001, 0xb672, 0x000f, 0x5c80, 0x0001, 0x7d26, 0x0034, 0xcf17, 0x00fa, 0xcf17, 0x0001, 0xc6d5,
    0x0001, 0x6cc2, 0x0010, 0x5c80, 0x0001, 0xbeb4, 0x0033, 0xcf17, 0x00f9, 0xcf17, 0x0001, 0xcef6, 0x0001, 0x7d25, 0x0011, 0x5c80,
    0x0001, 0x95ab, 0x0033, 0xcf17, 0x00f9, 0xcf17, 0x0001, 0x8d89, 0x0012, 0x5c80, 0x0001, 0x64c2, 0x0001, 0xcef6, 0x0032, 0xcf17,
    0x0050, 0xcf17, 0x0001, 0xc6d5, 0x00a7, 0xcf17, 0x0001, 0xa62f, 0x0014, 0x5c80, 0x0001, 0xae2f, 0x0032, 0xcf17, 0x0050, 0xcf17,
    0x0001, 0x95aa, 0x0001, 0x95ab, 0x00a5, 0xcf17, 0x0001, 0xbe93, 0x0001, 0x64a0, 0x0014, 0x5c80, 0x0001, 0x7d26, 0x0032, 0xcf17,
    0x0050, 0xcf17, 0x0001, 0x6ce3, 0x0001, 0x5c80, 0x0001, 0x9ded, 0x00a4, 0xcf17, 0x0001, 0xb671, 0x0001, 0x95cb, 0x0001, 0x8568,
    0x0001, 0x7504, 0x0001, 0x64a1, 0x0012, 0x5c80, 0x0001, 0xc6b4, 0x0031, 0xcf17, 0x004f, 0xcf17, 0x0001, 0xbe92, 0x0003, 0x5c80,
    0x0001, 0xae2f, 0x00a8, 0xcf17, 0x0001, 0xc6d5, 0x0001, 0xb692, 0x0001, 0xae2f, 0x0001, 0x9dcc, 0x0001, 0x8568, 0x0001, 0x7504,
    0x0001, 0x64a1, 0x000b, 0x5c80, 0x0001, 0x95cb, 0x0031, 0xcf17, 0x004f, 0xcf17, 0x0001, 0x95ab, 0x0004, 0x5c80, 0x0001, 0xb651,
    0x00ae, 0xcf17, 0x0001, 0xc6d5, 0x0001, 0xb692, 0x0001, 0xa60e, 0x0001, 0x95aa, 0x0001, 0x8567, 0x0001, 0x7504, 0x0001, 0x64a0,
    0x0004, 0x5c80, 0x0001, 0x64c2, 0x0001, 0xcef6, 0x0030, 0xcf17, 0x004f, 0xcf17, 0x0001, 0x6ce3, 0x0004, 0x5c80, 0x0001, 0x64a1,
    0x0001, 0xbe92, 0x00b3, 0xcf17, 0x0001, 0xcef7, 0x0001, 0xbeb4, 0x0001, 0xae50, 0x0001, 0x9ded, 0x0001, 0x8d8a, 0x0001, 0x7d26,
    0x0001, 0xb672, 0x0030, 0xcf17, 0x004e, 0xcf17, 0x0001, 0xbe93, 0x0006, 0x5c80, 0x0001, 0x6cc2, 0x0001, 0xc6b4, 0x00e9, 0xcf17,
    0x004e, 0xcf17, 0x0001, 0x95cb, 0x0007, 0x5c80, 0x0001, 0x6ce3, 0x0001, 0xc6d5, 0x00e8, 0xcf17, 0x004e, 0xcf17, 0x0001, 0x74e4,
    0x0008, 0x5c80, 0x0001, 0x7504, 0x0001, 0xcef6, 0x00e7, 0xcf17, 0x004d, 0xcf17, 0x0001, 0xbeb3, 0x000a, 0x5c80, 0x0001, 0x7d46,
    0x0001, 0xcef6, 0x00e6, 0xcf17, 0x004d, 0xcf17, 0x0001, 0x9dcc, 0x000b, 0x5c80, 0x0001, 0x8d89, 0x00e6, 0xcf17, 0x004d, 0xcf17,
    0x0001, 0x7504, 0x000c, 0x5c80, 0x0001, 0x95cb, 0x00e5, 0xcf17, 0x004c, 0xcf17, 0x0001, 0xc6b4, 0x000e, 0x5c80, 0x0001, 0x9ded,
    0x00e4, 0xcf17, 0x004c, 0xcf17, 0x0001, 0x9dec, 0x000f, 0x5c80, 0x0001, 0xae2f, 0x00e3, 0xcf17, 0x004c, 0xcf17, 0x0001, 0x7505,
    0x0010, 0x5c80, 0x0001, 0xb671, 0x00e2, 0xcf17, 0x004b, 0xcf17, 0x0001, 0xc6d5, 0x0011, 0x5c80, 0x0001, 0x64a1, 0x0001, 0xbe93,
    0x00e1, 0xcf17, 0x004b, 0xcf17, 0x0001, 0x9ded, 0x0012, 0x5c80, 0x0001, 0x6cc2, 0x0001, 0xc6b4, 0x00e0, 0xcf17, 0x004b, 0xcf17,
    0x0001, 0x7d25, 0x0013, 0x5c80, 0x0001, 0x6ce3, 0x0001, 0xc6d5, 0x00df, 0xcf17, 0x004a, 0xcf17, 0x0001, 0xc6d5, 0x0015, 0x5c80,
    0x0001, 0x7d26, 0x0001, 0xcef7, 0x00de, 0xcf17, 0x004a, 0xcf17, 0x0001, 0xa60e, 0x0011, 0x5c80, 0x0001, 0x64c2, 0x0001, 0x8567,
    0x0001, 0x9ded, 0x0001, 0xb671, 0x0001, 0xcef6, 0x00df, 0xcf17, 0x004a, 0xcf17, 0x0001, 0x7d26, 0x000c, 0x5c80, 0x0001, 0x64c2,
    0x0001, 0x7d46, 0x0001, 0x95cb, 0x0001, 0xae50, 0x0001, 0xc6d5, 0x00e4, 0xcf17, 0x0049, 0xcf17, 0x0001, 0xc6d5, 0x0008, 0x5c80,
    0x0001, 0x64a1, 0x0001, 0x7505, 0x0001, 0x8d8a, 0x0001, 0xa60e, 0x0001, 0xbe93, 0x00e9, 0xcf17, 0x0049, 0xcf17, 0x0001, 0xa60e,
    0x0004, 0x5c80, 0x0001, 0x6ce3, 0x0001, 0x8568, 0x0001, 0x9ded, 0x0001, 0xb671, 0x0001, 0xcef6, 0x00ed, 0xcf17, 0x0049, 0xcf17,
    0x0001, 0x8d89, 0x0001, 0x8567, 0x0001, 0x9dec, 0x0001, 0xb671, 0x0001, 0xcef6, 0x00f2, 0xcf17, 0x0140, 0xcf17, 0x0140, 0xcf17,
    0x0140, 0xcf17, 0x0140, 0xcf17, 0x0140, 0xcf17, 0x0140, 0xcf17, 0x0140, 0xcf17, 0x0140, 0xcf17, 0x0140, 0xcf17, 0x0140, 0xcf17,
    0x0140, 0xcf17, 0x0140, 0xcf17, 0x0140, 0xcf17, 0x0140, 0xcf17, 0x0140, 0xcf17, 0x0140, 0xcf17, 0x0140, 0xcf17, 0x0140, 0xcf17,
    0x0140, 0xcf17, 0x0140, 0xcf17, 0x0140, 0xcf17, 0x0140, 0xcf17, 0x0140, 0xcf17, 0x0140, 0xcf17, 0x0140, 0xcf17, 0x0140, 0xcf17,
    0x0140, 0xcf17, 0x0140, 0xcf17, 0x0140, 0xcf17, 0x0140, 0xcf17, 0x0140, 0xcf17, 0x0140, 0xcf17, 0x0140, 0xcf17, 0x0140, 0xcf17,
    0x0140, 0xcf17, 0x0140, 0xcf17, 0x0140, 0xcf17, 0x0140, 0xcf17, 0x0140, 0xcf17, 0x0140, 0xcf17, 0x0140, 0xcf17, 0x0140, 0xcf17,
    0x0140, 0xcf17, 0x0140, 0xcf17, 0x0140, 0xcf17, 0x0140, 0xcf17, 0x0140, 0xcf17, 0x0140, 0xcf17, 0x0140, 0xcf17, 0x0140, 0xcf17,
    0x0140, 0xcf17, 0x0140, 0xcf17, 0x0140, 0xcf17, 0x0140, 0xcf17,
};

static const face_asset_t s_face_assets[] = {
    { 1, 320, 240, true, 2346, s_asset_1_data },
    { 2, 320, 240, true, 1560, s_asset_2_data },
    { 3, 320, 240, true, 613, s_asset_3_data },
    { 4, 320, 240, true, 2077, s_asset_4_data },
    { 5, 320, 240, true, 819, s_asset_5_data },
    { 6, 320, 240, true, 8031, s_asset_6_data },
    { 7, 320, 240, true, 1373, s_asset_7_data },
    { 8, 320, 240, true, 616, s_asset_8_data },
    { 9, 320, 240, true, 615, s_asset_9_data },
    { 10, 320, 240, true, 784, s_asset_10_data },
    { 11, 320, 240, true, 2284, s_asset_11_data },
    { 14, 320, 240, true, 1444, s_asset_14_data },
};

const face_asset_t *face_assets_get(uint8_t asset_id)
{
    for (size_t i = 0; i < sizeof(s_face_assets) / sizeof(s_face_assets[0]); ++i) {
        if (s_face_assets[i].asset_id == asset_id) return &s_face_assets[i];
    }
    return &s_face_assets[2]; // Default fallback to Asset 3
}

size_t face_assets_get_count(void)
{
    return sizeof(s_face_assets) / sizeof(s_face_assets[0]);
}
